INSERT INTO T_COMN_MENU_GROUP (MENU_GROUP_ID,PARENT_MENU_GROUP_ID,MENU_GROUP_NAME_JA,MENU_GROUP_NAME_EN,MENU_GROUP_ICON,MENU_CREATE_TARGET_FLAG,DISP_SEQ,NOTE,DISUSE_FLAG,LAST_UPDATE_TIMESTAMP,LAST_UPDATE_USER) VALUES(201,NULL,'Ansible共通','Ansible Common','anscmn.png','0',80,NULL,'0',_____DATE_____,1);
INSERT INTO T_COMN_MENU_GROUP_JNL (JOURNAL_SEQ_NO,JOURNAL_REG_DATETIME,JOURNAL_ACTION_CLASS,MENU_GROUP_ID,PARENT_MENU_GROUP_ID,MENU_GROUP_NAME_JA,MENU_GROUP_NAME_EN,MENU_GROUP_ICON,MENU_CREATE_TARGET_FLAG,DISP_SEQ,NOTE,DISUSE_FLAG,LAST_UPDATE_TIMESTAMP,LAST_UPDATE_USER) VALUES(201,_____DATE_____,'INSERT',201,NULL,'Ansible共通','Ansible Common','anscmn.png','0',80,NULL,'0',_____DATE_____,1);
INSERT INTO T_COMN_MENU_GROUP (MENU_GROUP_ID,PARENT_MENU_GROUP_ID,MENU_GROUP_NAME_JA,MENU_GROUP_NAME_EN,MENU_GROUP_ICON,MENU_CREATE_TARGET_FLAG,DISP_SEQ,NOTE,DISUSE_FLAG,LAST_UPDATE_TIMESTAMP,LAST_UPDATE_USER) VALUES(204,NULL,'Ansible-LegacyRole','Ansible-LegacyRole','anslr.png','0',110,NULL,'0',_____DATE_____,1);
INSERT INTO T_COMN_MENU_GROUP_JNL (JOURNAL_SEQ_NO,JOURNAL_REG_DATETIME,JOURNAL_ACTION_CLASS,MENU_GROUP_ID,PARENT_MENU_GROUP_ID,MENU_GROUP_NAME_JA,MENU_GROUP_NAME_EN,MENU_GROUP_ICON,MENU_CREATE_TARGET_FLAG,DISP_SEQ,NOTE,DISUSE_FLAG,LAST_UPDATE_TIMESTAMP,LAST_UPDATE_USER) VALUES(204,_____DATE_____,'INSERT',204,NULL,'Ansible-LegacyRole','Ansible-LegacyRole','anslr.png','0',110,NULL,'0',_____DATE_____,1);

INSERT INTO T_COMN_MENU (MENU_ID,MENU_GROUP_ID,MENU_NAME_JA,MENU_NAME_EN,MENU_NAME_REST,LOGIN_NECESSITY,DISP_SEQ,AUTOFILTER_FLG,INITIAL_FILTER_FLG,WEB_PRINT_LIMIT,WEB_PRINT_CONFIRM,XLS_PRINT_LIMIT,SORT_KEY,NOTE,DISUSE_FLAG,LAST_UPDATE_TIMESTAMP,LAST_UPDATE_USER) VALUES(20101,201,'機器一覧','Device list','device_list','1',10,0,0,NULL,NULL,NULL,NULL,NULL,'0',_____DATE_____,1);
INSERT INTO T_COMN_MENU_JNL (JOURNAL_SEQ_NO,JOURNAL_REG_DATETIME,JOURNAL_ACTION_CLASS,MENU_ID,MENU_GROUP_ID,MENU_NAME_JA,MENU_NAME_EN,MENU_NAME_REST,LOGIN_NECESSITY,DISP_SEQ,AUTOFILTER_FLG,INITIAL_FILTER_FLG,WEB_PRINT_LIMIT,WEB_PRINT_CONFIRM,XLS_PRINT_LIMIT,SORT_KEY,NOTE,DISUSE_FLAG,LAST_UPDATE_TIMESTAMP,LAST_UPDATE_USER) VALUES(20101,_____DATE_____,'INSERT',20101,201,'機器一覧','Device list','device_list','1',10,0,0,NULL,NULL,NULL,NULL,NULL,'0',_____DATE_____,1);
INSERT INTO T_COMN_MENU (MENU_ID,MENU_GROUP_ID,MENU_NAME_JA,MENU_NAME_EN,MENU_NAME_REST,LOGIN_NECESSITY,DISP_SEQ,AUTOFILTER_FLG,INITIAL_FILTER_FLG,WEB_PRINT_LIMIT,WEB_PRINT_CONFIRM,XLS_PRINT_LIMIT,SORT_KEY,NOTE,DISUSE_FLAG,LAST_UPDATE_TIMESTAMP,LAST_UPDATE_USER) VALUES(20102,201,'インターフェース情報','Interface information','interface_information','1',20,0,0,NULL,NULL,NULL,NULL,NULL,'0',_____DATE_____,1);
INSERT INTO T_COMN_MENU_JNL (JOURNAL_SEQ_NO,JOURNAL_REG_DATETIME,JOURNAL_ACTION_CLASS,MENU_ID,MENU_GROUP_ID,MENU_NAME_JA,MENU_NAME_EN,MENU_NAME_REST,LOGIN_NECESSITY,DISP_SEQ,AUTOFILTER_FLG,INITIAL_FILTER_FLG,WEB_PRINT_LIMIT,WEB_PRINT_CONFIRM,XLS_PRINT_LIMIT,SORT_KEY,NOTE,DISUSE_FLAG,LAST_UPDATE_TIMESTAMP,LAST_UPDATE_USER) VALUES(20102,_____DATE_____,'INSERT',20102,201,'インターフェース情報','Interface information','interface_information','1',20,0,0,NULL,NULL,NULL,NULL,NULL,'0',_____DATE_____,1);
INSERT INTO T_COMN_MENU (MENU_ID,MENU_GROUP_ID,MENU_NAME_JA,MENU_NAME_EN,MENU_NAME_REST,LOGIN_NECESSITY,DISP_SEQ,AUTOFILTER_FLG,INITIAL_FILTER_FLG,WEB_PRINT_LIMIT,WEB_PRINT_CONFIRM,XLS_PRINT_LIMIT,SORT_KEY,NOTE,DISUSE_FLAG,LAST_UPDATE_TIMESTAMP,LAST_UPDATE_USER) VALUES(20103,201,'Ansible Automation Controller ホスト一覧','Ansible Automation Controller host list','ansible_automation_controller_host_list','1',30,0,0,NULL,NULL,NULL,NULL,NULL,'0',_____DATE_____,1);
INSERT INTO T_COMN_MENU_JNL (JOURNAL_SEQ_NO,JOURNAL_REG_DATETIME,JOURNAL_ACTION_CLASS,MENU_ID,MENU_GROUP_ID,MENU_NAME_JA,MENU_NAME_EN,MENU_NAME_REST,LOGIN_NECESSITY,DISP_SEQ,AUTOFILTER_FLG,INITIAL_FILTER_FLG,WEB_PRINT_LIMIT,WEB_PRINT_CONFIRM,XLS_PRINT_LIMIT,SORT_KEY,NOTE,DISUSE_FLAG,LAST_UPDATE_TIMESTAMP,LAST_UPDATE_USER) VALUES(20103,_____DATE_____,'INSERT',20103,201,'Ansible Automation Controller ホスト一覧','Ansible Automation Controller host list','ansible_automation_controller_host_list','1',30,0,0,NULL,NULL,NULL,NULL,NULL,'0',_____DATE_____,1);
INSERT INTO T_COMN_MENU (MENU_ID,MENU_GROUP_ID,MENU_NAME_JA,MENU_NAME_EN,MENU_NAME_REST,LOGIN_NECESSITY,DISP_SEQ,AUTOFILTER_FLG,INITIAL_FILTER_FLG,WEB_PRINT_LIMIT,WEB_PRINT_CONFIRM,XLS_PRINT_LIMIT,SORT_KEY,NOTE,DISUSE_FLAG,LAST_UPDATE_TIMESTAMP,LAST_UPDATE_USER) VALUES(20104,201,'グローバル変数管理','Global variable list','global_variable_list','1',40,0,0,NULL,NULL,NULL,NULL,NULL,'0',_____DATE_____,1);
INSERT INTO T_COMN_MENU_JNL (JOURNAL_SEQ_NO,JOURNAL_REG_DATETIME,JOURNAL_ACTION_CLASS,MENU_ID,MENU_GROUP_ID,MENU_NAME_JA,MENU_NAME_EN,MENU_NAME_REST,LOGIN_NECESSITY,DISP_SEQ,AUTOFILTER_FLG,INITIAL_FILTER_FLG,WEB_PRINT_LIMIT,WEB_PRINT_CONFIRM,XLS_PRINT_LIMIT,SORT_KEY,NOTE,DISUSE_FLAG,LAST_UPDATE_TIMESTAMP,LAST_UPDATE_USER) VALUES(20104,_____DATE_____,'INSERT',20104,201,'グローバル変数管理','Global variable list','global_variable_list','1',40,0,0,NULL,NULL,NULL,NULL,NULL,'0',_____DATE_____,1);
INSERT INTO T_COMN_MENU (MENU_ID,MENU_GROUP_ID,MENU_NAME_JA,MENU_NAME_EN,MENU_NAME_REST,LOGIN_NECESSITY,DISP_SEQ,AUTOFILTER_FLG,INITIAL_FILTER_FLG,WEB_PRINT_LIMIT,WEB_PRINT_CONFIRM,XLS_PRINT_LIMIT,SORT_KEY,NOTE,DISUSE_FLAG,LAST_UPDATE_TIMESTAMP,LAST_UPDATE_USER) VALUES(20105,201,'ファイル管理','File list','file_list','1',50,0,0,NULL,NULL,NULL,NULL,NULL,'0',_____DATE_____,1);
INSERT INTO T_COMN_MENU_JNL (JOURNAL_SEQ_NO,JOURNAL_REG_DATETIME,JOURNAL_ACTION_CLASS,MENU_ID,MENU_GROUP_ID,MENU_NAME_JA,MENU_NAME_EN,MENU_NAME_REST,LOGIN_NECESSITY,DISP_SEQ,AUTOFILTER_FLG,INITIAL_FILTER_FLG,WEB_PRINT_LIMIT,WEB_PRINT_CONFIRM,XLS_PRINT_LIMIT,SORT_KEY,NOTE,DISUSE_FLAG,LAST_UPDATE_TIMESTAMP,LAST_UPDATE_USER) VALUES(20105,_____DATE_____,'INSERT',20105,201,'ファイル管理','File list','file_list','1',50,0,0,NULL,NULL,NULL,NULL,NULL,'0',_____DATE_____,1);
INSERT INTO T_COMN_MENU (MENU_ID,MENU_GROUP_ID,MENU_NAME_JA,MENU_NAME_EN,MENU_NAME_REST,LOGIN_NECESSITY,DISP_SEQ,AUTOFILTER_FLG,INITIAL_FILTER_FLG,WEB_PRINT_LIMIT,WEB_PRINT_CONFIRM,XLS_PRINT_LIMIT,SORT_KEY,NOTE,DISUSE_FLAG,LAST_UPDATE_TIMESTAMP,LAST_UPDATE_USER) VALUES(20106,201,'テンプレート管理','template list','template_list','1',60,0,0,NULL,NULL,NULL,NULL,NULL,'0',_____DATE_____,1);
INSERT INTO T_COMN_MENU_JNL (JOURNAL_SEQ_NO,JOURNAL_REG_DATETIME,JOURNAL_ACTION_CLASS,MENU_ID,MENU_GROUP_ID,MENU_NAME_JA,MENU_NAME_EN,MENU_NAME_REST,LOGIN_NECESSITY,DISP_SEQ,AUTOFILTER_FLG,INITIAL_FILTER_FLG,WEB_PRINT_LIMIT,WEB_PRINT_CONFIRM,XLS_PRINT_LIMIT,SORT_KEY,NOTE,DISUSE_FLAG,LAST_UPDATE_TIMESTAMP,LAST_UPDATE_USER) VALUES(20106,_____DATE_____,'INSERT',20106,201,'テンプレート管理','template list','template_list','1',60,0,0,NULL,NULL,NULL,NULL,NULL,'0',_____DATE_____,1);
INSERT INTO T_COMN_MENU (MENU_ID,MENU_GROUP_ID,MENU_NAME_JA,MENU_NAME_EN,MENU_NAME_REST,LOGIN_NECESSITY,DISP_SEQ,AUTOFILTER_FLG,INITIAL_FILTER_FLG,WEB_PRINT_LIMIT,WEB_PRINT_CONFIRM,XLS_PRINT_LIMIT,SORT_KEY,NOTE,DISUSE_FLAG,LAST_UPDATE_TIMESTAMP,LAST_UPDATE_USER) VALUES(20107,201,'共通変数利用リスト','Common variable use list','common_variable_use_list','1',70,0,0,NULL,NULL,NULL,NULL,NULL,'0',_____DATE_____,1);
INSERT INTO T_COMN_MENU_JNL (JOURNAL_SEQ_NO,JOURNAL_REG_DATETIME,JOURNAL_ACTION_CLASS,MENU_ID,MENU_GROUP_ID,MENU_NAME_JA,MENU_NAME_EN,MENU_NAME_REST,LOGIN_NECESSITY,DISP_SEQ,AUTOFILTER_FLG,INITIAL_FILTER_FLG,WEB_PRINT_LIMIT,WEB_PRINT_CONFIRM,XLS_PRINT_LIMIT,SORT_KEY,NOTE,DISUSE_FLAG,LAST_UPDATE_TIMESTAMP,LAST_UPDATE_USER) VALUES(20107,_____DATE_____,'INSERT',20107,201,'共通変数利用リスト','Common variable use list','common_variable_use_list','1',70,0,0,NULL,NULL,NULL,NULL,NULL,'0',_____DATE_____,1);
INSERT INTO T_COMN_MENU (MENU_ID,MENU_GROUP_ID,MENU_NAME_JA,MENU_NAME_EN,MENU_NAME_REST,LOGIN_NECESSITY,DISP_SEQ,AUTOFILTER_FLG,INITIAL_FILTER_FLG,WEB_PRINT_LIMIT,WEB_PRINT_CONFIRM,XLS_PRINT_LIMIT,SORT_KEY,NOTE,DISUSE_FLAG,LAST_UPDATE_TIMESTAMP,LAST_UPDATE_USER) VALUES(20401,204,'ロール名管理','Role name list','role_name_list','1',10,0,0,NULL,NULL,NULL,NULL,NULL,'0',_____DATE_____,1);
INSERT INTO T_COMN_MENU_JNL (JOURNAL_SEQ_NO,JOURNAL_REG_DATETIME,JOURNAL_ACTION_CLASS,MENU_ID,MENU_GROUP_ID,MENU_NAME_JA,MENU_NAME_EN,MENU_NAME_REST,LOGIN_NECESSITY,DISP_SEQ,AUTOFILTER_FLG,INITIAL_FILTER_FLG,WEB_PRINT_LIMIT,WEB_PRINT_CONFIRM,XLS_PRINT_LIMIT,SORT_KEY,NOTE,DISUSE_FLAG,LAST_UPDATE_TIMESTAMP,LAST_UPDATE_USER) VALUES(20401,_____DATE_____,'INSERT',20401,204,'ロール名管理','Role name list','role_name_list','1',10,0,0,NULL,NULL,NULL,NULL,NULL,'0',_____DATE_____,1);
INSERT INTO T_COMN_MENU (MENU_ID,MENU_GROUP_ID,MENU_NAME_JA,MENU_NAME_EN,MENU_NAME_REST,LOGIN_NECESSITY,DISP_SEQ,AUTOFILTER_FLG,INITIAL_FILTER_FLG,WEB_PRINT_LIMIT,WEB_PRINT_CONFIRM,XLS_PRINT_LIMIT,SORT_KEY,NOTE,DISUSE_FLAG,LAST_UPDATE_TIMESTAMP,LAST_UPDATE_USER) VALUES(20402,204,'ロール変数名管理','Role variable name list','role_variable_name_list','1',20,0,0,NULL,NULL,NULL,NULL,NULL,'0',_____DATE_____,1);
INSERT INTO T_COMN_MENU_JNL (JOURNAL_SEQ_NO,JOURNAL_REG_DATETIME,JOURNAL_ACTION_CLASS,MENU_ID,MENU_GROUP_ID,MENU_NAME_JA,MENU_NAME_EN,MENU_NAME_REST,LOGIN_NECESSITY,DISP_SEQ,AUTOFILTER_FLG,INITIAL_FILTER_FLG,WEB_PRINT_LIMIT,WEB_PRINT_CONFIRM,XLS_PRINT_LIMIT,SORT_KEY,NOTE,DISUSE_FLAG,LAST_UPDATE_TIMESTAMP,LAST_UPDATE_USER) VALUES(20402,_____DATE_____,'INSERT',20402,204,'ロール変数名管理','Role variable name list','role_variable_name_list','1',20,0,0,NULL,NULL,NULL,NULL,NULL,'0',_____DATE_____,1);
INSERT INTO T_COMN_MENU (MENU_ID,MENU_GROUP_ID,MENU_NAME_JA,MENU_NAME_EN,MENU_NAME_REST,LOGIN_NECESSITY,DISP_SEQ,AUTOFILTER_FLG,INITIAL_FILTER_FLG,WEB_PRINT_LIMIT,WEB_PRINT_CONFIRM,XLS_PRINT_LIMIT,SORT_KEY,NOTE,DISUSE_FLAG,LAST_UPDATE_TIMESTAMP,LAST_UPDATE_USER) VALUES(20403,204,'Movement一覧','Movement list','movement_list','1',30,0,0,NULL,NULL,NULL,NULL,NULL,'0',_____DATE_____,1);
INSERT INTO T_COMN_MENU_JNL (JOURNAL_SEQ_NO,JOURNAL_REG_DATETIME,JOURNAL_ACTION_CLASS,MENU_ID,MENU_GROUP_ID,MENU_NAME_JA,MENU_NAME_EN,MENU_NAME_REST,LOGIN_NECESSITY,DISP_SEQ,AUTOFILTER_FLG,INITIAL_FILTER_FLG,WEB_PRINT_LIMIT,WEB_PRINT_CONFIRM,XLS_PRINT_LIMIT,SORT_KEY,NOTE,DISUSE_FLAG,LAST_UPDATE_TIMESTAMP,LAST_UPDATE_USER) VALUES(20403,_____DATE_____,'INSERT',20403,204,'Movement一覧','Movement list','movement_list','1',30,0,0,NULL,NULL,NULL,NULL,NULL,'0',_____DATE_____,1);
INSERT INTO T_COMN_MENU (MENU_ID,MENU_GROUP_ID,MENU_NAME_JA,MENU_NAME_EN,MENU_NAME_REST,LOGIN_NECESSITY,DISP_SEQ,AUTOFILTER_FLG,INITIAL_FILTER_FLG,WEB_PRINT_LIMIT,WEB_PRINT_CONFIRM,XLS_PRINT_LIMIT,SORT_KEY,NOTE,DISUSE_FLAG,LAST_UPDATE_TIMESTAMP,LAST_UPDATE_USER) VALUES(20404,204,'ロールパッケージ管理','Role package list','role_package_list','1',40,0,0,NULL,NULL,NULL,NULL,NULL,'0',_____DATE_____,1);
INSERT INTO T_COMN_MENU_JNL (JOURNAL_SEQ_NO,JOURNAL_REG_DATETIME,JOURNAL_ACTION_CLASS,MENU_ID,MENU_GROUP_ID,MENU_NAME_JA,MENU_NAME_EN,MENU_NAME_REST,LOGIN_NECESSITY,DISP_SEQ,AUTOFILTER_FLG,INITIAL_FILTER_FLG,WEB_PRINT_LIMIT,WEB_PRINT_CONFIRM,XLS_PRINT_LIMIT,SORT_KEY,NOTE,DISUSE_FLAG,LAST_UPDATE_TIMESTAMP,LAST_UPDATE_USER) VALUES(20404,_____DATE_____,'INSERT',20404,204,'ロールパッケージ管理','Role package list','role_package_list','1',40,0,0,NULL,NULL,NULL,NULL,NULL,'0',_____DATE_____,1);
INSERT INTO T_COMN_MENU (MENU_ID,MENU_GROUP_ID,MENU_NAME_JA,MENU_NAME_EN,MENU_NAME_REST,LOGIN_NECESSITY,DISP_SEQ,AUTOFILTER_FLG,INITIAL_FILTER_FLG,WEB_PRINT_LIMIT,WEB_PRINT_CONFIRM,XLS_PRINT_LIMIT,SORT_KEY,NOTE,DISUSE_FLAG,LAST_UPDATE_TIMESTAMP,LAST_UPDATE_USER) VALUES(20405,204,'Movement-ロール紐付','Movement role link','movement_role_link','1',50,0,0,NULL,NULL,NULL,NULL,NULL,'0',_____DATE_____,1);
INSERT INTO T_COMN_MENU_JNL (JOURNAL_SEQ_NO,JOURNAL_REG_DATETIME,JOURNAL_ACTION_CLASS,MENU_ID,MENU_GROUP_ID,MENU_NAME_JA,MENU_NAME_EN,MENU_NAME_REST,LOGIN_NECESSITY,DISP_SEQ,AUTOFILTER_FLG,INITIAL_FILTER_FLG,WEB_PRINT_LIMIT,WEB_PRINT_CONFIRM,XLS_PRINT_LIMIT,SORT_KEY,NOTE,DISUSE_FLAG,LAST_UPDATE_TIMESTAMP,LAST_UPDATE_USER) VALUES(20405,_____DATE_____,'INSERT',20405,204,'Movement-ロール紐付','Movement role link','movement_role_link','1',50,0,0,NULL,NULL,NULL,NULL,NULL,'0',_____DATE_____,1);
INSERT INTO T_COMN_MENU (MENU_ID,MENU_GROUP_ID,MENU_NAME_JA,MENU_NAME_EN,MENU_NAME_REST,LOGIN_NECESSITY,DISP_SEQ,AUTOFILTER_FLG,INITIAL_FILTER_FLG,WEB_PRINT_LIMIT,WEB_PRINT_CONFIRM,XLS_PRINT_LIMIT,SORT_KEY,NOTE,DISUSE_FLAG,LAST_UPDATE_TIMESTAMP,LAST_UPDATE_USER) VALUES(20406,204,'Movement-変数紐付','Movement variable association list','movement_variable_association_list','1',70,0,0,NULL,NULL,NULL,NULL,NULL,'0',_____DATE_____,1);
INSERT INTO T_COMN_MENU_JNL (JOURNAL_SEQ_NO,JOURNAL_REG_DATETIME,JOURNAL_ACTION_CLASS,MENU_ID,MENU_GROUP_ID,MENU_NAME_JA,MENU_NAME_EN,MENU_NAME_REST,LOGIN_NECESSITY,DISP_SEQ,AUTOFILTER_FLG,INITIAL_FILTER_FLG,WEB_PRINT_LIMIT,WEB_PRINT_CONFIRM,XLS_PRINT_LIMIT,SORT_KEY,NOTE,DISUSE_FLAG,LAST_UPDATE_TIMESTAMP,LAST_UPDATE_USER) VALUES(20406,_____DATE_____,'INSERT',20406,204,'Movement-変数紐付','Movement variable association list','movement_variable_association_list','1',70,0,0,NULL,NULL,NULL,NULL,NULL,'0',_____DATE_____,1);
INSERT INTO T_COMN_MENU (MENU_ID,MENU_GROUP_ID,MENU_NAME_JA,MENU_NAME_EN,MENU_NAME_REST,LOGIN_NECESSITY,DISP_SEQ,AUTOFILTER_FLG,INITIAL_FILTER_FLG,WEB_PRINT_LIMIT,WEB_PRINT_CONFIRM,XLS_PRINT_LIMIT,SORT_KEY,NOTE,DISUSE_FLAG,LAST_UPDATE_TIMESTAMP,LAST_UPDATE_USER) VALUES(20407,204,'変数ネスト管理','Nested variable list','nested_variable_list','1',80,0,0,NULL,NULL,NULL,NULL,NULL,'0',_____DATE_____,1);
INSERT INTO T_COMN_MENU_JNL (JOURNAL_SEQ_NO,JOURNAL_REG_DATETIME,JOURNAL_ACTION_CLASS,MENU_ID,MENU_GROUP_ID,MENU_NAME_JA,MENU_NAME_EN,MENU_NAME_REST,LOGIN_NECESSITY,DISP_SEQ,AUTOFILTER_FLG,INITIAL_FILTER_FLG,WEB_PRINT_LIMIT,WEB_PRINT_CONFIRM,XLS_PRINT_LIMIT,SORT_KEY,NOTE,DISUSE_FLAG,LAST_UPDATE_TIMESTAMP,LAST_UPDATE_USER) VALUES(20407,_____DATE_____,'INSERT',20407,204,'変数ネスト管理','Nested variable list','nested_variable_list','1',80,0,0,NULL,NULL,NULL,NULL,NULL,'0',_____DATE_____,1);
INSERT INTO T_COMN_MENU (MENU_ID,MENU_GROUP_ID,MENU_NAME_JA,MENU_NAME_EN,MENU_NAME_REST,LOGIN_NECESSITY,DISP_SEQ,AUTOFILTER_FLG,INITIAL_FILTER_FLG,WEB_PRINT_LIMIT,WEB_PRINT_CONFIRM,XLS_PRINT_LIMIT,SORT_KEY,NOTE,DISUSE_FLAG,LAST_UPDATE_TIMESTAMP,LAST_UPDATE_USER) VALUES(20408,204,'代入値自動登録設定','Substitution value auto-registration setting','substitution_value_auto-registration_setting','1',90,0,0,NULL,NULL,NULL,NULL,NULL,'0',_____DATE_____,1);
INSERT INTO T_COMN_MENU_JNL (JOURNAL_SEQ_NO,JOURNAL_REG_DATETIME,JOURNAL_ACTION_CLASS,MENU_ID,MENU_GROUP_ID,MENU_NAME_JA,MENU_NAME_EN,MENU_NAME_REST,LOGIN_NECESSITY,DISP_SEQ,AUTOFILTER_FLG,INITIAL_FILTER_FLG,WEB_PRINT_LIMIT,WEB_PRINT_CONFIRM,XLS_PRINT_LIMIT,SORT_KEY,NOTE,DISUSE_FLAG,LAST_UPDATE_TIMESTAMP,LAST_UPDATE_USER) VALUES(20408,_____DATE_____,'INSERT',20408,204,'代入値自動登録設定','Substitution value auto-registration setting','substitution_value_auto-registration_setting','1',90,0,0,NULL,NULL,NULL,NULL,NULL,'0',_____DATE_____,1);
INSERT INTO T_COMN_MENU (MENU_ID,MENU_GROUP_ID,MENU_NAME_JA,MENU_NAME_EN,MENU_NAME_REST,LOGIN_NECESSITY,DISP_SEQ,AUTOFILTER_FLG,INITIAL_FILTER_FLG,WEB_PRINT_LIMIT,WEB_PRINT_CONFIRM,XLS_PRINT_LIMIT,SORT_KEY,NOTE,DISUSE_FLAG,LAST_UPDATE_TIMESTAMP,LAST_UPDATE_USER) VALUES(20409,204,'作業対象ホスト','Target host','target_host','1',100,0,0,NULL,NULL,NULL,NULL,NULL,'0',_____DATE_____,1);
INSERT INTO T_COMN_MENU_JNL (JOURNAL_SEQ_NO,JOURNAL_REG_DATETIME,JOURNAL_ACTION_CLASS,MENU_ID,MENU_GROUP_ID,MENU_NAME_JA,MENU_NAME_EN,MENU_NAME_REST,LOGIN_NECESSITY,DISP_SEQ,AUTOFILTER_FLG,INITIAL_FILTER_FLG,WEB_PRINT_LIMIT,WEB_PRINT_CONFIRM,XLS_PRINT_LIMIT,SORT_KEY,NOTE,DISUSE_FLAG,LAST_UPDATE_TIMESTAMP,LAST_UPDATE_USER) VALUES(20409,_____DATE_____,'INSERT',20409,204,'作業対象ホスト','Target host','target_host','1',100,0,0,NULL,NULL,NULL,NULL,NULL,'0',_____DATE_____,1);
INSERT INTO T_COMN_MENU (MENU_ID,MENU_GROUP_ID,MENU_NAME_JA,MENU_NAME_EN,MENU_NAME_REST,LOGIN_NECESSITY,DISP_SEQ,AUTOFILTER_FLG,INITIAL_FILTER_FLG,WEB_PRINT_LIMIT,WEB_PRINT_CONFIRM,XLS_PRINT_LIMIT,SORT_KEY,NOTE,DISUSE_FLAG,LAST_UPDATE_TIMESTAMP,LAST_UPDATE_USER) VALUES(20410,204,'代入値管理','Substitution value list','substitution_value_list','1',110,0,0,NULL,NULL,NULL,NULL,NULL,'0',_____DATE_____,1);
INSERT INTO T_COMN_MENU_JNL (JOURNAL_SEQ_NO,JOURNAL_REG_DATETIME,JOURNAL_ACTION_CLASS,MENU_ID,MENU_GROUP_ID,MENU_NAME_JA,MENU_NAME_EN,MENU_NAME_REST,LOGIN_NECESSITY,DISP_SEQ,AUTOFILTER_FLG,INITIAL_FILTER_FLG,WEB_PRINT_LIMIT,WEB_PRINT_CONFIRM,XLS_PRINT_LIMIT,SORT_KEY,NOTE,DISUSE_FLAG,LAST_UPDATE_TIMESTAMP,LAST_UPDATE_USER) VALUES(20410,_____DATE_____,'INSERT',20410,204,'代入値管理','Substitution value list','substitution_value_list','1',110,0,0,NULL,NULL,NULL,NULL,NULL,'0',_____DATE_____,1);
INSERT INTO T_COMN_MENU (MENU_ID,MENU_GROUP_ID,MENU_NAME_JA,MENU_NAME_EN,MENU_NAME_REST,LOGIN_NECESSITY,DISP_SEQ,AUTOFILTER_FLG,INITIAL_FILTER_FLG,WEB_PRINT_LIMIT,WEB_PRINT_CONFIRM,XLS_PRINT_LIMIT,SORT_KEY,NOTE,DISUSE_FLAG,LAST_UPDATE_TIMESTAMP,LAST_UPDATE_USER) VALUES(20411,204,'作業実行','Execution','execution','1',120,0,0,NULL,NULL,NULL,NULL,NULL,'0',_____DATE_____,1);
INSERT INTO T_COMN_MENU_JNL (JOURNAL_SEQ_NO,JOURNAL_REG_DATETIME,JOURNAL_ACTION_CLASS,MENU_ID,MENU_GROUP_ID,MENU_NAME_JA,MENU_NAME_EN,MENU_NAME_REST,LOGIN_NECESSITY,DISP_SEQ,AUTOFILTER_FLG,INITIAL_FILTER_FLG,WEB_PRINT_LIMIT,WEB_PRINT_CONFIRM,XLS_PRINT_LIMIT,SORT_KEY,NOTE,DISUSE_FLAG,LAST_UPDATE_TIMESTAMP,LAST_UPDATE_USER) VALUES(20411,_____DATE_____,'INSERT',20411,204,'作業実行','Execution','execution','1',120,0,0,NULL,NULL,NULL,NULL,NULL,'0',_____DATE_____,1);
INSERT INTO T_COMN_MENU (MENU_ID,MENU_GROUP_ID,MENU_NAME_JA,MENU_NAME_EN,MENU_NAME_REST,LOGIN_NECESSITY,DISP_SEQ,AUTOFILTER_FLG,INITIAL_FILTER_FLG,WEB_PRINT_LIMIT,WEB_PRINT_CONFIRM,XLS_PRINT_LIMIT,SORT_KEY,NOTE,DISUSE_FLAG,LAST_UPDATE_TIMESTAMP,LAST_UPDATE_USER) VALUES(20412,204,'作業状態確認','Check operation status','check_operation_status','1',130,0,0,NULL,NULL,NULL,NULL,NULL,'0',_____DATE_____,1);
INSERT INTO T_COMN_MENU_JNL (JOURNAL_SEQ_NO,JOURNAL_REG_DATETIME,JOURNAL_ACTION_CLASS,MENU_ID,MENU_GROUP_ID,MENU_NAME_JA,MENU_NAME_EN,MENU_NAME_REST,LOGIN_NECESSITY,DISP_SEQ,AUTOFILTER_FLG,INITIAL_FILTER_FLG,WEB_PRINT_LIMIT,WEB_PRINT_CONFIRM,XLS_PRINT_LIMIT,SORT_KEY,NOTE,DISUSE_FLAG,LAST_UPDATE_TIMESTAMP,LAST_UPDATE_USER) VALUES(20412,_____DATE_____,'INSERT',20412,204,'作業状態確認','Check operation status','check_operation_status','1',130,0,0,NULL,NULL,NULL,NULL,NULL,'0',_____DATE_____,1);
INSERT INTO T_COMN_MENU (MENU_ID,MENU_GROUP_ID,MENU_NAME_JA,MENU_NAME_EN,MENU_NAME_REST,LOGIN_NECESSITY,DISP_SEQ,AUTOFILTER_FLG,INITIAL_FILTER_FLG,WEB_PRINT_LIMIT,WEB_PRINT_CONFIRM,XLS_PRINT_LIMIT,SORT_KEY,NOTE,DISUSE_FLAG,LAST_UPDATE_TIMESTAMP,LAST_UPDATE_USER) VALUES(20413,204,'作業管理','Execution list','execution_list','1',140,0,0,NULL,NULL,NULL,NULL,NULL,'0',_____DATE_____,1);
INSERT INTO T_COMN_MENU_JNL (JOURNAL_SEQ_NO,JOURNAL_REG_DATETIME,JOURNAL_ACTION_CLASS,MENU_ID,MENU_GROUP_ID,MENU_NAME_JA,MENU_NAME_EN,MENU_NAME_REST,LOGIN_NECESSITY,DISP_SEQ,AUTOFILTER_FLG,INITIAL_FILTER_FLG,WEB_PRINT_LIMIT,WEB_PRINT_CONFIRM,XLS_PRINT_LIMIT,SORT_KEY,NOTE,DISUSE_FLAG,LAST_UPDATE_TIMESTAMP,LAST_UPDATE_USER) VALUES(20413,_____DATE_____,'INSERT',20413,204,'作業管理','Execution list','execution_list','1',140,0,0,NULL,NULL,NULL,NULL,NULL,'0',_____DATE_____,1);
INSERT INTO T_COMN_MENU (MENU_ID,MENU_GROUP_ID,MENU_NAME_JA,MENU_NAME_EN,MENU_NAME_REST,LOGIN_NECESSITY,DISP_SEQ,AUTOFILTER_FLG,INITIAL_FILTER_FLG,WEB_PRINT_LIMIT,WEB_PRINT_CONFIRM,XLS_PRINT_LIMIT,SORT_KEY,NOTE,DISUSE_FLAG,LAST_UPDATE_TIMESTAMP,LAST_UPDATE_USER) VALUES(20414,204,'多段変数メンバー管理','Nested variable member list','nested_variable_member_list','1',150,0,0,NULL,NULL,NULL,NULL,NULL,'0',_____DATE_____,1);
INSERT INTO T_COMN_MENU_JNL (JOURNAL_SEQ_NO,JOURNAL_REG_DATETIME,JOURNAL_ACTION_CLASS,MENU_ID,MENU_GROUP_ID,MENU_NAME_JA,MENU_NAME_EN,MENU_NAME_REST,LOGIN_NECESSITY,DISP_SEQ,AUTOFILTER_FLG,INITIAL_FILTER_FLG,WEB_PRINT_LIMIT,WEB_PRINT_CONFIRM,XLS_PRINT_LIMIT,SORT_KEY,NOTE,DISUSE_FLAG,LAST_UPDATE_TIMESTAMP,LAST_UPDATE_USER) VALUES(20414,_____DATE_____,'INSERT',20414,204,'多段変数メンバー管理','Nested variable member list','nested_variable_member_list','1',150,0,0,NULL,NULL,NULL,NULL,NULL,'0',_____DATE_____,1);
INSERT INTO T_COMN_MENU (MENU_ID,MENU_GROUP_ID,MENU_NAME_JA,MENU_NAME_EN,MENU_NAME_REST,LOGIN_NECESSITY,DISP_SEQ,AUTOFILTER_FLG,INITIAL_FILTER_FLG,WEB_PRINT_LIMIT,WEB_PRINT_CONFIRM,XLS_PRINT_LIMIT,SORT_KEY,NOTE,DISUSE_FLAG,LAST_UPDATE_TIMESTAMP,LAST_UPDATE_USER) VALUES(20415,204,'多段変数配列組合せ管理','Nested variable array combination list','nested_variable_array_combination_list','1',160,0,0,NULL,NULL,NULL,NULL,NULL,'0',_____DATE_____,1);
INSERT INTO T_COMN_MENU_JNL (JOURNAL_SEQ_NO,JOURNAL_REG_DATETIME,JOURNAL_ACTION_CLASS,MENU_ID,MENU_GROUP_ID,MENU_NAME_JA,MENU_NAME_EN,MENU_NAME_REST,LOGIN_NECESSITY,DISP_SEQ,AUTOFILTER_FLG,INITIAL_FILTER_FLG,WEB_PRINT_LIMIT,WEB_PRINT_CONFIRM,XLS_PRINT_LIMIT,SORT_KEY,NOTE,DISUSE_FLAG,LAST_UPDATE_TIMESTAMP,LAST_UPDATE_USER) VALUES(20415,_____DATE_____,'INSERT',20415,204,'多段変数配列組合せ管理','Nested variable array combination list','nested_variable_array_combination_list','1',160,0,0,NULL,NULL,NULL,NULL,NULL,'0',_____DATE_____,1);

INSERT INTO T_COMN_ROLE_MENU_LINK (LINK_ID,MENU_ID,ROLE_ID,PRIVILEGE,NOTE,DISUSE_FLAG,LAST_UPDATE_TIMESTAMP,LAST_UPDATE_USER) VALUES('20101','20101','__ROLE_ID__','1',NULL,'0',_____DATE_____,1);
INSERT INTO T_COMN_ROLE_MENU_LINK_JNL (JOURNAL_SEQ_NO,JOURNAL_REG_DATETIME,JOURNAL_ACTION_CLASS,LINK_ID,MENU_ID,ROLE_ID,PRIVILEGE,NOTE,DISUSE_FLAG,LAST_UPDATE_TIMESTAMP,LAST_UPDATE_USER) VALUES(20101,_____DATE_____,'INSERT','20101','20101','__ROLE_ID__','1',NULL,'0',_____DATE_____,1);
INSERT INTO T_COMN_ROLE_MENU_LINK (LINK_ID,MENU_ID,ROLE_ID,PRIVILEGE,NOTE,DISUSE_FLAG,LAST_UPDATE_TIMESTAMP,LAST_UPDATE_USER) VALUES('20102','20102','__ROLE_ID__','1',NULL,'0',_____DATE_____,1);
INSERT INTO T_COMN_ROLE_MENU_LINK_JNL (JOURNAL_SEQ_NO,JOURNAL_REG_DATETIME,JOURNAL_ACTION_CLASS,LINK_ID,MENU_ID,ROLE_ID,PRIVILEGE,NOTE,DISUSE_FLAG,LAST_UPDATE_TIMESTAMP,LAST_UPDATE_USER) VALUES(20102,_____DATE_____,'INSERT','20102','20102','__ROLE_ID__','1',NULL,'0',_____DATE_____,1);
INSERT INTO T_COMN_ROLE_MENU_LINK (LINK_ID,MENU_ID,ROLE_ID,PRIVILEGE,NOTE,DISUSE_FLAG,LAST_UPDATE_TIMESTAMP,LAST_UPDATE_USER) VALUES('20103','20103','__ROLE_ID__','1',NULL,'0',_____DATE_____,1);
INSERT INTO T_COMN_ROLE_MENU_LINK_JNL (JOURNAL_SEQ_NO,JOURNAL_REG_DATETIME,JOURNAL_ACTION_CLASS,LINK_ID,MENU_ID,ROLE_ID,PRIVILEGE,NOTE,DISUSE_FLAG,LAST_UPDATE_TIMESTAMP,LAST_UPDATE_USER) VALUES(20103,_____DATE_____,'INSERT','20103','20103','__ROLE_ID__','1',NULL,'0',_____DATE_____,1);
INSERT INTO T_COMN_ROLE_MENU_LINK (LINK_ID,MENU_ID,ROLE_ID,PRIVILEGE,NOTE,DISUSE_FLAG,LAST_UPDATE_TIMESTAMP,LAST_UPDATE_USER) VALUES('20104','20104','__ROLE_ID__','1',NULL,'0',_____DATE_____,1);
INSERT INTO T_COMN_ROLE_MENU_LINK_JNL (JOURNAL_SEQ_NO,JOURNAL_REG_DATETIME,JOURNAL_ACTION_CLASS,LINK_ID,MENU_ID,ROLE_ID,PRIVILEGE,NOTE,DISUSE_FLAG,LAST_UPDATE_TIMESTAMP,LAST_UPDATE_USER) VALUES(20104,_____DATE_____,'INSERT','20104','20104','__ROLE_ID__','1',NULL,'0',_____DATE_____,1);
INSERT INTO T_COMN_ROLE_MENU_LINK (LINK_ID,MENU_ID,ROLE_ID,PRIVILEGE,NOTE,DISUSE_FLAG,LAST_UPDATE_TIMESTAMP,LAST_UPDATE_USER) VALUES('20105','20105','__ROLE_ID__','1',NULL,'0',_____DATE_____,1);
INSERT INTO T_COMN_ROLE_MENU_LINK_JNL (JOURNAL_SEQ_NO,JOURNAL_REG_DATETIME,JOURNAL_ACTION_CLASS,LINK_ID,MENU_ID,ROLE_ID,PRIVILEGE,NOTE,DISUSE_FLAG,LAST_UPDATE_TIMESTAMP,LAST_UPDATE_USER) VALUES(20105,_____DATE_____,'INSERT','20105','20105','__ROLE_ID__','1',NULL,'0',_____DATE_____,1);
INSERT INTO T_COMN_ROLE_MENU_LINK (LINK_ID,MENU_ID,ROLE_ID,PRIVILEGE,NOTE,DISUSE_FLAG,LAST_UPDATE_TIMESTAMP,LAST_UPDATE_USER) VALUES('20106','20106','__ROLE_ID__','1',NULL,'0',_____DATE_____,1);
INSERT INTO T_COMN_ROLE_MENU_LINK_JNL (JOURNAL_SEQ_NO,JOURNAL_REG_DATETIME,JOURNAL_ACTION_CLASS,LINK_ID,MENU_ID,ROLE_ID,PRIVILEGE,NOTE,DISUSE_FLAG,LAST_UPDATE_TIMESTAMP,LAST_UPDATE_USER) VALUES(20106,_____DATE_____,'INSERT','20106','20106','__ROLE_ID__','1',NULL,'0',_____DATE_____,1);
INSERT INTO T_COMN_ROLE_MENU_LINK (LINK_ID,MENU_ID,ROLE_ID,PRIVILEGE,NOTE,DISUSE_FLAG,LAST_UPDATE_TIMESTAMP,LAST_UPDATE_USER) VALUES('20107','20107','__ROLE_ID__','1',NULL,'0',_____DATE_____,1);
INSERT INTO T_COMN_ROLE_MENU_LINK_JNL (JOURNAL_SEQ_NO,JOURNAL_REG_DATETIME,JOURNAL_ACTION_CLASS,LINK_ID,MENU_ID,ROLE_ID,PRIVILEGE,NOTE,DISUSE_FLAG,LAST_UPDATE_TIMESTAMP,LAST_UPDATE_USER) VALUES(20107,_____DATE_____,'INSERT','20107','20107','__ROLE_ID__','1',NULL,'0',_____DATE_____,1);
INSERT INTO T_COMN_ROLE_MENU_LINK (LINK_ID,MENU_ID,ROLE_ID,PRIVILEGE,NOTE,DISUSE_FLAG,LAST_UPDATE_TIMESTAMP,LAST_UPDATE_USER) VALUES('20401','20401','__ROLE_ID__','1',NULL,'0',_____DATE_____,1);
INSERT INTO T_COMN_ROLE_MENU_LINK_JNL (JOURNAL_SEQ_NO,JOURNAL_REG_DATETIME,JOURNAL_ACTION_CLASS,LINK_ID,MENU_ID,ROLE_ID,PRIVILEGE,NOTE,DISUSE_FLAG,LAST_UPDATE_TIMESTAMP,LAST_UPDATE_USER) VALUES(20401,_____DATE_____,'INSERT','20401','20401','__ROLE_ID__','1',NULL,'0',_____DATE_____,1);
INSERT INTO T_COMN_ROLE_MENU_LINK (LINK_ID,MENU_ID,ROLE_ID,PRIVILEGE,NOTE,DISUSE_FLAG,LAST_UPDATE_TIMESTAMP,LAST_UPDATE_USER) VALUES('20402','20402','__ROLE_ID__','1',NULL,'0',_____DATE_____,1);
INSERT INTO T_COMN_ROLE_MENU_LINK_JNL (JOURNAL_SEQ_NO,JOURNAL_REG_DATETIME,JOURNAL_ACTION_CLASS,LINK_ID,MENU_ID,ROLE_ID,PRIVILEGE,NOTE,DISUSE_FLAG,LAST_UPDATE_TIMESTAMP,LAST_UPDATE_USER) VALUES(20402,_____DATE_____,'INSERT','20402','20402','__ROLE_ID__','1',NULL,'0',_____DATE_____,1);
INSERT INTO T_COMN_ROLE_MENU_LINK (LINK_ID,MENU_ID,ROLE_ID,PRIVILEGE,NOTE,DISUSE_FLAG,LAST_UPDATE_TIMESTAMP,LAST_UPDATE_USER) VALUES('20403','20403','__ROLE_ID__','1',NULL,'0',_____DATE_____,1);
INSERT INTO T_COMN_ROLE_MENU_LINK_JNL (JOURNAL_SEQ_NO,JOURNAL_REG_DATETIME,JOURNAL_ACTION_CLASS,LINK_ID,MENU_ID,ROLE_ID,PRIVILEGE,NOTE,DISUSE_FLAG,LAST_UPDATE_TIMESTAMP,LAST_UPDATE_USER) VALUES(20403,_____DATE_____,'INSERT','20403','20403','__ROLE_ID__','1',NULL,'0',_____DATE_____,1);
INSERT INTO T_COMN_ROLE_MENU_LINK (LINK_ID,MENU_ID,ROLE_ID,PRIVILEGE,NOTE,DISUSE_FLAG,LAST_UPDATE_TIMESTAMP,LAST_UPDATE_USER) VALUES('20404','20404','__ROLE_ID__','1',NULL,'0',_____DATE_____,1);
INSERT INTO T_COMN_ROLE_MENU_LINK_JNL (JOURNAL_SEQ_NO,JOURNAL_REG_DATETIME,JOURNAL_ACTION_CLASS,LINK_ID,MENU_ID,ROLE_ID,PRIVILEGE,NOTE,DISUSE_FLAG,LAST_UPDATE_TIMESTAMP,LAST_UPDATE_USER) VALUES(20404,_____DATE_____,'INSERT','20404','20404','__ROLE_ID__','1',NULL,'0',_____DATE_____,1);
INSERT INTO T_COMN_ROLE_MENU_LINK (LINK_ID,MENU_ID,ROLE_ID,PRIVILEGE,NOTE,DISUSE_FLAG,LAST_UPDATE_TIMESTAMP,LAST_UPDATE_USER) VALUES('20405','20405','__ROLE_ID__','1',NULL,'0',_____DATE_____,1);
INSERT INTO T_COMN_ROLE_MENU_LINK_JNL (JOURNAL_SEQ_NO,JOURNAL_REG_DATETIME,JOURNAL_ACTION_CLASS,LINK_ID,MENU_ID,ROLE_ID,PRIVILEGE,NOTE,DISUSE_FLAG,LAST_UPDATE_TIMESTAMP,LAST_UPDATE_USER) VALUES(20405,_____DATE_____,'INSERT','20405','20405','__ROLE_ID__','1',NULL,'0',_____DATE_____,1);
INSERT INTO T_COMN_ROLE_MENU_LINK (LINK_ID,MENU_ID,ROLE_ID,PRIVILEGE,NOTE,DISUSE_FLAG,LAST_UPDATE_TIMESTAMP,LAST_UPDATE_USER) VALUES('20406','20406','__ROLE_ID__','1',NULL,'0',_____DATE_____,1);
INSERT INTO T_COMN_ROLE_MENU_LINK_JNL (JOURNAL_SEQ_NO,JOURNAL_REG_DATETIME,JOURNAL_ACTION_CLASS,LINK_ID,MENU_ID,ROLE_ID,PRIVILEGE,NOTE,DISUSE_FLAG,LAST_UPDATE_TIMESTAMP,LAST_UPDATE_USER) VALUES(20406,_____DATE_____,'INSERT','20406','20406','__ROLE_ID__','1',NULL,'0',_____DATE_____,1);
INSERT INTO T_COMN_ROLE_MENU_LINK (LINK_ID,MENU_ID,ROLE_ID,PRIVILEGE,NOTE,DISUSE_FLAG,LAST_UPDATE_TIMESTAMP,LAST_UPDATE_USER) VALUES('20407','20407','__ROLE_ID__','1',NULL,'0',_____DATE_____,1);
INSERT INTO T_COMN_ROLE_MENU_LINK_JNL (JOURNAL_SEQ_NO,JOURNAL_REG_DATETIME,JOURNAL_ACTION_CLASS,LINK_ID,MENU_ID,ROLE_ID,PRIVILEGE,NOTE,DISUSE_FLAG,LAST_UPDATE_TIMESTAMP,LAST_UPDATE_USER) VALUES(20407,_____DATE_____,'INSERT','20407','20407','__ROLE_ID__','1',NULL,'0',_____DATE_____,1);
INSERT INTO T_COMN_ROLE_MENU_LINK (LINK_ID,MENU_ID,ROLE_ID,PRIVILEGE,NOTE,DISUSE_FLAG,LAST_UPDATE_TIMESTAMP,LAST_UPDATE_USER) VALUES('20408','20408','__ROLE_ID__','1',NULL,'0',_____DATE_____,1);
INSERT INTO T_COMN_ROLE_MENU_LINK_JNL (JOURNAL_SEQ_NO,JOURNAL_REG_DATETIME,JOURNAL_ACTION_CLASS,LINK_ID,MENU_ID,ROLE_ID,PRIVILEGE,NOTE,DISUSE_FLAG,LAST_UPDATE_TIMESTAMP,LAST_UPDATE_USER) VALUES(20408,_____DATE_____,'INSERT','20408','20408','__ROLE_ID__','1',NULL,'0',_____DATE_____,1);
INSERT INTO T_COMN_ROLE_MENU_LINK (LINK_ID,MENU_ID,ROLE_ID,PRIVILEGE,NOTE,DISUSE_FLAG,LAST_UPDATE_TIMESTAMP,LAST_UPDATE_USER) VALUES('20409','20409','__ROLE_ID__','1',NULL,'0',_____DATE_____,1);
INSERT INTO T_COMN_ROLE_MENU_LINK_JNL (JOURNAL_SEQ_NO,JOURNAL_REG_DATETIME,JOURNAL_ACTION_CLASS,LINK_ID,MENU_ID,ROLE_ID,PRIVILEGE,NOTE,DISUSE_FLAG,LAST_UPDATE_TIMESTAMP,LAST_UPDATE_USER) VALUES(20409,_____DATE_____,'INSERT','20409','20409','__ROLE_ID__','1',NULL,'0',_____DATE_____,1);
INSERT INTO T_COMN_ROLE_MENU_LINK (LINK_ID,MENU_ID,ROLE_ID,PRIVILEGE,NOTE,DISUSE_FLAG,LAST_UPDATE_TIMESTAMP,LAST_UPDATE_USER) VALUES('20410','20410','__ROLE_ID__','1',NULL,'0',_____DATE_____,1);
INSERT INTO T_COMN_ROLE_MENU_LINK_JNL (JOURNAL_SEQ_NO,JOURNAL_REG_DATETIME,JOURNAL_ACTION_CLASS,LINK_ID,MENU_ID,ROLE_ID,PRIVILEGE,NOTE,DISUSE_FLAG,LAST_UPDATE_TIMESTAMP,LAST_UPDATE_USER) VALUES(20410,_____DATE_____,'INSERT','20410','20410','__ROLE_ID__','1',NULL,'0',_____DATE_____,1);
INSERT INTO T_COMN_ROLE_MENU_LINK (LINK_ID,MENU_ID,ROLE_ID,PRIVILEGE,NOTE,DISUSE_FLAG,LAST_UPDATE_TIMESTAMP,LAST_UPDATE_USER) VALUES('20411','20411','__ROLE_ID__','1',NULL,'0',_____DATE_____,1);
INSERT INTO T_COMN_ROLE_MENU_LINK_JNL (JOURNAL_SEQ_NO,JOURNAL_REG_DATETIME,JOURNAL_ACTION_CLASS,LINK_ID,MENU_ID,ROLE_ID,PRIVILEGE,NOTE,DISUSE_FLAG,LAST_UPDATE_TIMESTAMP,LAST_UPDATE_USER) VALUES(20411,_____DATE_____,'INSERT','20411','20411','__ROLE_ID__','1',NULL,'0',_____DATE_____,1);
INSERT INTO T_COMN_ROLE_MENU_LINK (LINK_ID,MENU_ID,ROLE_ID,PRIVILEGE,NOTE,DISUSE_FLAG,LAST_UPDATE_TIMESTAMP,LAST_UPDATE_USER) VALUES('20412','20412','__ROLE_ID__','1',NULL,'0',_____DATE_____,1);
INSERT INTO T_COMN_ROLE_MENU_LINK_JNL (JOURNAL_SEQ_NO,JOURNAL_REG_DATETIME,JOURNAL_ACTION_CLASS,LINK_ID,MENU_ID,ROLE_ID,PRIVILEGE,NOTE,DISUSE_FLAG,LAST_UPDATE_TIMESTAMP,LAST_UPDATE_USER) VALUES(20412,_____DATE_____,'INSERT','20412','20412','__ROLE_ID__','1',NULL,'0',_____DATE_____,1);
INSERT INTO T_COMN_ROLE_MENU_LINK (LINK_ID,MENU_ID,ROLE_ID,PRIVILEGE,NOTE,DISUSE_FLAG,LAST_UPDATE_TIMESTAMP,LAST_UPDATE_USER) VALUES('20413','20413','__ROLE_ID__','1',NULL,'0',_____DATE_____,1);
INSERT INTO T_COMN_ROLE_MENU_LINK_JNL (JOURNAL_SEQ_NO,JOURNAL_REG_DATETIME,JOURNAL_ACTION_CLASS,LINK_ID,MENU_ID,ROLE_ID,PRIVILEGE,NOTE,DISUSE_FLAG,LAST_UPDATE_TIMESTAMP,LAST_UPDATE_USER) VALUES(20413,_____DATE_____,'INSERT','20413','20413','__ROLE_ID__','1',NULL,'0',_____DATE_____,1);
INSERT INTO T_COMN_ROLE_MENU_LINK (LINK_ID,MENU_ID,ROLE_ID,PRIVILEGE,NOTE,DISUSE_FLAG,LAST_UPDATE_TIMESTAMP,LAST_UPDATE_USER) VALUES('20414','20414','__ROLE_ID__','1',NULL,'0',_____DATE_____,1);
INSERT INTO T_COMN_ROLE_MENU_LINK_JNL (JOURNAL_SEQ_NO,JOURNAL_REG_DATETIME,JOURNAL_ACTION_CLASS,LINK_ID,MENU_ID,ROLE_ID,PRIVILEGE,NOTE,DISUSE_FLAG,LAST_UPDATE_TIMESTAMP,LAST_UPDATE_USER) VALUES(20414,_____DATE_____,'INSERT','20414','20414','__ROLE_ID__','1',NULL,'0',_____DATE_____,1);
INSERT INTO T_COMN_ROLE_MENU_LINK (LINK_ID,MENU_ID,ROLE_ID,PRIVILEGE,NOTE,DISUSE_FLAG,LAST_UPDATE_TIMESTAMP,LAST_UPDATE_USER) VALUES('20415','20415','__ROLE_ID__','1',NULL,'0',_____DATE_____,1);
INSERT INTO T_COMN_ROLE_MENU_LINK_JNL (JOURNAL_SEQ_NO,JOURNAL_REG_DATETIME,JOURNAL_ACTION_CLASS,LINK_ID,MENU_ID,ROLE_ID,PRIVILEGE,NOTE,DISUSE_FLAG,LAST_UPDATE_TIMESTAMP,LAST_UPDATE_USER) VALUES(20415,_____DATE_____,'INSERT','20415','20415','__ROLE_ID__','1',NULL,'0',_____DATE_____,1);

INSERT INTO T_COMN_MENU_TABLE_LINK (TABLE_DEFINITION_ID,MENU_ID,TABLE_NAME,VIEW_NAME,PK_COLUMN_NAME_REST,MENU_INFO_JA,MENU_INFO_EN,SHEET_TYPE,HISTORY_TABLE_FLAG,INHERIT,VERTICAL,ROW_INSERT_FLAG,ROW_UPDATE_FLAG,ROW_DISUSE_FLAG,ROW_REUSE_FLAG,SUBSTITUTION_VALUE_LINK_FLAG,LOCK_TABLE,UNIQUE_CONSTRAINT,BEFORE_VALIDATE_REGISTER,AFTER_VALIDATE_REGISTER,NOTE,DISUSE_FLAG,LAST_UPDATE_TIMESTAMP,LAST_UPDATE_USER) VALUES('20101','20101','T_ANSC_DEVICE',NULL,'system_id','作業対象ホストの情報をメンテナンス(閲覧/登録/更新/廃止)できます。
各オーケストレータの実行前に作業対象ホストに応じた必要情報を登録してください。','Maintenance (view/register/update/discard) can be performed on the target host.
Please register the necessary information to the target host before executing each orchestrator.','0','1','0','0','1','1','1','1','0',NULL,NULL,NULL,NULL,NULL,'0',_____DATE_____,1);
INSERT INTO T_COMN_MENU_TABLE_LINK_JNL (JOURNAL_SEQ_NO,JOURNAL_REG_DATETIME,JOURNAL_ACTION_CLASS,TABLE_DEFINITION_ID,MENU_ID,TABLE_NAME,VIEW_NAME,PK_COLUMN_NAME_REST,MENU_INFO_JA,MENU_INFO_EN,SHEET_TYPE,HISTORY_TABLE_FLAG,INHERIT,VERTICAL,ROW_INSERT_FLAG,ROW_UPDATE_FLAG,ROW_DISUSE_FLAG,ROW_REUSE_FLAG,SUBSTITUTION_VALUE_LINK_FLAG,LOCK_TABLE,UNIQUE_CONSTRAINT,BEFORE_VALIDATE_REGISTER,AFTER_VALIDATE_REGISTER,NOTE,DISUSE_FLAG,LAST_UPDATE_TIMESTAMP,LAST_UPDATE_USER) VALUES(20101,_____DATE_____,'INSERT','20101','20101','T_ANSC_DEVICE',NULL,'system_id','作業対象ホストの情報をメンテナンス(閲覧/登録/更新/廃止)できます。
各オーケストレータの実行前に作業対象ホストに応じた必要情報を登録してください。','Maintenance (view/register/update/discard) can be performed on the target host.
Please register the necessary information to the target host before executing each orchestrator.','0','1','0','0','1','1','1','1','0',NULL,NULL,NULL,NULL,NULL,'0',_____DATE_____,1);
INSERT INTO T_COMN_MENU_TABLE_LINK (TABLE_DEFINITION_ID,MENU_ID,TABLE_NAME,VIEW_NAME,PK_COLUMN_NAME_REST,MENU_INFO_JA,MENU_INFO_EN,SHEET_TYPE,HISTORY_TABLE_FLAG,INHERIT,VERTICAL,ROW_INSERT_FLAG,ROW_UPDATE_FLAG,ROW_DISUSE_FLAG,ROW_REUSE_FLAG,SUBSTITUTION_VALUE_LINK_FLAG,LOCK_TABLE,UNIQUE_CONSTRAINT,BEFORE_VALIDATE_REGISTER,AFTER_VALIDATE_REGISTER,NOTE,DISUSE_FLAG,LAST_UPDATE_TIMESTAMP,LAST_UPDATE_USER) VALUES('20102','20102','T_ANSC_IF_INFO',NULL,'ansible_if_info_id','Ansibleサーバへの接続インターフェース情報をメンテナンス(閲覧/更新)できます。
本メニューは必ず1レコードである必要があります。','You can perform maintenance (view/update) for the connection interface information on Ansible server.
This menu should be one record.','0','1','0','0','0','1','0','0','0',NULL,NULL,NULL,NULL,NULL,'0',_____DATE_____,1);
INSERT INTO T_COMN_MENU_TABLE_LINK_JNL (JOURNAL_SEQ_NO,JOURNAL_REG_DATETIME,JOURNAL_ACTION_CLASS,TABLE_DEFINITION_ID,MENU_ID,TABLE_NAME,VIEW_NAME,PK_COLUMN_NAME_REST,MENU_INFO_JA,MENU_INFO_EN,SHEET_TYPE,HISTORY_TABLE_FLAG,INHERIT,VERTICAL,ROW_INSERT_FLAG,ROW_UPDATE_FLAG,ROW_DISUSE_FLAG,ROW_REUSE_FLAG,SUBSTITUTION_VALUE_LINK_FLAG,LOCK_TABLE,UNIQUE_CONSTRAINT,BEFORE_VALIDATE_REGISTER,AFTER_VALIDATE_REGISTER,NOTE,DISUSE_FLAG,LAST_UPDATE_TIMESTAMP,LAST_UPDATE_USER) VALUES(20102,_____DATE_____,'INSERT','20102','20102','T_ANSC_IF_INFO',NULL,'ansible_if_info_id','Ansibleサーバへの接続インターフェース情報をメンテナンス(閲覧/更新)できます。
本メニューは必ず1レコードである必要があります。','You can perform maintenance (view/update) for the connection interface information on Ansible server.
This menu should be one record.','0','1','0','0','0','1','0','0','0',NULL,NULL,NULL,NULL,NULL,'0',_____DATE_____,1);
INSERT INTO T_COMN_MENU_TABLE_LINK (TABLE_DEFINITION_ID,MENU_ID,TABLE_NAME,VIEW_NAME,PK_COLUMN_NAME_REST,MENU_INFO_JA,MENU_INFO_EN,SHEET_TYPE,HISTORY_TABLE_FLAG,INHERIT,VERTICAL,ROW_INSERT_FLAG,ROW_UPDATE_FLAG,ROW_DISUSE_FLAG,ROW_REUSE_FLAG,SUBSTITUTION_VALUE_LINK_FLAG,LOCK_TABLE,UNIQUE_CONSTRAINT,BEFORE_VALIDATE_REGISTER,AFTER_VALIDATE_REGISTER,NOTE,DISUSE_FLAG,LAST_UPDATE_TIMESTAMP,LAST_UPDATE_USER) VALUES('20103','20103','T_ANSC_TOWER_HOST',NULL,'ansibletwr_host_id','Ansible Automation Controllerのホスト情報をメンテナンス(閲覧/登録/更新/廃止)できます。
クラスター構成で構築されている場合、クラスター内のホップノードを除いたノード情報を登録して下さい。 クラスター構成でない場合は、対象ノード(1台)の情報を登録して下さい。','Maintenance (view/update) can be performe Ansible Automation Controller host information. case of cluster configuration, If constructed with a cluster configuration, register the node information(excluding the hop node within the cluster). If it is not constructed with a cluster configuration, register information for the target node (for 1 node).','0','1','0','0','1','1','1','1','0',NULL,NULL,NULL,NULL,NULL,'0',_____DATE_____,1);
INSERT INTO T_COMN_MENU_TABLE_LINK_JNL (JOURNAL_SEQ_NO,JOURNAL_REG_DATETIME,JOURNAL_ACTION_CLASS,TABLE_DEFINITION_ID,MENU_ID,TABLE_NAME,VIEW_NAME,PK_COLUMN_NAME_REST,MENU_INFO_JA,MENU_INFO_EN,SHEET_TYPE,HISTORY_TABLE_FLAG,INHERIT,VERTICAL,ROW_INSERT_FLAG,ROW_UPDATE_FLAG,ROW_DISUSE_FLAG,ROW_REUSE_FLAG,SUBSTITUTION_VALUE_LINK_FLAG,LOCK_TABLE,UNIQUE_CONSTRAINT,BEFORE_VALIDATE_REGISTER,AFTER_VALIDATE_REGISTER,NOTE,DISUSE_FLAG,LAST_UPDATE_TIMESTAMP,LAST_UPDATE_USER) VALUES(20103,_____DATE_____,'INSERT','20103','20103','T_ANSC_TOWER_HOST',NULL,'ansibletwr_host_id','Ansible Automation Controllerのホスト情報をメンテナンス(閲覧/登録/更新/廃止)できます。
クラスター構成で構築されている場合、クラスター内のホップノードを除いたノード情報を登録して下さい。 クラスター構成でない場合は、対象ノード(1台)の情報を登録して下さい。','Maintenance (view/update) can be performe Ansible Automation Controller host information. case of cluster configuration, If constructed with a cluster configuration, register the node information(excluding the hop node within the cluster). If it is not constructed with a cluster configuration, register information for the target node (for 1 node).','0','1','0','0','1','1','1','1','0',NULL,NULL,NULL,NULL,NULL,'0',_____DATE_____,1);
INSERT INTO T_COMN_MENU_TABLE_LINK (TABLE_DEFINITION_ID,MENU_ID,TABLE_NAME,VIEW_NAME,PK_COLUMN_NAME_REST,MENU_INFO_JA,MENU_INFO_EN,SHEET_TYPE,HISTORY_TABLE_FLAG,INHERIT,VERTICAL,ROW_INSERT_FLAG,ROW_UPDATE_FLAG,ROW_DISUSE_FLAG,ROW_REUSE_FLAG,SUBSTITUTION_VALUE_LINK_FLAG,LOCK_TABLE,UNIQUE_CONSTRAINT,BEFORE_VALIDATE_REGISTER,AFTER_VALIDATE_REGISTER,NOTE,DISUSE_FLAG,LAST_UPDATE_TIMESTAMP,LAST_UPDATE_USER) VALUES('20104','20104','T_ANSC_GLOBAL_VAR',NULL,'gbl_vars_name_id','Playbookや対話ファイルで使用するグローバル変数をメンテナンス(閲覧/登録/更新/廃止)できます。','You can perform maintenance (view/register/update/discard) to global variables used in the Playbook and dialog files.','0','1','0','0','1','1','1','1','0',NULL,NULL,NULL,NULL,NULL,'0',_____DATE_____,1);
INSERT INTO T_COMN_MENU_TABLE_LINK_JNL (JOURNAL_SEQ_NO,JOURNAL_REG_DATETIME,JOURNAL_ACTION_CLASS,TABLE_DEFINITION_ID,MENU_ID,TABLE_NAME,VIEW_NAME,PK_COLUMN_NAME_REST,MENU_INFO_JA,MENU_INFO_EN,SHEET_TYPE,HISTORY_TABLE_FLAG,INHERIT,VERTICAL,ROW_INSERT_FLAG,ROW_UPDATE_FLAG,ROW_DISUSE_FLAG,ROW_REUSE_FLAG,SUBSTITUTION_VALUE_LINK_FLAG,LOCK_TABLE,UNIQUE_CONSTRAINT,BEFORE_VALIDATE_REGISTER,AFTER_VALIDATE_REGISTER,NOTE,DISUSE_FLAG,LAST_UPDATE_TIMESTAMP,LAST_UPDATE_USER) VALUES(20104,_____DATE_____,'INSERT','20104','20104','T_ANSC_GLOBAL_VAR',NULL,'gbl_vars_name_id','Playbookや対話ファイルで使用するグローバル変数をメンテナンス(閲覧/登録/更新/廃止)できます。','You can perform maintenance (view/register/update/discard) to global variables used in the Playbook and dialog files.','0','1','0','0','1','1','1','1','0',NULL,NULL,NULL,NULL,NULL,'0',_____DATE_____,1);
INSERT INTO T_COMN_MENU_TABLE_LINK (TABLE_DEFINITION_ID,MENU_ID,TABLE_NAME,VIEW_NAME,PK_COLUMN_NAME_REST,MENU_INFO_JA,MENU_INFO_EN,SHEET_TYPE,HISTORY_TABLE_FLAG,INHERIT,VERTICAL,ROW_INSERT_FLAG,ROW_UPDATE_FLAG,ROW_DISUSE_FLAG,ROW_REUSE_FLAG,SUBSTITUTION_VALUE_LINK_FLAG,LOCK_TABLE,UNIQUE_CONSTRAINT,BEFORE_VALIDATE_REGISTER,AFTER_VALIDATE_REGISTER,NOTE,DISUSE_FLAG,LAST_UPDATE_TIMESTAMP,LAST_UPDATE_USER) VALUES('20105','20105','T_ANSC_CONTENTS_FILE',NULL,'contents_file_id','Playbookで使用するファイルをメンテナンス(閲覧/登録/更新/廃止)できます。ファイル埋込変数名には CPF_ で始まる変数名を入力して下さい。この変数名をPlaybookに記述します。
(例)- copy: src={{ CPF_sample }} dest=/usr/local/src
　　　- unarchive src={{ CPF_sample }} dest=/usr/local/bin remote_src=yes','You can perform maintenance (view/register/update/discard) for files used in the Playbook.

In file embedded variable name, enter a variable name that starts with \"CPF_\".
This variable name is written in a Playbook.
(Example)
　　　- copy: src={{ CPF_sample }} dest=/usr/local/src
　　　- unarchive src={{ CPF_sample }} dest=/usr/local/bin remote_src=yes','0','1','0','0','1','1','1','1','0',NULL,NULL,NULL,NULL,NULL,'0',_____DATE_____,1);
INSERT INTO T_COMN_MENU_TABLE_LINK_JNL (JOURNAL_SEQ_NO,JOURNAL_REG_DATETIME,JOURNAL_ACTION_CLASS,TABLE_DEFINITION_ID,MENU_ID,TABLE_NAME,VIEW_NAME,PK_COLUMN_NAME_REST,MENU_INFO_JA,MENU_INFO_EN,SHEET_TYPE,HISTORY_TABLE_FLAG,INHERIT,VERTICAL,ROW_INSERT_FLAG,ROW_UPDATE_FLAG,ROW_DISUSE_FLAG,ROW_REUSE_FLAG,SUBSTITUTION_VALUE_LINK_FLAG,LOCK_TABLE,UNIQUE_CONSTRAINT,BEFORE_VALIDATE_REGISTER,AFTER_VALIDATE_REGISTER,NOTE,DISUSE_FLAG,LAST_UPDATE_TIMESTAMP,LAST_UPDATE_USER) VALUES(20105,_____DATE_____,'INSERT','20105','20105','T_ANSC_CONTENTS_FILE',NULL,'contents_file_id','Playbookで使用するファイルをメンテナンス(閲覧/登録/更新/廃止)できます。ファイル埋込変数名には CPF_ で始まる変数名を入力して下さい。この変数名をPlaybookに記述します。
(例)- copy: src={{ CPF_sample }} dest=/usr/local/src
　　　- unarchive src={{ CPF_sample }} dest=/usr/local/bin remote_src=yes','You can perform maintenance (view/register/update/discard) for files used in the Playbook.

In file embedded variable name, enter a variable name that starts with \"CPF_\".
This variable name is written in a Playbook.
(Example)
　　　- copy: src={{ CPF_sample }} dest=/usr/local/src
　　　- unarchive src={{ CPF_sample }} dest=/usr/local/bin remote_src=yes','0','1','0','0','1','1','1','1','0',NULL,NULL,NULL,NULL,NULL,'0',_____DATE_____,1);
INSERT INTO T_COMN_MENU_TABLE_LINK (TABLE_DEFINITION_ID,MENU_ID,TABLE_NAME,VIEW_NAME,PK_COLUMN_NAME_REST,MENU_INFO_JA,MENU_INFO_EN,SHEET_TYPE,HISTORY_TABLE_FLAG,INHERIT,VERTICAL,ROW_INSERT_FLAG,ROW_UPDATE_FLAG,ROW_DISUSE_FLAG,ROW_REUSE_FLAG,SUBSTITUTION_VALUE_LINK_FLAG,LOCK_TABLE,UNIQUE_CONSTRAINT,BEFORE_VALIDATE_REGISTER,AFTER_VALIDATE_REGISTER,NOTE,DISUSE_FLAG,LAST_UPDATE_TIMESTAMP,LAST_UPDATE_USER) VALUES('20106','20106','T_ANSC_TEMPLATE_FILE',NULL,'ans_template_id','Playbookで使用するテンプレートファイルをメンテナンス(閲覧/登録/更新/廃止)できます。

テンプレートファイル内の変数には接頭文字として「VAR_」を付与して下さい。
接頭文字が「VAR_」の変数が、代入値管理メニューにて選択可能になります。
(例) {{ VAR_OMCS }}','You can perform maintenance (view/register/update/discard) the template file in the Playbook.

Assign “VAR_\" as a prefix string for the variable of template file.
Variables with prefix string \"VAR_\" can be selected from substitution value list.
(Example) {{ VAR_OMCS }}','0','1','0','0','1','1','1','1','0',NULL,NULL,NULL,NULL,NULL,'0',_____DATE_____,1);
INSERT INTO T_COMN_MENU_TABLE_LINK_JNL (JOURNAL_SEQ_NO,JOURNAL_REG_DATETIME,JOURNAL_ACTION_CLASS,TABLE_DEFINITION_ID,MENU_ID,TABLE_NAME,VIEW_NAME,PK_COLUMN_NAME_REST,MENU_INFO_JA,MENU_INFO_EN,SHEET_TYPE,HISTORY_TABLE_FLAG,INHERIT,VERTICAL,ROW_INSERT_FLAG,ROW_UPDATE_FLAG,ROW_DISUSE_FLAG,ROW_REUSE_FLAG,SUBSTITUTION_VALUE_LINK_FLAG,LOCK_TABLE,UNIQUE_CONSTRAINT,BEFORE_VALIDATE_REGISTER,AFTER_VALIDATE_REGISTER,NOTE,DISUSE_FLAG,LAST_UPDATE_TIMESTAMP,LAST_UPDATE_USER) VALUES(20106,_____DATE_____,'INSERT','20106','20106','T_ANSC_TEMPLATE_FILE',NULL,'ans_template_id','Playbookで使用するテンプレートファイルをメンテナンス(閲覧/登録/更新/廃止)できます。

テンプレートファイル内の変数には接頭文字として「VAR_」を付与して下さい。
接頭文字が「VAR_」の変数が、代入値管理メニューにて選択可能になります。
(例) {{ VAR_OMCS }}','You can perform maintenance (view/register/update/discard) the template file in the Playbook.

Assign “VAR_\" as a prefix string for the variable of template file.
Variables with prefix string \"VAR_\" can be selected from substitution value list.
(Example) {{ VAR_OMCS }}','0','1','0','0','1','1','1','1','0',NULL,NULL,NULL,NULL,NULL,'0',_____DATE_____,1);
INSERT INTO T_COMN_MENU_TABLE_LINK (TABLE_DEFINITION_ID,MENU_ID,TABLE_NAME,VIEW_NAME,PK_COLUMN_NAME_REST,MENU_INFO_JA,MENU_INFO_EN,SHEET_TYPE,HISTORY_TABLE_FLAG,INHERIT,VERTICAL,ROW_INSERT_FLAG,ROW_UPDATE_FLAG,ROW_DISUSE_FLAG,ROW_REUSE_FLAG,SUBSTITUTION_VALUE_LINK_FLAG,LOCK_TABLE,UNIQUE_CONSTRAINT,BEFORE_VALIDATE_REGISTER,AFTER_VALIDATE_REGISTER,NOTE,DISUSE_FLAG,LAST_UPDATE_TIMESTAMP,LAST_UPDATE_USER) VALUES('20107','20107','T_ANSC_COMVRAS_USLIST',NULL,'row_id','メニューの繰り返し項目を縦に管理するメニュー情報をメンテナンス(参照/更新/廃止/復活)できます。','Maintenance (view/register/update/discard) can be performed on the menu information that manages the repeated items of the menu vertically.','0','0','0','0','0','0','0','0','0',NULL,NULL,NULL,NULL,NULL,'0',_____DATE_____,1);
INSERT INTO T_COMN_MENU_TABLE_LINK_JNL (JOURNAL_SEQ_NO,JOURNAL_REG_DATETIME,JOURNAL_ACTION_CLASS,TABLE_DEFINITION_ID,MENU_ID,TABLE_NAME,VIEW_NAME,PK_COLUMN_NAME_REST,MENU_INFO_JA,MENU_INFO_EN,SHEET_TYPE,HISTORY_TABLE_FLAG,INHERIT,VERTICAL,ROW_INSERT_FLAG,ROW_UPDATE_FLAG,ROW_DISUSE_FLAG,ROW_REUSE_FLAG,SUBSTITUTION_VALUE_LINK_FLAG,LOCK_TABLE,UNIQUE_CONSTRAINT,BEFORE_VALIDATE_REGISTER,AFTER_VALIDATE_REGISTER,NOTE,DISUSE_FLAG,LAST_UPDATE_TIMESTAMP,LAST_UPDATE_USER) VALUES(20107,_____DATE_____,'INSERT','20107','20107','T_ANSC_COMVRAS_USLIST',NULL,'row_id','メニューの繰り返し項目を縦に管理するメニュー情報をメンテナンス(参照/更新/廃止/復活)できます。','Maintenance (view/register/update/discard) can be performed on the menu information that manages the repeated items of the menu vertically.','0','0','0','0','0','0','0','0','0',NULL,NULL,NULL,NULL,NULL,'0',_____DATE_____,1);
INSERT INTO T_COMN_MENU_TABLE_LINK (TABLE_DEFINITION_ID,MENU_ID,TABLE_NAME,VIEW_NAME,PK_COLUMN_NAME_REST,MENU_INFO_JA,MENU_INFO_EN,SHEET_TYPE,HISTORY_TABLE_FLAG,INHERIT,VERTICAL,ROW_INSERT_FLAG,ROW_UPDATE_FLAG,ROW_DISUSE_FLAG,ROW_REUSE_FLAG,SUBSTITUTION_VALUE_LINK_FLAG,LOCK_TABLE,UNIQUE_CONSTRAINT,BEFORE_VALIDATE_REGISTER,AFTER_VALIDATE_REGISTER,NOTE,DISUSE_FLAG,LAST_UPDATE_TIMESTAMP,LAST_UPDATE_USER) VALUES('20401','20401','T_ANSR_ROLE_NAME',NULL,'role_id','Ansible-Legacy Roleのロール名とロールパッケージの紐付を行います。','Associate role name and role package of Ansible-Legacy Role.','0','0','0','0','0','0','0','0','0',NULL,'[ROLE_PACKAGE_ID,ROLE_NAME]',NULL,NULL,NULL,'0',_____DATE_____,1);
INSERT INTO T_COMN_MENU_TABLE_LINK_JNL (JOURNAL_SEQ_NO,JOURNAL_REG_DATETIME,JOURNAL_ACTION_CLASS,TABLE_DEFINITION_ID,MENU_ID,TABLE_NAME,VIEW_NAME,PK_COLUMN_NAME_REST,MENU_INFO_JA,MENU_INFO_EN,SHEET_TYPE,HISTORY_TABLE_FLAG,INHERIT,VERTICAL,ROW_INSERT_FLAG,ROW_UPDATE_FLAG,ROW_DISUSE_FLAG,ROW_REUSE_FLAG,SUBSTITUTION_VALUE_LINK_FLAG,LOCK_TABLE,UNIQUE_CONSTRAINT,BEFORE_VALIDATE_REGISTER,AFTER_VALIDATE_REGISTER,NOTE,DISUSE_FLAG,LAST_UPDATE_TIMESTAMP,LAST_UPDATE_USER) VALUES(20401,_____DATE_____,'INSERT','20401','20401','T_ANSR_ROLE_NAME',NULL,'role_id','Ansible-Legacy Roleのロール名とロールパッケージの紐付を行います。','Associate role name and role package of Ansible-Legacy Role.','0','0','0','0','0','0','0','0','0',NULL,'[ROLE_PACKAGE_ID,ROLE_NAME]',NULL,NULL,NULL,'0',_____DATE_____,1);
INSERT INTO T_COMN_MENU_TABLE_LINK (TABLE_DEFINITION_ID,MENU_ID,TABLE_NAME,VIEW_NAME,PK_COLUMN_NAME_REST,MENU_INFO_JA,MENU_INFO_EN,SHEET_TYPE,HISTORY_TABLE_FLAG,INHERIT,VERTICAL,ROW_INSERT_FLAG,ROW_UPDATE_FLAG,ROW_DISUSE_FLAG,ROW_REUSE_FLAG,SUBSTITUTION_VALUE_LINK_FLAG,LOCK_TABLE,UNIQUE_CONSTRAINT,BEFORE_VALIDATE_REGISTER,AFTER_VALIDATE_REGISTER,NOTE,DISUSE_FLAG,LAST_UPDATE_TIMESTAMP,LAST_UPDATE_USER) VALUES('20402','20402','T_ANSR_ROLE_VAR',NULL,'vars_name_id','Ansible（Legacy Role）ロールと変数名の紐付を行います。','Associate Ansible(Legacy Role) role and variable name.','0','0','0','0','0','0','0','0','0',NULL,'[ROLE_PACKAGE_ID,ROLE_ID,VARS_NAME]',NULL,NULL,NULL,'0',_____DATE_____,1);
INSERT INTO T_COMN_MENU_TABLE_LINK_JNL (JOURNAL_SEQ_NO,JOURNAL_REG_DATETIME,JOURNAL_ACTION_CLASS,TABLE_DEFINITION_ID,MENU_ID,TABLE_NAME,VIEW_NAME,PK_COLUMN_NAME_REST,MENU_INFO_JA,MENU_INFO_EN,SHEET_TYPE,HISTORY_TABLE_FLAG,INHERIT,VERTICAL,ROW_INSERT_FLAG,ROW_UPDATE_FLAG,ROW_DISUSE_FLAG,ROW_REUSE_FLAG,SUBSTITUTION_VALUE_LINK_FLAG,LOCK_TABLE,UNIQUE_CONSTRAINT,BEFORE_VALIDATE_REGISTER,AFTER_VALIDATE_REGISTER,NOTE,DISUSE_FLAG,LAST_UPDATE_TIMESTAMP,LAST_UPDATE_USER) VALUES(20402,_____DATE_____,'INSERT','20402','20402','T_ANSR_ROLE_VAR',NULL,'vars_name_id','Ansible（Legacy Role）ロールと変数名の紐付を行います。','Associate Ansible(Legacy Role) role and variable name.','0','0','0','0','0','0','0','0','0',NULL,'[ROLE_PACKAGE_ID,ROLE_ID,VARS_NAME]',NULL,NULL,NULL,'0',_____DATE_____,1);
INSERT INTO T_COMN_MENU_TABLE_LINK (TABLE_DEFINITION_ID,MENU_ID,TABLE_NAME,VIEW_NAME,PK_COLUMN_NAME_REST,MENU_INFO_JA,MENU_INFO_EN,SHEET_TYPE,HISTORY_TABLE_FLAG,INHERIT,VERTICAL,ROW_INSERT_FLAG,ROW_UPDATE_FLAG,ROW_DISUSE_FLAG,ROW_REUSE_FLAG,SUBSTITUTION_VALUE_LINK_FLAG,LOCK_TABLE,UNIQUE_CONSTRAINT,BEFORE_VALIDATE_REGISTER,AFTER_VALIDATE_REGISTER,NOTE,DISUSE_FLAG,LAST_UPDATE_TIMESTAMP,LAST_UPDATE_USER) VALUES('20403','20403','T_COMN_MOVEMENT','V_ANSR_MOVEMENT','movement_id','Ansible-Legacy RoleのMovementをメンテナンス(閲覧/登録/更新/廃止)できます。','You can perform maintenance (view/register/update/discard) of Ansible-Legacy Role Movement.','0','1','0','0','1','1','1','1','0',NULL,NULL,NULL,NULL,NULL,'0',_____DATE_____,1);
INSERT INTO T_COMN_MENU_TABLE_LINK_JNL (JOURNAL_SEQ_NO,JOURNAL_REG_DATETIME,JOURNAL_ACTION_CLASS,TABLE_DEFINITION_ID,MENU_ID,TABLE_NAME,VIEW_NAME,PK_COLUMN_NAME_REST,MENU_INFO_JA,MENU_INFO_EN,SHEET_TYPE,HISTORY_TABLE_FLAG,INHERIT,VERTICAL,ROW_INSERT_FLAG,ROW_UPDATE_FLAG,ROW_DISUSE_FLAG,ROW_REUSE_FLAG,SUBSTITUTION_VALUE_LINK_FLAG,LOCK_TABLE,UNIQUE_CONSTRAINT,BEFORE_VALIDATE_REGISTER,AFTER_VALIDATE_REGISTER,NOTE,DISUSE_FLAG,LAST_UPDATE_TIMESTAMP,LAST_UPDATE_USER) VALUES(20403,_____DATE_____,'INSERT','20403','20403','T_COMN_MOVEMENT','V_ANSR_MOVEMENT','movement_id','Ansible-Legacy RoleのMovementをメンテナンス(閲覧/登録/更新/廃止)できます。','You can perform maintenance (view/register/update/discard) of Ansible-Legacy Role Movement.','0','1','0','0','1','1','1','1','0',NULL,NULL,NULL,NULL,NULL,'0',_____DATE_____,1);
INSERT INTO T_COMN_MENU_TABLE_LINK (TABLE_DEFINITION_ID,MENU_ID,TABLE_NAME,VIEW_NAME,PK_COLUMN_NAME_REST,MENU_INFO_JA,MENU_INFO_EN,SHEET_TYPE,HISTORY_TABLE_FLAG,INHERIT,VERTICAL,ROW_INSERT_FLAG,ROW_UPDATE_FLAG,ROW_DISUSE_FLAG,ROW_REUSE_FLAG,SUBSTITUTION_VALUE_LINK_FLAG,LOCK_TABLE,UNIQUE_CONSTRAINT,BEFORE_VALIDATE_REGISTER,AFTER_VALIDATE_REGISTER,NOTE,DISUSE_FLAG,LAST_UPDATE_TIMESTAMP,LAST_UPDATE_USER) VALUES('20404','20404','T_ANSR_MATL_COLL',NULL,'role_pakage_id','Ansible-Legacy Roleのロールパッケージをメンテナンス(閲覧/登録/更新/廃止)できます。','You can perform maintenance (view/register/update/discard) for role packages of Ansible-Legacy Role.','0','1','0','0','1','1','1','1','0',NULL,NULL,NULL,NULL,NULL,'0',_____DATE_____,1);
INSERT INTO T_COMN_MENU_TABLE_LINK_JNL (JOURNAL_SEQ_NO,JOURNAL_REG_DATETIME,JOURNAL_ACTION_CLASS,TABLE_DEFINITION_ID,MENU_ID,TABLE_NAME,VIEW_NAME,PK_COLUMN_NAME_REST,MENU_INFO_JA,MENU_INFO_EN,SHEET_TYPE,HISTORY_TABLE_FLAG,INHERIT,VERTICAL,ROW_INSERT_FLAG,ROW_UPDATE_FLAG,ROW_DISUSE_FLAG,ROW_REUSE_FLAG,SUBSTITUTION_VALUE_LINK_FLAG,LOCK_TABLE,UNIQUE_CONSTRAINT,BEFORE_VALIDATE_REGISTER,AFTER_VALIDATE_REGISTER,NOTE,DISUSE_FLAG,LAST_UPDATE_TIMESTAMP,LAST_UPDATE_USER) VALUES(20404,_____DATE_____,'INSERT','20404','20404','T_ANSR_MATL_COLL',NULL,'role_pakage_id','Ansible-Legacy Roleのロールパッケージをメンテナンス(閲覧/登録/更新/廃止)できます。','You can perform maintenance (view/register/update/discard) for role packages of Ansible-Legacy Role.','0','1','0','0','1','1','1','1','0',NULL,NULL,NULL,NULL,NULL,'0',_____DATE_____,1);
INSERT INTO T_COMN_MENU_TABLE_LINK (TABLE_DEFINITION_ID,MENU_ID,TABLE_NAME,VIEW_NAME,PK_COLUMN_NAME_REST,MENU_INFO_JA,MENU_INFO_EN,SHEET_TYPE,HISTORY_TABLE_FLAG,INHERIT,VERTICAL,ROW_INSERT_FLAG,ROW_UPDATE_FLAG,ROW_DISUSE_FLAG,ROW_REUSE_FLAG,SUBSTITUTION_VALUE_LINK_FLAG,LOCK_TABLE,UNIQUE_CONSTRAINT,BEFORE_VALIDATE_REGISTER,AFTER_VALIDATE_REGISTER,NOTE,DISUSE_FLAG,LAST_UPDATE_TIMESTAMP,LAST_UPDATE_USER) VALUES('20405','20405','T_ANSR_MVMT_MATL_LINK',NULL,'mvmt_matl_link_id','MovementにインクルードするRoleをメンテナンス(閲覧/登録/更新/廃止)できます。
Movement実行時には複数のRoleをインクルード順序に従ってインクルードすることが可能です。','You can perform maintenance (view/register/update/discard) for Role to be included in the Movement.
It is possible to include multiple Role in the Iinclude order at the time of executing Movement.','0','1','0','0','1','1','1','1','0',NULL,'[MOVEMENT_ID,INCLUDE_SEQ]',NULL,NULL,NULL,'0',_____DATE_____,1);
INSERT INTO T_COMN_MENU_TABLE_LINK_JNL (JOURNAL_SEQ_NO,JOURNAL_REG_DATETIME,JOURNAL_ACTION_CLASS,TABLE_DEFINITION_ID,MENU_ID,TABLE_NAME,VIEW_NAME,PK_COLUMN_NAME_REST,MENU_INFO_JA,MENU_INFO_EN,SHEET_TYPE,HISTORY_TABLE_FLAG,INHERIT,VERTICAL,ROW_INSERT_FLAG,ROW_UPDATE_FLAG,ROW_DISUSE_FLAG,ROW_REUSE_FLAG,SUBSTITUTION_VALUE_LINK_FLAG,LOCK_TABLE,UNIQUE_CONSTRAINT,BEFORE_VALIDATE_REGISTER,AFTER_VALIDATE_REGISTER,NOTE,DISUSE_FLAG,LAST_UPDATE_TIMESTAMP,LAST_UPDATE_USER) VALUES(20405,_____DATE_____,'INSERT','20405','20405','T_ANSR_MVMT_MATL_LINK',NULL,'mvmt_matl_link_id','MovementにインクルードするRoleをメンテナンス(閲覧/登録/更新/廃止)できます。
Movement実行時には複数のRoleをインクルード順序に従ってインクルードすることが可能です。','You can perform maintenance (view/register/update/discard) for Role to be included in the Movement.
It is possible to include multiple Role in the Iinclude order at the time of executing Movement.','0','1','0','0','1','1','1','1','0',NULL,'[MOVEMENT_ID,INCLUDE_SEQ]',NULL,NULL,NULL,'0',_____DATE_____,1);
INSERT INTO T_COMN_MENU_TABLE_LINK (TABLE_DEFINITION_ID,MENU_ID,TABLE_NAME,VIEW_NAME,PK_COLUMN_NAME_REST,MENU_INFO_JA,MENU_INFO_EN,SHEET_TYPE,HISTORY_TABLE_FLAG,INHERIT,VERTICAL,ROW_INSERT_FLAG,ROW_UPDATE_FLAG,ROW_DISUSE_FLAG,ROW_REUSE_FLAG,SUBSTITUTION_VALUE_LINK_FLAG,LOCK_TABLE,UNIQUE_CONSTRAINT,BEFORE_VALIDATE_REGISTER,AFTER_VALIDATE_REGISTER,NOTE,DISUSE_FLAG,LAST_UPDATE_TIMESTAMP,LAST_UPDATE_USER) VALUES('20406','20406','T_ANSR_MVMT_VAR_LINK',NULL,'mvmt_var_link_id','Ansible-Legacy RoleのMovementと変数名を紐付できます。','You can link Movement of Ansible-Legacy Role with a variable name.','0','0','0','0','0','0','0','0','0',NULL,'[MOVEMENT_ID,VARS_NAME_ID]',NULL,NULL,NULL,'0',_____DATE_____,1);
INSERT INTO T_COMN_MENU_TABLE_LINK_JNL (JOURNAL_SEQ_NO,JOURNAL_REG_DATETIME,JOURNAL_ACTION_CLASS,TABLE_DEFINITION_ID,MENU_ID,TABLE_NAME,VIEW_NAME,PK_COLUMN_NAME_REST,MENU_INFO_JA,MENU_INFO_EN,SHEET_TYPE,HISTORY_TABLE_FLAG,INHERIT,VERTICAL,ROW_INSERT_FLAG,ROW_UPDATE_FLAG,ROW_DISUSE_FLAG,ROW_REUSE_FLAG,SUBSTITUTION_VALUE_LINK_FLAG,LOCK_TABLE,UNIQUE_CONSTRAINT,BEFORE_VALIDATE_REGISTER,AFTER_VALIDATE_REGISTER,NOTE,DISUSE_FLAG,LAST_UPDATE_TIMESTAMP,LAST_UPDATE_USER) VALUES(20406,_____DATE_____,'INSERT','20406','20406','T_ANSR_MVMT_VAR_LINK',NULL,'mvmt_var_link_id','Ansible-Legacy RoleのMovementと変数名を紐付できます。','You can link Movement of Ansible-Legacy Role with a variable name.','0','0','0','0','0','0','0','0','0',NULL,'[MOVEMENT_ID,VARS_NAME_ID]',NULL,NULL,NULL,'0',_____DATE_____,1);
INSERT INTO T_COMN_MENU_TABLE_LINK (TABLE_DEFINITION_ID,MENU_ID,TABLE_NAME,VIEW_NAME,PK_COLUMN_NAME_REST,MENU_INFO_JA,MENU_INFO_EN,SHEET_TYPE,HISTORY_TABLE_FLAG,INHERIT,VERTICAL,ROW_INSERT_FLAG,ROW_UPDATE_FLAG,ROW_DISUSE_FLAG,ROW_REUSE_FLAG,SUBSTITUTION_VALUE_LINK_FLAG,LOCK_TABLE,UNIQUE_CONSTRAINT,BEFORE_VALIDATE_REGISTER,AFTER_VALIDATE_REGISTER,NOTE,DISUSE_FLAG,LAST_UPDATE_TIMESTAMP,LAST_UPDATE_USER) VALUES('20407','20407','T_ANSR_NESTVAR_MEMBER_MAX_COL',NULL,'max_col_seq_id','Ansible-Legacy Roleの変数ネストをメンテナンス(閲覧/登録/更新/廃止)できます。','You can perform maintenance (view/register/update/discard) for Nested variable maximum iteration counts of Ansible-Legacy Role.','0','1','0','0','0','1','0','0','0',NULL,NULL,NULL,NULL,NULL,'0',_____DATE_____,1);
INSERT INTO T_COMN_MENU_TABLE_LINK_JNL (JOURNAL_SEQ_NO,JOURNAL_REG_DATETIME,JOURNAL_ACTION_CLASS,TABLE_DEFINITION_ID,MENU_ID,TABLE_NAME,VIEW_NAME,PK_COLUMN_NAME_REST,MENU_INFO_JA,MENU_INFO_EN,SHEET_TYPE,HISTORY_TABLE_FLAG,INHERIT,VERTICAL,ROW_INSERT_FLAG,ROW_UPDATE_FLAG,ROW_DISUSE_FLAG,ROW_REUSE_FLAG,SUBSTITUTION_VALUE_LINK_FLAG,LOCK_TABLE,UNIQUE_CONSTRAINT,BEFORE_VALIDATE_REGISTER,AFTER_VALIDATE_REGISTER,NOTE,DISUSE_FLAG,LAST_UPDATE_TIMESTAMP,LAST_UPDATE_USER) VALUES(20407,_____DATE_____,'INSERT','20407','20407','T_ANSR_NESTVAR_MEMBER_MAX_COL',NULL,'max_col_seq_id','Ansible-Legacy Roleの変数ネストをメンテナンス(閲覧/登録/更新/廃止)できます。','You can perform maintenance (view/register/update/discard) for Nested variable maximum iteration counts of Ansible-Legacy Role.','0','1','0','0','0','1','0','0','0',NULL,NULL,NULL,NULL,NULL,'0',_____DATE_____,1);
INSERT INTO T_COMN_MENU_TABLE_LINK (TABLE_DEFINITION_ID,MENU_ID,TABLE_NAME,VIEW_NAME,PK_COLUMN_NAME_REST,MENU_INFO_JA,MENU_INFO_EN,SHEET_TYPE,HISTORY_TABLE_FLAG,INHERIT,VERTICAL,ROW_INSERT_FLAG,ROW_UPDATE_FLAG,ROW_DISUSE_FLAG,ROW_REUSE_FLAG,SUBSTITUTION_VALUE_LINK_FLAG,LOCK_TABLE,UNIQUE_CONSTRAINT,BEFORE_VALIDATE_REGISTER,AFTER_VALIDATE_REGISTER,NOTE,DISUSE_FLAG,LAST_UPDATE_TIMESTAMP,LAST_UPDATE_USER) VALUES('20408','20408','T_ANSR_VALUE_AUTOREG',NULL,'column_id','紐付対象メニューに登録されているオぺーションとホスト毎の項目の設定値を紐付けるMovementと変数がメンテナンス(閲覧/登録/更新/廃止)できます。

項目の設定値の登録方法には3種類あります。
Value型:項目の設定値を紐付けた変数の具体値として代入値管理に登録されます。
Key-Value型:項目の名称(Key)と設定値(Value)を紐付けた変数の具体値として代入値管理に登録されます。
Key型:項目の名称を紐付けた変数の具体値として代入値管理に登録されます。項目の設定値が空白の場合に代入値管理に登録されません','You can perform maintenance (view/register/update/discard) of operations registered in the associated menu, and Movement and variables associated with the setting value of item for each host.

There are three methods to register the setting value of item.
Value type: Setting value of item is registered in the substitution value list as a specific value of associated variable.
Key-Value type: Name (Key) and setting value (Value) of item are registered in the substitution value list as a specific value of associated variable.
Key type: Item name is registered in the substitution value list as a specific value of associated variable. When the setting value of the item is blank, it is not registered in the substitution value list','0','1','0','0','1','1','1','1','0',NULL,NULL,NULL,NULL,NULL,'0',_____DATE_____,1);
INSERT INTO T_COMN_MENU_TABLE_LINK_JNL (JOURNAL_SEQ_NO,JOURNAL_REG_DATETIME,JOURNAL_ACTION_CLASS,TABLE_DEFINITION_ID,MENU_ID,TABLE_NAME,VIEW_NAME,PK_COLUMN_NAME_REST,MENU_INFO_JA,MENU_INFO_EN,SHEET_TYPE,HISTORY_TABLE_FLAG,INHERIT,VERTICAL,ROW_INSERT_FLAG,ROW_UPDATE_FLAG,ROW_DISUSE_FLAG,ROW_REUSE_FLAG,SUBSTITUTION_VALUE_LINK_FLAG,LOCK_TABLE,UNIQUE_CONSTRAINT,BEFORE_VALIDATE_REGISTER,AFTER_VALIDATE_REGISTER,NOTE,DISUSE_FLAG,LAST_UPDATE_TIMESTAMP,LAST_UPDATE_USER) VALUES(20408,_____DATE_____,'INSERT','20408','20408','T_ANSR_VALUE_AUTOREG',NULL,'column_id','紐付対象メニューに登録されているオぺーションとホスト毎の項目の設定値を紐付けるMovementと変数がメンテナンス(閲覧/登録/更新/廃止)できます。

項目の設定値の登録方法には3種類あります。
Value型:項目の設定値を紐付けた変数の具体値として代入値管理に登録されます。
Key-Value型:項目の名称(Key)と設定値(Value)を紐付けた変数の具体値として代入値管理に登録されます。
Key型:項目の名称を紐付けた変数の具体値として代入値管理に登録されます。項目の設定値が空白の場合に代入値管理に登録されません','You can perform maintenance (view/register/update/discard) of operations registered in the associated menu, and Movement and variables associated with the setting value of item for each host.

There are three methods to register the setting value of item.
Value type: Setting value of item is registered in the substitution value list as a specific value of associated variable.
Key-Value type: Name (Key) and setting value (Value) of item are registered in the substitution value list as a specific value of associated variable.
Key type: Item name is registered in the substitution value list as a specific value of associated variable. When the setting value of the item is blank, it is not registered in the substitution value list','0','1','0','0','1','1','1','1','0',NULL,NULL,NULL,NULL,NULL,'0',_____DATE_____,1);
INSERT INTO T_COMN_MENU_TABLE_LINK (TABLE_DEFINITION_ID,MENU_ID,TABLE_NAME,VIEW_NAME,PK_COLUMN_NAME_REST,MENU_INFO_JA,MENU_INFO_EN,SHEET_TYPE,HISTORY_TABLE_FLAG,INHERIT,VERTICAL,ROW_INSERT_FLAG,ROW_UPDATE_FLAG,ROW_DISUSE_FLAG,ROW_REUSE_FLAG,SUBSTITUTION_VALUE_LINK_FLAG,LOCK_TABLE,UNIQUE_CONSTRAINT,BEFORE_VALIDATE_REGISTER,AFTER_VALIDATE_REGISTER,NOTE,DISUSE_FLAG,LAST_UPDATE_TIMESTAMP,LAST_UPDATE_USER) VALUES('20409','20409','T_ANSR_TGT_HOST',NULL,'pho_link_id','オペレーションに紐付くMovementおよびホストをメンテナンス(閲覧/登録/更新/廃止)できます。','You can perform maintenance (view/register/update/discard) for Movement and host that are associated with operation.','0','0','0','0','0','0','0','0','0',NULL,'[EXECUTION_NO,OPERATION_ID,MOVEMENT_ID,SYSTEM_ID]',NULL,NULL,NULL,'0',_____DATE_____,1);
INSERT INTO T_COMN_MENU_TABLE_LINK_JNL (JOURNAL_SEQ_NO,JOURNAL_REG_DATETIME,JOURNAL_ACTION_CLASS,TABLE_DEFINITION_ID,MENU_ID,TABLE_NAME,VIEW_NAME,PK_COLUMN_NAME_REST,MENU_INFO_JA,MENU_INFO_EN,SHEET_TYPE,HISTORY_TABLE_FLAG,INHERIT,VERTICAL,ROW_INSERT_FLAG,ROW_UPDATE_FLAG,ROW_DISUSE_FLAG,ROW_REUSE_FLAG,SUBSTITUTION_VALUE_LINK_FLAG,LOCK_TABLE,UNIQUE_CONSTRAINT,BEFORE_VALIDATE_REGISTER,AFTER_VALIDATE_REGISTER,NOTE,DISUSE_FLAG,LAST_UPDATE_TIMESTAMP,LAST_UPDATE_USER) VALUES(20409,_____DATE_____,'INSERT','20409','20409','T_ANSR_TGT_HOST',NULL,'pho_link_id','オペレーションに紐付くMovementおよびホストをメンテナンス(閲覧/登録/更新/廃止)できます。','You can perform maintenance (view/register/update/discard) for Movement and host that are associated with operation.','0','0','0','0','0','0','0','0','0',NULL,'[EXECUTION_NO,OPERATION_ID,MOVEMENT_ID,SYSTEM_ID]',NULL,NULL,NULL,'0',_____DATE_____,1);
INSERT INTO T_COMN_MENU_TABLE_LINK (TABLE_DEFINITION_ID,MENU_ID,TABLE_NAME,VIEW_NAME,PK_COLUMN_NAME_REST,MENU_INFO_JA,MENU_INFO_EN,SHEET_TYPE,HISTORY_TABLE_FLAG,INHERIT,VERTICAL,ROW_INSERT_FLAG,ROW_UPDATE_FLAG,ROW_DISUSE_FLAG,ROW_REUSE_FLAG,SUBSTITUTION_VALUE_LINK_FLAG,LOCK_TABLE,UNIQUE_CONSTRAINT,BEFORE_VALIDATE_REGISTER,AFTER_VALIDATE_REGISTER,NOTE,DISUSE_FLAG,LAST_UPDATE_TIMESTAMP,LAST_UPDATE_USER) VALUES('20410','20410','T_ANSR_VALUE',NULL,'assign_id','オペレーションごとに、対象のMovementで利用されるRole内のPlaybookやテンプレートファイル内の変数「VAR_」に代入する具体値をメンテナンス(閲覧/登録/更新/廃止)できます。','You can perform maintenance (view/register/update/discard) for specific values that are substituted with variable “VAR_” of Playbook of Role and template file to be used in target Movement for each operation.','0','0','0','0','0','0','0','0','0',NULL,'[MOVEMENT_ID,VARS_ENTRY_USE_TPFVARS]',NULL,NULL,NULL,'0',_____DATE_____,1);
INSERT INTO T_COMN_MENU_TABLE_LINK_JNL (JOURNAL_SEQ_NO,JOURNAL_REG_DATETIME,JOURNAL_ACTION_CLASS,TABLE_DEFINITION_ID,MENU_ID,TABLE_NAME,VIEW_NAME,PK_COLUMN_NAME_REST,MENU_INFO_JA,MENU_INFO_EN,SHEET_TYPE,HISTORY_TABLE_FLAG,INHERIT,VERTICAL,ROW_INSERT_FLAG,ROW_UPDATE_FLAG,ROW_DISUSE_FLAG,ROW_REUSE_FLAG,SUBSTITUTION_VALUE_LINK_FLAG,LOCK_TABLE,UNIQUE_CONSTRAINT,BEFORE_VALIDATE_REGISTER,AFTER_VALIDATE_REGISTER,NOTE,DISUSE_FLAG,LAST_UPDATE_TIMESTAMP,LAST_UPDATE_USER) VALUES(20410,_____DATE_____,'INSERT','20410','20410','T_ANSR_VALUE',NULL,'assign_id','オペレーションごとに、対象のMovementで利用されるRole内のPlaybookやテンプレートファイル内の変数「VAR_」に代入する具体値をメンテナンス(閲覧/登録/更新/廃止)できます。','You can perform maintenance (view/register/update/discard) for specific values that are substituted with variable “VAR_” of Playbook of Role and template file to be used in target Movement for each operation.','0','0','0','0','0','0','0','0','0',NULL,'[MOVEMENT_ID,VARS_ENTRY_USE_TPFVARS]',NULL,NULL,NULL,'0',_____DATE_____,1);
INSERT INTO T_COMN_MENU_TABLE_LINK (TABLE_DEFINITION_ID,MENU_ID,TABLE_NAME,VIEW_NAME,PK_COLUMN_NAME_REST,MENU_INFO_JA,MENU_INFO_EN,SHEET_TYPE,HISTORY_TABLE_FLAG,INHERIT,VERTICAL,ROW_INSERT_FLAG,ROW_UPDATE_FLAG,ROW_DISUSE_FLAG,ROW_REUSE_FLAG,SUBSTITUTION_VALUE_LINK_FLAG,LOCK_TABLE,UNIQUE_CONSTRAINT,BEFORE_VALIDATE_REGISTER,AFTER_VALIDATE_REGISTER,NOTE,DISUSE_FLAG,LAST_UPDATE_TIMESTAMP,LAST_UPDATE_USER) VALUES('20411','20411',NULL,NULL,NULL,'Movementを単体実行できます。
・即時実行
・予約実行
が可能です。
実行時にはMovementとオペレーションIDを選択して下さい。','The following Stand alone Movement executions are possible.
・Immediate execution
・Scheduled execution
Select Movement and Operation ID to execute.','11','0','0','0','0','0','0','0','0',NULL,NULL,NULL,NULL,NULL,'0',_____DATE_____,1);
INSERT INTO T_COMN_MENU_TABLE_LINK_JNL (JOURNAL_SEQ_NO,JOURNAL_REG_DATETIME,JOURNAL_ACTION_CLASS,TABLE_DEFINITION_ID,MENU_ID,TABLE_NAME,VIEW_NAME,PK_COLUMN_NAME_REST,MENU_INFO_JA,MENU_INFO_EN,SHEET_TYPE,HISTORY_TABLE_FLAG,INHERIT,VERTICAL,ROW_INSERT_FLAG,ROW_UPDATE_FLAG,ROW_DISUSE_FLAG,ROW_REUSE_FLAG,SUBSTITUTION_VALUE_LINK_FLAG,LOCK_TABLE,UNIQUE_CONSTRAINT,BEFORE_VALIDATE_REGISTER,AFTER_VALIDATE_REGISTER,NOTE,DISUSE_FLAG,LAST_UPDATE_TIMESTAMP,LAST_UPDATE_USER) VALUES(20411,_____DATE_____,'INSERT','20411','20411',NULL,NULL,NULL,'Movementを単体実行できます。
・即時実行
・予約実行
が可能です。
実行時にはMovementとオペレーションIDを選択して下さい。','The following Stand alone Movement executions are possible.
・Immediate execution
・Scheduled execution
Select Movement and Operation ID to execute.','11','0','0','0','0','0','0','0','0',NULL,NULL,NULL,NULL,NULL,'0',_____DATE_____,1);
INSERT INTO T_COMN_MENU_TABLE_LINK (TABLE_DEFINITION_ID,MENU_ID,TABLE_NAME,VIEW_NAME,PK_COLUMN_NAME_REST,MENU_INFO_JA,MENU_INFO_EN,SHEET_TYPE,HISTORY_TABLE_FLAG,INHERIT,VERTICAL,ROW_INSERT_FLAG,ROW_UPDATE_FLAG,ROW_DISUSE_FLAG,ROW_REUSE_FLAG,SUBSTITUTION_VALUE_LINK_FLAG,LOCK_TABLE,UNIQUE_CONSTRAINT,BEFORE_VALIDATE_REGISTER,AFTER_VALIDATE_REGISTER,NOTE,DISUSE_FLAG,LAST_UPDATE_TIMESTAMP,LAST_UPDATE_USER) VALUES('20412','20412',NULL,NULL,NULL,'登録した設定作業をモニターするメニューです。
作業の進行状況をリアルタイムで確認できるほか、緊急停止が可能です。','Menu for monitoring registered execution.
You can check the progress of an operation in real time and initiate emergency stops.','12','0','0','0','0','0','0','0','0',NULL,NULL,NULL,NULL,NULL,'0',_____DATE_____,1);
INSERT INTO T_COMN_MENU_TABLE_LINK_JNL (JOURNAL_SEQ_NO,JOURNAL_REG_DATETIME,JOURNAL_ACTION_CLASS,TABLE_DEFINITION_ID,MENU_ID,TABLE_NAME,VIEW_NAME,PK_COLUMN_NAME_REST,MENU_INFO_JA,MENU_INFO_EN,SHEET_TYPE,HISTORY_TABLE_FLAG,INHERIT,VERTICAL,ROW_INSERT_FLAG,ROW_UPDATE_FLAG,ROW_DISUSE_FLAG,ROW_REUSE_FLAG,SUBSTITUTION_VALUE_LINK_FLAG,LOCK_TABLE,UNIQUE_CONSTRAINT,BEFORE_VALIDATE_REGISTER,AFTER_VALIDATE_REGISTER,NOTE,DISUSE_FLAG,LAST_UPDATE_TIMESTAMP,LAST_UPDATE_USER) VALUES(20412,_____DATE_____,'INSERT','20412','20412',NULL,NULL,NULL,'登録した設定作業をモニターするメニューです。
作業の進行状況をリアルタイムで確認できるほか、緊急停止が可能です。','Menu for monitoring registered execution.
You can check the progress of an operation in real time and initiate emergency stops.','12','0','0','0','0','0','0','0','0',NULL,NULL,NULL,NULL,NULL,'0',_____DATE_____,1);
INSERT INTO T_COMN_MENU_TABLE_LINK (TABLE_DEFINITION_ID,MENU_ID,TABLE_NAME,VIEW_NAME,PK_COLUMN_NAME_REST,MENU_INFO_JA,MENU_INFO_EN,SHEET_TYPE,HISTORY_TABLE_FLAG,INHERIT,VERTICAL,ROW_INSERT_FLAG,ROW_UPDATE_FLAG,ROW_DISUSE_FLAG,ROW_REUSE_FLAG,SUBSTITUTION_VALUE_LINK_FLAG,LOCK_TABLE,UNIQUE_CONSTRAINT,BEFORE_VALIDATE_REGISTER,AFTER_VALIDATE_REGISTER,NOTE,DISUSE_FLAG,LAST_UPDATE_TIMESTAMP,LAST_UPDATE_USER) VALUES('20413','20413','T_ANSR_EXEC_STS_INST',NULL,'execution_no','作業一覧(実行履歴)を閲覧できます。
「作業状態確認」を押下すると作業状態確認メニューに遷移します。','You can view execution list (execution history).
When you click “Check execution status”, you transition to Check execution status menu.','0','1','0','0','0','0','0','0','0',NULL,NULL,NULL,NULL,NULL,'0',_____DATE_____,1);
INSERT INTO T_COMN_MENU_TABLE_LINK_JNL (JOURNAL_SEQ_NO,JOURNAL_REG_DATETIME,JOURNAL_ACTION_CLASS,TABLE_DEFINITION_ID,MENU_ID,TABLE_NAME,VIEW_NAME,PK_COLUMN_NAME_REST,MENU_INFO_JA,MENU_INFO_EN,SHEET_TYPE,HISTORY_TABLE_FLAG,INHERIT,VERTICAL,ROW_INSERT_FLAG,ROW_UPDATE_FLAG,ROW_DISUSE_FLAG,ROW_REUSE_FLAG,SUBSTITUTION_VALUE_LINK_FLAG,LOCK_TABLE,UNIQUE_CONSTRAINT,BEFORE_VALIDATE_REGISTER,AFTER_VALIDATE_REGISTER,NOTE,DISUSE_FLAG,LAST_UPDATE_TIMESTAMP,LAST_UPDATE_USER) VALUES(20413,_____DATE_____,'INSERT','20413','20413','T_ANSR_EXEC_STS_INST',NULL,'execution_no','作業一覧(実行履歴)を閲覧できます。
「作業状態確認」を押下すると作業状態確認メニューに遷移します。','You can view execution list (execution history).
When you click “Check execution status”, you transition to Check execution status menu.','0','1','0','0','0','0','0','0','0',NULL,NULL,NULL,NULL,NULL,'0',_____DATE_____,1);
INSERT INTO T_COMN_MENU_TABLE_LINK (TABLE_DEFINITION_ID,MENU_ID,TABLE_NAME,VIEW_NAME,PK_COLUMN_NAME_REST,MENU_INFO_JA,MENU_INFO_EN,SHEET_TYPE,HISTORY_TABLE_FLAG,INHERIT,VERTICAL,ROW_INSERT_FLAG,ROW_UPDATE_FLAG,ROW_DISUSE_FLAG,ROW_REUSE_FLAG,SUBSTITUTION_VALUE_LINK_FLAG,LOCK_TABLE,UNIQUE_CONSTRAINT,BEFORE_VALIDATE_REGISTER,AFTER_VALIDATE_REGISTER,NOTE,DISUSE_FLAG,LAST_UPDATE_TIMESTAMP,LAST_UPDATE_USER) VALUES('20414','20414','T_ANSR_NESTVAR_MEMBER',NULL,'array_member_id','Ansible-Legacy Roleの多段変数メンバーをメンテナンス(閲覧/登録/更新/廃止)できます。','You can perform maintenance (view/register/update/discard) for nested variable members of Ansible-Legacy Role.','0','0','0','0','1','1','1','1','0',NULL,NULL,NULL,NULL,NULL,'0',_____DATE_____,1);
INSERT INTO T_COMN_MENU_TABLE_LINK_JNL (JOURNAL_SEQ_NO,JOURNAL_REG_DATETIME,JOURNAL_ACTION_CLASS,TABLE_DEFINITION_ID,MENU_ID,TABLE_NAME,VIEW_NAME,PK_COLUMN_NAME_REST,MENU_INFO_JA,MENU_INFO_EN,SHEET_TYPE,HISTORY_TABLE_FLAG,INHERIT,VERTICAL,ROW_INSERT_FLAG,ROW_UPDATE_FLAG,ROW_DISUSE_FLAG,ROW_REUSE_FLAG,SUBSTITUTION_VALUE_LINK_FLAG,LOCK_TABLE,UNIQUE_CONSTRAINT,BEFORE_VALIDATE_REGISTER,AFTER_VALIDATE_REGISTER,NOTE,DISUSE_FLAG,LAST_UPDATE_TIMESTAMP,LAST_UPDATE_USER) VALUES(20414,_____DATE_____,'INSERT','20414','20414','T_ANSR_NESTVAR_MEMBER',NULL,'array_member_id','Ansible-Legacy Roleの多段変数メンバーをメンテナンス(閲覧/登録/更新/廃止)できます。','You can perform maintenance (view/register/update/discard) for nested variable members of Ansible-Legacy Role.','0','0','0','0','1','1','1','1','0',NULL,NULL,NULL,NULL,NULL,'0',_____DATE_____,1);
INSERT INTO T_COMN_MENU_TABLE_LINK (TABLE_DEFINITION_ID,MENU_ID,TABLE_NAME,VIEW_NAME,PK_COLUMN_NAME_REST,MENU_INFO_JA,MENU_INFO_EN,SHEET_TYPE,HISTORY_TABLE_FLAG,INHERIT,VERTICAL,ROW_INSERT_FLAG,ROW_UPDATE_FLAG,ROW_DISUSE_FLAG,ROW_REUSE_FLAG,SUBSTITUTION_VALUE_LINK_FLAG,LOCK_TABLE,UNIQUE_CONSTRAINT,BEFORE_VALIDATE_REGISTER,AFTER_VALIDATE_REGISTER,NOTE,DISUSE_FLAG,LAST_UPDATE_TIMESTAMP,LAST_UPDATE_USER) VALUES('20415','20415','T_ANSR_NESTVAR_MEMBER_COL_COMB',NULL,'col_seq_combination_id','Ansible-Legacy Roleの多段変数配列組合せをメンテナンス(閲覧/登録/更新/廃止)できます。','You can perform maintenance (view/register/update/discard) for nested variable array combination of Ansible-Legacy Role.','0','0','0','0','1','1','1','1','0',NULL,NULL,NULL,NULL,NULL,'0',_____DATE_____,1);
INSERT INTO T_COMN_MENU_TABLE_LINK_JNL (JOURNAL_SEQ_NO,JOURNAL_REG_DATETIME,JOURNAL_ACTION_CLASS,TABLE_DEFINITION_ID,MENU_ID,TABLE_NAME,VIEW_NAME,PK_COLUMN_NAME_REST,MENU_INFO_JA,MENU_INFO_EN,SHEET_TYPE,HISTORY_TABLE_FLAG,INHERIT,VERTICAL,ROW_INSERT_FLAG,ROW_UPDATE_FLAG,ROW_DISUSE_FLAG,ROW_REUSE_FLAG,SUBSTITUTION_VALUE_LINK_FLAG,LOCK_TABLE,UNIQUE_CONSTRAINT,BEFORE_VALIDATE_REGISTER,AFTER_VALIDATE_REGISTER,NOTE,DISUSE_FLAG,LAST_UPDATE_TIMESTAMP,LAST_UPDATE_USER) VALUES(20415,_____DATE_____,'INSERT','20415','20415','T_ANSR_NESTVAR_MEMBER_COL_COMB',NULL,'col_seq_combination_id','Ansible-Legacy Roleの多段変数配列組合せをメンテナンス(閲覧/登録/更新/廃止)できます。','You can perform maintenance (view/register/update/discard) for nested variable array combination of Ansible-Legacy Role.','0','0','0','0','1','1','1','1','0',NULL,NULL,NULL,NULL,NULL,'0',_____DATE_____,1);

INSERT INTO T_COMN_MENU_COLUMN_LINK (COLUMN_DEFINITION_ID,MENU_ID,COLUMN_NAME_JA,COLUMN_NAME_EN,COLUMN_NAME_REST,COL_GROUP_ID,COLUMN_CLASS,COLUMN_DISP_SEQ,REF_TABLE_NAME,REF_PKEY_NAME,REF_COL_NAME,REF_SORT_CONDITIONS,REF_MULTI_LANG,SENSITIVE_COL_NAME,FILE_UPLOAD_PLACE,COL_NAME,SAVE_TYPE,AUTO_INPUT,INPUT_ITEM,VIEW_ITEM,UNIQUE_ITEM,REQUIRED_ITEM,AUTOREG_HIDE_ITEM,AUTOREG_ONLY_ITEM,INITIAL_VALUE,VALIDATE_OPTION,BEFORE_VALIDATE_REGISTER,AFTER_VALIDATE_REGISTER,DESCRIPTION_JA,DESCRIPTION_EN,NOTE,DISUSE_FLAG,LAST_UPDATE_TIMESTAMP,LAST_UPDATE_USER) VALUES('2010101','20101','管理システム項番','Managed system item number','managed_system_item_number',NULL,'1',10,NULL,NULL,NULL,NULL,'0',NULL,NULL,'SYSTEM_ID',NULL,'1','1','1','1','1','0','0',NULL,NULL,NULL,NULL,'自動採番のため編集不可。実行処理種別が【登録】の場合、空白のみ可。','Cannot edit because of auto-numbering. Must be blank when execution process type is [Register].',NULL,'0',_____DATE_____,1);
INSERT INTO T_COMN_MENU_COLUMN_LINK_JNL (JOURNAL_SEQ_NO,JOURNAL_REG_DATETIME,JOURNAL_ACTION_CLASS,COLUMN_DEFINITION_ID,MENU_ID,COLUMN_NAME_JA,COLUMN_NAME_EN,COLUMN_NAME_REST,COL_GROUP_ID,COLUMN_CLASS,COLUMN_DISP_SEQ,REF_TABLE_NAME,REF_PKEY_NAME,REF_COL_NAME,REF_SORT_CONDITIONS,REF_MULTI_LANG,SENSITIVE_COL_NAME,FILE_UPLOAD_PLACE,COL_NAME,SAVE_TYPE,AUTO_INPUT,INPUT_ITEM,VIEW_ITEM,UNIQUE_ITEM,REQUIRED_ITEM,AUTOREG_HIDE_ITEM,AUTOREG_ONLY_ITEM,INITIAL_VALUE,VALIDATE_OPTION,BEFORE_VALIDATE_REGISTER,AFTER_VALIDATE_REGISTER,DESCRIPTION_JA,DESCRIPTION_EN,NOTE,DISUSE_FLAG,LAST_UPDATE_TIMESTAMP,LAST_UPDATE_USER) VALUES(2010101,_____DATE_____,'INSERT','2010101','20101','管理システム項番','Managed system item number','managed_system_item_number',NULL,'1',10,NULL,NULL,NULL,NULL,'0',NULL,NULL,'SYSTEM_ID',NULL,'1','1','1','1','1','0','0',NULL,NULL,NULL,NULL,'自動採番のため編集不可。実行処理種別が【登録】の場合、空白のみ可。','Cannot edit because of auto-numbering. Must be blank when execution process type is [Register].',NULL,'0',_____DATE_____,1);
INSERT INTO T_COMN_MENU_COLUMN_LINK (COLUMN_DEFINITION_ID,MENU_ID,COLUMN_NAME_JA,COLUMN_NAME_EN,COLUMN_NAME_REST,COL_GROUP_ID,COLUMN_CLASS,COLUMN_DISP_SEQ,REF_TABLE_NAME,REF_PKEY_NAME,REF_COL_NAME,REF_SORT_CONDITIONS,REF_MULTI_LANG,SENSITIVE_COL_NAME,FILE_UPLOAD_PLACE,COL_NAME,SAVE_TYPE,AUTO_INPUT,INPUT_ITEM,VIEW_ITEM,UNIQUE_ITEM,REQUIRED_ITEM,AUTOREG_HIDE_ITEM,AUTOREG_ONLY_ITEM,INITIAL_VALUE,VALIDATE_OPTION,BEFORE_VALIDATE_REGISTER,AFTER_VALIDATE_REGISTER,DESCRIPTION_JA,DESCRIPTION_EN,NOTE,DISUSE_FLAG,LAST_UPDATE_TIMESTAMP,LAST_UPDATE_USER) VALUES('2010102','20101','HW機器種別','HW device type','hw_device_type',NULL,'7',20,'T_ANSC_HARDAWRE_TYPE','HARDAWRE_TYPE_ID','HARDAWRE_TYPE_NAME',NULL,'0',NULL,NULL,'HARDAWRE_TYPE_ID',NULL,'0','1','1','0','0','0','0',NULL,NULL,NULL,NULL,'HW機器の種別を選択します。
・NW(ネットワーク)
・ST(ストレージ)
・SV(サーバー)','Select HW device type.
・NW(network)
・ST(storage)
・SV(server)',NULL,'0',_____DATE_____,1);
INSERT INTO T_COMN_MENU_COLUMN_LINK_JNL (JOURNAL_SEQ_NO,JOURNAL_REG_DATETIME,JOURNAL_ACTION_CLASS,COLUMN_DEFINITION_ID,MENU_ID,COLUMN_NAME_JA,COLUMN_NAME_EN,COLUMN_NAME_REST,COL_GROUP_ID,COLUMN_CLASS,COLUMN_DISP_SEQ,REF_TABLE_NAME,REF_PKEY_NAME,REF_COL_NAME,REF_SORT_CONDITIONS,REF_MULTI_LANG,SENSITIVE_COL_NAME,FILE_UPLOAD_PLACE,COL_NAME,SAVE_TYPE,AUTO_INPUT,INPUT_ITEM,VIEW_ITEM,UNIQUE_ITEM,REQUIRED_ITEM,AUTOREG_HIDE_ITEM,AUTOREG_ONLY_ITEM,INITIAL_VALUE,VALIDATE_OPTION,BEFORE_VALIDATE_REGISTER,AFTER_VALIDATE_REGISTER,DESCRIPTION_JA,DESCRIPTION_EN,NOTE,DISUSE_FLAG,LAST_UPDATE_TIMESTAMP,LAST_UPDATE_USER) VALUES(2010102,_____DATE_____,'INSERT','2010102','20101','HW機器種別','HW device type','hw_device_type',NULL,'7',20,'T_ANSC_HARDAWRE_TYPE','HARDAWRE_TYPE_ID','HARDAWRE_TYPE_NAME',NULL,'0',NULL,NULL,'HARDAWRE_TYPE_ID',NULL,'0','1','1','0','0','0','0',NULL,NULL,NULL,NULL,'HW機器の種別を選択します。
・NW(ネットワーク)
・ST(ストレージ)
・SV(サーバー)','Select HW device type.
・NW(network)
・ST(storage)
・SV(server)',NULL,'0',_____DATE_____,1);
INSERT INTO T_COMN_MENU_COLUMN_LINK (COLUMN_DEFINITION_ID,MENU_ID,COLUMN_NAME_JA,COLUMN_NAME_EN,COLUMN_NAME_REST,COL_GROUP_ID,COLUMN_CLASS,COLUMN_DISP_SEQ,REF_TABLE_NAME,REF_PKEY_NAME,REF_COL_NAME,REF_SORT_CONDITIONS,REF_MULTI_LANG,SENSITIVE_COL_NAME,FILE_UPLOAD_PLACE,COL_NAME,SAVE_TYPE,AUTO_INPUT,INPUT_ITEM,VIEW_ITEM,UNIQUE_ITEM,REQUIRED_ITEM,AUTOREG_HIDE_ITEM,AUTOREG_ONLY_ITEM,INITIAL_VALUE,VALIDATE_OPTION,BEFORE_VALIDATE_REGISTER,AFTER_VALIDATE_REGISTER,DESCRIPTION_JA,DESCRIPTION_EN,NOTE,DISUSE_FLAG,LAST_UPDATE_TIMESTAMP,LAST_UPDATE_USER) VALUES('2010103','20101','ホスト名','Host name','host_name',NULL,'1',30,NULL,NULL,NULL,NULL,'0',NULL,NULL,'HOST_NAME',NULL,'0','1','1','1','1','0','0',NULL,'{
"min_length": 0,
"max_length": 255
}',NULL,NULL,'[最大長]255バイト','[Maximum length] 255 bytes',NULL,'0',_____DATE_____,1);
INSERT INTO T_COMN_MENU_COLUMN_LINK_JNL (JOURNAL_SEQ_NO,JOURNAL_REG_DATETIME,JOURNAL_ACTION_CLASS,COLUMN_DEFINITION_ID,MENU_ID,COLUMN_NAME_JA,COLUMN_NAME_EN,COLUMN_NAME_REST,COL_GROUP_ID,COLUMN_CLASS,COLUMN_DISP_SEQ,REF_TABLE_NAME,REF_PKEY_NAME,REF_COL_NAME,REF_SORT_CONDITIONS,REF_MULTI_LANG,SENSITIVE_COL_NAME,FILE_UPLOAD_PLACE,COL_NAME,SAVE_TYPE,AUTO_INPUT,INPUT_ITEM,VIEW_ITEM,UNIQUE_ITEM,REQUIRED_ITEM,AUTOREG_HIDE_ITEM,AUTOREG_ONLY_ITEM,INITIAL_VALUE,VALIDATE_OPTION,BEFORE_VALIDATE_REGISTER,AFTER_VALIDATE_REGISTER,DESCRIPTION_JA,DESCRIPTION_EN,NOTE,DISUSE_FLAG,LAST_UPDATE_TIMESTAMP,LAST_UPDATE_USER) VALUES(2010103,_____DATE_____,'INSERT','2010103','20101','ホスト名','Host name','host_name',NULL,'1',30,NULL,NULL,NULL,NULL,'0',NULL,NULL,'HOST_NAME',NULL,'0','1','1','1','1','0','0',NULL,'{
"min_length": 0,
"max_length": 255
}',NULL,NULL,'[最大長]255バイト','[Maximum length] 255 bytes',NULL,'0',_____DATE_____,1);
INSERT INTO T_COMN_MENU_COLUMN_LINK (COLUMN_DEFINITION_ID,MENU_ID,COLUMN_NAME_JA,COLUMN_NAME_EN,COLUMN_NAME_REST,COL_GROUP_ID,COLUMN_CLASS,COLUMN_DISP_SEQ,REF_TABLE_NAME,REF_PKEY_NAME,REF_COL_NAME,REF_SORT_CONDITIONS,REF_MULTI_LANG,SENSITIVE_COL_NAME,FILE_UPLOAD_PLACE,COL_NAME,SAVE_TYPE,AUTO_INPUT,INPUT_ITEM,VIEW_ITEM,UNIQUE_ITEM,REQUIRED_ITEM,AUTOREG_HIDE_ITEM,AUTOREG_ONLY_ITEM,INITIAL_VALUE,VALIDATE_OPTION,BEFORE_VALIDATE_REGISTER,AFTER_VALIDATE_REGISTER,DESCRIPTION_JA,DESCRIPTION_EN,NOTE,DISUSE_FLAG,LAST_UPDATE_TIMESTAMP,LAST_UPDATE_USER) VALUES('2010104','20101','DNSホスト名','DNS Host name','host_dns_name',NULL,'1',40,NULL,NULL,NULL,NULL,'0',NULL,NULL,'HOST_DNS_NAME',NULL,'0','1','1','0','0','0','0',NULL,'{
"min_length": 0,
"max_length": 255
}',NULL,NULL,'[最大長]255バイト','[Maximum length] 255 bytes',NULL,'0',_____DATE_____,1);
INSERT INTO T_COMN_MENU_COLUMN_LINK_JNL (JOURNAL_SEQ_NO,JOURNAL_REG_DATETIME,JOURNAL_ACTION_CLASS,COLUMN_DEFINITION_ID,MENU_ID,COLUMN_NAME_JA,COLUMN_NAME_EN,COLUMN_NAME_REST,COL_GROUP_ID,COLUMN_CLASS,COLUMN_DISP_SEQ,REF_TABLE_NAME,REF_PKEY_NAME,REF_COL_NAME,REF_SORT_CONDITIONS,REF_MULTI_LANG,SENSITIVE_COL_NAME,FILE_UPLOAD_PLACE,COL_NAME,SAVE_TYPE,AUTO_INPUT,INPUT_ITEM,VIEW_ITEM,UNIQUE_ITEM,REQUIRED_ITEM,AUTOREG_HIDE_ITEM,AUTOREG_ONLY_ITEM,INITIAL_VALUE,VALIDATE_OPTION,BEFORE_VALIDATE_REGISTER,AFTER_VALIDATE_REGISTER,DESCRIPTION_JA,DESCRIPTION_EN,NOTE,DISUSE_FLAG,LAST_UPDATE_TIMESTAMP,LAST_UPDATE_USER) VALUES(2010104,_____DATE_____,'INSERT','2010104','20101','DNSホスト名','DNS Host name','host_dns_name',NULL,'1',40,NULL,NULL,NULL,NULL,'0',NULL,NULL,'HOST_DNS_NAME',NULL,'0','1','1','0','0','0','0',NULL,'{
"min_length": 0,
"max_length": 255
}',NULL,NULL,'[最大長]255バイト','[Maximum length] 255 bytes',NULL,'0',_____DATE_____,1);
INSERT INTO T_COMN_MENU_COLUMN_LINK (COLUMN_DEFINITION_ID,MENU_ID,COLUMN_NAME_JA,COLUMN_NAME_EN,COLUMN_NAME_REST,COL_GROUP_ID,COLUMN_CLASS,COLUMN_DISP_SEQ,REF_TABLE_NAME,REF_PKEY_NAME,REF_COL_NAME,REF_SORT_CONDITIONS,REF_MULTI_LANG,SENSITIVE_COL_NAME,FILE_UPLOAD_PLACE,COL_NAME,SAVE_TYPE,AUTO_INPUT,INPUT_ITEM,VIEW_ITEM,UNIQUE_ITEM,REQUIRED_ITEM,AUTOREG_HIDE_ITEM,AUTOREG_ONLY_ITEM,INITIAL_VALUE,VALIDATE_OPTION,BEFORE_VALIDATE_REGISTER,AFTER_VALIDATE_REGISTER,DESCRIPTION_JA,DESCRIPTION_EN,NOTE,DISUSE_FLAG,LAST_UPDATE_TIMESTAMP,LAST_UPDATE_USER) VALUES('2010105','20101','IPアドレス','IP address','ip_address',NULL,'1',50,NULL,NULL,NULL,NULL,'0',NULL,NULL,'IP_ADDRESS',NULL,'0','1','1','0','0','0','0',NULL,'{
"min_length": 0,
"max_length": 15,
"preg_match": "^$|^(([1-9]?[0-9]|1[0-9]{2}|2[0-4][0-9]|25[0-5])\.){3}([1-9]?[0-9]|1[0-9]{2}|2[0-4][0-9]|25[0-5])$"
}',NULL,NULL,'[最大長]15バイト
xxx.xxx.xxx.xxxの形式で入力してください。','Enter in [Maximum length]15byte
xxx.xxx.xxx.xxx format.',NULL,'0',_____DATE_____,1);
INSERT INTO T_COMN_MENU_COLUMN_LINK_JNL (JOURNAL_SEQ_NO,JOURNAL_REG_DATETIME,JOURNAL_ACTION_CLASS,COLUMN_DEFINITION_ID,MENU_ID,COLUMN_NAME_JA,COLUMN_NAME_EN,COLUMN_NAME_REST,COL_GROUP_ID,COLUMN_CLASS,COLUMN_DISP_SEQ,REF_TABLE_NAME,REF_PKEY_NAME,REF_COL_NAME,REF_SORT_CONDITIONS,REF_MULTI_LANG,SENSITIVE_COL_NAME,FILE_UPLOAD_PLACE,COL_NAME,SAVE_TYPE,AUTO_INPUT,INPUT_ITEM,VIEW_ITEM,UNIQUE_ITEM,REQUIRED_ITEM,AUTOREG_HIDE_ITEM,AUTOREG_ONLY_ITEM,INITIAL_VALUE,VALIDATE_OPTION,BEFORE_VALIDATE_REGISTER,AFTER_VALIDATE_REGISTER,DESCRIPTION_JA,DESCRIPTION_EN,NOTE,DISUSE_FLAG,LAST_UPDATE_TIMESTAMP,LAST_UPDATE_USER) VALUES(2010105,_____DATE_____,'INSERT','2010105','20101','IPアドレス','IP address','ip_address',NULL,'1',50,NULL,NULL,NULL,NULL,'0',NULL,NULL,'IP_ADDRESS',NULL,'0','1','1','0','0','0','0',NULL,'{
"min_length": 0,
"max_length": 15,
"preg_match": "^$|^(([1-9]?[0-9]|1[0-9]{2}|2[0-4][0-9]|25[0-5])\.){3}([1-9]?[0-9]|1[0-9]{2}|2[0-4][0-9]|25[0-5])$"
}',NULL,NULL,'[最大長]15バイト
xxx.xxx.xxx.xxxの形式で入力してください。','Enter in [Maximum length]15byte
xxx.xxx.xxx.xxx format.',NULL,'0',_____DATE_____,1);
INSERT INTO T_COMN_MENU_COLUMN_LINK (COLUMN_DEFINITION_ID,MENU_ID,COLUMN_NAME_JA,COLUMN_NAME_EN,COLUMN_NAME_REST,COL_GROUP_ID,COLUMN_CLASS,COLUMN_DISP_SEQ,REF_TABLE_NAME,REF_PKEY_NAME,REF_COL_NAME,REF_SORT_CONDITIONS,REF_MULTI_LANG,SENSITIVE_COL_NAME,FILE_UPLOAD_PLACE,COL_NAME,SAVE_TYPE,AUTO_INPUT,INPUT_ITEM,VIEW_ITEM,UNIQUE_ITEM,REQUIRED_ITEM,AUTOREG_HIDE_ITEM,AUTOREG_ONLY_ITEM,INITIAL_VALUE,VALIDATE_OPTION,BEFORE_VALIDATE_REGISTER,AFTER_VALIDATE_REGISTER,DESCRIPTION_JA,DESCRIPTION_EN,NOTE,DISUSE_FLAG,LAST_UPDATE_TIMESTAMP,LAST_UPDATE_USER) VALUES('2010106','20101','ユーザ','Login user','login_user','2010101','1',60,NULL,NULL,NULL,NULL,'0',NULL,NULL,'LOGIN_USER',NULL,'0','1','1','0','0','0','0',NULL,'{
"min_length": 0,
"max_length": 255
}',NULL,NULL,'[最大長]255バイト','[Maximum length] 255 bytes',NULL,'0',_____DATE_____,1);
INSERT INTO T_COMN_MENU_COLUMN_LINK_JNL (JOURNAL_SEQ_NO,JOURNAL_REG_DATETIME,JOURNAL_ACTION_CLASS,COLUMN_DEFINITION_ID,MENU_ID,COLUMN_NAME_JA,COLUMN_NAME_EN,COLUMN_NAME_REST,COL_GROUP_ID,COLUMN_CLASS,COLUMN_DISP_SEQ,REF_TABLE_NAME,REF_PKEY_NAME,REF_COL_NAME,REF_SORT_CONDITIONS,REF_MULTI_LANG,SENSITIVE_COL_NAME,FILE_UPLOAD_PLACE,COL_NAME,SAVE_TYPE,AUTO_INPUT,INPUT_ITEM,VIEW_ITEM,UNIQUE_ITEM,REQUIRED_ITEM,AUTOREG_HIDE_ITEM,AUTOREG_ONLY_ITEM,INITIAL_VALUE,VALIDATE_OPTION,BEFORE_VALIDATE_REGISTER,AFTER_VALIDATE_REGISTER,DESCRIPTION_JA,DESCRIPTION_EN,NOTE,DISUSE_FLAG,LAST_UPDATE_TIMESTAMP,LAST_UPDATE_USER) VALUES(2010106,_____DATE_____,'INSERT','2010106','20101','ユーザ','Login user','login_user','2010101','1',60,NULL,NULL,NULL,NULL,'0',NULL,NULL,'LOGIN_USER',NULL,'0','1','1','0','0','0','0',NULL,'{
"min_length": 0,
"max_length": 255
}',NULL,NULL,'[最大長]255バイト','[Maximum length] 255 bytes',NULL,'0',_____DATE_____,1);
INSERT INTO T_COMN_MENU_COLUMN_LINK (COLUMN_DEFINITION_ID,MENU_ID,COLUMN_NAME_JA,COLUMN_NAME_EN,COLUMN_NAME_REST,COL_GROUP_ID,COLUMN_CLASS,COLUMN_DISP_SEQ,REF_TABLE_NAME,REF_PKEY_NAME,REF_COL_NAME,REF_SORT_CONDITIONS,REF_MULTI_LANG,SENSITIVE_COL_NAME,FILE_UPLOAD_PLACE,COL_NAME,SAVE_TYPE,AUTO_INPUT,INPUT_ITEM,VIEW_ITEM,UNIQUE_ITEM,REQUIRED_ITEM,AUTOREG_HIDE_ITEM,AUTOREG_ONLY_ITEM,INITIAL_VALUE,VALIDATE_OPTION,BEFORE_VALIDATE_REGISTER,AFTER_VALIDATE_REGISTER,DESCRIPTION_JA,DESCRIPTION_EN,NOTE,DISUSE_FLAG,LAST_UPDATE_TIMESTAMP,LAST_UPDATE_USER) VALUES('2010107','20101','パスワード','Login password','login_password','2010101','8',70,NULL,NULL,NULL,NULL,'0',NULL,NULL,'LOGIN_PW',NULL,'0','1','1','0','0','0','0',NULL,'{
"min_length": 0,
"max_length": 255
}',NULL,NULL,'[最大長]255バイト','[Maximum length] 255 bytes',NULL,'0',_____DATE_____,1);
INSERT INTO T_COMN_MENU_COLUMN_LINK_JNL (JOURNAL_SEQ_NO,JOURNAL_REG_DATETIME,JOURNAL_ACTION_CLASS,COLUMN_DEFINITION_ID,MENU_ID,COLUMN_NAME_JA,COLUMN_NAME_EN,COLUMN_NAME_REST,COL_GROUP_ID,COLUMN_CLASS,COLUMN_DISP_SEQ,REF_TABLE_NAME,REF_PKEY_NAME,REF_COL_NAME,REF_SORT_CONDITIONS,REF_MULTI_LANG,SENSITIVE_COL_NAME,FILE_UPLOAD_PLACE,COL_NAME,SAVE_TYPE,AUTO_INPUT,INPUT_ITEM,VIEW_ITEM,UNIQUE_ITEM,REQUIRED_ITEM,AUTOREG_HIDE_ITEM,AUTOREG_ONLY_ITEM,INITIAL_VALUE,VALIDATE_OPTION,BEFORE_VALIDATE_REGISTER,AFTER_VALIDATE_REGISTER,DESCRIPTION_JA,DESCRIPTION_EN,NOTE,DISUSE_FLAG,LAST_UPDATE_TIMESTAMP,LAST_UPDATE_USER) VALUES(2010107,_____DATE_____,'INSERT','2010107','20101','パスワード','Login password','login_password','2010101','8',70,NULL,NULL,NULL,NULL,'0',NULL,NULL,'LOGIN_PW',NULL,'0','1','1','0','0','0','0',NULL,'{
"min_length": 0,
"max_length": 255
}',NULL,NULL,'[最大長]255バイト','[Maximum length] 255 bytes',NULL,'0',_____DATE_____,1);
INSERT INTO T_COMN_MENU_COLUMN_LINK (COLUMN_DEFINITION_ID,MENU_ID,COLUMN_NAME_JA,COLUMN_NAME_EN,COLUMN_NAME_REST,COL_GROUP_ID,COLUMN_CLASS,COLUMN_DISP_SEQ,REF_TABLE_NAME,REF_PKEY_NAME,REF_COL_NAME,REF_SORT_CONDITIONS,REF_MULTI_LANG,SENSITIVE_COL_NAME,FILE_UPLOAD_PLACE,COL_NAME,SAVE_TYPE,AUTO_INPUT,INPUT_ITEM,VIEW_ITEM,UNIQUE_ITEM,REQUIRED_ITEM,AUTOREG_HIDE_ITEM,AUTOREG_ONLY_ITEM,INITIAL_VALUE,VALIDATE_OPTION,BEFORE_VALIDATE_REGISTER,AFTER_VALIDATE_REGISTER,DESCRIPTION_JA,DESCRIPTION_EN,NOTE,DISUSE_FLAG,LAST_UPDATE_TIMESTAMP,LAST_UPDATE_USER) VALUES('2010108','20101','vailt暗号化パスワード','Vailt login password','vailt_login_password',NULL,'2',80,NULL,NULL,NULL,NULL,'0',NULL,NULL,'LOGIN_PW_ANSIBLE_VAULT',NULL,'0','0','0','0','0','0','0',NULL,NULL,NULL,NULL,'vailt暗号化パスワード','Vailt login password',NULL,'0',_____DATE_____,1);
INSERT INTO T_COMN_MENU_COLUMN_LINK_JNL (JOURNAL_SEQ_NO,JOURNAL_REG_DATETIME,JOURNAL_ACTION_CLASS,COLUMN_DEFINITION_ID,MENU_ID,COLUMN_NAME_JA,COLUMN_NAME_EN,COLUMN_NAME_REST,COL_GROUP_ID,COLUMN_CLASS,COLUMN_DISP_SEQ,REF_TABLE_NAME,REF_PKEY_NAME,REF_COL_NAME,REF_SORT_CONDITIONS,REF_MULTI_LANG,SENSITIVE_COL_NAME,FILE_UPLOAD_PLACE,COL_NAME,SAVE_TYPE,AUTO_INPUT,INPUT_ITEM,VIEW_ITEM,UNIQUE_ITEM,REQUIRED_ITEM,AUTOREG_HIDE_ITEM,AUTOREG_ONLY_ITEM,INITIAL_VALUE,VALIDATE_OPTION,BEFORE_VALIDATE_REGISTER,AFTER_VALIDATE_REGISTER,DESCRIPTION_JA,DESCRIPTION_EN,NOTE,DISUSE_FLAG,LAST_UPDATE_TIMESTAMP,LAST_UPDATE_USER) VALUES(2010108,_____DATE_____,'INSERT','2010108','20101','vailt暗号化パスワード','Vailt login password','vailt_login_password',NULL,'2',80,NULL,NULL,NULL,NULL,'0',NULL,NULL,'LOGIN_PW_ANSIBLE_VAULT',NULL,'0','0','0','0','0','0','0',NULL,NULL,NULL,NULL,'vailt暗号化パスワード','Vailt login password',NULL,'0',_____DATE_____,1);
INSERT INTO T_COMN_MENU_COLUMN_LINK (COLUMN_DEFINITION_ID,MENU_ID,COLUMN_NAME_JA,COLUMN_NAME_EN,COLUMN_NAME_REST,COL_GROUP_ID,COLUMN_CLASS,COLUMN_DISP_SEQ,REF_TABLE_NAME,REF_PKEY_NAME,REF_COL_NAME,REF_SORT_CONDITIONS,REF_MULTI_LANG,SENSITIVE_COL_NAME,FILE_UPLOAD_PLACE,COL_NAME,SAVE_TYPE,AUTO_INPUT,INPUT_ITEM,VIEW_ITEM,UNIQUE_ITEM,REQUIRED_ITEM,AUTOREG_HIDE_ITEM,AUTOREG_ONLY_ITEM,INITIAL_VALUE,VALIDATE_OPTION,BEFORE_VALIDATE_REGISTER,AFTER_VALIDATE_REGISTER,DESCRIPTION_JA,DESCRIPTION_EN,NOTE,DISUSE_FLAG,LAST_UPDATE_TIMESTAMP,LAST_UPDATE_USER) VALUES('2010109','20101','ssh秘密鍵ファイル','ssh private key file','ssh_private_key_file','2010102','20',90,NULL,NULL,NULL,NULL,'0',NULL,NULL,'SSH_KEY_FILE',NULL,'0','1','1','0','0','0','0',NULL,'{
"upload_max_size": 4294967296
}',NULL,NULL,'鍵認証する場合のssh秘密鍵ファイルを入力します。
アップロードしたファイルは暗号化されて保存されます。
登録後にダウンロードした場合、暗号化されたファイルがダウンロードされます。','ssh private key file for key authentication.
The uploaded file is encrypted and saved. 
If you download after registration, the encrypted file will be downloaded.',NULL,'0',_____DATE_____,1);
INSERT INTO T_COMN_MENU_COLUMN_LINK_JNL (JOURNAL_SEQ_NO,JOURNAL_REG_DATETIME,JOURNAL_ACTION_CLASS,COLUMN_DEFINITION_ID,MENU_ID,COLUMN_NAME_JA,COLUMN_NAME_EN,COLUMN_NAME_REST,COL_GROUP_ID,COLUMN_CLASS,COLUMN_DISP_SEQ,REF_TABLE_NAME,REF_PKEY_NAME,REF_COL_NAME,REF_SORT_CONDITIONS,REF_MULTI_LANG,SENSITIVE_COL_NAME,FILE_UPLOAD_PLACE,COL_NAME,SAVE_TYPE,AUTO_INPUT,INPUT_ITEM,VIEW_ITEM,UNIQUE_ITEM,REQUIRED_ITEM,AUTOREG_HIDE_ITEM,AUTOREG_ONLY_ITEM,INITIAL_VALUE,VALIDATE_OPTION,BEFORE_VALIDATE_REGISTER,AFTER_VALIDATE_REGISTER,DESCRIPTION_JA,DESCRIPTION_EN,NOTE,DISUSE_FLAG,LAST_UPDATE_TIMESTAMP,LAST_UPDATE_USER) VALUES(2010109,_____DATE_____,'INSERT','2010109','20101','ssh秘密鍵ファイル','ssh private key file','ssh_private_key_file','2010102','20',90,NULL,NULL,NULL,NULL,'0',NULL,NULL,'SSH_KEY_FILE',NULL,'0','1','1','0','0','0','0',NULL,'{
"upload_max_size": 4294967296
}',NULL,NULL,'鍵認証する場合のssh秘密鍵ファイルを入力します。
アップロードしたファイルは暗号化されて保存されます。
登録後にダウンロードした場合、暗号化されたファイルがダウンロードされます。','ssh private key file for key authentication.
The uploaded file is encrypted and saved. 
If you download after registration, the encrypted file will be downloaded.',NULL,'0',_____DATE_____,1);
INSERT INTO T_COMN_MENU_COLUMN_LINK (COLUMN_DEFINITION_ID,MENU_ID,COLUMN_NAME_JA,COLUMN_NAME_EN,COLUMN_NAME_REST,COL_GROUP_ID,COLUMN_CLASS,COLUMN_DISP_SEQ,REF_TABLE_NAME,REF_PKEY_NAME,REF_COL_NAME,REF_SORT_CONDITIONS,REF_MULTI_LANG,SENSITIVE_COL_NAME,FILE_UPLOAD_PLACE,COL_NAME,SAVE_TYPE,AUTO_INPUT,INPUT_ITEM,VIEW_ITEM,UNIQUE_ITEM,REQUIRED_ITEM,AUTOREG_HIDE_ITEM,AUTOREG_ONLY_ITEM,INITIAL_VALUE,VALIDATE_OPTION,BEFORE_VALIDATE_REGISTER,AFTER_VALIDATE_REGISTER,DESCRIPTION_JA,DESCRIPTION_EN,NOTE,DISUSE_FLAG,LAST_UPDATE_TIMESTAMP,LAST_UPDATE_USER) VALUES('2010110','20101','パスフレーズ','Passphrase','passphrase','2010102','8',100,NULL,NULL,NULL,NULL,'0',NULL,NULL,'SSH_KEY_FILE_PASSPHRASE',NULL,'0','1','1','0','0','0','0',NULL,'{
"min_length": 0,
"max_length": 255
}',NULL,NULL,'ssh秘密鍵ファイルに設定されているパスフレーズを入力します。','Enter the passphrase set in the ssh private key file.',NULL,'0',_____DATE_____,1);
INSERT INTO T_COMN_MENU_COLUMN_LINK_JNL (JOURNAL_SEQ_NO,JOURNAL_REG_DATETIME,JOURNAL_ACTION_CLASS,COLUMN_DEFINITION_ID,MENU_ID,COLUMN_NAME_JA,COLUMN_NAME_EN,COLUMN_NAME_REST,COL_GROUP_ID,COLUMN_CLASS,COLUMN_DISP_SEQ,REF_TABLE_NAME,REF_PKEY_NAME,REF_COL_NAME,REF_SORT_CONDITIONS,REF_MULTI_LANG,SENSITIVE_COL_NAME,FILE_UPLOAD_PLACE,COL_NAME,SAVE_TYPE,AUTO_INPUT,INPUT_ITEM,VIEW_ITEM,UNIQUE_ITEM,REQUIRED_ITEM,AUTOREG_HIDE_ITEM,AUTOREG_ONLY_ITEM,INITIAL_VALUE,VALIDATE_OPTION,BEFORE_VALIDATE_REGISTER,AFTER_VALIDATE_REGISTER,DESCRIPTION_JA,DESCRIPTION_EN,NOTE,DISUSE_FLAG,LAST_UPDATE_TIMESTAMP,LAST_UPDATE_USER) VALUES(2010110,_____DATE_____,'INSERT','2010110','20101','パスフレーズ','Passphrase','passphrase','2010102','8',100,NULL,NULL,NULL,NULL,'0',NULL,NULL,'SSH_KEY_FILE_PASSPHRASE',NULL,'0','1','1','0','0','0','0',NULL,'{
"min_length": 0,
"max_length": 255
}',NULL,NULL,'ssh秘密鍵ファイルに設定されているパスフレーズを入力します。','Enter the passphrase set in the ssh private key file.',NULL,'0',_____DATE_____,1);
INSERT INTO T_COMN_MENU_COLUMN_LINK (COLUMN_DEFINITION_ID,MENU_ID,COLUMN_NAME_JA,COLUMN_NAME_EN,COLUMN_NAME_REST,COL_GROUP_ID,COLUMN_CLASS,COLUMN_DISP_SEQ,REF_TABLE_NAME,REF_PKEY_NAME,REF_COL_NAME,REF_SORT_CONDITIONS,REF_MULTI_LANG,SENSITIVE_COL_NAME,FILE_UPLOAD_PLACE,COL_NAME,SAVE_TYPE,AUTO_INPUT,INPUT_ITEM,VIEW_ITEM,UNIQUE_ITEM,REQUIRED_ITEM,AUTOREG_HIDE_ITEM,AUTOREG_ONLY_ITEM,INITIAL_VALUE,VALIDATE_OPTION,BEFORE_VALIDATE_REGISTER,AFTER_VALIDATE_REGISTER,DESCRIPTION_JA,DESCRIPTION_EN,NOTE,DISUSE_FLAG,LAST_UPDATE_TIMESTAMP,LAST_UPDATE_USER) VALUES('2010111','20101','認証方式','Authentication method','authentication_method','2010104','7',110,'T_ANSC_LOGIN_AUTH_TYPE','LOGIN_AUTH_TYPE_ID','LOGIN_AUTH_TYPE_NAME',NULL,'1',NULL,NULL,'LOGIN_AUTH_TYPE',NULL,'0','1','1','0','0','0','0',NULL,NULL,NULL,NULL,'Ansibleから機器へ接続する際の認証方式を選択します。
・パスワード認証
　ログインパスワードの管理で●の選択と、ログインパスワードの入力が必須です。
・鍵認証（パスフレーズなし）
　ssh秘密鍵ファイルのアップロードが必須です。
・鍵認証（パスフレーズあり）
　ssh秘密鍵ファイルのアップロードと、パスフレーズの入力が必須です。
・鍵認証（鍵交換済み）
　ssh秘密鍵ファイルのアップロードは必要ありません。
・パスワード認証（winrm)
　必要に応じてWinRM接続情報を入力します。
尚、パスワード認証（winrm)以外の認証方式の場合、機器側に以下の設定が必要です。
ログインユーザの sudo 権限を NOPASSWD付で /etc/sudoers に設定する必要があります。','Select the authentication method when connecting to the device from Ansible.
-Password authentication
 Select ● in the login password management and enter the login password.
-Key authentication (no passphrase)
 Uploading the ssh private key file is required.
-Key authentication (with passphrase)
 You must upload the ssh private key file and enter the passphrase.
-Key authentication (key exchanged)
 No upload of ssh private key file is required.
-Password authentication (winrm)
 Enter the WinRM connection information as required.
For authentication methods other than password authentication (winrm), the following settings are required on the device side.
The login user sudo privileges must be set to / etc / sudoers with his NOPASSWD.',NULL,'0',_____DATE_____,1);
INSERT INTO T_COMN_MENU_COLUMN_LINK_JNL (JOURNAL_SEQ_NO,JOURNAL_REG_DATETIME,JOURNAL_ACTION_CLASS,COLUMN_DEFINITION_ID,MENU_ID,COLUMN_NAME_JA,COLUMN_NAME_EN,COLUMN_NAME_REST,COL_GROUP_ID,COLUMN_CLASS,COLUMN_DISP_SEQ,REF_TABLE_NAME,REF_PKEY_NAME,REF_COL_NAME,REF_SORT_CONDITIONS,REF_MULTI_LANG,SENSITIVE_COL_NAME,FILE_UPLOAD_PLACE,COL_NAME,SAVE_TYPE,AUTO_INPUT,INPUT_ITEM,VIEW_ITEM,UNIQUE_ITEM,REQUIRED_ITEM,AUTOREG_HIDE_ITEM,AUTOREG_ONLY_ITEM,INITIAL_VALUE,VALIDATE_OPTION,BEFORE_VALIDATE_REGISTER,AFTER_VALIDATE_REGISTER,DESCRIPTION_JA,DESCRIPTION_EN,NOTE,DISUSE_FLAG,LAST_UPDATE_TIMESTAMP,LAST_UPDATE_USER) VALUES(2010111,_____DATE_____,'INSERT','2010111','20101','認証方式','Authentication method','authentication_method','2010104','7',110,'T_ANSC_LOGIN_AUTH_TYPE','LOGIN_AUTH_TYPE_ID','LOGIN_AUTH_TYPE_NAME',NULL,'1',NULL,NULL,'LOGIN_AUTH_TYPE',NULL,'0','1','1','0','0','0','0',NULL,NULL,NULL,NULL,'Ansibleから機器へ接続する際の認証方式を選択します。
・パスワード認証
　ログインパスワードの管理で●の選択と、ログインパスワードの入力が必須です。
・鍵認証（パスフレーズなし）
　ssh秘密鍵ファイルのアップロードが必須です。
・鍵認証（パスフレーズあり）
　ssh秘密鍵ファイルのアップロードと、パスフレーズの入力が必須です。
・鍵認証（鍵交換済み）
　ssh秘密鍵ファイルのアップロードは必要ありません。
・パスワード認証（winrm)
　必要に応じてWinRM接続情報を入力します。
尚、パスワード認証（winrm)以外の認証方式の場合、機器側に以下の設定が必要です。
ログインユーザの sudo 権限を NOPASSWD付で /etc/sudoers に設定する必要があります。','Select the authentication method when connecting to the device from Ansible.
-Password authentication
 Select ● in the login password management and enter the login password.
-Key authentication (no passphrase)
 Uploading the ssh private key file is required.
-Key authentication (with passphrase)
 You must upload the ssh private key file and enter the passphrase.
-Key authentication (key exchanged)
 No upload of ssh private key file is required.
-Password authentication (winrm)
 Enter the WinRM connection information as required.
For authentication methods other than password authentication (winrm), the following settings are required on the device side.
The login user sudo privileges must be set to / etc / sudoers with his NOPASSWD.',NULL,'0',_____DATE_____,1);
INSERT INTO T_COMN_MENU_COLUMN_LINK (COLUMN_DEFINITION_ID,MENU_ID,COLUMN_NAME_JA,COLUMN_NAME_EN,COLUMN_NAME_REST,COL_GROUP_ID,COLUMN_CLASS,COLUMN_DISP_SEQ,REF_TABLE_NAME,REF_PKEY_NAME,REF_COL_NAME,REF_SORT_CONDITIONS,REF_MULTI_LANG,SENSITIVE_COL_NAME,FILE_UPLOAD_PLACE,COL_NAME,SAVE_TYPE,AUTO_INPUT,INPUT_ITEM,VIEW_ITEM,UNIQUE_ITEM,REQUIRED_ITEM,AUTOREG_HIDE_ITEM,AUTOREG_ONLY_ITEM,INITIAL_VALUE,VALIDATE_OPTION,BEFORE_VALIDATE_REGISTER,AFTER_VALIDATE_REGISTER,DESCRIPTION_JA,DESCRIPTION_EN,NOTE,DISUSE_FLAG,LAST_UPDATE_TIMESTAMP,LAST_UPDATE_USER) VALUES('2010112','20101','ポート番号','Port no','port_no','2010105','3',120,NULL,NULL,NULL,NULL,'0',NULL,NULL,'WINRM_PORT',NULL,'0','1','1','0','0','0','0',NULL,'{
"int_min": 0,
"int_max": 65535
}',NULL,NULL,'WindowsServerにWinRM接続する際のポート番号を入力します。
未指定の場合はデフォルト(http:5985)でのWinRM接続となります。','Specify the port number to use for WinRM connections to Windows Server. 
If no port number is specified, the default port number (http:5985) will be used.',NULL,'0',_____DATE_____,1);
INSERT INTO T_COMN_MENU_COLUMN_LINK_JNL (JOURNAL_SEQ_NO,JOURNAL_REG_DATETIME,JOURNAL_ACTION_CLASS,COLUMN_DEFINITION_ID,MENU_ID,COLUMN_NAME_JA,COLUMN_NAME_EN,COLUMN_NAME_REST,COL_GROUP_ID,COLUMN_CLASS,COLUMN_DISP_SEQ,REF_TABLE_NAME,REF_PKEY_NAME,REF_COL_NAME,REF_SORT_CONDITIONS,REF_MULTI_LANG,SENSITIVE_COL_NAME,FILE_UPLOAD_PLACE,COL_NAME,SAVE_TYPE,AUTO_INPUT,INPUT_ITEM,VIEW_ITEM,UNIQUE_ITEM,REQUIRED_ITEM,AUTOREG_HIDE_ITEM,AUTOREG_ONLY_ITEM,INITIAL_VALUE,VALIDATE_OPTION,BEFORE_VALIDATE_REGISTER,AFTER_VALIDATE_REGISTER,DESCRIPTION_JA,DESCRIPTION_EN,NOTE,DISUSE_FLAG,LAST_UPDATE_TIMESTAMP,LAST_UPDATE_USER) VALUES(2010112,_____DATE_____,'INSERT','2010112','20101','ポート番号','Port no','port_no','2010105','3',120,NULL,NULL,NULL,NULL,'0',NULL,NULL,'WINRM_PORT',NULL,'0','1','1','0','0','0','0',NULL,'{
"int_min": 0,
"int_max": 65535
}',NULL,NULL,'WindowsServerにWinRM接続する際のポート番号を入力します。
未指定の場合はデフォルト(http:5985)でのWinRM接続となります。','Specify the port number to use for WinRM connections to Windows Server. 
If no port number is specified, the default port number (http:5985) will be used.',NULL,'0',_____DATE_____,1);
INSERT INTO T_COMN_MENU_COLUMN_LINK (COLUMN_DEFINITION_ID,MENU_ID,COLUMN_NAME_JA,COLUMN_NAME_EN,COLUMN_NAME_REST,COL_GROUP_ID,COLUMN_CLASS,COLUMN_DISP_SEQ,REF_TABLE_NAME,REF_PKEY_NAME,REF_COL_NAME,REF_SORT_CONDITIONS,REF_MULTI_LANG,SENSITIVE_COL_NAME,FILE_UPLOAD_PLACE,COL_NAME,SAVE_TYPE,AUTO_INPUT,INPUT_ITEM,VIEW_ITEM,UNIQUE_ITEM,REQUIRED_ITEM,AUTOREG_HIDE_ITEM,AUTOREG_ONLY_ITEM,INITIAL_VALUE,VALIDATE_OPTION,BEFORE_VALIDATE_REGISTER,AFTER_VALIDATE_REGISTER,DESCRIPTION_JA,DESCRIPTION_EN,NOTE,DISUSE_FLAG,LAST_UPDATE_TIMESTAMP,LAST_UPDATE_USER) VALUES('2010113','20101','サーバー証明書','Server certificate','server_certificate','2010105','20',130,NULL,NULL,NULL,NULL,'0',NULL,NULL,'WINRM_SSL_CA_FILE',NULL,'0','1','1','0','0','0','0',NULL,'{
"upload_max_size": 4294967296
}',NULL,NULL,'WindowsServerにhttpsでWinRM接続する際のサーバー証明書を入力します。
Pythonのバージョンが2.7以降でhttpsのサーバー証明書の検証を行わない場合、インベントリファイル追加オプションに下記のパラメータを入力して下さい。
    ansible_winrm_server_cert_validation: ignore','Enter the server certificate to use for WinRM connections to Windows Server over https.
If the Python version is 2.7 or later and does not verify the https server certificate.
    ansible_winrm_server_cert_validation=ignore',NULL,'0',_____DATE_____,1);
INSERT INTO T_COMN_MENU_COLUMN_LINK_JNL (JOURNAL_SEQ_NO,JOURNAL_REG_DATETIME,JOURNAL_ACTION_CLASS,COLUMN_DEFINITION_ID,MENU_ID,COLUMN_NAME_JA,COLUMN_NAME_EN,COLUMN_NAME_REST,COL_GROUP_ID,COLUMN_CLASS,COLUMN_DISP_SEQ,REF_TABLE_NAME,REF_PKEY_NAME,REF_COL_NAME,REF_SORT_CONDITIONS,REF_MULTI_LANG,SENSITIVE_COL_NAME,FILE_UPLOAD_PLACE,COL_NAME,SAVE_TYPE,AUTO_INPUT,INPUT_ITEM,VIEW_ITEM,UNIQUE_ITEM,REQUIRED_ITEM,AUTOREG_HIDE_ITEM,AUTOREG_ONLY_ITEM,INITIAL_VALUE,VALIDATE_OPTION,BEFORE_VALIDATE_REGISTER,AFTER_VALIDATE_REGISTER,DESCRIPTION_JA,DESCRIPTION_EN,NOTE,DISUSE_FLAG,LAST_UPDATE_TIMESTAMP,LAST_UPDATE_USER) VALUES(2010113,_____DATE_____,'INSERT','2010113','20101','サーバー証明書','Server certificate','server_certificate','2010105','20',130,NULL,NULL,NULL,NULL,'0',NULL,NULL,'WINRM_SSL_CA_FILE',NULL,'0','1','1','0','0','0','0',NULL,'{
"upload_max_size": 4294967296
}',NULL,NULL,'WindowsServerにhttpsでWinRM接続する際のサーバー証明書を入力します。
Pythonのバージョンが2.7以降でhttpsのサーバー証明書の検証を行わない場合、インベントリファイル追加オプションに下記のパラメータを入力して下さい。
    ansible_winrm_server_cert_validation: ignore','Enter the server certificate to use for WinRM connections to Windows Server over https.
If the Python version is 2.7 or later and does not verify the https server certificate.
    ansible_winrm_server_cert_validation=ignore',NULL,'0',_____DATE_____,1);
INSERT INTO T_COMN_MENU_COLUMN_LINK (COLUMN_DEFINITION_ID,MENU_ID,COLUMN_NAME_JA,COLUMN_NAME_EN,COLUMN_NAME_REST,COL_GROUP_ID,COLUMN_CLASS,COLUMN_DISP_SEQ,REF_TABLE_NAME,REF_PKEY_NAME,REF_COL_NAME,REF_SORT_CONDITIONS,REF_MULTI_LANG,SENSITIVE_COL_NAME,FILE_UPLOAD_PLACE,COL_NAME,SAVE_TYPE,AUTO_INPUT,INPUT_ITEM,VIEW_ITEM,UNIQUE_ITEM,REQUIRED_ITEM,AUTOREG_HIDE_ITEM,AUTOREG_ONLY_ITEM,INITIAL_VALUE,VALIDATE_OPTION,BEFORE_VALIDATE_REGISTER,AFTER_VALIDATE_REGISTER,DESCRIPTION_JA,DESCRIPTION_EN,NOTE,DISUSE_FLAG,LAST_UPDATE_TIMESTAMP,LAST_UPDATE_USER) VALUES('2010114','20101','プロトコル','Protocol','protocol','2010106','7',140,'T_ANSC_PIONEER_PROTOCOL_TYPE','PROTOCOL_ID','PROTOCOL_NAME',NULL,'0',NULL,NULL,'PROTOCOL_ID',NULL,'0','1','1','0','0','0','0',NULL,NULL,NULL,NULL,'Ansible-Pioneerにて機器ログインする際のプロトコルです。','Protocol for device login through Ansible-Pioneer.',NULL,'1',_____DATE_____,1);
INSERT INTO T_COMN_MENU_COLUMN_LINK_JNL (JOURNAL_SEQ_NO,JOURNAL_REG_DATETIME,JOURNAL_ACTION_CLASS,COLUMN_DEFINITION_ID,MENU_ID,COLUMN_NAME_JA,COLUMN_NAME_EN,COLUMN_NAME_REST,COL_GROUP_ID,COLUMN_CLASS,COLUMN_DISP_SEQ,REF_TABLE_NAME,REF_PKEY_NAME,REF_COL_NAME,REF_SORT_CONDITIONS,REF_MULTI_LANG,SENSITIVE_COL_NAME,FILE_UPLOAD_PLACE,COL_NAME,SAVE_TYPE,AUTO_INPUT,INPUT_ITEM,VIEW_ITEM,UNIQUE_ITEM,REQUIRED_ITEM,AUTOREG_HIDE_ITEM,AUTOREG_ONLY_ITEM,INITIAL_VALUE,VALIDATE_OPTION,BEFORE_VALIDATE_REGISTER,AFTER_VALIDATE_REGISTER,DESCRIPTION_JA,DESCRIPTION_EN,NOTE,DISUSE_FLAG,LAST_UPDATE_TIMESTAMP,LAST_UPDATE_USER) VALUES(2010114,_____DATE_____,'INSERT','2010114','20101','プロトコル','Protocol','protocol','2010106','7',140,'T_ANSC_PIONEER_PROTOCOL_TYPE','PROTOCOL_ID','PROTOCOL_NAME',NULL,'0',NULL,NULL,'PROTOCOL_ID',NULL,'0','1','1','0','0','0','0',NULL,NULL,NULL,NULL,'Ansible-Pioneerにて機器ログインする際のプロトコルです。','Protocol for device login through Ansible-Pioneer.',NULL,'1',_____DATE_____,1);
INSERT INTO T_COMN_MENU_COLUMN_LINK (COLUMN_DEFINITION_ID,MENU_ID,COLUMN_NAME_JA,COLUMN_NAME_EN,COLUMN_NAME_REST,COL_GROUP_ID,COLUMN_CLASS,COLUMN_DISP_SEQ,REF_TABLE_NAME,REF_PKEY_NAME,REF_COL_NAME,REF_SORT_CONDITIONS,REF_MULTI_LANG,SENSITIVE_COL_NAME,FILE_UPLOAD_PLACE,COL_NAME,SAVE_TYPE,AUTO_INPUT,INPUT_ITEM,VIEW_ITEM,UNIQUE_ITEM,REQUIRED_ITEM,AUTOREG_HIDE_ITEM,AUTOREG_ONLY_ITEM,INITIAL_VALUE,VALIDATE_OPTION,BEFORE_VALIDATE_REGISTER,AFTER_VALIDATE_REGISTER,DESCRIPTION_JA,DESCRIPTION_EN,NOTE,DISUSE_FLAG,LAST_UPDATE_TIMESTAMP,LAST_UPDATE_USER) VALUES('2010115','20101','OS種別','OS type','os_type','2010106','7',150,'T_ANSP_OS_TYPE','OS_TYPE_ID','OS_TYPE_NAME',NULL,'0',NULL,NULL,'OS_TYPE_ID',NULL,'0','1','1','0','0','0','0',NULL,NULL,NULL,NULL,'Ansible-Pioneerにて対象機器のOS種別ごとに対話ファイルを使い分けるために利用します。','Used for different dialog files based on OS type of device in Ansible-Pioneer.',NULL,'1',_____DATE_____,1);
INSERT INTO T_COMN_MENU_COLUMN_LINK_JNL (JOURNAL_SEQ_NO,JOURNAL_REG_DATETIME,JOURNAL_ACTION_CLASS,COLUMN_DEFINITION_ID,MENU_ID,COLUMN_NAME_JA,COLUMN_NAME_EN,COLUMN_NAME_REST,COL_GROUP_ID,COLUMN_CLASS,COLUMN_DISP_SEQ,REF_TABLE_NAME,REF_PKEY_NAME,REF_COL_NAME,REF_SORT_CONDITIONS,REF_MULTI_LANG,SENSITIVE_COL_NAME,FILE_UPLOAD_PLACE,COL_NAME,SAVE_TYPE,AUTO_INPUT,INPUT_ITEM,VIEW_ITEM,UNIQUE_ITEM,REQUIRED_ITEM,AUTOREG_HIDE_ITEM,AUTOREG_ONLY_ITEM,INITIAL_VALUE,VALIDATE_OPTION,BEFORE_VALIDATE_REGISTER,AFTER_VALIDATE_REGISTER,DESCRIPTION_JA,DESCRIPTION_EN,NOTE,DISUSE_FLAG,LAST_UPDATE_TIMESTAMP,LAST_UPDATE_USER) VALUES(2010115,_____DATE_____,'INSERT','2010115','20101','OS種別','OS type','os_type','2010106','7',150,'T_ANSP_OS_TYPE','OS_TYPE_ID','OS_TYPE_NAME',NULL,'0',NULL,NULL,'OS_TYPE_ID',NULL,'0','1','1','0','0','0','0',NULL,NULL,NULL,NULL,'Ansible-Pioneerにて対象機器のOS種別ごとに対話ファイルを使い分けるために利用します。','Used for different dialog files based on OS type of device in Ansible-Pioneer.',NULL,'1',_____DATE_____,1);
INSERT INTO T_COMN_MENU_COLUMN_LINK (COLUMN_DEFINITION_ID,MENU_ID,COLUMN_NAME_JA,COLUMN_NAME_EN,COLUMN_NAME_REST,COL_GROUP_ID,COLUMN_CLASS,COLUMN_DISP_SEQ,REF_TABLE_NAME,REF_PKEY_NAME,REF_COL_NAME,REF_SORT_CONDITIONS,REF_MULTI_LANG,SENSITIVE_COL_NAME,FILE_UPLOAD_PLACE,COL_NAME,SAVE_TYPE,AUTO_INPUT,INPUT_ITEM,VIEW_ITEM,UNIQUE_ITEM,REQUIRED_ITEM,AUTOREG_HIDE_ITEM,AUTOREG_ONLY_ITEM,INITIAL_VALUE,VALIDATE_OPTION,BEFORE_VALIDATE_REGISTER,AFTER_VALIDATE_REGISTER,DESCRIPTION_JA,DESCRIPTION_EN,NOTE,DISUSE_FLAG,LAST_UPDATE_TIMESTAMP,LAST_UPDATE_USER) VALUES('2010116','20101','LANG','LANG','lang','2010106','7',160,'T_ANSC_PIONEER_LANG','ID','NAME',NULL,'0',NULL,NULL,'PIONEER_LANG_ID',NULL,'0','1','1','0','0','0','0',NULL,NULL,NULL,NULL,'Pioneerの対話ファイルを実行する際の文字エンコード(LANG)を選択します。 空白の場合はutf-8扱いとなります。','Select the character encoding (LANG) when executing the Pioneer dialog file. If it is blank, it will be treated as utf-8.',NULL,'1',_____DATE_____,1);
INSERT INTO T_COMN_MENU_COLUMN_LINK_JNL (JOURNAL_SEQ_NO,JOURNAL_REG_DATETIME,JOURNAL_ACTION_CLASS,COLUMN_DEFINITION_ID,MENU_ID,COLUMN_NAME_JA,COLUMN_NAME_EN,COLUMN_NAME_REST,COL_GROUP_ID,COLUMN_CLASS,COLUMN_DISP_SEQ,REF_TABLE_NAME,REF_PKEY_NAME,REF_COL_NAME,REF_SORT_CONDITIONS,REF_MULTI_LANG,SENSITIVE_COL_NAME,FILE_UPLOAD_PLACE,COL_NAME,SAVE_TYPE,AUTO_INPUT,INPUT_ITEM,VIEW_ITEM,UNIQUE_ITEM,REQUIRED_ITEM,AUTOREG_HIDE_ITEM,AUTOREG_ONLY_ITEM,INITIAL_VALUE,VALIDATE_OPTION,BEFORE_VALIDATE_REGISTER,AFTER_VALIDATE_REGISTER,DESCRIPTION_JA,DESCRIPTION_EN,NOTE,DISUSE_FLAG,LAST_UPDATE_TIMESTAMP,LAST_UPDATE_USER) VALUES(2010116,_____DATE_____,'INSERT','2010116','20101','LANG','LANG','lang','2010106','7',160,'T_ANSC_PIONEER_LANG','ID','NAME',NULL,'0',NULL,NULL,'PIONEER_LANG_ID',NULL,'0','1','1','0','0','0','0',NULL,NULL,NULL,NULL,'Pioneerの対話ファイルを実行する際の文字エンコード(LANG)を選択します。 空白の場合はutf-8扱いとなります。','Select the character encoding (LANG) when executing the Pioneer dialog file. If it is blank, it will be treated as utf-8.',NULL,'1',_____DATE_____,1);
INSERT INTO T_COMN_MENU_COLUMN_LINK (COLUMN_DEFINITION_ID,MENU_ID,COLUMN_NAME_JA,COLUMN_NAME_EN,COLUMN_NAME_REST,COL_GROUP_ID,COLUMN_CLASS,COLUMN_DISP_SEQ,REF_TABLE_NAME,REF_PKEY_NAME,REF_COL_NAME,REF_SORT_CONDITIONS,REF_MULTI_LANG,SENSITIVE_COL_NAME,FILE_UPLOAD_PLACE,COL_NAME,SAVE_TYPE,AUTO_INPUT,INPUT_ITEM,VIEW_ITEM,UNIQUE_ITEM,REQUIRED_ITEM,AUTOREG_HIDE_ITEM,AUTOREG_ONLY_ITEM,INITIAL_VALUE,VALIDATE_OPTION,BEFORE_VALIDATE_REGISTER,AFTER_VALIDATE_REGISTER,DESCRIPTION_JA,DESCRIPTION_EN,NOTE,DISUSE_FLAG,LAST_UPDATE_TIMESTAMP,LAST_UPDATE_USER) VALUES('2010117','20101','接続オプション','Connection options','connection_options','2010103','1',170,NULL,NULL,NULL,NULL,'0',NULL,NULL,'SSH_EXTRA_ARGS',NULL,'0','1','1','0','0','0','0',NULL,'{
"min_length": 0,
"max_length": 4000
}',NULL,NULL,'プロトコルがsshの場合
/etc/ansible/ansible.cfgのssh_argsに設定しているsshオプション以外のオプションを設定したい場合>、設定したいオプションを入力します。
(例)
    sshコンフィグファイルを指定する場合
      -F /root/.ssh/ssh_config

プロトコルがtelnetの場合
telnet接続時のオプションを設定したい場合、設定したいオプションを入力します。
(例)
    ポート番号を11123に指定する場合
      11123','When the protocol is ssh
To set options other than the ssh option set in ssh_args in /etc/ansible/ansible.cfg, specify the desired options.
(Example)
    To specify the ssh config file.
      -F /root/.ssh/ssh_config

When the protocol is telnet
To set options for telnet connections, specify the desired options.
(Example)
    To specify 11123 as the port number.
      11123',NULL,'0',_____DATE_____,1);
INSERT INTO T_COMN_MENU_COLUMN_LINK_JNL (JOURNAL_SEQ_NO,JOURNAL_REG_DATETIME,JOURNAL_ACTION_CLASS,COLUMN_DEFINITION_ID,MENU_ID,COLUMN_NAME_JA,COLUMN_NAME_EN,COLUMN_NAME_REST,COL_GROUP_ID,COLUMN_CLASS,COLUMN_DISP_SEQ,REF_TABLE_NAME,REF_PKEY_NAME,REF_COL_NAME,REF_SORT_CONDITIONS,REF_MULTI_LANG,SENSITIVE_COL_NAME,FILE_UPLOAD_PLACE,COL_NAME,SAVE_TYPE,AUTO_INPUT,INPUT_ITEM,VIEW_ITEM,UNIQUE_ITEM,REQUIRED_ITEM,AUTOREG_HIDE_ITEM,AUTOREG_ONLY_ITEM,INITIAL_VALUE,VALIDATE_OPTION,BEFORE_VALIDATE_REGISTER,AFTER_VALIDATE_REGISTER,DESCRIPTION_JA,DESCRIPTION_EN,NOTE,DISUSE_FLAG,LAST_UPDATE_TIMESTAMP,LAST_UPDATE_USER) VALUES(2010117,_____DATE_____,'INSERT','2010117','20101','接続オプション','Connection options','connection_options','2010103','1',170,NULL,NULL,NULL,NULL,'0',NULL,NULL,'SSH_EXTRA_ARGS',NULL,'0','1','1','0','0','0','0',NULL,'{
"min_length": 0,
"max_length": 4000
}',NULL,NULL,'プロトコルがsshの場合
/etc/ansible/ansible.cfgのssh_argsに設定しているsshオプション以外のオプションを設定したい場合>、設定したいオプションを入力します。
(例)
    sshコンフィグファイルを指定する場合
      -F /root/.ssh/ssh_config

プロトコルがtelnetの場合
telnet接続時のオプションを設定したい場合、設定したいオプションを入力します。
(例)
    ポート番号を11123に指定する場合
      11123','When the protocol is ssh
To set options other than the ssh option set in ssh_args in /etc/ansible/ansible.cfg, specify the desired options.
(Example)
    To specify the ssh config file.
      -F /root/.ssh/ssh_config

When the protocol is telnet
To set options for telnet connections, specify the desired options.
(Example)
    To specify 11123 as the port number.
      11123',NULL,'0',_____DATE_____,1);
INSERT INTO T_COMN_MENU_COLUMN_LINK (COLUMN_DEFINITION_ID,MENU_ID,COLUMN_NAME_JA,COLUMN_NAME_EN,COLUMN_NAME_REST,COL_GROUP_ID,COLUMN_CLASS,COLUMN_DISP_SEQ,REF_TABLE_NAME,REF_PKEY_NAME,REF_COL_NAME,REF_SORT_CONDITIONS,REF_MULTI_LANG,SENSITIVE_COL_NAME,FILE_UPLOAD_PLACE,COL_NAME,SAVE_TYPE,AUTO_INPUT,INPUT_ITEM,VIEW_ITEM,UNIQUE_ITEM,REQUIRED_ITEM,AUTOREG_HIDE_ITEM,AUTOREG_ONLY_ITEM,INITIAL_VALUE,VALIDATE_OPTION,BEFORE_VALIDATE_REGISTER,AFTER_VALIDATE_REGISTER,DESCRIPTION_JA,DESCRIPTION_EN,NOTE,DISUSE_FLAG,LAST_UPDATE_TIMESTAMP,LAST_UPDATE_USER) VALUES('2010118','20101','インベントリファイル
追加オプション','Inventory file Additional option','inventory_file_additional_option','2010103','2',180,NULL,NULL,NULL,NULL,'0',NULL,NULL,'HOSTS_EXTRA_ARGS',NULL,'0','1','1','0','0','0','0',NULL,'{
"min_length": 0,
"max_length": 4000
}',NULL,NULL,'ITAが設定していないインベントリファイルのオプションパラメータをyaml形式で入力します。
(例)
    ansible_connection: network_cli
    ansible_network_os: nxos','Enter additional options in YAML format to set inventory file options that ITA does not set.
(Example)
    ansible_connection: network_cli
    ansible_network_os: nxos',NULL,'0',_____DATE_____,1);
INSERT INTO T_COMN_MENU_COLUMN_LINK_JNL (JOURNAL_SEQ_NO,JOURNAL_REG_DATETIME,JOURNAL_ACTION_CLASS,COLUMN_DEFINITION_ID,MENU_ID,COLUMN_NAME_JA,COLUMN_NAME_EN,COLUMN_NAME_REST,COL_GROUP_ID,COLUMN_CLASS,COLUMN_DISP_SEQ,REF_TABLE_NAME,REF_PKEY_NAME,REF_COL_NAME,REF_SORT_CONDITIONS,REF_MULTI_LANG,SENSITIVE_COL_NAME,FILE_UPLOAD_PLACE,COL_NAME,SAVE_TYPE,AUTO_INPUT,INPUT_ITEM,VIEW_ITEM,UNIQUE_ITEM,REQUIRED_ITEM,AUTOREG_HIDE_ITEM,AUTOREG_ONLY_ITEM,INITIAL_VALUE,VALIDATE_OPTION,BEFORE_VALIDATE_REGISTER,AFTER_VALIDATE_REGISTER,DESCRIPTION_JA,DESCRIPTION_EN,NOTE,DISUSE_FLAG,LAST_UPDATE_TIMESTAMP,LAST_UPDATE_USER) VALUES(2010118,_____DATE_____,'INSERT','2010118','20101','インベントリファイル
追加オプション','Inventory file Additional option','inventory_file_additional_option','2010103','2',180,NULL,NULL,NULL,NULL,'0',NULL,NULL,'HOSTS_EXTRA_ARGS',NULL,'0','1','1','0','0','0','0',NULL,'{
"min_length": 0,
"max_length": 4000
}',NULL,NULL,'ITAが設定していないインベントリファイルのオプションパラメータをyaml形式で入力します。
(例)
    ansible_connection: network_cli
    ansible_network_os: nxos','Enter additional options in YAML format to set inventory file options that ITA does not set.
(Example)
    ansible_connection: network_cli
    ansible_network_os: nxos',NULL,'0',_____DATE_____,1);
INSERT INTO T_COMN_MENU_COLUMN_LINK (COLUMN_DEFINITION_ID,MENU_ID,COLUMN_NAME_JA,COLUMN_NAME_EN,COLUMN_NAME_REST,COL_GROUP_ID,COLUMN_CLASS,COLUMN_DISP_SEQ,REF_TABLE_NAME,REF_PKEY_NAME,REF_COL_NAME,REF_SORT_CONDITIONS,REF_MULTI_LANG,SENSITIVE_COL_NAME,FILE_UPLOAD_PLACE,COL_NAME,SAVE_TYPE,AUTO_INPUT,INPUT_ITEM,VIEW_ITEM,UNIQUE_ITEM,REQUIRED_ITEM,AUTOREG_HIDE_ITEM,AUTOREG_ONLY_ITEM,INITIAL_VALUE,VALIDATE_OPTION,BEFORE_VALIDATE_REGISTER,AFTER_VALIDATE_REGISTER,DESCRIPTION_JA,DESCRIPTION_EN,NOTE,DISUSE_FLAG,LAST_UPDATE_TIMESTAMP,LAST_UPDATE_USER) VALUES('2010119','20101','インスタンスグループ名','Instance group name','instance_group_name','2010107','7',190,'T_ANSC_TWR_INSTANCE_GROUP','INSTANCE_GROUP_NAME','INSTANCE_GROUP_NAME',NULL,'0',NULL,NULL,'ANSTWR_INSTANCE_GROUP_NAME',NULL,'0','1','1','0','0','0','0',NULL,NULL,NULL,NULL,'Ansible Automation Controllerのインベントリに設定するインスタンスグループを指定します。','Specify the instance group to be set as the inventory of Ansible Automation Controller.',NULL,'0',_____DATE_____,1);
INSERT INTO T_COMN_MENU_COLUMN_LINK_JNL (JOURNAL_SEQ_NO,JOURNAL_REG_DATETIME,JOURNAL_ACTION_CLASS,COLUMN_DEFINITION_ID,MENU_ID,COLUMN_NAME_JA,COLUMN_NAME_EN,COLUMN_NAME_REST,COL_GROUP_ID,COLUMN_CLASS,COLUMN_DISP_SEQ,REF_TABLE_NAME,REF_PKEY_NAME,REF_COL_NAME,REF_SORT_CONDITIONS,REF_MULTI_LANG,SENSITIVE_COL_NAME,FILE_UPLOAD_PLACE,COL_NAME,SAVE_TYPE,AUTO_INPUT,INPUT_ITEM,VIEW_ITEM,UNIQUE_ITEM,REQUIRED_ITEM,AUTOREG_HIDE_ITEM,AUTOREG_ONLY_ITEM,INITIAL_VALUE,VALIDATE_OPTION,BEFORE_VALIDATE_REGISTER,AFTER_VALIDATE_REGISTER,DESCRIPTION_JA,DESCRIPTION_EN,NOTE,DISUSE_FLAG,LAST_UPDATE_TIMESTAMP,LAST_UPDATE_USER) VALUES(2010119,_____DATE_____,'INSERT','2010119','20101','インスタンスグループ名','Instance group name','instance_group_name','2010107','7',190,'T_ANSC_TWR_INSTANCE_GROUP','INSTANCE_GROUP_NAME','INSTANCE_GROUP_NAME',NULL,'0',NULL,NULL,'ANSTWR_INSTANCE_GROUP_NAME',NULL,'0','1','1','0','0','0','0',NULL,NULL,NULL,NULL,'Ansible Automation Controllerのインベントリに設定するインスタンスグループを指定します。','Specify the instance group to be set as the inventory of Ansible Automation Controller.',NULL,'0',_____DATE_____,1);
INSERT INTO T_COMN_MENU_COLUMN_LINK (COLUMN_DEFINITION_ID,MENU_ID,COLUMN_NAME_JA,COLUMN_NAME_EN,COLUMN_NAME_REST,COL_GROUP_ID,COLUMN_CLASS,COLUMN_DISP_SEQ,REF_TABLE_NAME,REF_PKEY_NAME,REF_COL_NAME,REF_SORT_CONDITIONS,REF_MULTI_LANG,SENSITIVE_COL_NAME,FILE_UPLOAD_PLACE,COL_NAME,SAVE_TYPE,AUTO_INPUT,INPUT_ITEM,VIEW_ITEM,UNIQUE_ITEM,REQUIRED_ITEM,AUTOREG_HIDE_ITEM,AUTOREG_ONLY_ITEM,INITIAL_VALUE,VALIDATE_OPTION,BEFORE_VALIDATE_REGISTER,AFTER_VALIDATE_REGISTER,DESCRIPTION_JA,DESCRIPTION_EN,NOTE,DISUSE_FLAG,LAST_UPDATE_TIMESTAMP,LAST_UPDATE_USER) VALUES('2010120','20101','接続タイプ','Connection type','connection_type','2010107','7',200,'T_ANSC_TWR_CREDENTIAL_TYPE','CREDENTIAL_TYPE_ID','CREDENTIAL_TYPE_NAME',NULL,'0',NULL,NULL,'CREDENTIAL_TYPE_ID',NULL,'0','1','1','0','1','0','0','1',NULL,NULL,NULL,'Ansible Automation Controller認証情報の接続タイプを設定します。通常はmachineを選択します。ansible_connectionをloclaに設定する必要があるネットワーク機器の場合にNetworkを選択します。','Sets the connection type for Ansible Automation Controller credentials. Basically, select machine. Select Network for network devices that require ansible_connection set to locla.',NULL,'0',_____DATE_____,1);
INSERT INTO T_COMN_MENU_COLUMN_LINK_JNL (JOURNAL_SEQ_NO,JOURNAL_REG_DATETIME,JOURNAL_ACTION_CLASS,COLUMN_DEFINITION_ID,MENU_ID,COLUMN_NAME_JA,COLUMN_NAME_EN,COLUMN_NAME_REST,COL_GROUP_ID,COLUMN_CLASS,COLUMN_DISP_SEQ,REF_TABLE_NAME,REF_PKEY_NAME,REF_COL_NAME,REF_SORT_CONDITIONS,REF_MULTI_LANG,SENSITIVE_COL_NAME,FILE_UPLOAD_PLACE,COL_NAME,SAVE_TYPE,AUTO_INPUT,INPUT_ITEM,VIEW_ITEM,UNIQUE_ITEM,REQUIRED_ITEM,AUTOREG_HIDE_ITEM,AUTOREG_ONLY_ITEM,INITIAL_VALUE,VALIDATE_OPTION,BEFORE_VALIDATE_REGISTER,AFTER_VALIDATE_REGISTER,DESCRIPTION_JA,DESCRIPTION_EN,NOTE,DISUSE_FLAG,LAST_UPDATE_TIMESTAMP,LAST_UPDATE_USER) VALUES(2010120,_____DATE_____,'INSERT','2010120','20101','接続タイプ','Connection type','connection_type','2010107','7',200,'T_ANSC_TWR_CREDENTIAL_TYPE','CREDENTIAL_TYPE_ID','CREDENTIAL_TYPE_NAME',NULL,'0',NULL,NULL,'CREDENTIAL_TYPE_ID',NULL,'0','1','1','0','1','0','0','1',NULL,NULL,NULL,'Ansible Automation Controller認証情報の接続タイプを設定します。通常はmachineを選択します。ansible_connectionをloclaに設定する必要があるネットワーク機器の場合にNetworkを選択します。','Sets the connection type for Ansible Automation Controller credentials. Basically, select machine. Select Network for network devices that require ansible_connection set to locla.',NULL,'0',_____DATE_____,1);
INSERT INTO T_COMN_MENU_COLUMN_LINK (COLUMN_DEFINITION_ID,MENU_ID,COLUMN_NAME_JA,COLUMN_NAME_EN,COLUMN_NAME_REST,COL_GROUP_ID,COLUMN_CLASS,COLUMN_DISP_SEQ,REF_TABLE_NAME,REF_PKEY_NAME,REF_COL_NAME,REF_SORT_CONDITIONS,REF_MULTI_LANG,SENSITIVE_COL_NAME,FILE_UPLOAD_PLACE,COL_NAME,SAVE_TYPE,AUTO_INPUT,INPUT_ITEM,VIEW_ITEM,UNIQUE_ITEM,REQUIRED_ITEM,AUTOREG_HIDE_ITEM,AUTOREG_ONLY_ITEM,INITIAL_VALUE,VALIDATE_OPTION,BEFORE_VALIDATE_REGISTER,AFTER_VALIDATE_REGISTER,DESCRIPTION_JA,DESCRIPTION_EN,NOTE,DISUSE_FLAG,LAST_UPDATE_TIMESTAMP,LAST_UPDATE_USER) VALUES('2010121','20101','備考','Remarks','remarks',NULL,'12',210,NULL,NULL,NULL,NULL,'0',NULL,NULL,'NOTE',NULL,'0','1','1','0','0','0','0',NULL,'{
"min_length": 0,
"max_length": 4000
}',NULL,NULL,'自由記述欄。レコードの廃止・復活時にも記載可能。','Comments section. Can comment when removing or restoring records.',NULL,'0',_____DATE_____,1);
INSERT INTO T_COMN_MENU_COLUMN_LINK_JNL (JOURNAL_SEQ_NO,JOURNAL_REG_DATETIME,JOURNAL_ACTION_CLASS,COLUMN_DEFINITION_ID,MENU_ID,COLUMN_NAME_JA,COLUMN_NAME_EN,COLUMN_NAME_REST,COL_GROUP_ID,COLUMN_CLASS,COLUMN_DISP_SEQ,REF_TABLE_NAME,REF_PKEY_NAME,REF_COL_NAME,REF_SORT_CONDITIONS,REF_MULTI_LANG,SENSITIVE_COL_NAME,FILE_UPLOAD_PLACE,COL_NAME,SAVE_TYPE,AUTO_INPUT,INPUT_ITEM,VIEW_ITEM,UNIQUE_ITEM,REQUIRED_ITEM,AUTOREG_HIDE_ITEM,AUTOREG_ONLY_ITEM,INITIAL_VALUE,VALIDATE_OPTION,BEFORE_VALIDATE_REGISTER,AFTER_VALIDATE_REGISTER,DESCRIPTION_JA,DESCRIPTION_EN,NOTE,DISUSE_FLAG,LAST_UPDATE_TIMESTAMP,LAST_UPDATE_USER) VALUES(2010121,_____DATE_____,'INSERT','2010121','20101','備考','Remarks','remarks',NULL,'12',210,NULL,NULL,NULL,NULL,'0',NULL,NULL,'NOTE',NULL,'0','1','1','0','0','0','0',NULL,'{
"min_length": 0,
"max_length": 4000
}',NULL,NULL,'自由記述欄。レコードの廃止・復活時にも記載可能。','Comments section. Can comment when removing or restoring records.',NULL,'0',_____DATE_____,1);
INSERT INTO T_COMN_MENU_COLUMN_LINK (COLUMN_DEFINITION_ID,MENU_ID,COLUMN_NAME_JA,COLUMN_NAME_EN,COLUMN_NAME_REST,COL_GROUP_ID,COLUMN_CLASS,COLUMN_DISP_SEQ,REF_TABLE_NAME,REF_PKEY_NAME,REF_COL_NAME,REF_SORT_CONDITIONS,REF_MULTI_LANG,SENSITIVE_COL_NAME,FILE_UPLOAD_PLACE,COL_NAME,SAVE_TYPE,AUTO_INPUT,INPUT_ITEM,VIEW_ITEM,UNIQUE_ITEM,REQUIRED_ITEM,AUTOREG_HIDE_ITEM,AUTOREG_ONLY_ITEM,INITIAL_VALUE,VALIDATE_OPTION,BEFORE_VALIDATE_REGISTER,AFTER_VALIDATE_REGISTER,DESCRIPTION_JA,DESCRIPTION_EN,NOTE,DISUSE_FLAG,LAST_UPDATE_TIMESTAMP,LAST_UPDATE_USER) VALUES('2010122','20101','廃止フラグ','Discard','discard',NULL,'1',220,NULL,NULL,NULL,NULL,'0',NULL,NULL,'DISUSE_FLAG',NULL,'1','1','1','0','1','0','0',NULL,NULL,NULL,NULL,'廃止フラグ。復活以外のオペレーションは不可','Discard flag. Cannot do operation other than restore.',NULL,'0',_____DATE_____,1);
INSERT INTO T_COMN_MENU_COLUMN_LINK_JNL (JOURNAL_SEQ_NO,JOURNAL_REG_DATETIME,JOURNAL_ACTION_CLASS,COLUMN_DEFINITION_ID,MENU_ID,COLUMN_NAME_JA,COLUMN_NAME_EN,COLUMN_NAME_REST,COL_GROUP_ID,COLUMN_CLASS,COLUMN_DISP_SEQ,REF_TABLE_NAME,REF_PKEY_NAME,REF_COL_NAME,REF_SORT_CONDITIONS,REF_MULTI_LANG,SENSITIVE_COL_NAME,FILE_UPLOAD_PLACE,COL_NAME,SAVE_TYPE,AUTO_INPUT,INPUT_ITEM,VIEW_ITEM,UNIQUE_ITEM,REQUIRED_ITEM,AUTOREG_HIDE_ITEM,AUTOREG_ONLY_ITEM,INITIAL_VALUE,VALIDATE_OPTION,BEFORE_VALIDATE_REGISTER,AFTER_VALIDATE_REGISTER,DESCRIPTION_JA,DESCRIPTION_EN,NOTE,DISUSE_FLAG,LAST_UPDATE_TIMESTAMP,LAST_UPDATE_USER) VALUES(2010122,_____DATE_____,'INSERT','2010122','20101','廃止フラグ','Discard','discard',NULL,'1',220,NULL,NULL,NULL,NULL,'0',NULL,NULL,'DISUSE_FLAG',NULL,'1','1','1','0','1','0','0',NULL,NULL,NULL,NULL,'廃止フラグ。復活以外のオペレーションは不可','Discard flag. Cannot do operation other than restore.',NULL,'0',_____DATE_____,1);
INSERT INTO T_COMN_MENU_COLUMN_LINK (COLUMN_DEFINITION_ID,MENU_ID,COLUMN_NAME_JA,COLUMN_NAME_EN,COLUMN_NAME_REST,COL_GROUP_ID,COLUMN_CLASS,COLUMN_DISP_SEQ,REF_TABLE_NAME,REF_PKEY_NAME,REF_COL_NAME,REF_SORT_CONDITIONS,REF_MULTI_LANG,SENSITIVE_COL_NAME,FILE_UPLOAD_PLACE,COL_NAME,SAVE_TYPE,AUTO_INPUT,INPUT_ITEM,VIEW_ITEM,UNIQUE_ITEM,REQUIRED_ITEM,AUTOREG_HIDE_ITEM,AUTOREG_ONLY_ITEM,INITIAL_VALUE,VALIDATE_OPTION,BEFORE_VALIDATE_REGISTER,AFTER_VALIDATE_REGISTER,DESCRIPTION_JA,DESCRIPTION_EN,NOTE,DISUSE_FLAG,LAST_UPDATE_TIMESTAMP,LAST_UPDATE_USER) VALUES('2010123','20101','最終更新日時','Last update date/time','last_update_date_time',NULL,'13',230,NULL,NULL,NULL,NULL,'0',NULL,NULL,'LAST_UPDATE_TIMESTAMP',NULL,'1','1','1','0','1','0','0',NULL,NULL,NULL,NULL,'レコードの最終更新日。更新可否判定に使用。自動登録のため編集不可。','Last update date of record. Useful for judging the possibility of an update. Cannot edit because of auto-numbering.',NULL,'0',_____DATE_____,1);
INSERT INTO T_COMN_MENU_COLUMN_LINK_JNL (JOURNAL_SEQ_NO,JOURNAL_REG_DATETIME,JOURNAL_ACTION_CLASS,COLUMN_DEFINITION_ID,MENU_ID,COLUMN_NAME_JA,COLUMN_NAME_EN,COLUMN_NAME_REST,COL_GROUP_ID,COLUMN_CLASS,COLUMN_DISP_SEQ,REF_TABLE_NAME,REF_PKEY_NAME,REF_COL_NAME,REF_SORT_CONDITIONS,REF_MULTI_LANG,SENSITIVE_COL_NAME,FILE_UPLOAD_PLACE,COL_NAME,SAVE_TYPE,AUTO_INPUT,INPUT_ITEM,VIEW_ITEM,UNIQUE_ITEM,REQUIRED_ITEM,AUTOREG_HIDE_ITEM,AUTOREG_ONLY_ITEM,INITIAL_VALUE,VALIDATE_OPTION,BEFORE_VALIDATE_REGISTER,AFTER_VALIDATE_REGISTER,DESCRIPTION_JA,DESCRIPTION_EN,NOTE,DISUSE_FLAG,LAST_UPDATE_TIMESTAMP,LAST_UPDATE_USER) VALUES(2010123,_____DATE_____,'INSERT','2010123','20101','最終更新日時','Last update date/time','last_update_date_time',NULL,'13',230,NULL,NULL,NULL,NULL,'0',NULL,NULL,'LAST_UPDATE_TIMESTAMP',NULL,'1','1','1','0','1','0','0',NULL,NULL,NULL,NULL,'レコードの最終更新日。更新可否判定に使用。自動登録のため編集不可。','Last update date of record. Useful for judging the possibility of an update. Cannot edit because of auto-numbering.',NULL,'0',_____DATE_____,1);
INSERT INTO T_COMN_MENU_COLUMN_LINK (COLUMN_DEFINITION_ID,MENU_ID,COLUMN_NAME_JA,COLUMN_NAME_EN,COLUMN_NAME_REST,COL_GROUP_ID,COLUMN_CLASS,COLUMN_DISP_SEQ,REF_TABLE_NAME,REF_PKEY_NAME,REF_COL_NAME,REF_SORT_CONDITIONS,REF_MULTI_LANG,SENSITIVE_COL_NAME,FILE_UPLOAD_PLACE,COL_NAME,SAVE_TYPE,AUTO_INPUT,INPUT_ITEM,VIEW_ITEM,UNIQUE_ITEM,REQUIRED_ITEM,AUTOREG_HIDE_ITEM,AUTOREG_ONLY_ITEM,INITIAL_VALUE,VALIDATE_OPTION,BEFORE_VALIDATE_REGISTER,AFTER_VALIDATE_REGISTER,DESCRIPTION_JA,DESCRIPTION_EN,NOTE,DISUSE_FLAG,LAST_UPDATE_TIMESTAMP,LAST_UPDATE_USER) VALUES('2010124','20101','最終更新者','Last updated by','last_updated_user',NULL,'14',240,NULL,NULL,NULL,NULL,'0',NULL,NULL,'LAST_UPDATE_USER',NULL,'1','1','1','0','1','0','0',NULL,NULL,NULL,NULL,'更新者。ログインユーザのIDが自動的に登録される。編集不可。','Updated by. Login user ID is automatically registered. Cannot edit.',NULL,'0',_____DATE_____,1);
INSERT INTO T_COMN_MENU_COLUMN_LINK_JNL (JOURNAL_SEQ_NO,JOURNAL_REG_DATETIME,JOURNAL_ACTION_CLASS,COLUMN_DEFINITION_ID,MENU_ID,COLUMN_NAME_JA,COLUMN_NAME_EN,COLUMN_NAME_REST,COL_GROUP_ID,COLUMN_CLASS,COLUMN_DISP_SEQ,REF_TABLE_NAME,REF_PKEY_NAME,REF_COL_NAME,REF_SORT_CONDITIONS,REF_MULTI_LANG,SENSITIVE_COL_NAME,FILE_UPLOAD_PLACE,COL_NAME,SAVE_TYPE,AUTO_INPUT,INPUT_ITEM,VIEW_ITEM,UNIQUE_ITEM,REQUIRED_ITEM,AUTOREG_HIDE_ITEM,AUTOREG_ONLY_ITEM,INITIAL_VALUE,VALIDATE_OPTION,BEFORE_VALIDATE_REGISTER,AFTER_VALIDATE_REGISTER,DESCRIPTION_JA,DESCRIPTION_EN,NOTE,DISUSE_FLAG,LAST_UPDATE_TIMESTAMP,LAST_UPDATE_USER) VALUES(2010124,_____DATE_____,'INSERT','2010124','20101','最終更新者','Last updated by','last_updated_user',NULL,'14',240,NULL,NULL,NULL,NULL,'0',NULL,NULL,'LAST_UPDATE_USER',NULL,'1','1','1','0','1','0','0',NULL,NULL,NULL,NULL,'更新者。ログインユーザのIDが自動的に登録される。編集不可。','Updated by. Login user ID is automatically registered. Cannot edit.',NULL,'0',_____DATE_____,1);
INSERT INTO T_COMN_MENU_COLUMN_LINK (COLUMN_DEFINITION_ID,MENU_ID,COLUMN_NAME_JA,COLUMN_NAME_EN,COLUMN_NAME_REST,COL_GROUP_ID,COLUMN_CLASS,COLUMN_DISP_SEQ,REF_TABLE_NAME,REF_PKEY_NAME,REF_COL_NAME,REF_SORT_CONDITIONS,REF_MULTI_LANG,SENSITIVE_COL_NAME,FILE_UPLOAD_PLACE,COL_NAME,SAVE_TYPE,AUTO_INPUT,INPUT_ITEM,VIEW_ITEM,UNIQUE_ITEM,REQUIRED_ITEM,AUTOREG_HIDE_ITEM,AUTOREG_ONLY_ITEM,INITIAL_VALUE,VALIDATE_OPTION,BEFORE_VALIDATE_REGISTER,AFTER_VALIDATE_REGISTER,DESCRIPTION_JA,DESCRIPTION_EN,NOTE,DISUSE_FLAG,LAST_UPDATE_TIMESTAMP,LAST_UPDATE_USER) VALUES('2010201','20102','項番','Item number','item_number',NULL,'1',10,NULL,NULL,NULL,NULL,'0',NULL,NULL,'ANSIBLE_IF_INFO_ID',NULL,'1','1','1','1','1','0','0',NULL,NULL,NULL,NULL,'自動採番のため編集不可。実行処理種別が【登録】の場合、空白のみ可。','Cannot edit because of auto-numbering. Must be blank when execution process type is [Register].',NULL,'0',_____DATE_____,1);
INSERT INTO T_COMN_MENU_COLUMN_LINK_JNL (JOURNAL_SEQ_NO,JOURNAL_REG_DATETIME,JOURNAL_ACTION_CLASS,COLUMN_DEFINITION_ID,MENU_ID,COLUMN_NAME_JA,COLUMN_NAME_EN,COLUMN_NAME_REST,COL_GROUP_ID,COLUMN_CLASS,COLUMN_DISP_SEQ,REF_TABLE_NAME,REF_PKEY_NAME,REF_COL_NAME,REF_SORT_CONDITIONS,REF_MULTI_LANG,SENSITIVE_COL_NAME,FILE_UPLOAD_PLACE,COL_NAME,SAVE_TYPE,AUTO_INPUT,INPUT_ITEM,VIEW_ITEM,UNIQUE_ITEM,REQUIRED_ITEM,AUTOREG_HIDE_ITEM,AUTOREG_ONLY_ITEM,INITIAL_VALUE,VALIDATE_OPTION,BEFORE_VALIDATE_REGISTER,AFTER_VALIDATE_REGISTER,DESCRIPTION_JA,DESCRIPTION_EN,NOTE,DISUSE_FLAG,LAST_UPDATE_TIMESTAMP,LAST_UPDATE_USER) VALUES(2010201,_____DATE_____,'INSERT','2010201','20102','項番','Item number','item_number',NULL,'1',10,NULL,NULL,NULL,NULL,'0',NULL,NULL,'ANSIBLE_IF_INFO_ID',NULL,'1','1','1','1','1','0','0',NULL,NULL,NULL,NULL,'自動採番のため編集不可。実行処理種別が【登録】の場合、空白のみ可。','Cannot edit because of auto-numbering. Must be blank when execution process type is [Register].',NULL,'0',_____DATE_____,1);
INSERT INTO T_COMN_MENU_COLUMN_LINK (COLUMN_DEFINITION_ID,MENU_ID,COLUMN_NAME_JA,COLUMN_NAME_EN,COLUMN_NAME_REST,COL_GROUP_ID,COLUMN_CLASS,COLUMN_DISP_SEQ,REF_TABLE_NAME,REF_PKEY_NAME,REF_COL_NAME,REF_SORT_CONDITIONS,REF_MULTI_LANG,SENSITIVE_COL_NAME,FILE_UPLOAD_PLACE,COL_NAME,SAVE_TYPE,AUTO_INPUT,INPUT_ITEM,VIEW_ITEM,UNIQUE_ITEM,REQUIRED_ITEM,AUTOREG_HIDE_ITEM,AUTOREG_ONLY_ITEM,INITIAL_VALUE,VALIDATE_OPTION,BEFORE_VALIDATE_REGISTER,AFTER_VALIDATE_REGISTER,DESCRIPTION_JA,DESCRIPTION_EN,NOTE,DISUSE_FLAG,LAST_UPDATE_TIMESTAMP,LAST_UPDATE_USER) VALUES('2010202','20102','実行エンジン','execution engine','execution_engine',NULL,'7',20,'T_ANSC_EXEC_ENGINE','ID','NAME',NULL,'0',NULL,NULL,'ANSIBLE_EXEC_MODE',NULL,'0','1','1','0','1','0','0',NULL,NULL,NULL,NULL,'実行するエンジンを3種類から選択します。
・Ansible Core
・Ansible Tower
・Ansible Automation Controller
※Ansible TowerはAnsible Automation Pratform2.0以降でAnsible Automation Controllerに変更になりました。
Ansible Core以外を選択した場合もansible-vaultコマンドを実行するAnsible Coreインターフェースの設定が必要です。','Select the execution engine.
・Ansible Core
・Ansible Tower
・Ansible Automation Controller
※Ansible Tower changed to Ansible Automation Controller in Ansible Automation Platform 2.0.
Configuring the Ansible Core interface is required in order to use ansible-vault commands, even if Ansible Core is not selected as the execution engine.',NULL,'0',_____DATE_____,1);
INSERT INTO T_COMN_MENU_COLUMN_LINK_JNL (JOURNAL_SEQ_NO,JOURNAL_REG_DATETIME,JOURNAL_ACTION_CLASS,COLUMN_DEFINITION_ID,MENU_ID,COLUMN_NAME_JA,COLUMN_NAME_EN,COLUMN_NAME_REST,COL_GROUP_ID,COLUMN_CLASS,COLUMN_DISP_SEQ,REF_TABLE_NAME,REF_PKEY_NAME,REF_COL_NAME,REF_SORT_CONDITIONS,REF_MULTI_LANG,SENSITIVE_COL_NAME,FILE_UPLOAD_PLACE,COL_NAME,SAVE_TYPE,AUTO_INPUT,INPUT_ITEM,VIEW_ITEM,UNIQUE_ITEM,REQUIRED_ITEM,AUTOREG_HIDE_ITEM,AUTOREG_ONLY_ITEM,INITIAL_VALUE,VALIDATE_OPTION,BEFORE_VALIDATE_REGISTER,AFTER_VALIDATE_REGISTER,DESCRIPTION_JA,DESCRIPTION_EN,NOTE,DISUSE_FLAG,LAST_UPDATE_TIMESTAMP,LAST_UPDATE_USER) VALUES(2010202,_____DATE_____,'INSERT','2010202','20102','実行エンジン','execution engine','execution_engine',NULL,'7',20,'T_ANSC_EXEC_ENGINE','ID','NAME',NULL,'0',NULL,NULL,'ANSIBLE_EXEC_MODE',NULL,'0','1','1','0','1','0','0',NULL,NULL,NULL,NULL,'実行するエンジンを3種類から選択します。
・Ansible Core
・Ansible Tower
・Ansible Automation Controller
※Ansible TowerはAnsible Automation Pratform2.0以降でAnsible Automation Controllerに変更になりました。
Ansible Core以外を選択した場合もansible-vaultコマンドを実行するAnsible Coreインターフェースの設定が必要です。','Select the execution engine.
・Ansible Core
・Ansible Tower
・Ansible Automation Controller
※Ansible Tower changed to Ansible Automation Controller in Ansible Automation Platform 2.0.
Configuring the Ansible Core interface is required in order to use ansible-vault commands, even if Ansible Core is not selected as the execution engine.',NULL,'0',_____DATE_____,1);
INSERT INTO T_COMN_MENU_COLUMN_LINK (COLUMN_DEFINITION_ID,MENU_ID,COLUMN_NAME_JA,COLUMN_NAME_EN,COLUMN_NAME_REST,COL_GROUP_ID,COLUMN_CLASS,COLUMN_DISP_SEQ,REF_TABLE_NAME,REF_PKEY_NAME,REF_COL_NAME,REF_SORT_CONDITIONS,REF_MULTI_LANG,SENSITIVE_COL_NAME,FILE_UPLOAD_PLACE,COL_NAME,SAVE_TYPE,AUTO_INPUT,INPUT_ITEM,VIEW_ITEM,UNIQUE_ITEM,REQUIRED_ITEM,AUTOREG_HIDE_ITEM,AUTOREG_ONLY_ITEM,INITIAL_VALUE,VALIDATE_OPTION,BEFORE_VALIDATE_REGISTER,AFTER_VALIDATE_REGISTER,DESCRIPTION_JA,DESCRIPTION_EN,NOTE,DISUSE_FLAG,LAST_UPDATE_TIMESTAMP,LAST_UPDATE_USER) VALUES('2010203','20102','ホスト','Host','host','2010201','1',30,NULL,NULL,NULL,NULL,'0',NULL,NULL,'ANSIBLE_HOSTNAME',NULL,'0','0','0','0','0','0','0',NULL,'{
"min_length": 1,
"max_length": 255
}',NULL,NULL,'Ansibleサーバのホスト名(またはIPアドレス)です。
基本的にホスト名が推奨。','It is host name (or IP address) of Ansible server. 
 * It is recommended to use host name for https communication.',NULL,'0',_____DATE_____,1);
INSERT INTO T_COMN_MENU_COLUMN_LINK_JNL (JOURNAL_SEQ_NO,JOURNAL_REG_DATETIME,JOURNAL_ACTION_CLASS,COLUMN_DEFINITION_ID,MENU_ID,COLUMN_NAME_JA,COLUMN_NAME_EN,COLUMN_NAME_REST,COL_GROUP_ID,COLUMN_CLASS,COLUMN_DISP_SEQ,REF_TABLE_NAME,REF_PKEY_NAME,REF_COL_NAME,REF_SORT_CONDITIONS,REF_MULTI_LANG,SENSITIVE_COL_NAME,FILE_UPLOAD_PLACE,COL_NAME,SAVE_TYPE,AUTO_INPUT,INPUT_ITEM,VIEW_ITEM,UNIQUE_ITEM,REQUIRED_ITEM,AUTOREG_HIDE_ITEM,AUTOREG_ONLY_ITEM,INITIAL_VALUE,VALIDATE_OPTION,BEFORE_VALIDATE_REGISTER,AFTER_VALIDATE_REGISTER,DESCRIPTION_JA,DESCRIPTION_EN,NOTE,DISUSE_FLAG,LAST_UPDATE_TIMESTAMP,LAST_UPDATE_USER) VALUES(2010203,_____DATE_____,'INSERT','2010203','20102','ホスト','Host','host','2010201','1',30,NULL,NULL,NULL,NULL,'0',NULL,NULL,'ANSIBLE_HOSTNAME',NULL,'0','0','0','0','0','0','0',NULL,'{
"min_length": 1,
"max_length": 255
}',NULL,NULL,'Ansibleサーバのホスト名(またはIPアドレス)です。
基本的にホスト名が推奨。','It is host name (or IP address) of Ansible server. 
 * It is recommended to use host name for https communication.',NULL,'0',_____DATE_____,1);
INSERT INTO T_COMN_MENU_COLUMN_LINK (COLUMN_DEFINITION_ID,MENU_ID,COLUMN_NAME_JA,COLUMN_NAME_EN,COLUMN_NAME_REST,COL_GROUP_ID,COLUMN_CLASS,COLUMN_DISP_SEQ,REF_TABLE_NAME,REF_PKEY_NAME,REF_COL_NAME,REF_SORT_CONDITIONS,REF_MULTI_LANG,SENSITIVE_COL_NAME,FILE_UPLOAD_PLACE,COL_NAME,SAVE_TYPE,AUTO_INPUT,INPUT_ITEM,VIEW_ITEM,UNIQUE_ITEM,REQUIRED_ITEM,AUTOREG_HIDE_ITEM,AUTOREG_ONLY_ITEM,INITIAL_VALUE,VALIDATE_OPTION,BEFORE_VALIDATE_REGISTER,AFTER_VALIDATE_REGISTER,DESCRIPTION_JA,DESCRIPTION_EN,NOTE,DISUSE_FLAG,LAST_UPDATE_TIMESTAMP,LAST_UPDATE_USER) VALUES('2010204','20102','プロトコル','Protocol','ansible_core_protocol','2010201','1',40,NULL,NULL,NULL,NULL,'0',NULL,NULL,'ANSIBLE_PROTOCOL',NULL,'0','0','0','0','0','0','0',NULL,'{
"min_length": 1,
"max_length": 8
}',NULL,NULL,'http/httpsのいずれかです。
通常はhttpsです。','Enter http or https.
recommended value is https.',NULL,'0',_____DATE_____,1);
INSERT INTO T_COMN_MENU_COLUMN_LINK_JNL (JOURNAL_SEQ_NO,JOURNAL_REG_DATETIME,JOURNAL_ACTION_CLASS,COLUMN_DEFINITION_ID,MENU_ID,COLUMN_NAME_JA,COLUMN_NAME_EN,COLUMN_NAME_REST,COL_GROUP_ID,COLUMN_CLASS,COLUMN_DISP_SEQ,REF_TABLE_NAME,REF_PKEY_NAME,REF_COL_NAME,REF_SORT_CONDITIONS,REF_MULTI_LANG,SENSITIVE_COL_NAME,FILE_UPLOAD_PLACE,COL_NAME,SAVE_TYPE,AUTO_INPUT,INPUT_ITEM,VIEW_ITEM,UNIQUE_ITEM,REQUIRED_ITEM,AUTOREG_HIDE_ITEM,AUTOREG_ONLY_ITEM,INITIAL_VALUE,VALIDATE_OPTION,BEFORE_VALIDATE_REGISTER,AFTER_VALIDATE_REGISTER,DESCRIPTION_JA,DESCRIPTION_EN,NOTE,DISUSE_FLAG,LAST_UPDATE_TIMESTAMP,LAST_UPDATE_USER) VALUES(2010204,_____DATE_____,'INSERT','2010204','20102','プロトコル','Protocol','ansible_core_protocol','2010201','1',40,NULL,NULL,NULL,NULL,'0',NULL,NULL,'ANSIBLE_PROTOCOL',NULL,'0','0','0','0','0','0','0',NULL,'{
"min_length": 1,
"max_length": 8
}',NULL,NULL,'http/httpsのいずれかです。
通常はhttpsです。','Enter http or https.
recommended value is https.',NULL,'0',_____DATE_____,1);
INSERT INTO T_COMN_MENU_COLUMN_LINK (COLUMN_DEFINITION_ID,MENU_ID,COLUMN_NAME_JA,COLUMN_NAME_EN,COLUMN_NAME_REST,COL_GROUP_ID,COLUMN_CLASS,COLUMN_DISP_SEQ,REF_TABLE_NAME,REF_PKEY_NAME,REF_COL_NAME,REF_SORT_CONDITIONS,REF_MULTI_LANG,SENSITIVE_COL_NAME,FILE_UPLOAD_PLACE,COL_NAME,SAVE_TYPE,AUTO_INPUT,INPUT_ITEM,VIEW_ITEM,UNIQUE_ITEM,REQUIRED_ITEM,AUTOREG_HIDE_ITEM,AUTOREG_ONLY_ITEM,INITIAL_VALUE,VALIDATE_OPTION,BEFORE_VALIDATE_REGISTER,AFTER_VALIDATE_REGISTER,DESCRIPTION_JA,DESCRIPTION_EN,NOTE,DISUSE_FLAG,LAST_UPDATE_TIMESTAMP,LAST_UPDATE_USER) VALUES('2010205','20102','ポート','Port','ansible_core_port','2010201','3',50,NULL,NULL,NULL,NULL,'0',NULL,NULL,'ANSIBLE_PORT',NULL,'0','0','0','0','0','0','0',NULL,'{
"int_min": 0,
"int_max": 65535
}',NULL,NULL,'Ansibleサーバの接続ポートです。
通常はhttpの場合:80httpsの場合443です。','Ansible server connection port.
Normal is 80 for http and 443 for https.',NULL,'0',_____DATE_____,1);
INSERT INTO T_COMN_MENU_COLUMN_LINK_JNL (JOURNAL_SEQ_NO,JOURNAL_REG_DATETIME,JOURNAL_ACTION_CLASS,COLUMN_DEFINITION_ID,MENU_ID,COLUMN_NAME_JA,COLUMN_NAME_EN,COLUMN_NAME_REST,COL_GROUP_ID,COLUMN_CLASS,COLUMN_DISP_SEQ,REF_TABLE_NAME,REF_PKEY_NAME,REF_COL_NAME,REF_SORT_CONDITIONS,REF_MULTI_LANG,SENSITIVE_COL_NAME,FILE_UPLOAD_PLACE,COL_NAME,SAVE_TYPE,AUTO_INPUT,INPUT_ITEM,VIEW_ITEM,UNIQUE_ITEM,REQUIRED_ITEM,AUTOREG_HIDE_ITEM,AUTOREG_ONLY_ITEM,INITIAL_VALUE,VALIDATE_OPTION,BEFORE_VALIDATE_REGISTER,AFTER_VALIDATE_REGISTER,DESCRIPTION_JA,DESCRIPTION_EN,NOTE,DISUSE_FLAG,LAST_UPDATE_TIMESTAMP,LAST_UPDATE_USER) VALUES(2010205,_____DATE_____,'INSERT','2010205','20102','ポート','Port','ansible_core_port','2010201','3',50,NULL,NULL,NULL,NULL,'0',NULL,NULL,'ANSIBLE_PORT',NULL,'0','0','0','0','0','0','0',NULL,'{
"int_min": 0,
"int_max": 65535
}',NULL,NULL,'Ansibleサーバの接続ポートです。
通常はhttpの場合:80httpsの場合443です。','Ansible server connection port.
Normal is 80 for http and 443 for https.',NULL,'0',_____DATE_____,1);
INSERT INTO T_COMN_MENU_COLUMN_LINK (COLUMN_DEFINITION_ID,MENU_ID,COLUMN_NAME_JA,COLUMN_NAME_EN,COLUMN_NAME_REST,COL_GROUP_ID,COLUMN_CLASS,COLUMN_DISP_SEQ,REF_TABLE_NAME,REF_PKEY_NAME,REF_COL_NAME,REF_SORT_CONDITIONS,REF_MULTI_LANG,SENSITIVE_COL_NAME,FILE_UPLOAD_PLACE,COL_NAME,SAVE_TYPE,AUTO_INPUT,INPUT_ITEM,VIEW_ITEM,UNIQUE_ITEM,REQUIRED_ITEM,AUTOREG_HIDE_ITEM,AUTOREG_ONLY_ITEM,INITIAL_VALUE,VALIDATE_OPTION,BEFORE_VALIDATE_REGISTER,AFTER_VALIDATE_REGISTER,DESCRIPTION_JA,DESCRIPTION_EN,NOTE,DISUSE_FLAG,LAST_UPDATE_TIMESTAMP,LAST_UPDATE_USER) VALUES('2010206','20102','実行ユーザー','Execution user','execution_user','2010201','1',60,NULL,NULL,NULL,NULL,'0',NULL,NULL,'ANSIBLE_EXEC_USER',NULL,'0','0','0','0','0','0','0',NULL,'{
"min_length": 0,
"max_length": 255
}',NULL,NULL,'sudoコマンドでansible-playbookコマンドを実行するときの実行ユーザーです。
未入力の場合の実行ユーザーはrootです。','Set the execution user when ansible-playbook command\' is executed by sudo command.
If not entered, the execution user is root.',NULL,'0',_____DATE_____,1);
INSERT INTO T_COMN_MENU_COLUMN_LINK_JNL (JOURNAL_SEQ_NO,JOURNAL_REG_DATETIME,JOURNAL_ACTION_CLASS,COLUMN_DEFINITION_ID,MENU_ID,COLUMN_NAME_JA,COLUMN_NAME_EN,COLUMN_NAME_REST,COL_GROUP_ID,COLUMN_CLASS,COLUMN_DISP_SEQ,REF_TABLE_NAME,REF_PKEY_NAME,REF_COL_NAME,REF_SORT_CONDITIONS,REF_MULTI_LANG,SENSITIVE_COL_NAME,FILE_UPLOAD_PLACE,COL_NAME,SAVE_TYPE,AUTO_INPUT,INPUT_ITEM,VIEW_ITEM,UNIQUE_ITEM,REQUIRED_ITEM,AUTOREG_HIDE_ITEM,AUTOREG_ONLY_ITEM,INITIAL_VALUE,VALIDATE_OPTION,BEFORE_VALIDATE_REGISTER,AFTER_VALIDATE_REGISTER,DESCRIPTION_JA,DESCRIPTION_EN,NOTE,DISUSE_FLAG,LAST_UPDATE_TIMESTAMP,LAST_UPDATE_USER) VALUES(2010206,_____DATE_____,'INSERT','2010206','20102','実行ユーザー','Execution user','execution_user','2010201','1',60,NULL,NULL,NULL,NULL,'0',NULL,NULL,'ANSIBLE_EXEC_USER',NULL,'0','0','0','0','0','0','0',NULL,'{
"min_length": 0,
"max_length": 255
}',NULL,NULL,'sudoコマンドでansible-playbookコマンドを実行するときの実行ユーザーです。
未入力の場合の実行ユーザーはrootです。','Set the execution user when ansible-playbook command\' is executed by sudo command.
If not entered, the execution user is root.',NULL,'0',_____DATE_____,1);
INSERT INTO T_COMN_MENU_COLUMN_LINK (COLUMN_DEFINITION_ID,MENU_ID,COLUMN_NAME_JA,COLUMN_NAME_EN,COLUMN_NAME_REST,COL_GROUP_ID,COLUMN_CLASS,COLUMN_DISP_SEQ,REF_TABLE_NAME,REF_PKEY_NAME,REF_COL_NAME,REF_SORT_CONDITIONS,REF_MULTI_LANG,SENSITIVE_COL_NAME,FILE_UPLOAD_PLACE,COL_NAME,SAVE_TYPE,AUTO_INPUT,INPUT_ITEM,VIEW_ITEM,UNIQUE_ITEM,REQUIRED_ITEM,AUTOREG_HIDE_ITEM,AUTOREG_ONLY_ITEM,INITIAL_VALUE,VALIDATE_OPTION,BEFORE_VALIDATE_REGISTER,AFTER_VALIDATE_REGISTER,DESCRIPTION_JA,DESCRIPTION_EN,NOTE,DISUSE_FLAG,LAST_UPDATE_TIMESTAMP,LAST_UPDATE_USER) VALUES('2010207','20102','Access_key_id','Access_key_id','access_key_id','2010201','1',70,NULL,NULL,NULL,NULL,'0',NULL,NULL,'ANSIBLE_ACCESS_KEY_ID',NULL,'0','0','0','0','0','0','0',NULL,'{
"min_length": 1,
"max_length": 64
}',NULL,NULL,'Ansibleサーバ接続時の認証に使用するアクセスキーIDです。','Access Key ID that is used for authentication to connect with the Ansible server.',NULL,'0',_____DATE_____,1);
INSERT INTO T_COMN_MENU_COLUMN_LINK_JNL (JOURNAL_SEQ_NO,JOURNAL_REG_DATETIME,JOURNAL_ACTION_CLASS,COLUMN_DEFINITION_ID,MENU_ID,COLUMN_NAME_JA,COLUMN_NAME_EN,COLUMN_NAME_REST,COL_GROUP_ID,COLUMN_CLASS,COLUMN_DISP_SEQ,REF_TABLE_NAME,REF_PKEY_NAME,REF_COL_NAME,REF_SORT_CONDITIONS,REF_MULTI_LANG,SENSITIVE_COL_NAME,FILE_UPLOAD_PLACE,COL_NAME,SAVE_TYPE,AUTO_INPUT,INPUT_ITEM,VIEW_ITEM,UNIQUE_ITEM,REQUIRED_ITEM,AUTOREG_HIDE_ITEM,AUTOREG_ONLY_ITEM,INITIAL_VALUE,VALIDATE_OPTION,BEFORE_VALIDATE_REGISTER,AFTER_VALIDATE_REGISTER,DESCRIPTION_JA,DESCRIPTION_EN,NOTE,DISUSE_FLAG,LAST_UPDATE_TIMESTAMP,LAST_UPDATE_USER) VALUES(2010207,_____DATE_____,'INSERT','2010207','20102','Access_key_id','Access_key_id','access_key_id','2010201','1',70,NULL,NULL,NULL,NULL,'0',NULL,NULL,'ANSIBLE_ACCESS_KEY_ID',NULL,'0','0','0','0','0','0','0',NULL,'{
"min_length": 1,
"max_length": 64
}',NULL,NULL,'Ansibleサーバ接続時の認証に使用するアクセスキーIDです。','Access Key ID that is used for authentication to connect with the Ansible server.',NULL,'0',_____DATE_____,1);
INSERT INTO T_COMN_MENU_COLUMN_LINK (COLUMN_DEFINITION_ID,MENU_ID,COLUMN_NAME_JA,COLUMN_NAME_EN,COLUMN_NAME_REST,COL_GROUP_ID,COLUMN_CLASS,COLUMN_DISP_SEQ,REF_TABLE_NAME,REF_PKEY_NAME,REF_COL_NAME,REF_SORT_CONDITIONS,REF_MULTI_LANG,SENSITIVE_COL_NAME,FILE_UPLOAD_PLACE,COL_NAME,SAVE_TYPE,AUTO_INPUT,INPUT_ITEM,VIEW_ITEM,UNIQUE_ITEM,REQUIRED_ITEM,AUTOREG_HIDE_ITEM,AUTOREG_ONLY_ITEM,INITIAL_VALUE,VALIDATE_OPTION,BEFORE_VALIDATE_REGISTER,AFTER_VALIDATE_REGISTER,DESCRIPTION_JA,DESCRIPTION_EN,NOTE,DISUSE_FLAG,LAST_UPDATE_TIMESTAMP,LAST_UPDATE_USER) VALUES('2010208','20102','Secret_access_key','Secret_access_key','secret_access_key','2010201','8',80,NULL,NULL,NULL,NULL,'0',NULL,NULL,'ANSIBLE_SECRET_ACCESS_KEY',NULL,'0','0','0','0','0','0','0',NULL,'{
"min_length": 1,
"max_length": 64
}',NULL,NULL,'Ansibleサーバ接続時の認証に使用するシークレットアクセスキーです。','Secret access key that is used for authentication to connect with the Ansible server.',NULL,'0',_____DATE_____,1);
INSERT INTO T_COMN_MENU_COLUMN_LINK_JNL (JOURNAL_SEQ_NO,JOURNAL_REG_DATETIME,JOURNAL_ACTION_CLASS,COLUMN_DEFINITION_ID,MENU_ID,COLUMN_NAME_JA,COLUMN_NAME_EN,COLUMN_NAME_REST,COL_GROUP_ID,COLUMN_CLASS,COLUMN_DISP_SEQ,REF_TABLE_NAME,REF_PKEY_NAME,REF_COL_NAME,REF_SORT_CONDITIONS,REF_MULTI_LANG,SENSITIVE_COL_NAME,FILE_UPLOAD_PLACE,COL_NAME,SAVE_TYPE,AUTO_INPUT,INPUT_ITEM,VIEW_ITEM,UNIQUE_ITEM,REQUIRED_ITEM,AUTOREG_HIDE_ITEM,AUTOREG_ONLY_ITEM,INITIAL_VALUE,VALIDATE_OPTION,BEFORE_VALIDATE_REGISTER,AFTER_VALIDATE_REGISTER,DESCRIPTION_JA,DESCRIPTION_EN,NOTE,DISUSE_FLAG,LAST_UPDATE_TIMESTAMP,LAST_UPDATE_USER) VALUES(2010208,_____DATE_____,'INSERT','2010208','20102','Secret_access_key','Secret_access_key','secret_access_key','2010201','8',80,NULL,NULL,NULL,NULL,'0',NULL,NULL,'ANSIBLE_SECRET_ACCESS_KEY',NULL,'0','0','0','0','0','0','0',NULL,'{
"min_length": 1,
"max_length": 64
}',NULL,NULL,'Ansibleサーバ接続時の認証に使用するシークレットアクセスキーです。','Secret access key that is used for authentication to connect with the Ansible server.',NULL,'0',_____DATE_____,1);
INSERT INTO T_COMN_MENU_COLUMN_LINK (COLUMN_DEFINITION_ID,MENU_ID,COLUMN_NAME_JA,COLUMN_NAME_EN,COLUMN_NAME_REST,COL_GROUP_ID,COLUMN_CLASS,COLUMN_DISP_SEQ,REF_TABLE_NAME,REF_PKEY_NAME,REF_COL_NAME,REF_SORT_CONDITIONS,REF_MULTI_LANG,SENSITIVE_COL_NAME,FILE_UPLOAD_PLACE,COL_NAME,SAVE_TYPE,AUTO_INPUT,INPUT_ITEM,VIEW_ITEM,UNIQUE_ITEM,REQUIRED_ITEM,AUTOREG_HIDE_ITEM,AUTOREG_ONLY_ITEM,INITIAL_VALUE,VALIDATE_OPTION,BEFORE_VALIDATE_REGISTER,AFTER_VALIDATE_REGISTER,DESCRIPTION_JA,DESCRIPTION_EN,NOTE,DISUSE_FLAG,LAST_UPDATE_TIMESTAMP,LAST_UPDATE_USER) VALUES('2010209','20102','代表ホスト','Representative server','representative_server','2010202','7',90,'V_ANSC_HOST','ANSTWR_HOST_ID','ANSTWR_HOSTNAME',NULL,'0',NULL,NULL,'ANSTWR_HOST_ID',NULL,'0','1','1','0','0','0','0',NULL,NULL,NULL,NULL,'ITAと接続するAnsible Automation Controllerのホスト名です。
Ansible Automation Controllerホスト一覧に登録されているAnsible Automation Controllerのホストより選択します。','The host name of the ansible tower that connects to ITA.\Select from the hosts of ansible tower registered in ansible tower host list.',NULL,'0',_____DATE_____,1);
INSERT INTO T_COMN_MENU_COLUMN_LINK_JNL (JOURNAL_SEQ_NO,JOURNAL_REG_DATETIME,JOURNAL_ACTION_CLASS,COLUMN_DEFINITION_ID,MENU_ID,COLUMN_NAME_JA,COLUMN_NAME_EN,COLUMN_NAME_REST,COL_GROUP_ID,COLUMN_CLASS,COLUMN_DISP_SEQ,REF_TABLE_NAME,REF_PKEY_NAME,REF_COL_NAME,REF_SORT_CONDITIONS,REF_MULTI_LANG,SENSITIVE_COL_NAME,FILE_UPLOAD_PLACE,COL_NAME,SAVE_TYPE,AUTO_INPUT,INPUT_ITEM,VIEW_ITEM,UNIQUE_ITEM,REQUIRED_ITEM,AUTOREG_HIDE_ITEM,AUTOREG_ONLY_ITEM,INITIAL_VALUE,VALIDATE_OPTION,BEFORE_VALIDATE_REGISTER,AFTER_VALIDATE_REGISTER,DESCRIPTION_JA,DESCRIPTION_EN,NOTE,DISUSE_FLAG,LAST_UPDATE_TIMESTAMP,LAST_UPDATE_USER) VALUES(2010209,_____DATE_____,'INSERT','2010209','20102','代表ホスト','Representative server','representative_server','2010202','7',90,'V_ANSC_HOST','ANSTWR_HOST_ID','ANSTWR_HOSTNAME',NULL,'0',NULL,NULL,'ANSTWR_HOST_ID',NULL,'0','1','1','0','0','0','0',NULL,NULL,NULL,NULL,'ITAと接続するAnsible Automation Controllerのホスト名です。
Ansible Automation Controllerホスト一覧に登録されているAnsible Automation Controllerのホストより選択します。','The host name of the ansible tower that connects to ITA.\Select from the hosts of ansible tower registered in ansible tower host list.',NULL,'0',_____DATE_____,1);
INSERT INTO T_COMN_MENU_COLUMN_LINK (COLUMN_DEFINITION_ID,MENU_ID,COLUMN_NAME_JA,COLUMN_NAME_EN,COLUMN_NAME_REST,COL_GROUP_ID,COLUMN_CLASS,COLUMN_DISP_SEQ,REF_TABLE_NAME,REF_PKEY_NAME,REF_COL_NAME,REF_SORT_CONDITIONS,REF_MULTI_LANG,SENSITIVE_COL_NAME,FILE_UPLOAD_PLACE,COL_NAME,SAVE_TYPE,AUTO_INPUT,INPUT_ITEM,VIEW_ITEM,UNIQUE_ITEM,REQUIRED_ITEM,AUTOREG_HIDE_ITEM,AUTOREG_ONLY_ITEM,INITIAL_VALUE,VALIDATE_OPTION,BEFORE_VALIDATE_REGISTER,AFTER_VALIDATE_REGISTER,DESCRIPTION_JA,DESCRIPTION_EN,NOTE,DISUSE_FLAG,LAST_UPDATE_TIMESTAMP,LAST_UPDATE_USER) VALUES('2010210','20102','プロトコル','Protocol','ansible_automation_controller_protocol','2010202','1',100,NULL,NULL,NULL,NULL,'0',NULL,NULL,'ANSTWR_PROTOCOL',NULL,'0','1','1','0','0','0','0',NULL,'{
"min_length": 0,
"max_length": 8
}',NULL,NULL,'http/httpsのいずれかです。
通常はhttpsです。','Enter http or https.
recommended value is https.',NULL,'0',_____DATE_____,1);
INSERT INTO T_COMN_MENU_COLUMN_LINK_JNL (JOURNAL_SEQ_NO,JOURNAL_REG_DATETIME,JOURNAL_ACTION_CLASS,COLUMN_DEFINITION_ID,MENU_ID,COLUMN_NAME_JA,COLUMN_NAME_EN,COLUMN_NAME_REST,COL_GROUP_ID,COLUMN_CLASS,COLUMN_DISP_SEQ,REF_TABLE_NAME,REF_PKEY_NAME,REF_COL_NAME,REF_SORT_CONDITIONS,REF_MULTI_LANG,SENSITIVE_COL_NAME,FILE_UPLOAD_PLACE,COL_NAME,SAVE_TYPE,AUTO_INPUT,INPUT_ITEM,VIEW_ITEM,UNIQUE_ITEM,REQUIRED_ITEM,AUTOREG_HIDE_ITEM,AUTOREG_ONLY_ITEM,INITIAL_VALUE,VALIDATE_OPTION,BEFORE_VALIDATE_REGISTER,AFTER_VALIDATE_REGISTER,DESCRIPTION_JA,DESCRIPTION_EN,NOTE,DISUSE_FLAG,LAST_UPDATE_TIMESTAMP,LAST_UPDATE_USER) VALUES(2010210,_____DATE_____,'INSERT','2010210','20102','プロトコル','Protocol','ansible_automation_controller_protocol','2010202','1',100,NULL,NULL,NULL,NULL,'0',NULL,NULL,'ANSTWR_PROTOCOL',NULL,'0','1','1','0','0','0','0',NULL,'{
"min_length": 0,
"max_length": 8
}',NULL,NULL,'http/httpsのいずれかです。
通常はhttpsです。','Enter http or https.
recommended value is https.',NULL,'0',_____DATE_____,1);
INSERT INTO T_COMN_MENU_COLUMN_LINK (COLUMN_DEFINITION_ID,MENU_ID,COLUMN_NAME_JA,COLUMN_NAME_EN,COLUMN_NAME_REST,COL_GROUP_ID,COLUMN_CLASS,COLUMN_DISP_SEQ,REF_TABLE_NAME,REF_PKEY_NAME,REF_COL_NAME,REF_SORT_CONDITIONS,REF_MULTI_LANG,SENSITIVE_COL_NAME,FILE_UPLOAD_PLACE,COL_NAME,SAVE_TYPE,AUTO_INPUT,INPUT_ITEM,VIEW_ITEM,UNIQUE_ITEM,REQUIRED_ITEM,AUTOREG_HIDE_ITEM,AUTOREG_ONLY_ITEM,INITIAL_VALUE,VALIDATE_OPTION,BEFORE_VALIDATE_REGISTER,AFTER_VALIDATE_REGISTER,DESCRIPTION_JA,DESCRIPTION_EN,NOTE,DISUSE_FLAG,LAST_UPDATE_TIMESTAMP,LAST_UPDATE_USER) VALUES('2010211','20102','ポート','Port','ansible_automation_controller_port','2010202','3',110,NULL,NULL,NULL,NULL,'0',NULL,NULL,'ANSTWR_PORT',NULL,'0','1','1','0','0','0','0',NULL,'{
"int_min": 0,
"int_max": 65535
}',NULL,NULL,'Ansible Automation Controllerサーバの接続ポートです。
通常は443です。','Ansible Automation Controller server connection port.
Normal is 443.',NULL,'0',_____DATE_____,1);
INSERT INTO T_COMN_MENU_COLUMN_LINK_JNL (JOURNAL_SEQ_NO,JOURNAL_REG_DATETIME,JOURNAL_ACTION_CLASS,COLUMN_DEFINITION_ID,MENU_ID,COLUMN_NAME_JA,COLUMN_NAME_EN,COLUMN_NAME_REST,COL_GROUP_ID,COLUMN_CLASS,COLUMN_DISP_SEQ,REF_TABLE_NAME,REF_PKEY_NAME,REF_COL_NAME,REF_SORT_CONDITIONS,REF_MULTI_LANG,SENSITIVE_COL_NAME,FILE_UPLOAD_PLACE,COL_NAME,SAVE_TYPE,AUTO_INPUT,INPUT_ITEM,VIEW_ITEM,UNIQUE_ITEM,REQUIRED_ITEM,AUTOREG_HIDE_ITEM,AUTOREG_ONLY_ITEM,INITIAL_VALUE,VALIDATE_OPTION,BEFORE_VALIDATE_REGISTER,AFTER_VALIDATE_REGISTER,DESCRIPTION_JA,DESCRIPTION_EN,NOTE,DISUSE_FLAG,LAST_UPDATE_TIMESTAMP,LAST_UPDATE_USER) VALUES(2010211,_____DATE_____,'INSERT','2010211','20102','ポート','Port','ansible_automation_controller_port','2010202','3',110,NULL,NULL,NULL,NULL,'0',NULL,NULL,'ANSTWR_PORT',NULL,'0','1','1','0','0','0','0',NULL,'{
"int_min": 0,
"int_max": 65535
}',NULL,NULL,'Ansible Automation Controllerサーバの接続ポートです。
通常は443です。','Ansible Automation Controller server connection port.
Normal is 443.',NULL,'0',_____DATE_____,1);
INSERT INTO T_COMN_MENU_COLUMN_LINK (COLUMN_DEFINITION_ID,MENU_ID,COLUMN_NAME_JA,COLUMN_NAME_EN,COLUMN_NAME_REST,COL_GROUP_ID,COLUMN_CLASS,COLUMN_DISP_SEQ,REF_TABLE_NAME,REF_PKEY_NAME,REF_COL_NAME,REF_SORT_CONDITIONS,REF_MULTI_LANG,SENSITIVE_COL_NAME,FILE_UPLOAD_PLACE,COL_NAME,SAVE_TYPE,AUTO_INPUT,INPUT_ITEM,VIEW_ITEM,UNIQUE_ITEM,REQUIRED_ITEM,AUTOREG_HIDE_ITEM,AUTOREG_ONLY_ITEM,INITIAL_VALUE,VALIDATE_OPTION,BEFORE_VALIDATE_REGISTER,AFTER_VALIDATE_REGISTER,DESCRIPTION_JA,DESCRIPTION_EN,NOTE,DISUSE_FLAG,LAST_UPDATE_TIMESTAMP,LAST_UPDATE_USER) VALUES('2010212','20102','組織名','Organization name','organization_name','2010202','7',120,'T_ANSC_TWR_ORGANIZATION','ORGANIZATION_NAME','ORGANIZATION_NAME',NULL,'0',NULL,NULL,'ANSTWR_ORGANIZATION',NULL,'0','1','1','0','0','0','0',NULL,NULL,NULL,NULL,'Ansible Automation Controllerに登録されている組織名を入力します。','Enter the Organization name registered in Ansible Automation Controller.',NULL,'0',_____DATE_____,1);
INSERT INTO T_COMN_MENU_COLUMN_LINK_JNL (JOURNAL_SEQ_NO,JOURNAL_REG_DATETIME,JOURNAL_ACTION_CLASS,COLUMN_DEFINITION_ID,MENU_ID,COLUMN_NAME_JA,COLUMN_NAME_EN,COLUMN_NAME_REST,COL_GROUP_ID,COLUMN_CLASS,COLUMN_DISP_SEQ,REF_TABLE_NAME,REF_PKEY_NAME,REF_COL_NAME,REF_SORT_CONDITIONS,REF_MULTI_LANG,SENSITIVE_COL_NAME,FILE_UPLOAD_PLACE,COL_NAME,SAVE_TYPE,AUTO_INPUT,INPUT_ITEM,VIEW_ITEM,UNIQUE_ITEM,REQUIRED_ITEM,AUTOREG_HIDE_ITEM,AUTOREG_ONLY_ITEM,INITIAL_VALUE,VALIDATE_OPTION,BEFORE_VALIDATE_REGISTER,AFTER_VALIDATE_REGISTER,DESCRIPTION_JA,DESCRIPTION_EN,NOTE,DISUSE_FLAG,LAST_UPDATE_TIMESTAMP,LAST_UPDATE_USER) VALUES(2010212,_____DATE_____,'INSERT','2010212','20102','組織名','Organization name','organization_name','2010202','7',120,'T_ANSC_TWR_ORGANIZATION','ORGANIZATION_NAME','ORGANIZATION_NAME',NULL,'0',NULL,NULL,'ANSTWR_ORGANIZATION',NULL,'0','1','1','0','0','0','0',NULL,NULL,NULL,NULL,'Ansible Automation Controllerに登録されている組織名を入力します。','Enter the Organization name registered in Ansible Automation Controller.',NULL,'0',_____DATE_____,1);
INSERT INTO T_COMN_MENU_COLUMN_LINK (COLUMN_DEFINITION_ID,MENU_ID,COLUMN_NAME_JA,COLUMN_NAME_EN,COLUMN_NAME_REST,COL_GROUP_ID,COLUMN_CLASS,COLUMN_DISP_SEQ,REF_TABLE_NAME,REF_PKEY_NAME,REF_COL_NAME,REF_SORT_CONDITIONS,REF_MULTI_LANG,SENSITIVE_COL_NAME,FILE_UPLOAD_PLACE,COL_NAME,SAVE_TYPE,AUTO_INPUT,INPUT_ITEM,VIEW_ITEM,UNIQUE_ITEM,REQUIRED_ITEM,AUTOREG_HIDE_ITEM,AUTOREG_ONLY_ITEM,INITIAL_VALUE,VALIDATE_OPTION,BEFORE_VALIDATE_REGISTER,AFTER_VALIDATE_REGISTER,DESCRIPTION_JA,DESCRIPTION_EN,NOTE,DISUSE_FLAG,LAST_UPDATE_TIMESTAMP,LAST_UPDATE_USER) VALUES('2010213','20102','認証トークン','Authentication token','authentication_token','2010202','8',130,NULL,NULL,NULL,NULL,'0',NULL,NULL,'ANSTWR_AUTH_TOKEN',NULL,'0','1','1','0','0','0','0',NULL,'{
"min_length": 0,
"max_length": 255
}',NULL,NULL,'ITAからRestAPIでAnsible Automation Controllerに接続するユーザーの認証トークンです。','A user authentication token for connecting to Ansible Automation Controller from astrol using RestAPI. Enter the token generated by Ansible Automation Controller. Enter the token generated by Ansible Automation Controller.',NULL,'0',_____DATE_____,1);
INSERT INTO T_COMN_MENU_COLUMN_LINK_JNL (JOURNAL_SEQ_NO,JOURNAL_REG_DATETIME,JOURNAL_ACTION_CLASS,COLUMN_DEFINITION_ID,MENU_ID,COLUMN_NAME_JA,COLUMN_NAME_EN,COLUMN_NAME_REST,COL_GROUP_ID,COLUMN_CLASS,COLUMN_DISP_SEQ,REF_TABLE_NAME,REF_PKEY_NAME,REF_COL_NAME,REF_SORT_CONDITIONS,REF_MULTI_LANG,SENSITIVE_COL_NAME,FILE_UPLOAD_PLACE,COL_NAME,SAVE_TYPE,AUTO_INPUT,INPUT_ITEM,VIEW_ITEM,UNIQUE_ITEM,REQUIRED_ITEM,AUTOREG_HIDE_ITEM,AUTOREG_ONLY_ITEM,INITIAL_VALUE,VALIDATE_OPTION,BEFORE_VALIDATE_REGISTER,AFTER_VALIDATE_REGISTER,DESCRIPTION_JA,DESCRIPTION_EN,NOTE,DISUSE_FLAG,LAST_UPDATE_TIMESTAMP,LAST_UPDATE_USER) VALUES(2010213,_____DATE_____,'INSERT','2010213','20102','認証トークン','Authentication token','authentication_token','2010202','8',130,NULL,NULL,NULL,NULL,'0',NULL,NULL,'ANSTWR_AUTH_TOKEN',NULL,'0','1','1','0','0','0','0',NULL,'{
"min_length": 0,
"max_length": 255
}',NULL,NULL,'ITAからRestAPIでAnsible Automation Controllerに接続するユーザーの認証トークンです。','A user authentication token for connecting to Ansible Automation Controller from astrol using RestAPI. Enter the token generated by Ansible Automation Controller. Enter the token generated by Ansible Automation Controller.',NULL,'0',_____DATE_____,1);
INSERT INTO T_COMN_MENU_COLUMN_LINK (COLUMN_DEFINITION_ID,MENU_ID,COLUMN_NAME_JA,COLUMN_NAME_EN,COLUMN_NAME_REST,COL_GROUP_ID,COLUMN_CLASS,COLUMN_DISP_SEQ,REF_TABLE_NAME,REF_PKEY_NAME,REF_COL_NAME,REF_SORT_CONDITIONS,REF_MULTI_LANG,SENSITIVE_COL_NAME,FILE_UPLOAD_PLACE,COL_NAME,SAVE_TYPE,AUTO_INPUT,INPUT_ITEM,VIEW_ITEM,UNIQUE_ITEM,REQUIRED_ITEM,AUTOREG_HIDE_ITEM,AUTOREG_ONLY_ITEM,INITIAL_VALUE,VALIDATE_OPTION,BEFORE_VALIDATE_REGISTER,AFTER_VALIDATE_REGISTER,DESCRIPTION_JA,DESCRIPTION_EN,NOTE,DISUSE_FLAG,LAST_UPDATE_TIMESTAMP,LAST_UPDATE_USER) VALUES('2010214','20102','実行時データ削除','Delete runtime data','delete_runtime_data','2010202','7',140,'T_COMN_BOOLEAN_FLAG','FLAG_ID','FLAG_NAME',NULL,'0',NULL,NULL,'ANSTWR_DEL_RUNTIME_DATA',NULL,'0','1','1','0','0','0','0',NULL,NULL,NULL,NULL,'Ansible Automation Controllerに作成される一時オブジェクトを削除するかを選択します。','Select whether to delete temporary objects created in Ansible Tower.',NULL,'0',_____DATE_____,1);
INSERT INTO T_COMN_MENU_COLUMN_LINK_JNL (JOURNAL_SEQ_NO,JOURNAL_REG_DATETIME,JOURNAL_ACTION_CLASS,COLUMN_DEFINITION_ID,MENU_ID,COLUMN_NAME_JA,COLUMN_NAME_EN,COLUMN_NAME_REST,COL_GROUP_ID,COLUMN_CLASS,COLUMN_DISP_SEQ,REF_TABLE_NAME,REF_PKEY_NAME,REF_COL_NAME,REF_SORT_CONDITIONS,REF_MULTI_LANG,SENSITIVE_COL_NAME,FILE_UPLOAD_PLACE,COL_NAME,SAVE_TYPE,AUTO_INPUT,INPUT_ITEM,VIEW_ITEM,UNIQUE_ITEM,REQUIRED_ITEM,AUTOREG_HIDE_ITEM,AUTOREG_ONLY_ITEM,INITIAL_VALUE,VALIDATE_OPTION,BEFORE_VALIDATE_REGISTER,AFTER_VALIDATE_REGISTER,DESCRIPTION_JA,DESCRIPTION_EN,NOTE,DISUSE_FLAG,LAST_UPDATE_TIMESTAMP,LAST_UPDATE_USER) VALUES(2010214,_____DATE_____,'INSERT','2010214','20102','実行時データ削除','Delete runtime data','delete_runtime_data','2010202','7',140,'T_COMN_BOOLEAN_FLAG','FLAG_ID','FLAG_NAME',NULL,'0',NULL,NULL,'ANSTWR_DEL_RUNTIME_DATA',NULL,'0','1','1','0','0','0','0',NULL,NULL,NULL,NULL,'Ansible Automation Controllerに作成される一時オブジェクトを削除するかを選択します。','Select whether to delete temporary objects created in Ansible Tower.',NULL,'0',_____DATE_____,1);
INSERT INTO T_COMN_MENU_COLUMN_LINK (COLUMN_DEFINITION_ID,MENU_ID,COLUMN_NAME_JA,COLUMN_NAME_EN,COLUMN_NAME_REST,COL_GROUP_ID,COLUMN_CLASS,COLUMN_DISP_SEQ,REF_TABLE_NAME,REF_PKEY_NAME,REF_COL_NAME,REF_SORT_CONDITIONS,REF_MULTI_LANG,SENSITIVE_COL_NAME,FILE_UPLOAD_PLACE,COL_NAME,SAVE_TYPE,AUTO_INPUT,INPUT_ITEM,VIEW_ITEM,UNIQUE_ITEM,REQUIRED_ITEM,AUTOREG_HIDE_ITEM,AUTOREG_ONLY_ITEM,INITIAL_VALUE,VALIDATE_OPTION,BEFORE_VALIDATE_REGISTER,AFTER_VALIDATE_REGISTER,DESCRIPTION_JA,DESCRIPTION_EN,NOTE,DISUSE_FLAG,LAST_UPDATE_TIMESTAMP,LAST_UPDATE_USER) VALUES('2010215','20102','Address','Address','proxy_address','2010203','1',150,NULL,NULL,NULL,NULL,'0',NULL,NULL,'ANSIBLE_PROXY_ADDRESS',NULL,'0','1','1','0','0','0','0',NULL,'{
"min_length": 0,
"max_length": 255
}',NULL,NULL,'Proxyサーバのアドレス','Proxy server address',NULL,'0',_____DATE_____,1);
INSERT INTO T_COMN_MENU_COLUMN_LINK_JNL (JOURNAL_SEQ_NO,JOURNAL_REG_DATETIME,JOURNAL_ACTION_CLASS,COLUMN_DEFINITION_ID,MENU_ID,COLUMN_NAME_JA,COLUMN_NAME_EN,COLUMN_NAME_REST,COL_GROUP_ID,COLUMN_CLASS,COLUMN_DISP_SEQ,REF_TABLE_NAME,REF_PKEY_NAME,REF_COL_NAME,REF_SORT_CONDITIONS,REF_MULTI_LANG,SENSITIVE_COL_NAME,FILE_UPLOAD_PLACE,COL_NAME,SAVE_TYPE,AUTO_INPUT,INPUT_ITEM,VIEW_ITEM,UNIQUE_ITEM,REQUIRED_ITEM,AUTOREG_HIDE_ITEM,AUTOREG_ONLY_ITEM,INITIAL_VALUE,VALIDATE_OPTION,BEFORE_VALIDATE_REGISTER,AFTER_VALIDATE_REGISTER,DESCRIPTION_JA,DESCRIPTION_EN,NOTE,DISUSE_FLAG,LAST_UPDATE_TIMESTAMP,LAST_UPDATE_USER) VALUES(2010215,_____DATE_____,'INSERT','2010215','20102','Address','Address','proxy_address','2010203','1',150,NULL,NULL,NULL,NULL,'0',NULL,NULL,'ANSIBLE_PROXY_ADDRESS',NULL,'0','1','1','0','0','0','0',NULL,'{
"min_length": 0,
"max_length": 255
}',NULL,NULL,'Proxyサーバのアドレス','Proxy server address',NULL,'0',_____DATE_____,1);
INSERT INTO T_COMN_MENU_COLUMN_LINK (COLUMN_DEFINITION_ID,MENU_ID,COLUMN_NAME_JA,COLUMN_NAME_EN,COLUMN_NAME_REST,COL_GROUP_ID,COLUMN_CLASS,COLUMN_DISP_SEQ,REF_TABLE_NAME,REF_PKEY_NAME,REF_COL_NAME,REF_SORT_CONDITIONS,REF_MULTI_LANG,SENSITIVE_COL_NAME,FILE_UPLOAD_PLACE,COL_NAME,SAVE_TYPE,AUTO_INPUT,INPUT_ITEM,VIEW_ITEM,UNIQUE_ITEM,REQUIRED_ITEM,AUTOREG_HIDE_ITEM,AUTOREG_ONLY_ITEM,INITIAL_VALUE,VALIDATE_OPTION,BEFORE_VALIDATE_REGISTER,AFTER_VALIDATE_REGISTER,DESCRIPTION_JA,DESCRIPTION_EN,NOTE,DISUSE_FLAG,LAST_UPDATE_TIMESTAMP,LAST_UPDATE_USER) VALUES('2010216','20102','Port','Port','proxy_port','2010203','3',160,NULL,NULL,NULL,NULL,'0',NULL,NULL,'ANSIBLE_PROXY_PORT',NULL,'0','1','1','0','0','0','0',NULL,'{
"int_min": 0,
"int_max": 65535
}',NULL,NULL,'Proxyサーバのポート','Proxy server port',NULL,'0',_____DATE_____,1);
INSERT INTO T_COMN_MENU_COLUMN_LINK_JNL (JOURNAL_SEQ_NO,JOURNAL_REG_DATETIME,JOURNAL_ACTION_CLASS,COLUMN_DEFINITION_ID,MENU_ID,COLUMN_NAME_JA,COLUMN_NAME_EN,COLUMN_NAME_REST,COL_GROUP_ID,COLUMN_CLASS,COLUMN_DISP_SEQ,REF_TABLE_NAME,REF_PKEY_NAME,REF_COL_NAME,REF_SORT_CONDITIONS,REF_MULTI_LANG,SENSITIVE_COL_NAME,FILE_UPLOAD_PLACE,COL_NAME,SAVE_TYPE,AUTO_INPUT,INPUT_ITEM,VIEW_ITEM,UNIQUE_ITEM,REQUIRED_ITEM,AUTOREG_HIDE_ITEM,AUTOREG_ONLY_ITEM,INITIAL_VALUE,VALIDATE_OPTION,BEFORE_VALIDATE_REGISTER,AFTER_VALIDATE_REGISTER,DESCRIPTION_JA,DESCRIPTION_EN,NOTE,DISUSE_FLAG,LAST_UPDATE_TIMESTAMP,LAST_UPDATE_USER) VALUES(2010216,_____DATE_____,'INSERT','2010216','20102','Port','Port','proxy_port','2010203','3',160,NULL,NULL,NULL,NULL,'0',NULL,NULL,'ANSIBLE_PROXY_PORT',NULL,'0','1','1','0','0','0','0',NULL,'{
"int_min": 0,
"int_max": 65535
}',NULL,NULL,'Proxyサーバのポート','Proxy server port',NULL,'0',_____DATE_____,1);
INSERT INTO T_COMN_MENU_COLUMN_LINK (COLUMN_DEFINITION_ID,MENU_ID,COLUMN_NAME_JA,COLUMN_NAME_EN,COLUMN_NAME_REST,COL_GROUP_ID,COLUMN_CLASS,COLUMN_DISP_SEQ,REF_TABLE_NAME,REF_PKEY_NAME,REF_COL_NAME,REF_SORT_CONDITIONS,REF_MULTI_LANG,SENSITIVE_COL_NAME,FILE_UPLOAD_PLACE,COL_NAME,SAVE_TYPE,AUTO_INPUT,INPUT_ITEM,VIEW_ITEM,UNIQUE_ITEM,REQUIRED_ITEM,AUTOREG_HIDE_ITEM,AUTOREG_ONLY_ITEM,INITIAL_VALUE,VALIDATE_OPTION,BEFORE_VALIDATE_REGISTER,AFTER_VALIDATE_REGISTER,DESCRIPTION_JA,DESCRIPTION_EN,NOTE,DISUSE_FLAG,LAST_UPDATE_TIMESTAMP,LAST_UPDATE_USER) VALUES('2010217','20102','Ansible-vaultパスワード','Ansible-vault password','ansible_vault_password',NULL,'8',170,NULL,NULL,NULL,NULL,'0',NULL,NULL,'ANSIBLE_VAULT_PASSWORD',NULL,'0','0','0','0','0','0','0',NULL,'{
"min_length": 0,
"max_length": 64
}',NULL,NULL,'ansible-vaultパスワード','Ansible-vault password',NULL,'0',_____DATE_____,1);
INSERT INTO T_COMN_MENU_COLUMN_LINK_JNL (JOURNAL_SEQ_NO,JOURNAL_REG_DATETIME,JOURNAL_ACTION_CLASS,COLUMN_DEFINITION_ID,MENU_ID,COLUMN_NAME_JA,COLUMN_NAME_EN,COLUMN_NAME_REST,COL_GROUP_ID,COLUMN_CLASS,COLUMN_DISP_SEQ,REF_TABLE_NAME,REF_PKEY_NAME,REF_COL_NAME,REF_SORT_CONDITIONS,REF_MULTI_LANG,SENSITIVE_COL_NAME,FILE_UPLOAD_PLACE,COL_NAME,SAVE_TYPE,AUTO_INPUT,INPUT_ITEM,VIEW_ITEM,UNIQUE_ITEM,REQUIRED_ITEM,AUTOREG_HIDE_ITEM,AUTOREG_ONLY_ITEM,INITIAL_VALUE,VALIDATE_OPTION,BEFORE_VALIDATE_REGISTER,AFTER_VALIDATE_REGISTER,DESCRIPTION_JA,DESCRIPTION_EN,NOTE,DISUSE_FLAG,LAST_UPDATE_TIMESTAMP,LAST_UPDATE_USER) VALUES(2010217,_____DATE_____,'INSERT','2010217','20102','Ansible-vaultパスワード','Ansible-vault password','ansible_vault_password',NULL,'8',170,NULL,NULL,NULL,NULL,'0',NULL,NULL,'ANSIBLE_VAULT_PASSWORD',NULL,'0','0','0','0','0','0','0',NULL,'{
"min_length": 0,
"max_length": 64
}',NULL,NULL,'ansible-vaultパスワード','Ansible-vault password',NULL,'0',_____DATE_____,1);
INSERT INTO T_COMN_MENU_COLUMN_LINK (COLUMN_DEFINITION_ID,MENU_ID,COLUMN_NAME_JA,COLUMN_NAME_EN,COLUMN_NAME_REST,COL_GROUP_ID,COLUMN_CLASS,COLUMN_DISP_SEQ,REF_TABLE_NAME,REF_PKEY_NAME,REF_COL_NAME,REF_SORT_CONDITIONS,REF_MULTI_LANG,SENSITIVE_COL_NAME,FILE_UPLOAD_PLACE,COL_NAME,SAVE_TYPE,AUTO_INPUT,INPUT_ITEM,VIEW_ITEM,UNIQUE_ITEM,REQUIRED_ITEM,AUTOREG_HIDE_ITEM,AUTOREG_ONLY_ITEM,INITIAL_VALUE,VALIDATE_OPTION,BEFORE_VALIDATE_REGISTER,AFTER_VALIDATE_REGISTER,DESCRIPTION_JA,DESCRIPTION_EN,NOTE,DISUSE_FLAG,LAST_UPDATE_TIMESTAMP,LAST_UPDATE_USER) VALUES('2010218','20102','Ansible-Coreインストールパス','Ansible-Core install path','ansible_core_install_path',NULL,'1',180,NULL,NULL,NULL,NULL,'0',NULL,NULL,'ANSIBLE_CORE_PATH',NULL,'0','1','1','0','1','0','0',NULL,'{
"min_length": 0,
"max_length": 255
}',NULL,NULL,'Ansible-Coreインストールパス','Ansible-Core install path',NULL,'0',_____DATE_____,1);
INSERT INTO T_COMN_MENU_COLUMN_LINK_JNL (JOURNAL_SEQ_NO,JOURNAL_REG_DATETIME,JOURNAL_ACTION_CLASS,COLUMN_DEFINITION_ID,MENU_ID,COLUMN_NAME_JA,COLUMN_NAME_EN,COLUMN_NAME_REST,COL_GROUP_ID,COLUMN_CLASS,COLUMN_DISP_SEQ,REF_TABLE_NAME,REF_PKEY_NAME,REF_COL_NAME,REF_SORT_CONDITIONS,REF_MULTI_LANG,SENSITIVE_COL_NAME,FILE_UPLOAD_PLACE,COL_NAME,SAVE_TYPE,AUTO_INPUT,INPUT_ITEM,VIEW_ITEM,UNIQUE_ITEM,REQUIRED_ITEM,AUTOREG_HIDE_ITEM,AUTOREG_ONLY_ITEM,INITIAL_VALUE,VALIDATE_OPTION,BEFORE_VALIDATE_REGISTER,AFTER_VALIDATE_REGISTER,DESCRIPTION_JA,DESCRIPTION_EN,NOTE,DISUSE_FLAG,LAST_UPDATE_TIMESTAMP,LAST_UPDATE_USER) VALUES(2010218,_____DATE_____,'INSERT','2010218','20102','Ansible-Coreインストールパス','Ansible-Core install path','ansible_core_install_path',NULL,'1',180,NULL,NULL,NULL,NULL,'0',NULL,NULL,'ANSIBLE_CORE_PATH',NULL,'0','1','1','0','1','0','0',NULL,'{
"min_length": 0,
"max_length": 255
}',NULL,NULL,'Ansible-Coreインストールパス','Ansible-Core install path',NULL,'0',_____DATE_____,1);
INSERT INTO T_COMN_MENU_COLUMN_LINK (COLUMN_DEFINITION_ID,MENU_ID,COLUMN_NAME_JA,COLUMN_NAME_EN,COLUMN_NAME_REST,COL_GROUP_ID,COLUMN_CLASS,COLUMN_DISP_SEQ,REF_TABLE_NAME,REF_PKEY_NAME,REF_COL_NAME,REF_SORT_CONDITIONS,REF_MULTI_LANG,SENSITIVE_COL_NAME,FILE_UPLOAD_PLACE,COL_NAME,SAVE_TYPE,AUTO_INPUT,INPUT_ITEM,VIEW_ITEM,UNIQUE_ITEM,REQUIRED_ITEM,AUTOREG_HIDE_ITEM,AUTOREG_ONLY_ITEM,INITIAL_VALUE,VALIDATE_OPTION,BEFORE_VALIDATE_REGISTER,AFTER_VALIDATE_REGISTER,DESCRIPTION_JA,DESCRIPTION_EN,NOTE,DISUSE_FLAG,LAST_UPDATE_TIMESTAMP,LAST_UPDATE_USER) VALUES('2010219','20102','ホスト名','Host name','host_name','2010204','1',190,NULL,NULL,NULL,NULL,'0',NULL,NULL,'ANS_GIT_HOSTNAME',NULL,'0','0','0','0','0','0','0',NULL,'{
"min_length": 0,
"max_length": 255
}',NULL,NULL,'Ansible Automation Controllerから連携先のGitリポジトリへsshプロトコルでログインする為のホスト名(またはIPアドレス)を入力します。
Ansible driverのバックヤード機能がインストールされているホストにAnsible Automation Controllerと連携するGitリポジトリが作成されます。
実行エンジンがAnsible Automation Controllerの場合に必須入力です。','Input the Host name (or IP Address) needed in order to login to the Git repository from the Ansible Automation Controller with ssh protocol.
A Git repository linked with the Ansible Automation Controller will be created to the Host installed by the Ansible backyard function.
This item is required if the selected Execution engine is \"Ansible Automation Controller\".',NULL,'0',_____DATE_____,1);
INSERT INTO T_COMN_MENU_COLUMN_LINK_JNL (JOURNAL_SEQ_NO,JOURNAL_REG_DATETIME,JOURNAL_ACTION_CLASS,COLUMN_DEFINITION_ID,MENU_ID,COLUMN_NAME_JA,COLUMN_NAME_EN,COLUMN_NAME_REST,COL_GROUP_ID,COLUMN_CLASS,COLUMN_DISP_SEQ,REF_TABLE_NAME,REF_PKEY_NAME,REF_COL_NAME,REF_SORT_CONDITIONS,REF_MULTI_LANG,SENSITIVE_COL_NAME,FILE_UPLOAD_PLACE,COL_NAME,SAVE_TYPE,AUTO_INPUT,INPUT_ITEM,VIEW_ITEM,UNIQUE_ITEM,REQUIRED_ITEM,AUTOREG_HIDE_ITEM,AUTOREG_ONLY_ITEM,INITIAL_VALUE,VALIDATE_OPTION,BEFORE_VALIDATE_REGISTER,AFTER_VALIDATE_REGISTER,DESCRIPTION_JA,DESCRIPTION_EN,NOTE,DISUSE_FLAG,LAST_UPDATE_TIMESTAMP,LAST_UPDATE_USER) VALUES(2010219,_____DATE_____,'INSERT','2010219','20102','ホスト名','Host name','host_name','2010204','1',190,NULL,NULL,NULL,NULL,'0',NULL,NULL,'ANS_GIT_HOSTNAME',NULL,'0','0','0','0','0','0','0',NULL,'{
"min_length": 0,
"max_length": 255
}',NULL,NULL,'Ansible Automation Controllerから連携先のGitリポジトリへsshプロトコルでログインする為のホスト名(またはIPアドレス)を入力します。
Ansible driverのバックヤード機能がインストールされているホストにAnsible Automation Controllerと連携するGitリポジトリが作成されます。
実行エンジンがAnsible Automation Controllerの場合に必須入力です。','Input the Host name (or IP Address) needed in order to login to the Git repository from the Ansible Automation Controller with ssh protocol.
A Git repository linked with the Ansible Automation Controller will be created to the Host installed by the Ansible backyard function.
This item is required if the selected Execution engine is \"Ansible Automation Controller\".',NULL,'0',_____DATE_____,1);
INSERT INTO T_COMN_MENU_COLUMN_LINK (COLUMN_DEFINITION_ID,MENU_ID,COLUMN_NAME_JA,COLUMN_NAME_EN,COLUMN_NAME_REST,COL_GROUP_ID,COLUMN_CLASS,COLUMN_DISP_SEQ,REF_TABLE_NAME,REF_PKEY_NAME,REF_COL_NAME,REF_SORT_CONDITIONS,REF_MULTI_LANG,SENSITIVE_COL_NAME,FILE_UPLOAD_PLACE,COL_NAME,SAVE_TYPE,AUTO_INPUT,INPUT_ITEM,VIEW_ITEM,UNIQUE_ITEM,REQUIRED_ITEM,AUTOREG_HIDE_ITEM,AUTOREG_ONLY_ITEM,INITIAL_VALUE,VALIDATE_OPTION,BEFORE_VALIDATE_REGISTER,AFTER_VALIDATE_REGISTER,DESCRIPTION_JA,DESCRIPTION_EN,NOTE,DISUSE_FLAG,LAST_UPDATE_TIMESTAMP,LAST_UPDATE_USER) VALUES('2010220','20102','ユーザー','User','user','2010205','1',200,NULL,NULL,NULL,NULL,'0',NULL,NULL,'ANS_GIT_USER',NULL,'0','0','0','0','0','0','0',NULL,'{
"min_length": 0,
"max_length": 255
}',NULL,NULL,'Ansible Automation Controllerから連携先のGitリポジトリへsshプロトコルで接続する為のユーザを入力します。
実行エンジンがAnsible Automation Controllerの場合に必須入力です。','Input the User needed in order to login to the Git repository from the Ansible Automation Controller with ssh protocol.
This item is required if the selected Execution engine is \"Ansible Automation Controller\".',NULL,'0',_____DATE_____,1);
INSERT INTO T_COMN_MENU_COLUMN_LINK_JNL (JOURNAL_SEQ_NO,JOURNAL_REG_DATETIME,JOURNAL_ACTION_CLASS,COLUMN_DEFINITION_ID,MENU_ID,COLUMN_NAME_JA,COLUMN_NAME_EN,COLUMN_NAME_REST,COL_GROUP_ID,COLUMN_CLASS,COLUMN_DISP_SEQ,REF_TABLE_NAME,REF_PKEY_NAME,REF_COL_NAME,REF_SORT_CONDITIONS,REF_MULTI_LANG,SENSITIVE_COL_NAME,FILE_UPLOAD_PLACE,COL_NAME,SAVE_TYPE,AUTO_INPUT,INPUT_ITEM,VIEW_ITEM,UNIQUE_ITEM,REQUIRED_ITEM,AUTOREG_HIDE_ITEM,AUTOREG_ONLY_ITEM,INITIAL_VALUE,VALIDATE_OPTION,BEFORE_VALIDATE_REGISTER,AFTER_VALIDATE_REGISTER,DESCRIPTION_JA,DESCRIPTION_EN,NOTE,DISUSE_FLAG,LAST_UPDATE_TIMESTAMP,LAST_UPDATE_USER) VALUES(2010220,_____DATE_____,'INSERT','2010220','20102','ユーザー','User','user','2010205','1',200,NULL,NULL,NULL,NULL,'0',NULL,NULL,'ANS_GIT_USER',NULL,'0','0','0','0','0','0','0',NULL,'{
"min_length": 0,
"max_length": 255
}',NULL,NULL,'Ansible Automation Controllerから連携先のGitリポジトリへsshプロトコルで接続する為のユーザを入力します。
実行エンジンがAnsible Automation Controllerの場合に必須入力です。','Input the User needed in order to login to the Git repository from the Ansible Automation Controller with ssh protocol.
This item is required if the selected Execution engine is \"Ansible Automation Controller\".',NULL,'0',_____DATE_____,1);
INSERT INTO T_COMN_MENU_COLUMN_LINK (COLUMN_DEFINITION_ID,MENU_ID,COLUMN_NAME_JA,COLUMN_NAME_EN,COLUMN_NAME_REST,COL_GROUP_ID,COLUMN_CLASS,COLUMN_DISP_SEQ,REF_TABLE_NAME,REF_PKEY_NAME,REF_COL_NAME,REF_SORT_CONDITIONS,REF_MULTI_LANG,SENSITIVE_COL_NAME,FILE_UPLOAD_PLACE,COL_NAME,SAVE_TYPE,AUTO_INPUT,INPUT_ITEM,VIEW_ITEM,UNIQUE_ITEM,REQUIRED_ITEM,AUTOREG_HIDE_ITEM,AUTOREG_ONLY_ITEM,INITIAL_VALUE,VALIDATE_OPTION,BEFORE_VALIDATE_REGISTER,AFTER_VALIDATE_REGISTER,DESCRIPTION_JA,DESCRIPTION_EN,NOTE,DISUSE_FLAG,LAST_UPDATE_TIMESTAMP,LAST_UPDATE_USER) VALUES('2010221','20102','ssh秘密鍵ファイル','ssh secret key file','ssh_private_key_file','2010205','20',210,NULL,NULL,NULL,NULL,'0',NULL,NULL,'ANS_GIT_SSH_KEY_FILE',NULL,'0','0','0','0','0','0','0',NULL,'{
"upload_max_size": 4294967296
}',NULL,NULL,'Ansible Automation Controllerから連携先のGitリポジトリへsshプロトコルの鍵認証で接続する為の公開鍵ファイルを入力します。
実行エンジンがAnsible Automation Controllerの場合に必須入力です。','Input the public key  needed in order to login to the Git repository from the Ansible Automation Controller with ssh protocol.
This item is required if the selected Execution engine is \"Ansible Automation Controller\".',NULL,'0',_____DATE_____,1);
INSERT INTO T_COMN_MENU_COLUMN_LINK_JNL (JOURNAL_SEQ_NO,JOURNAL_REG_DATETIME,JOURNAL_ACTION_CLASS,COLUMN_DEFINITION_ID,MENU_ID,COLUMN_NAME_JA,COLUMN_NAME_EN,COLUMN_NAME_REST,COL_GROUP_ID,COLUMN_CLASS,COLUMN_DISP_SEQ,REF_TABLE_NAME,REF_PKEY_NAME,REF_COL_NAME,REF_SORT_CONDITIONS,REF_MULTI_LANG,SENSITIVE_COL_NAME,FILE_UPLOAD_PLACE,COL_NAME,SAVE_TYPE,AUTO_INPUT,INPUT_ITEM,VIEW_ITEM,UNIQUE_ITEM,REQUIRED_ITEM,AUTOREG_HIDE_ITEM,AUTOREG_ONLY_ITEM,INITIAL_VALUE,VALIDATE_OPTION,BEFORE_VALIDATE_REGISTER,AFTER_VALIDATE_REGISTER,DESCRIPTION_JA,DESCRIPTION_EN,NOTE,DISUSE_FLAG,LAST_UPDATE_TIMESTAMP,LAST_UPDATE_USER) VALUES(2010221,_____DATE_____,'INSERT','2010221','20102','ssh秘密鍵ファイル','ssh secret key file','ssh_private_key_file','2010205','20',210,NULL,NULL,NULL,NULL,'0',NULL,NULL,'ANS_GIT_SSH_KEY_FILE',NULL,'0','0','0','0','0','0','0',NULL,'{
"upload_max_size": 4294967296
}',NULL,NULL,'Ansible Automation Controllerから連携先のGitリポジトリへsshプロトコルの鍵認証で接続する為の公開鍵ファイルを入力します。
実行エンジンがAnsible Automation Controllerの場合に必須入力です。','Input the public key  needed in order to login to the Git repository from the Ansible Automation Controller with ssh protocol.
This item is required if the selected Execution engine is \"Ansible Automation Controller\".',NULL,'0',_____DATE_____,1);
INSERT INTO T_COMN_MENU_COLUMN_LINK (COLUMN_DEFINITION_ID,MENU_ID,COLUMN_NAME_JA,COLUMN_NAME_EN,COLUMN_NAME_REST,COL_GROUP_ID,COLUMN_CLASS,COLUMN_DISP_SEQ,REF_TABLE_NAME,REF_PKEY_NAME,REF_COL_NAME,REF_SORT_CONDITIONS,REF_MULTI_LANG,SENSITIVE_COL_NAME,FILE_UPLOAD_PLACE,COL_NAME,SAVE_TYPE,AUTO_INPUT,INPUT_ITEM,VIEW_ITEM,UNIQUE_ITEM,REQUIRED_ITEM,AUTOREG_HIDE_ITEM,AUTOREG_ONLY_ITEM,INITIAL_VALUE,VALIDATE_OPTION,BEFORE_VALIDATE_REGISTER,AFTER_VALIDATE_REGISTER,DESCRIPTION_JA,DESCRIPTION_EN,NOTE,DISUSE_FLAG,LAST_UPDATE_TIMESTAMP,LAST_UPDATE_USER) VALUES('2010222','20102','パスフレーズ','Passphrase','passphrase','2010205','8',220,NULL,NULL,NULL,NULL,'0',NULL,NULL,'ANS_GIT_SSH_KEY_FILE_PASS',NULL,'0','0','0','0','0','0','0',NULL,NULL,NULL,NULL,'ssh秘密鍵ファイルに設定されているパスフレーズを入力します。','Input the passphrase set to the ssh secret key file.',NULL,'0',_____DATE_____,1);
INSERT INTO T_COMN_MENU_COLUMN_LINK_JNL (JOURNAL_SEQ_NO,JOURNAL_REG_DATETIME,JOURNAL_ACTION_CLASS,COLUMN_DEFINITION_ID,MENU_ID,COLUMN_NAME_JA,COLUMN_NAME_EN,COLUMN_NAME_REST,COL_GROUP_ID,COLUMN_CLASS,COLUMN_DISP_SEQ,REF_TABLE_NAME,REF_PKEY_NAME,REF_COL_NAME,REF_SORT_CONDITIONS,REF_MULTI_LANG,SENSITIVE_COL_NAME,FILE_UPLOAD_PLACE,COL_NAME,SAVE_TYPE,AUTO_INPUT,INPUT_ITEM,VIEW_ITEM,UNIQUE_ITEM,REQUIRED_ITEM,AUTOREG_HIDE_ITEM,AUTOREG_ONLY_ITEM,INITIAL_VALUE,VALIDATE_OPTION,BEFORE_VALIDATE_REGISTER,AFTER_VALIDATE_REGISTER,DESCRIPTION_JA,DESCRIPTION_EN,NOTE,DISUSE_FLAG,LAST_UPDATE_TIMESTAMP,LAST_UPDATE_USER) VALUES(2010222,_____DATE_____,'INSERT','2010222','20102','パスフレーズ','Passphrase','passphrase','2010205','8',220,NULL,NULL,NULL,NULL,'0',NULL,NULL,'ANS_GIT_SSH_KEY_FILE_PASS',NULL,'0','0','0','0','0','0','0',NULL,NULL,NULL,NULL,'ssh秘密鍵ファイルに設定されているパスフレーズを入力します。','Input the passphrase set to the ssh secret key file.',NULL,'0',_____DATE_____,1);
INSERT INTO T_COMN_MENU_COLUMN_LINK (COLUMN_DEFINITION_ID,MENU_ID,COLUMN_NAME_JA,COLUMN_NAME_EN,COLUMN_NAME_REST,COL_GROUP_ID,COLUMN_CLASS,COLUMN_DISP_SEQ,REF_TABLE_NAME,REF_PKEY_NAME,REF_COL_NAME,REF_SORT_CONDITIONS,REF_MULTI_LANG,SENSITIVE_COL_NAME,FILE_UPLOAD_PLACE,COL_NAME,SAVE_TYPE,AUTO_INPUT,INPUT_ITEM,VIEW_ITEM,UNIQUE_ITEM,REQUIRED_ITEM,AUTOREG_HIDE_ITEM,AUTOREG_ONLY_ITEM,INITIAL_VALUE,VALIDATE_OPTION,BEFORE_VALIDATE_REGISTER,AFTER_VALIDATE_REGISTER,DESCRIPTION_JA,DESCRIPTION_EN,NOTE,DISUSE_FLAG,LAST_UPDATE_TIMESTAMP,LAST_UPDATE_USER) VALUES('2010223','20102','データリレイストレージパス(ITA)','Data relay storage path (ITA)','ita_data_relay_storage_path',NULL,'1',230,NULL,NULL,NULL,NULL,'0',NULL,NULL,'ANSIBLE_STORAGE_PATH_LNX',NULL,'0','0','0','0','0','0','0',NULL,'{
"min_length": 1,
"max_length": 255
}',NULL,NULL,'ITAサーバとの共有ディレクトリです。','This is a shared directory with ITA server.',NULL,'0',_____DATE_____,1);
INSERT INTO T_COMN_MENU_COLUMN_LINK_JNL (JOURNAL_SEQ_NO,JOURNAL_REG_DATETIME,JOURNAL_ACTION_CLASS,COLUMN_DEFINITION_ID,MENU_ID,COLUMN_NAME_JA,COLUMN_NAME_EN,COLUMN_NAME_REST,COL_GROUP_ID,COLUMN_CLASS,COLUMN_DISP_SEQ,REF_TABLE_NAME,REF_PKEY_NAME,REF_COL_NAME,REF_SORT_CONDITIONS,REF_MULTI_LANG,SENSITIVE_COL_NAME,FILE_UPLOAD_PLACE,COL_NAME,SAVE_TYPE,AUTO_INPUT,INPUT_ITEM,VIEW_ITEM,UNIQUE_ITEM,REQUIRED_ITEM,AUTOREG_HIDE_ITEM,AUTOREG_ONLY_ITEM,INITIAL_VALUE,VALIDATE_OPTION,BEFORE_VALIDATE_REGISTER,AFTER_VALIDATE_REGISTER,DESCRIPTION_JA,DESCRIPTION_EN,NOTE,DISUSE_FLAG,LAST_UPDATE_TIMESTAMP,LAST_UPDATE_USER) VALUES(2010223,_____DATE_____,'INSERT','2010223','20102','データリレイストレージパス(ITA)','Data relay storage path (ITA)','ita_data_relay_storage_path',NULL,'1',230,NULL,NULL,NULL,NULL,'0',NULL,NULL,'ANSIBLE_STORAGE_PATH_LNX',NULL,'0','0','0','0','0','0','0',NULL,'{
"min_length": 1,
"max_length": 255
}',NULL,NULL,'ITAサーバとの共有ディレクトリです。','This is a shared directory with ITA server.',NULL,'0',_____DATE_____,1);
INSERT INTO T_COMN_MENU_COLUMN_LINK (COLUMN_DEFINITION_ID,MENU_ID,COLUMN_NAME_JA,COLUMN_NAME_EN,COLUMN_NAME_REST,COL_GROUP_ID,COLUMN_CLASS,COLUMN_DISP_SEQ,REF_TABLE_NAME,REF_PKEY_NAME,REF_COL_NAME,REF_SORT_CONDITIONS,REF_MULTI_LANG,SENSITIVE_COL_NAME,FILE_UPLOAD_PLACE,COL_NAME,SAVE_TYPE,AUTO_INPUT,INPUT_ITEM,VIEW_ITEM,UNIQUE_ITEM,REQUIRED_ITEM,AUTOREG_HIDE_ITEM,AUTOREG_ONLY_ITEM,INITIAL_VALUE,VALIDATE_OPTION,BEFORE_VALIDATE_REGISTER,AFTER_VALIDATE_REGISTER,DESCRIPTION_JA,DESCRIPTION_EN,NOTE,DISUSE_FLAG,LAST_UPDATE_TIMESTAMP,LAST_UPDATE_USER) VALUES('2010224','20102','データリレイストレージパス(Ansible)','Data relay storage path (Ansible)','ansible_data_relay_storage_path',NULL,'1',240,NULL,NULL,NULL,NULL,'0',NULL,NULL,'ANSIBLE_STORAGE_PATH_ANS',NULL,'0','0','0','0','0','0','0',NULL,'{
"min_length": 1,
"max_length": 255
}',NULL,NULL,'Ansibleサーバとの共有ディレクトリです。
実行エンジンがAnsible Core以外では使用しない情報です。','This is the Ansible server shared directory.
This information is not used if the execution engine is not set to Ansible Core.',NULL,'0',_____DATE_____,1);
INSERT INTO T_COMN_MENU_COLUMN_LINK_JNL (JOURNAL_SEQ_NO,JOURNAL_REG_DATETIME,JOURNAL_ACTION_CLASS,COLUMN_DEFINITION_ID,MENU_ID,COLUMN_NAME_JA,COLUMN_NAME_EN,COLUMN_NAME_REST,COL_GROUP_ID,COLUMN_CLASS,COLUMN_DISP_SEQ,REF_TABLE_NAME,REF_PKEY_NAME,REF_COL_NAME,REF_SORT_CONDITIONS,REF_MULTI_LANG,SENSITIVE_COL_NAME,FILE_UPLOAD_PLACE,COL_NAME,SAVE_TYPE,AUTO_INPUT,INPUT_ITEM,VIEW_ITEM,UNIQUE_ITEM,REQUIRED_ITEM,AUTOREG_HIDE_ITEM,AUTOREG_ONLY_ITEM,INITIAL_VALUE,VALIDATE_OPTION,BEFORE_VALIDATE_REGISTER,AFTER_VALIDATE_REGISTER,DESCRIPTION_JA,DESCRIPTION_EN,NOTE,DISUSE_FLAG,LAST_UPDATE_TIMESTAMP,LAST_UPDATE_USER) VALUES(2010224,_____DATE_____,'INSERT','2010224','20102','データリレイストレージパス(Ansible)','Data relay storage path (Ansible)','ansible_data_relay_storage_path',NULL,'1',240,NULL,NULL,NULL,NULL,'0',NULL,NULL,'ANSIBLE_STORAGE_PATH_ANS',NULL,'0','0','0','0','0','0','0',NULL,'{
"min_length": 1,
"max_length": 255
}',NULL,NULL,'Ansibleサーバとの共有ディレクトリです。
実行エンジンがAnsible Core以外では使用しない情報です。','This is the Ansible server shared directory.
This information is not used if the execution engine is not set to Ansible Core.',NULL,'0',_____DATE_____,1);
INSERT INTO T_COMN_MENU_COLUMN_LINK (COLUMN_DEFINITION_ID,MENU_ID,COLUMN_NAME_JA,COLUMN_NAME_EN,COLUMN_NAME_REST,COL_GROUP_ID,COLUMN_CLASS,COLUMN_DISP_SEQ,REF_TABLE_NAME,REF_PKEY_NAME,REF_COL_NAME,REF_SORT_CONDITIONS,REF_MULTI_LANG,SENSITIVE_COL_NAME,FILE_UPLOAD_PLACE,COL_NAME,SAVE_TYPE,AUTO_INPUT,INPUT_ITEM,VIEW_ITEM,UNIQUE_ITEM,REQUIRED_ITEM,AUTOREG_HIDE_ITEM,AUTOREG_ONLY_ITEM,INITIAL_VALUE,VALIDATE_OPTION,BEFORE_VALIDATE_REGISTER,AFTER_VALIDATE_REGISTER,DESCRIPTION_JA,DESCRIPTION_EN,NOTE,DISUSE_FLAG,LAST_UPDATE_TIMESTAMP,LAST_UPDATE_USER) VALUES('2010225','20102','Symphonyインスタンスデータリレイストレージパス(Ansible)','Symphony instance data relay storage path(Ansible)','symphony_instance_data_relay_storage_path',NULL,'1',250,NULL,NULL,NULL,NULL,'0',NULL,NULL,'SYMPHONY_STORAGE_PATH_ANS',NULL,'0','0','0','0','0','0','0',NULL,'{
"min_length": 1,
"max_length": 255
}',NULL,NULL,'Symphonyインスタンスの各Movementが共有するディレクトリをAnsibleサーバで共有する為のパスです。
実行エンジンがAnsible Core以外では使用しない情報です。','This path is used to share the Symphony instance Movements\' shared directory within Ansible Server.
This information is not used if the execution engine is not set to Ansible Core.',NULL,'0',_____DATE_____,1);
INSERT INTO T_COMN_MENU_COLUMN_LINK_JNL (JOURNAL_SEQ_NO,JOURNAL_REG_DATETIME,JOURNAL_ACTION_CLASS,COLUMN_DEFINITION_ID,MENU_ID,COLUMN_NAME_JA,COLUMN_NAME_EN,COLUMN_NAME_REST,COL_GROUP_ID,COLUMN_CLASS,COLUMN_DISP_SEQ,REF_TABLE_NAME,REF_PKEY_NAME,REF_COL_NAME,REF_SORT_CONDITIONS,REF_MULTI_LANG,SENSITIVE_COL_NAME,FILE_UPLOAD_PLACE,COL_NAME,SAVE_TYPE,AUTO_INPUT,INPUT_ITEM,VIEW_ITEM,UNIQUE_ITEM,REQUIRED_ITEM,AUTOREG_HIDE_ITEM,AUTOREG_ONLY_ITEM,INITIAL_VALUE,VALIDATE_OPTION,BEFORE_VALIDATE_REGISTER,AFTER_VALIDATE_REGISTER,DESCRIPTION_JA,DESCRIPTION_EN,NOTE,DISUSE_FLAG,LAST_UPDATE_TIMESTAMP,LAST_UPDATE_USER) VALUES(2010225,_____DATE_____,'INSERT','2010225','20102','Symphonyインスタンスデータリレイストレージパス(Ansible)','Symphony instance data relay storage path(Ansible)','symphony_instance_data_relay_storage_path',NULL,'1',250,NULL,NULL,NULL,NULL,'0',NULL,NULL,'SYMPHONY_STORAGE_PATH_ANS',NULL,'0','0','0','0','0','0','0',NULL,'{
"min_length": 1,
"max_length": 255
}',NULL,NULL,'Symphonyインスタンスの各Movementが共有するディレクトリをAnsibleサーバで共有する為のパスです。
実行エンジンがAnsible Core以外では使用しない情報です。','This path is used to share the Symphony instance Movements\' shared directory within Ansible Server.
This information is not used if the execution engine is not set to Ansible Core.',NULL,'0',_____DATE_____,1);
INSERT INTO T_COMN_MENU_COLUMN_LINK (COLUMN_DEFINITION_ID,MENU_ID,COLUMN_NAME_JA,COLUMN_NAME_EN,COLUMN_NAME_REST,COL_GROUP_ID,COLUMN_CLASS,COLUMN_DISP_SEQ,REF_TABLE_NAME,REF_PKEY_NAME,REF_COL_NAME,REF_SORT_CONDITIONS,REF_MULTI_LANG,SENSITIVE_COL_NAME,FILE_UPLOAD_PLACE,COL_NAME,SAVE_TYPE,AUTO_INPUT,INPUT_ITEM,VIEW_ITEM,UNIQUE_ITEM,REQUIRED_ITEM,AUTOREG_HIDE_ITEM,AUTOREG_ONLY_ITEM,INITIAL_VALUE,VALIDATE_OPTION,BEFORE_VALIDATE_REGISTER,AFTER_VALIDATE_REGISTER,DESCRIPTION_JA,DESCRIPTION_EN,NOTE,DISUSE_FLAG,LAST_UPDATE_TIMESTAMP,LAST_UPDATE_USER) VALUES('2010226','20102','Conductorインスタンスデータリレイストレージパス(Ansible)','Conductor instance data relay storage path(Ansible)','conductor_instance_data relay_storage_path',NULL,'1',260,NULL,NULL,NULL,NULL,'0',NULL,NULL,'CONDUCTOR_STORAGE_PATH_ANS',NULL,'0','0','0','0','0','0','0',NULL,'{
"min_length": 1,
"max_length": 255
}',NULL,NULL,'Conductorインスタンスの各Movementが共有するディレクトリをAnsibleサーバで共有する為のパスです。
実行エンジンがAnsible Core以外では使用しない情報です。','This path is used to share the Conductor instance Movements\' shared directory within Ansible Server.
This information is not used if the execution engine is not set to Ansible Core.',NULL,'0',_____DATE_____,1);
INSERT INTO T_COMN_MENU_COLUMN_LINK_JNL (JOURNAL_SEQ_NO,JOURNAL_REG_DATETIME,JOURNAL_ACTION_CLASS,COLUMN_DEFINITION_ID,MENU_ID,COLUMN_NAME_JA,COLUMN_NAME_EN,COLUMN_NAME_REST,COL_GROUP_ID,COLUMN_CLASS,COLUMN_DISP_SEQ,REF_TABLE_NAME,REF_PKEY_NAME,REF_COL_NAME,REF_SORT_CONDITIONS,REF_MULTI_LANG,SENSITIVE_COL_NAME,FILE_UPLOAD_PLACE,COL_NAME,SAVE_TYPE,AUTO_INPUT,INPUT_ITEM,VIEW_ITEM,UNIQUE_ITEM,REQUIRED_ITEM,AUTOREG_HIDE_ITEM,AUTOREG_ONLY_ITEM,INITIAL_VALUE,VALIDATE_OPTION,BEFORE_VALIDATE_REGISTER,AFTER_VALIDATE_REGISTER,DESCRIPTION_JA,DESCRIPTION_EN,NOTE,DISUSE_FLAG,LAST_UPDATE_TIMESTAMP,LAST_UPDATE_USER) VALUES(2010226,_____DATE_____,'INSERT','2010226','20102','Conductorインスタンスデータリレイストレージパス(Ansible)','Conductor instance data relay storage path(Ansible)','conductor_instance_data relay_storage_path',NULL,'1',260,NULL,NULL,NULL,NULL,'0',NULL,NULL,'CONDUCTOR_STORAGE_PATH_ANS',NULL,'0','0','0','0','0','0','0',NULL,'{
"min_length": 1,
"max_length": 255
}',NULL,NULL,'Conductorインスタンスの各Movementが共有するディレクトリをAnsibleサーバで共有する為のパスです。
実行エンジンがAnsible Core以外では使用しない情報です。','This path is used to share the Conductor instance Movements\' shared directory within Ansible Server.
This information is not used if the execution engine is not set to Ansible Core.',NULL,'0',_____DATE_____,1);
INSERT INTO T_COMN_MENU_COLUMN_LINK (COLUMN_DEFINITION_ID,MENU_ID,COLUMN_NAME_JA,COLUMN_NAME_EN,COLUMN_NAME_REST,COL_GROUP_ID,COLUMN_CLASS,COLUMN_DISP_SEQ,REF_TABLE_NAME,REF_PKEY_NAME,REF_COL_NAME,REF_SORT_CONDITIONS,REF_MULTI_LANG,SENSITIVE_COL_NAME,FILE_UPLOAD_PLACE,COL_NAME,SAVE_TYPE,AUTO_INPUT,INPUT_ITEM,VIEW_ITEM,UNIQUE_ITEM,REQUIRED_ITEM,AUTOREG_HIDE_ITEM,AUTOREG_ONLY_ITEM,INITIAL_VALUE,VALIDATE_OPTION,BEFORE_VALIDATE_REGISTER,AFTER_VALIDATE_REGISTER,DESCRIPTION_JA,DESCRIPTION_EN,NOTE,DISUSE_FLAG,LAST_UPDATE_TIMESTAMP,LAST_UPDATE_USER) VALUES('2010227','20102','オプションパラメータ','Optional parameter','optional_parameter',NULL,'1',270,NULL,NULL,NULL,NULL,'0',NULL,NULL,'ANSIBLE_EXEC_OPTIONS',NULL,'0','1','1','0','0','0','0',NULL,'{
"min_length": 0,
"max_length": 4000
}',NULL,NULL,'Movement共通のansible-playbookコマンドのオプションパラメータを設定します。
Movement固有のオプションパラメータはMovement一覧で設定します。
Ansible:
  ansible-playbookコマンドのパラメータを設定します。
　-i オプションはITAが設定します。
Ansible Automation Controller:
　以下のパラメータが設定できます。
　　-verbosity
　　-f FORKS,--forks=FORKS
　　-l SUBSET,--limit=SUBSET
　　-e EXTRA_VARS,--extra-vars=EXTRA_VARS
        EXTRA_VARS:  変数名=具体値 変数名=具体値 .....
　　-t TAGS,--tags=TAGS
　　-b,--become
　　-D,--diff
　　--skip-tags=SKIP_TAGS
　　--start-at-task=START_AT_TASK
　以下はAnsible Automation Controller独自のパラメータです。
　　-ufc,--use_fact_cache　　　ファクトのキャッシュの使用
　　-as,--allow_simultaneous　 同時実行ジョブの有効化
　　-jsc,--job_slice_count=　　JOB SLICING
　詳細はAnsible利用手順マニュアルを参照して下さい。','Optional parameter of ansible-playbook command.
Movement-specific optional parameters are set in the Movement list.
Ansible:
　Set the parameters of nible-playbook command.
　ITA sets -i option.

Ansible Automation Controller:
　Options that can be set
　　-verbosity
　　-f FORKS,--forks=FORKS
　　-l SUBSET,--limit=SUBSET
　　-e EXTRA_VARS,--extra-vars=EXTRA_VARS
　　-t TAGS,--tags=TAGS
　　-b,--become
　　-D,--diff
　　--skip-tags=SKIP_TAGS
　　--start-at-task=START_AT_TASK
　Ansible Automation Controller only parameters
　　-ufc,--use_fact_cache　　　
　　-as,--allow_simultaneous　
　　-jsc,--job_slice_count
　Refer to the Ansible User Manual for details.',NULL,'0',_____DATE_____,1);
INSERT INTO T_COMN_MENU_COLUMN_LINK_JNL (JOURNAL_SEQ_NO,JOURNAL_REG_DATETIME,JOURNAL_ACTION_CLASS,COLUMN_DEFINITION_ID,MENU_ID,COLUMN_NAME_JA,COLUMN_NAME_EN,COLUMN_NAME_REST,COL_GROUP_ID,COLUMN_CLASS,COLUMN_DISP_SEQ,REF_TABLE_NAME,REF_PKEY_NAME,REF_COL_NAME,REF_SORT_CONDITIONS,REF_MULTI_LANG,SENSITIVE_COL_NAME,FILE_UPLOAD_PLACE,COL_NAME,SAVE_TYPE,AUTO_INPUT,INPUT_ITEM,VIEW_ITEM,UNIQUE_ITEM,REQUIRED_ITEM,AUTOREG_HIDE_ITEM,AUTOREG_ONLY_ITEM,INITIAL_VALUE,VALIDATE_OPTION,BEFORE_VALIDATE_REGISTER,AFTER_VALIDATE_REGISTER,DESCRIPTION_JA,DESCRIPTION_EN,NOTE,DISUSE_FLAG,LAST_UPDATE_TIMESTAMP,LAST_UPDATE_USER) VALUES(2010227,_____DATE_____,'INSERT','2010227','20102','オプションパラメータ','Optional parameter','optional_parameter',NULL,'1',270,NULL,NULL,NULL,NULL,'0',NULL,NULL,'ANSIBLE_EXEC_OPTIONS',NULL,'0','1','1','0','0','0','0',NULL,'{
"min_length": 0,
"max_length": 4000
}',NULL,NULL,'Movement共通のansible-playbookコマンドのオプションパラメータを設定します。
Movement固有のオプションパラメータはMovement一覧で設定します。
Ansible:
  ansible-playbookコマンドのパラメータを設定します。
　-i オプションはITAが設定します。
Ansible Automation Controller:
　以下のパラメータが設定できます。
　　-verbosity
　　-f FORKS,--forks=FORKS
　　-l SUBSET,--limit=SUBSET
　　-e EXTRA_VARS,--extra-vars=EXTRA_VARS
        EXTRA_VARS:  変数名=具体値 変数名=具体値 .....
　　-t TAGS,--tags=TAGS
　　-b,--become
　　-D,--diff
　　--skip-tags=SKIP_TAGS
　　--start-at-task=START_AT_TASK
　以下はAnsible Automation Controller独自のパラメータです。
　　-ufc,--use_fact_cache　　　ファクトのキャッシュの使用
　　-as,--allow_simultaneous　 同時実行ジョブの有効化
　　-jsc,--job_slice_count=　　JOB SLICING
　詳細はAnsible利用手順マニュアルを参照して下さい。','Optional parameter of ansible-playbook command.
Movement-specific optional parameters are set in the Movement list.
Ansible:
　Set the parameters of nible-playbook command.
　ITA sets -i option.

Ansible Automation Controller:
　Options that can be set
　　-verbosity
　　-f FORKS,--forks=FORKS
　　-l SUBSET,--limit=SUBSET
　　-e EXTRA_VARS,--extra-vars=EXTRA_VARS
　　-t TAGS,--tags=TAGS
　　-b,--become
　　-D,--diff
　　--skip-tags=SKIP_TAGS
　　--start-at-task=START_AT_TASK
　Ansible Automation Controller only parameters
　　-ufc,--use_fact_cache　　　
　　-as,--allow_simultaneous　
　　-jsc,--job_slice_count
　Refer to the Ansible User Manual for details.',NULL,'0',_____DATE_____,1);
INSERT INTO T_COMN_MENU_COLUMN_LINK (COLUMN_DEFINITION_ID,MENU_ID,COLUMN_NAME_JA,COLUMN_NAME_EN,COLUMN_NAME_REST,COL_GROUP_ID,COLUMN_CLASS,COLUMN_DISP_SEQ,REF_TABLE_NAME,REF_PKEY_NAME,REF_COL_NAME,REF_SORT_CONDITIONS,REF_MULTI_LANG,SENSITIVE_COL_NAME,FILE_UPLOAD_PLACE,COL_NAME,SAVE_TYPE,AUTO_INPUT,INPUT_ITEM,VIEW_ITEM,UNIQUE_ITEM,REQUIRED_ITEM,AUTOREG_HIDE_ITEM,AUTOREG_ONLY_ITEM,INITIAL_VALUE,VALIDATE_OPTION,BEFORE_VALIDATE_REGISTER,AFTER_VALIDATE_REGISTER,DESCRIPTION_JA,DESCRIPTION_EN,NOTE,DISUSE_FLAG,LAST_UPDATE_TIMESTAMP,LAST_UPDATE_USER) VALUES('2010228','20102','NULL連携','NULL link','null_link',NULL,'7',280,'T_COMN_BOOLEAN_FLAG','FLAG_ID','FLAG_NAME',NULL,'0',NULL,NULL,'NULL_DATA_HANDLING_FLG',NULL,'0','1','1','0','1','0','0',NULL,NULL,NULL,NULL,'代入値自動登録設定でパラメータシートの具体値がNULL(空白)の場合に、代入値管理への登録を有効にするかのデフォルトを設定します。
有効:NULLデータを登録する。
無効:NULLデータは登録しない。','If specific value of parameter sheet is NULL in Substitut val-auto-reg, validates registration in Substitution value list or set default.
valid: Register NULL data.
Invalid: Do not register null data.',NULL,'0',_____DATE_____,1);
INSERT INTO T_COMN_MENU_COLUMN_LINK_JNL (JOURNAL_SEQ_NO,JOURNAL_REG_DATETIME,JOURNAL_ACTION_CLASS,COLUMN_DEFINITION_ID,MENU_ID,COLUMN_NAME_JA,COLUMN_NAME_EN,COLUMN_NAME_REST,COL_GROUP_ID,COLUMN_CLASS,COLUMN_DISP_SEQ,REF_TABLE_NAME,REF_PKEY_NAME,REF_COL_NAME,REF_SORT_CONDITIONS,REF_MULTI_LANG,SENSITIVE_COL_NAME,FILE_UPLOAD_PLACE,COL_NAME,SAVE_TYPE,AUTO_INPUT,INPUT_ITEM,VIEW_ITEM,UNIQUE_ITEM,REQUIRED_ITEM,AUTOREG_HIDE_ITEM,AUTOREG_ONLY_ITEM,INITIAL_VALUE,VALIDATE_OPTION,BEFORE_VALIDATE_REGISTER,AFTER_VALIDATE_REGISTER,DESCRIPTION_JA,DESCRIPTION_EN,NOTE,DISUSE_FLAG,LAST_UPDATE_TIMESTAMP,LAST_UPDATE_USER) VALUES(2010228,_____DATE_____,'INSERT','2010228','20102','NULL連携','NULL link','null_link',NULL,'7',280,'T_COMN_BOOLEAN_FLAG','FLAG_ID','FLAG_NAME',NULL,'0',NULL,NULL,'NULL_DATA_HANDLING_FLG',NULL,'0','1','1','0','1','0','0',NULL,NULL,NULL,NULL,'代入値自動登録設定でパラメータシートの具体値がNULL(空白)の場合に、代入値管理への登録を有効にするかのデフォルトを設定します。
有効:NULLデータを登録する。
無効:NULLデータは登録しない。','If specific value of parameter sheet is NULL in Substitut val-auto-reg, validates registration in Substitution value list or set default.
valid: Register NULL data.
Invalid: Do not register null data.',NULL,'0',_____DATE_____,1);
INSERT INTO T_COMN_MENU_COLUMN_LINK (COLUMN_DEFINITION_ID,MENU_ID,COLUMN_NAME_JA,COLUMN_NAME_EN,COLUMN_NAME_REST,COL_GROUP_ID,COLUMN_CLASS,COLUMN_DISP_SEQ,REF_TABLE_NAME,REF_PKEY_NAME,REF_COL_NAME,REF_SORT_CONDITIONS,REF_MULTI_LANG,SENSITIVE_COL_NAME,FILE_UPLOAD_PLACE,COL_NAME,SAVE_TYPE,AUTO_INPUT,INPUT_ITEM,VIEW_ITEM,UNIQUE_ITEM,REQUIRED_ITEM,AUTOREG_HIDE_ITEM,AUTOREG_ONLY_ITEM,INITIAL_VALUE,VALIDATE_OPTION,BEFORE_VALIDATE_REGISTER,AFTER_VALIDATE_REGISTER,DESCRIPTION_JA,DESCRIPTION_EN,NOTE,DISUSE_FLAG,LAST_UPDATE_TIMESTAMP,LAST_UPDATE_USER) VALUES('2010229','20102','並列実行数','Number of parallel executions','number_of_parallel_executions',NULL,'3',290,NULL,NULL,NULL,NULL,'0',NULL,NULL,'ANSIBLE_NUM_PARALLEL_EXEC',NULL,'0','1','1','0','1','0','0',NULL,'{
"int_min": 1,
"int_max": 1000
}',NULL,NULL,'同時に実行できるMovement(Legacy/Pioneer/Legacy-Role)の最大数です。','The maximum number of Movements (Legacy / Pioneer / Legacy-Role) that can be executed simultaneously.',NULL,'0',_____DATE_____,1);
INSERT INTO T_COMN_MENU_COLUMN_LINK_JNL (JOURNAL_SEQ_NO,JOURNAL_REG_DATETIME,JOURNAL_ACTION_CLASS,COLUMN_DEFINITION_ID,MENU_ID,COLUMN_NAME_JA,COLUMN_NAME_EN,COLUMN_NAME_REST,COL_GROUP_ID,COLUMN_CLASS,COLUMN_DISP_SEQ,REF_TABLE_NAME,REF_PKEY_NAME,REF_COL_NAME,REF_SORT_CONDITIONS,REF_MULTI_LANG,SENSITIVE_COL_NAME,FILE_UPLOAD_PLACE,COL_NAME,SAVE_TYPE,AUTO_INPUT,INPUT_ITEM,VIEW_ITEM,UNIQUE_ITEM,REQUIRED_ITEM,AUTOREG_HIDE_ITEM,AUTOREG_ONLY_ITEM,INITIAL_VALUE,VALIDATE_OPTION,BEFORE_VALIDATE_REGISTER,AFTER_VALIDATE_REGISTER,DESCRIPTION_JA,DESCRIPTION_EN,NOTE,DISUSE_FLAG,LAST_UPDATE_TIMESTAMP,LAST_UPDATE_USER) VALUES(2010229,_____DATE_____,'INSERT','2010229','20102','並列実行数','Number of parallel executions','number_of_parallel_executions',NULL,'3',290,NULL,NULL,NULL,NULL,'0',NULL,NULL,'ANSIBLE_NUM_PARALLEL_EXEC',NULL,'0','1','1','0','1','0','0',NULL,'{
"int_min": 1,
"int_max": 1000
}',NULL,NULL,'同時に実行できるMovement(Legacy/Pioneer/Legacy-Role)の最大数です。','The maximum number of Movements (Legacy / Pioneer / Legacy-Role) that can be executed simultaneously.',NULL,'0',_____DATE_____,1);
INSERT INTO T_COMN_MENU_COLUMN_LINK (COLUMN_DEFINITION_ID,MENU_ID,COLUMN_NAME_JA,COLUMN_NAME_EN,COLUMN_NAME_REST,COL_GROUP_ID,COLUMN_CLASS,COLUMN_DISP_SEQ,REF_TABLE_NAME,REF_PKEY_NAME,REF_COL_NAME,REF_SORT_CONDITIONS,REF_MULTI_LANG,SENSITIVE_COL_NAME,FILE_UPLOAD_PLACE,COL_NAME,SAVE_TYPE,AUTO_INPUT,INPUT_ITEM,VIEW_ITEM,UNIQUE_ITEM,REQUIRED_ITEM,AUTOREG_HIDE_ITEM,AUTOREG_ONLY_ITEM,INITIAL_VALUE,VALIDATE_OPTION,BEFORE_VALIDATE_REGISTER,AFTER_VALIDATE_REGISTER,DESCRIPTION_JA,DESCRIPTION_EN,NOTE,DISUSE_FLAG,LAST_UPDATE_TIMESTAMP,LAST_UPDATE_USER) VALUES('2010230','20102','状態監視周期(単位ミリ秒)','Status monitoring cycle (milliseconds)','status_monitoring_cycle',NULL,'3',300,NULL,NULL,NULL,NULL,'0',NULL,NULL,'ANSIBLE_REFRESH_INTERVAL',NULL,'0','1','1','0','1','0','0',NULL,'{
"int_min": 1000,
"int_max": 4294967296
}',NULL,NULL,'作業実行時の作業ログをリフレッシュする間隔です。
環境毎にチューニングを要しますが、通常は3000ミリ秒程度が推奨値です。','It is interval to refresh execution log when performing an execution. 
 While tuning is required for each environment, recommended value is 3000 milliseconds.',NULL,'0',_____DATE_____,1);
INSERT INTO T_COMN_MENU_COLUMN_LINK_JNL (JOURNAL_SEQ_NO,JOURNAL_REG_DATETIME,JOURNAL_ACTION_CLASS,COLUMN_DEFINITION_ID,MENU_ID,COLUMN_NAME_JA,COLUMN_NAME_EN,COLUMN_NAME_REST,COL_GROUP_ID,COLUMN_CLASS,COLUMN_DISP_SEQ,REF_TABLE_NAME,REF_PKEY_NAME,REF_COL_NAME,REF_SORT_CONDITIONS,REF_MULTI_LANG,SENSITIVE_COL_NAME,FILE_UPLOAD_PLACE,COL_NAME,SAVE_TYPE,AUTO_INPUT,INPUT_ITEM,VIEW_ITEM,UNIQUE_ITEM,REQUIRED_ITEM,AUTOREG_HIDE_ITEM,AUTOREG_ONLY_ITEM,INITIAL_VALUE,VALIDATE_OPTION,BEFORE_VALIDATE_REGISTER,AFTER_VALIDATE_REGISTER,DESCRIPTION_JA,DESCRIPTION_EN,NOTE,DISUSE_FLAG,LAST_UPDATE_TIMESTAMP,LAST_UPDATE_USER) VALUES(2010230,_____DATE_____,'INSERT','2010230','20102','状態監視周期(単位ミリ秒)','Status monitoring cycle (milliseconds)','status_monitoring_cycle',NULL,'3',300,NULL,NULL,NULL,NULL,'0',NULL,NULL,'ANSIBLE_REFRESH_INTERVAL',NULL,'0','1','1','0','1','0','0',NULL,'{
"int_min": 1000,
"int_max": 4294967296
}',NULL,NULL,'作業実行時の作業ログをリフレッシュする間隔です。
環境毎にチューニングを要しますが、通常は3000ミリ秒程度が推奨値です。','It is interval to refresh execution log when performing an execution. 
 While tuning is required for each environment, recommended value is 3000 milliseconds.',NULL,'0',_____DATE_____,1);
INSERT INTO T_COMN_MENU_COLUMN_LINK (COLUMN_DEFINITION_ID,MENU_ID,COLUMN_NAME_JA,COLUMN_NAME_EN,COLUMN_NAME_REST,COL_GROUP_ID,COLUMN_CLASS,COLUMN_DISP_SEQ,REF_TABLE_NAME,REF_PKEY_NAME,REF_COL_NAME,REF_SORT_CONDITIONS,REF_MULTI_LANG,SENSITIVE_COL_NAME,FILE_UPLOAD_PLACE,COL_NAME,SAVE_TYPE,AUTO_INPUT,INPUT_ITEM,VIEW_ITEM,UNIQUE_ITEM,REQUIRED_ITEM,AUTOREG_HIDE_ITEM,AUTOREG_ONLY_ITEM,INITIAL_VALUE,VALIDATE_OPTION,BEFORE_VALIDATE_REGISTER,AFTER_VALIDATE_REGISTER,DESCRIPTION_JA,DESCRIPTION_EN,NOTE,DISUSE_FLAG,LAST_UPDATE_TIMESTAMP,LAST_UPDATE_USER) VALUES('2010231','20102','進行状態表示行数','Number of rows to display progress status','number_of_rows_to_display_progress_status',NULL,'3',310,NULL,NULL,NULL,NULL,'0',NULL,NULL,'ANSIBLE_TAILLOG_LINES',NULL,'0','1','1','0','1','0','0',NULL,'{
"int_min": 0,
"int_max": 4294967296
}',NULL,NULL,'作業実行時の[作業状態確認]メニューの[進行状況]のログ出力行数です。
ステータスが[未実行]、[準備中]、[実行中]、[実行中(遅延)]の場合、指定した行数でログを出力します。
ステータスが[完了]、[完了(異常)]、[想定外エラー]、[緊急停止]、[未実行(予約)]、[予約取消]の場合、指定した行数ではなくすべてのログを出力します。
環境毎にチューニングを要しますが、通常は1000行程度が推奨値です。','The number of lines that will be output to the [Progress status] log in the [Check operation status] menu when executing an operation.
The log will only output the specified number of lines if the status displays [Not yet executed], [Preparing], [Executing] or [Executing (Delayed)].
If the status displays [Completed], [Completed(error)], [Unexpected error], [Emergency stop], [Not yet executed(reserved)] or [Reservation deleted], the log will ignore the set number and output the whole log.
While this number should be tuned depending on the environment, the recommended value is 1000 lines.',NULL,'0',_____DATE_____,1);
INSERT INTO T_COMN_MENU_COLUMN_LINK_JNL (JOURNAL_SEQ_NO,JOURNAL_REG_DATETIME,JOURNAL_ACTION_CLASS,COLUMN_DEFINITION_ID,MENU_ID,COLUMN_NAME_JA,COLUMN_NAME_EN,COLUMN_NAME_REST,COL_GROUP_ID,COLUMN_CLASS,COLUMN_DISP_SEQ,REF_TABLE_NAME,REF_PKEY_NAME,REF_COL_NAME,REF_SORT_CONDITIONS,REF_MULTI_LANG,SENSITIVE_COL_NAME,FILE_UPLOAD_PLACE,COL_NAME,SAVE_TYPE,AUTO_INPUT,INPUT_ITEM,VIEW_ITEM,UNIQUE_ITEM,REQUIRED_ITEM,AUTOREG_HIDE_ITEM,AUTOREG_ONLY_ITEM,INITIAL_VALUE,VALIDATE_OPTION,BEFORE_VALIDATE_REGISTER,AFTER_VALIDATE_REGISTER,DESCRIPTION_JA,DESCRIPTION_EN,NOTE,DISUSE_FLAG,LAST_UPDATE_TIMESTAMP,LAST_UPDATE_USER) VALUES(2010231,_____DATE_____,'INSERT','2010231','20102','進行状態表示行数','Number of rows to display progress status','number_of_rows_to_display_progress_status',NULL,'3',310,NULL,NULL,NULL,NULL,'0',NULL,NULL,'ANSIBLE_TAILLOG_LINES',NULL,'0','1','1','0','1','0','0',NULL,'{
"int_min": 0,
"int_max": 4294967296
}',NULL,NULL,'作業実行時の[作業状態確認]メニューの[進行状況]のログ出力行数です。
ステータスが[未実行]、[準備中]、[実行中]、[実行中(遅延)]の場合、指定した行数でログを出力します。
ステータスが[完了]、[完了(異常)]、[想定外エラー]、[緊急停止]、[未実行(予約)]、[予約取消]の場合、指定した行数ではなくすべてのログを出力します。
環境毎にチューニングを要しますが、通常は1000行程度が推奨値です。','The number of lines that will be output to the [Progress status] log in the [Check operation status] menu when executing an operation.
The log will only output the specified number of lines if the status displays [Not yet executed], [Preparing], [Executing] or [Executing (Delayed)].
If the status displays [Completed], [Completed(error)], [Unexpected error], [Emergency stop], [Not yet executed(reserved)] or [Reservation deleted], the log will ignore the set number and output the whole log.
While this number should be tuned depending on the environment, the recommended value is 1000 lines.',NULL,'0',_____DATE_____,1);
INSERT INTO T_COMN_MENU_COLUMN_LINK (COLUMN_DEFINITION_ID,MENU_ID,COLUMN_NAME_JA,COLUMN_NAME_EN,COLUMN_NAME_REST,COL_GROUP_ID,COLUMN_CLASS,COLUMN_DISP_SEQ,REF_TABLE_NAME,REF_PKEY_NAME,REF_COL_NAME,REF_SORT_CONDITIONS,REF_MULTI_LANG,SENSITIVE_COL_NAME,FILE_UPLOAD_PLACE,COL_NAME,SAVE_TYPE,AUTO_INPUT,INPUT_ITEM,VIEW_ITEM,UNIQUE_ITEM,REQUIRED_ITEM,AUTOREG_HIDE_ITEM,AUTOREG_ONLY_ITEM,INITIAL_VALUE,VALIDATE_OPTION,BEFORE_VALIDATE_REGISTER,AFTER_VALIDATE_REGISTER,DESCRIPTION_JA,DESCRIPTION_EN,NOTE,DISUSE_FLAG,LAST_UPDATE_TIMESTAMP,LAST_UPDATE_USER) VALUES('2010232','20102','備考','Remarks','remarks',NULL,'12',320,NULL,NULL,NULL,NULL,'0',NULL,NULL,'NOTE',NULL,'0','1','1','0','0','0','0',NULL,'{
"min_length": 0,
"max_length": 4000
}',NULL,NULL,'自由記述欄。レコードの廃止・復活時にも記載可能。','Comments section. Can comment when removing or restoring records.',NULL,'0',_____DATE_____,1);
INSERT INTO T_COMN_MENU_COLUMN_LINK_JNL (JOURNAL_SEQ_NO,JOURNAL_REG_DATETIME,JOURNAL_ACTION_CLASS,COLUMN_DEFINITION_ID,MENU_ID,COLUMN_NAME_JA,COLUMN_NAME_EN,COLUMN_NAME_REST,COL_GROUP_ID,COLUMN_CLASS,COLUMN_DISP_SEQ,REF_TABLE_NAME,REF_PKEY_NAME,REF_COL_NAME,REF_SORT_CONDITIONS,REF_MULTI_LANG,SENSITIVE_COL_NAME,FILE_UPLOAD_PLACE,COL_NAME,SAVE_TYPE,AUTO_INPUT,INPUT_ITEM,VIEW_ITEM,UNIQUE_ITEM,REQUIRED_ITEM,AUTOREG_HIDE_ITEM,AUTOREG_ONLY_ITEM,INITIAL_VALUE,VALIDATE_OPTION,BEFORE_VALIDATE_REGISTER,AFTER_VALIDATE_REGISTER,DESCRIPTION_JA,DESCRIPTION_EN,NOTE,DISUSE_FLAG,LAST_UPDATE_TIMESTAMP,LAST_UPDATE_USER) VALUES(2010232,_____DATE_____,'INSERT','2010232','20102','備考','Remarks','remarks',NULL,'12',320,NULL,NULL,NULL,NULL,'0',NULL,NULL,'NOTE',NULL,'0','1','1','0','0','0','0',NULL,'{
"min_length": 0,
"max_length": 4000
}',NULL,NULL,'自由記述欄。レコードの廃止・復活時にも記載可能。','Comments section. Can comment when removing or restoring records.',NULL,'0',_____DATE_____,1);
INSERT INTO T_COMN_MENU_COLUMN_LINK (COLUMN_DEFINITION_ID,MENU_ID,COLUMN_NAME_JA,COLUMN_NAME_EN,COLUMN_NAME_REST,COL_GROUP_ID,COLUMN_CLASS,COLUMN_DISP_SEQ,REF_TABLE_NAME,REF_PKEY_NAME,REF_COL_NAME,REF_SORT_CONDITIONS,REF_MULTI_LANG,SENSITIVE_COL_NAME,FILE_UPLOAD_PLACE,COL_NAME,SAVE_TYPE,AUTO_INPUT,INPUT_ITEM,VIEW_ITEM,UNIQUE_ITEM,REQUIRED_ITEM,AUTOREG_HIDE_ITEM,AUTOREG_ONLY_ITEM,INITIAL_VALUE,VALIDATE_OPTION,BEFORE_VALIDATE_REGISTER,AFTER_VALIDATE_REGISTER,DESCRIPTION_JA,DESCRIPTION_EN,NOTE,DISUSE_FLAG,LAST_UPDATE_TIMESTAMP,LAST_UPDATE_USER) VALUES('2010233','20102','廃止フラグ','Discard','discard',NULL,'1',330,NULL,NULL,NULL,NULL,'0',NULL,NULL,'DISUSE_FLAG',NULL,'1','1','1','0','1','0','0',NULL,NULL,NULL,NULL,'廃止フラグ。復活以外のオペレーションは不可','Discard flag. Cannot do operation other than restore.',NULL,'0',_____DATE_____,1);
INSERT INTO T_COMN_MENU_COLUMN_LINK_JNL (JOURNAL_SEQ_NO,JOURNAL_REG_DATETIME,JOURNAL_ACTION_CLASS,COLUMN_DEFINITION_ID,MENU_ID,COLUMN_NAME_JA,COLUMN_NAME_EN,COLUMN_NAME_REST,COL_GROUP_ID,COLUMN_CLASS,COLUMN_DISP_SEQ,REF_TABLE_NAME,REF_PKEY_NAME,REF_COL_NAME,REF_SORT_CONDITIONS,REF_MULTI_LANG,SENSITIVE_COL_NAME,FILE_UPLOAD_PLACE,COL_NAME,SAVE_TYPE,AUTO_INPUT,INPUT_ITEM,VIEW_ITEM,UNIQUE_ITEM,REQUIRED_ITEM,AUTOREG_HIDE_ITEM,AUTOREG_ONLY_ITEM,INITIAL_VALUE,VALIDATE_OPTION,BEFORE_VALIDATE_REGISTER,AFTER_VALIDATE_REGISTER,DESCRIPTION_JA,DESCRIPTION_EN,NOTE,DISUSE_FLAG,LAST_UPDATE_TIMESTAMP,LAST_UPDATE_USER) VALUES(2010233,_____DATE_____,'INSERT','2010233','20102','廃止フラグ','Discard','discard',NULL,'1',330,NULL,NULL,NULL,NULL,'0',NULL,NULL,'DISUSE_FLAG',NULL,'1','1','1','0','1','0','0',NULL,NULL,NULL,NULL,'廃止フラグ。復活以外のオペレーションは不可','Discard flag. Cannot do operation other than restore.',NULL,'0',_____DATE_____,1);
INSERT INTO T_COMN_MENU_COLUMN_LINK (COLUMN_DEFINITION_ID,MENU_ID,COLUMN_NAME_JA,COLUMN_NAME_EN,COLUMN_NAME_REST,COL_GROUP_ID,COLUMN_CLASS,COLUMN_DISP_SEQ,REF_TABLE_NAME,REF_PKEY_NAME,REF_COL_NAME,REF_SORT_CONDITIONS,REF_MULTI_LANG,SENSITIVE_COL_NAME,FILE_UPLOAD_PLACE,COL_NAME,SAVE_TYPE,AUTO_INPUT,INPUT_ITEM,VIEW_ITEM,UNIQUE_ITEM,REQUIRED_ITEM,AUTOREG_HIDE_ITEM,AUTOREG_ONLY_ITEM,INITIAL_VALUE,VALIDATE_OPTION,BEFORE_VALIDATE_REGISTER,AFTER_VALIDATE_REGISTER,DESCRIPTION_JA,DESCRIPTION_EN,NOTE,DISUSE_FLAG,LAST_UPDATE_TIMESTAMP,LAST_UPDATE_USER) VALUES('2010234','20102','最終更新日時','Last update date/time','last_update_date_time',NULL,'13',340,NULL,NULL,NULL,NULL,'0',NULL,NULL,'LAST_UPDATE_TIMESTAMP',NULL,'1','1','1','0','1','0','0',NULL,NULL,NULL,NULL,'レコードの最終更新日。更新可否判定に使用。自動登録のため編集不可。','Last update date of record. Useful for judging the possibility of an update. Cannot edit because of auto-numbering.',NULL,'0',_____DATE_____,1);
INSERT INTO T_COMN_MENU_COLUMN_LINK_JNL (JOURNAL_SEQ_NO,JOURNAL_REG_DATETIME,JOURNAL_ACTION_CLASS,COLUMN_DEFINITION_ID,MENU_ID,COLUMN_NAME_JA,COLUMN_NAME_EN,COLUMN_NAME_REST,COL_GROUP_ID,COLUMN_CLASS,COLUMN_DISP_SEQ,REF_TABLE_NAME,REF_PKEY_NAME,REF_COL_NAME,REF_SORT_CONDITIONS,REF_MULTI_LANG,SENSITIVE_COL_NAME,FILE_UPLOAD_PLACE,COL_NAME,SAVE_TYPE,AUTO_INPUT,INPUT_ITEM,VIEW_ITEM,UNIQUE_ITEM,REQUIRED_ITEM,AUTOREG_HIDE_ITEM,AUTOREG_ONLY_ITEM,INITIAL_VALUE,VALIDATE_OPTION,BEFORE_VALIDATE_REGISTER,AFTER_VALIDATE_REGISTER,DESCRIPTION_JA,DESCRIPTION_EN,NOTE,DISUSE_FLAG,LAST_UPDATE_TIMESTAMP,LAST_UPDATE_USER) VALUES(2010234,_____DATE_____,'INSERT','2010234','20102','最終更新日時','Last update date/time','last_update_date_time',NULL,'13',340,NULL,NULL,NULL,NULL,'0',NULL,NULL,'LAST_UPDATE_TIMESTAMP',NULL,'1','1','1','0','1','0','0',NULL,NULL,NULL,NULL,'レコードの最終更新日。更新可否判定に使用。自動登録のため編集不可。','Last update date of record. Useful for judging the possibility of an update. Cannot edit because of auto-numbering.',NULL,'0',_____DATE_____,1);
INSERT INTO T_COMN_MENU_COLUMN_LINK (COLUMN_DEFINITION_ID,MENU_ID,COLUMN_NAME_JA,COLUMN_NAME_EN,COLUMN_NAME_REST,COL_GROUP_ID,COLUMN_CLASS,COLUMN_DISP_SEQ,REF_TABLE_NAME,REF_PKEY_NAME,REF_COL_NAME,REF_SORT_CONDITIONS,REF_MULTI_LANG,SENSITIVE_COL_NAME,FILE_UPLOAD_PLACE,COL_NAME,SAVE_TYPE,AUTO_INPUT,INPUT_ITEM,VIEW_ITEM,UNIQUE_ITEM,REQUIRED_ITEM,AUTOREG_HIDE_ITEM,AUTOREG_ONLY_ITEM,INITIAL_VALUE,VALIDATE_OPTION,BEFORE_VALIDATE_REGISTER,AFTER_VALIDATE_REGISTER,DESCRIPTION_JA,DESCRIPTION_EN,NOTE,DISUSE_FLAG,LAST_UPDATE_TIMESTAMP,LAST_UPDATE_USER) VALUES('2010235','20102','最終更新者','Last updated by','last_updated_user',NULL,'14',350,NULL,NULL,NULL,NULL,'0',NULL,NULL,'LAST_UPDATE_USER',NULL,'1','1','1','0','1','0','0',NULL,NULL,NULL,NULL,'更新者。ログインユーザのIDが自動的に登録される。編集不可。','Updated by. Login user ID is automatically registered. Cannot edit.',NULL,'0',_____DATE_____,1);
INSERT INTO T_COMN_MENU_COLUMN_LINK_JNL (JOURNAL_SEQ_NO,JOURNAL_REG_DATETIME,JOURNAL_ACTION_CLASS,COLUMN_DEFINITION_ID,MENU_ID,COLUMN_NAME_JA,COLUMN_NAME_EN,COLUMN_NAME_REST,COL_GROUP_ID,COLUMN_CLASS,COLUMN_DISP_SEQ,REF_TABLE_NAME,REF_PKEY_NAME,REF_COL_NAME,REF_SORT_CONDITIONS,REF_MULTI_LANG,SENSITIVE_COL_NAME,FILE_UPLOAD_PLACE,COL_NAME,SAVE_TYPE,AUTO_INPUT,INPUT_ITEM,VIEW_ITEM,UNIQUE_ITEM,REQUIRED_ITEM,AUTOREG_HIDE_ITEM,AUTOREG_ONLY_ITEM,INITIAL_VALUE,VALIDATE_OPTION,BEFORE_VALIDATE_REGISTER,AFTER_VALIDATE_REGISTER,DESCRIPTION_JA,DESCRIPTION_EN,NOTE,DISUSE_FLAG,LAST_UPDATE_TIMESTAMP,LAST_UPDATE_USER) VALUES(2010235,_____DATE_____,'INSERT','2010235','20102','最終更新者','Last updated by','last_updated_user',NULL,'14',350,NULL,NULL,NULL,NULL,'0',NULL,NULL,'LAST_UPDATE_USER',NULL,'1','1','1','0','1','0','0',NULL,NULL,NULL,NULL,'更新者。ログインユーザのIDが自動的に登録される。編集不可。','Updated by. Login user ID is automatically registered. Cannot edit.',NULL,'0',_____DATE_____,1);
INSERT INTO T_COMN_MENU_COLUMN_LINK (COLUMN_DEFINITION_ID,MENU_ID,COLUMN_NAME_JA,COLUMN_NAME_EN,COLUMN_NAME_REST,COL_GROUP_ID,COLUMN_CLASS,COLUMN_DISP_SEQ,REF_TABLE_NAME,REF_PKEY_NAME,REF_COL_NAME,REF_SORT_CONDITIONS,REF_MULTI_LANG,SENSITIVE_COL_NAME,FILE_UPLOAD_PLACE,COL_NAME,SAVE_TYPE,AUTO_INPUT,INPUT_ITEM,VIEW_ITEM,UNIQUE_ITEM,REQUIRED_ITEM,AUTOREG_HIDE_ITEM,AUTOREG_ONLY_ITEM,INITIAL_VALUE,VALIDATE_OPTION,BEFORE_VALIDATE_REGISTER,AFTER_VALIDATE_REGISTER,DESCRIPTION_JA,DESCRIPTION_EN,NOTE,DISUSE_FLAG,LAST_UPDATE_TIMESTAMP,LAST_UPDATE_USER) VALUES('2010301','20103','項番','No.','no',NULL,'1',10,NULL,NULL,NULL,NULL,'0',NULL,NULL,'ANSTWR_HOST_ID',NULL,'1','1','1','1','1','0','0',NULL,NULL,NULL,NULL,'自動採番のため編集不可。実行処理種別が【登録】の場合、空白のみ可。','Cannot edit because of auto-numbering. Must be blank when execution process type is [Register].',NULL,'0',_____DATE_____,1);
INSERT INTO T_COMN_MENU_COLUMN_LINK_JNL (JOURNAL_SEQ_NO,JOURNAL_REG_DATETIME,JOURNAL_ACTION_CLASS,COLUMN_DEFINITION_ID,MENU_ID,COLUMN_NAME_JA,COLUMN_NAME_EN,COLUMN_NAME_REST,COL_GROUP_ID,COLUMN_CLASS,COLUMN_DISP_SEQ,REF_TABLE_NAME,REF_PKEY_NAME,REF_COL_NAME,REF_SORT_CONDITIONS,REF_MULTI_LANG,SENSITIVE_COL_NAME,FILE_UPLOAD_PLACE,COL_NAME,SAVE_TYPE,AUTO_INPUT,INPUT_ITEM,VIEW_ITEM,UNIQUE_ITEM,REQUIRED_ITEM,AUTOREG_HIDE_ITEM,AUTOREG_ONLY_ITEM,INITIAL_VALUE,VALIDATE_OPTION,BEFORE_VALIDATE_REGISTER,AFTER_VALIDATE_REGISTER,DESCRIPTION_JA,DESCRIPTION_EN,NOTE,DISUSE_FLAG,LAST_UPDATE_TIMESTAMP,LAST_UPDATE_USER) VALUES(2010301,_____DATE_____,'INSERT','2010301','20103','項番','No.','no',NULL,'1',10,NULL,NULL,NULL,NULL,'0',NULL,NULL,'ANSTWR_HOST_ID',NULL,'1','1','1','1','1','0','0',NULL,NULL,NULL,NULL,'自動採番のため編集不可。実行処理種別が【登録】の場合、空白のみ可。','Cannot edit because of auto-numbering. Must be blank when execution process type is [Register].',NULL,'0',_____DATE_____,1);
INSERT INTO T_COMN_MENU_COLUMN_LINK (COLUMN_DEFINITION_ID,MENU_ID,COLUMN_NAME_JA,COLUMN_NAME_EN,COLUMN_NAME_REST,COL_GROUP_ID,COLUMN_CLASS,COLUMN_DISP_SEQ,REF_TABLE_NAME,REF_PKEY_NAME,REF_COL_NAME,REF_SORT_CONDITIONS,REF_MULTI_LANG,SENSITIVE_COL_NAME,FILE_UPLOAD_PLACE,COL_NAME,SAVE_TYPE,AUTO_INPUT,INPUT_ITEM,VIEW_ITEM,UNIQUE_ITEM,REQUIRED_ITEM,AUTOREG_HIDE_ITEM,AUTOREG_ONLY_ITEM,INITIAL_VALUE,VALIDATE_OPTION,BEFORE_VALIDATE_REGISTER,AFTER_VALIDATE_REGISTER,DESCRIPTION_JA,DESCRIPTION_EN,NOTE,DISUSE_FLAG,LAST_UPDATE_TIMESTAMP,LAST_UPDATE_USER) VALUES('2010302','20103','ホスト','Host','host',NULL,'1',20,NULL,NULL,NULL,NULL,'0',NULL,NULL,'ANSTWR_HOSTNAME',NULL,'0','1','1','1','1','0','0',NULL,'{
"min_length": 1,
"max_length": 255
}',NULL,NULL,'Ansible Automation Controllerのホスト名(またはIPアドレス)です。','It is host name (or IP address) of Ansible Automation Controller.',NULL,'0',_____DATE_____,1);
INSERT INTO T_COMN_MENU_COLUMN_LINK_JNL (JOURNAL_SEQ_NO,JOURNAL_REG_DATETIME,JOURNAL_ACTION_CLASS,COLUMN_DEFINITION_ID,MENU_ID,COLUMN_NAME_JA,COLUMN_NAME_EN,COLUMN_NAME_REST,COL_GROUP_ID,COLUMN_CLASS,COLUMN_DISP_SEQ,REF_TABLE_NAME,REF_PKEY_NAME,REF_COL_NAME,REF_SORT_CONDITIONS,REF_MULTI_LANG,SENSITIVE_COL_NAME,FILE_UPLOAD_PLACE,COL_NAME,SAVE_TYPE,AUTO_INPUT,INPUT_ITEM,VIEW_ITEM,UNIQUE_ITEM,REQUIRED_ITEM,AUTOREG_HIDE_ITEM,AUTOREG_ONLY_ITEM,INITIAL_VALUE,VALIDATE_OPTION,BEFORE_VALIDATE_REGISTER,AFTER_VALIDATE_REGISTER,DESCRIPTION_JA,DESCRIPTION_EN,NOTE,DISUSE_FLAG,LAST_UPDATE_TIMESTAMP,LAST_UPDATE_USER) VALUES(2010302,_____DATE_____,'INSERT','2010302','20103','ホスト','Host','host',NULL,'1',20,NULL,NULL,NULL,NULL,'0',NULL,NULL,'ANSTWR_HOSTNAME',NULL,'0','1','1','1','1','0','0',NULL,'{
"min_length": 1,
"max_length": 255
}',NULL,NULL,'Ansible Automation Controllerのホスト名(またはIPアドレス)です。','It is host name (or IP address) of Ansible Automation Controller.',NULL,'0',_____DATE_____,1);
INSERT INTO T_COMN_MENU_COLUMN_LINK (COLUMN_DEFINITION_ID,MENU_ID,COLUMN_NAME_JA,COLUMN_NAME_EN,COLUMN_NAME_REST,COL_GROUP_ID,COLUMN_CLASS,COLUMN_DISP_SEQ,REF_TABLE_NAME,REF_PKEY_NAME,REF_COL_NAME,REF_SORT_CONDITIONS,REF_MULTI_LANG,SENSITIVE_COL_NAME,FILE_UPLOAD_PLACE,COL_NAME,SAVE_TYPE,AUTO_INPUT,INPUT_ITEM,VIEW_ITEM,UNIQUE_ITEM,REQUIRED_ITEM,AUTOREG_HIDE_ITEM,AUTOREG_ONLY_ITEM,INITIAL_VALUE,VALIDATE_OPTION,BEFORE_VALIDATE_REGISTER,AFTER_VALIDATE_REGISTER,DESCRIPTION_JA,DESCRIPTION_EN,NOTE,DISUSE_FLAG,LAST_UPDATE_TIMESTAMP,LAST_UPDATE_USER) VALUES('2010303','20103','認証方式','Authentication method','authentication_method',NULL,'7',30,'V_ANSC_TWR_LOGIN_AUTH_TYPE','LOGIN_AUTH_TYPE_ID','LOGIN_AUTH_TYPE_NAME',NULL,'1',NULL,NULL,'ANSTWR_LOGIN_AUTH_TYPE',NULL,'0','1','1','1','0','0','0',NULL,NULL,NULL,NULL,'sshでAnsible Automation Controllerに接続する場合の認証方式を選択します。
・パスワード認証
　ユーザーとパスワードの入力が必須です。
・鍵認証（パスフレーズなし）
　ssh秘密鍵ファイルのアップロードが必須です。
・鍵認証（パスフレーズあり）
　ssh秘密鍵ファイルのアップロードと、パスフレーズの入力が必須です。
・鍵認証（鍵交換済み）
　ssh秘密鍵ファイルのアップロードは必要ありません。','Select the authentication method when connecting to Ansible Automation Controller with ssh.
-Password authentication
 Select ● in the login password management and enter the login password.
-Key authentication (no passphrase)
 Uploading the ssh private key file is required.
-Key authentication (with passphrase)
 You must upload the ssh private key file and enter the passphrase.
-Key authentication (key exchanged)
 No upload of ssh private key file is required.',NULL,'0',_____DATE_____,1);
INSERT INTO T_COMN_MENU_COLUMN_LINK_JNL (JOURNAL_SEQ_NO,JOURNAL_REG_DATETIME,JOURNAL_ACTION_CLASS,COLUMN_DEFINITION_ID,MENU_ID,COLUMN_NAME_JA,COLUMN_NAME_EN,COLUMN_NAME_REST,COL_GROUP_ID,COLUMN_CLASS,COLUMN_DISP_SEQ,REF_TABLE_NAME,REF_PKEY_NAME,REF_COL_NAME,REF_SORT_CONDITIONS,REF_MULTI_LANG,SENSITIVE_COL_NAME,FILE_UPLOAD_PLACE,COL_NAME,SAVE_TYPE,AUTO_INPUT,INPUT_ITEM,VIEW_ITEM,UNIQUE_ITEM,REQUIRED_ITEM,AUTOREG_HIDE_ITEM,AUTOREG_ONLY_ITEM,INITIAL_VALUE,VALIDATE_OPTION,BEFORE_VALIDATE_REGISTER,AFTER_VALIDATE_REGISTER,DESCRIPTION_JA,DESCRIPTION_EN,NOTE,DISUSE_FLAG,LAST_UPDATE_TIMESTAMP,LAST_UPDATE_USER) VALUES(2010303,_____DATE_____,'INSERT','2010303','20103','認証方式','Authentication method','authentication_method',NULL,'7',30,'V_ANSC_TWR_LOGIN_AUTH_TYPE','LOGIN_AUTH_TYPE_ID','LOGIN_AUTH_TYPE_NAME',NULL,'1',NULL,NULL,'ANSTWR_LOGIN_AUTH_TYPE',NULL,'0','1','1','1','0','0','0',NULL,NULL,NULL,NULL,'sshでAnsible Automation Controllerに接続する場合の認証方式を選択します。
・パスワード認証
　ユーザーとパスワードの入力が必須です。
・鍵認証（パスフレーズなし）
　ssh秘密鍵ファイルのアップロードが必須です。
・鍵認証（パスフレーズあり）
　ssh秘密鍵ファイルのアップロードと、パスフレーズの入力が必須です。
・鍵認証（鍵交換済み）
　ssh秘密鍵ファイルのアップロードは必要ありません。','Select the authentication method when connecting to Ansible Automation Controller with ssh.
-Password authentication
 Select ● in the login password management and enter the login password.
-Key authentication (no passphrase)
 Uploading the ssh private key file is required.
-Key authentication (with passphrase)
 You must upload the ssh private key file and enter the passphrase.
-Key authentication (key exchanged)
 No upload of ssh private key file is required.',NULL,'0',_____DATE_____,1);
INSERT INTO T_COMN_MENU_COLUMN_LINK (COLUMN_DEFINITION_ID,MENU_ID,COLUMN_NAME_JA,COLUMN_NAME_EN,COLUMN_NAME_REST,COL_GROUP_ID,COLUMN_CLASS,COLUMN_DISP_SEQ,REF_TABLE_NAME,REF_PKEY_NAME,REF_COL_NAME,REF_SORT_CONDITIONS,REF_MULTI_LANG,SENSITIVE_COL_NAME,FILE_UPLOAD_PLACE,COL_NAME,SAVE_TYPE,AUTO_INPUT,INPUT_ITEM,VIEW_ITEM,UNIQUE_ITEM,REQUIRED_ITEM,AUTOREG_HIDE_ITEM,AUTOREG_ONLY_ITEM,INITIAL_VALUE,VALIDATE_OPTION,BEFORE_VALIDATE_REGISTER,AFTER_VALIDATE_REGISTER,DESCRIPTION_JA,DESCRIPTION_EN,NOTE,DISUSE_FLAG,LAST_UPDATE_TIMESTAMP,LAST_UPDATE_USER) VALUES('2010304','20103','ユーザー','User','user',NULL,'1',40,NULL,NULL,NULL,NULL,'0',NULL,NULL,'ANSTWR_LOGIN_USER',NULL,'0','1','1','1','0','0','0',NULL,'{
"min_length": 0,
"max_length": 255
}',NULL,NULL,'sshでAnsible Automation Controllerに接続する場合のユーザー名です。プロジェクトパス(/var/lib/awx/projects)への書込み権限が必要です。','User when connecting to Ansible Automation Controller with ssh. Write permission to the project path (/var/lib/awx/projects) is required.',NULL,'0',_____DATE_____,1);
INSERT INTO T_COMN_MENU_COLUMN_LINK_JNL (JOURNAL_SEQ_NO,JOURNAL_REG_DATETIME,JOURNAL_ACTION_CLASS,COLUMN_DEFINITION_ID,MENU_ID,COLUMN_NAME_JA,COLUMN_NAME_EN,COLUMN_NAME_REST,COL_GROUP_ID,COLUMN_CLASS,COLUMN_DISP_SEQ,REF_TABLE_NAME,REF_PKEY_NAME,REF_COL_NAME,REF_SORT_CONDITIONS,REF_MULTI_LANG,SENSITIVE_COL_NAME,FILE_UPLOAD_PLACE,COL_NAME,SAVE_TYPE,AUTO_INPUT,INPUT_ITEM,VIEW_ITEM,UNIQUE_ITEM,REQUIRED_ITEM,AUTOREG_HIDE_ITEM,AUTOREG_ONLY_ITEM,INITIAL_VALUE,VALIDATE_OPTION,BEFORE_VALIDATE_REGISTER,AFTER_VALIDATE_REGISTER,DESCRIPTION_JA,DESCRIPTION_EN,NOTE,DISUSE_FLAG,LAST_UPDATE_TIMESTAMP,LAST_UPDATE_USER) VALUES(2010304,_____DATE_____,'INSERT','2010304','20103','ユーザー','User','user',NULL,'1',40,NULL,NULL,NULL,NULL,'0',NULL,NULL,'ANSTWR_LOGIN_USER',NULL,'0','1','1','1','0','0','0',NULL,'{
"min_length": 0,
"max_length": 255
}',NULL,NULL,'sshでAnsible Automation Controllerに接続する場合のユーザー名です。プロジェクトパス(/var/lib/awx/projects)への書込み権限が必要です。','User when connecting to Ansible Automation Controller with ssh. Write permission to the project path (/var/lib/awx/projects) is required.',NULL,'0',_____DATE_____,1);
INSERT INTO T_COMN_MENU_COLUMN_LINK (COLUMN_DEFINITION_ID,MENU_ID,COLUMN_NAME_JA,COLUMN_NAME_EN,COLUMN_NAME_REST,COL_GROUP_ID,COLUMN_CLASS,COLUMN_DISP_SEQ,REF_TABLE_NAME,REF_PKEY_NAME,REF_COL_NAME,REF_SORT_CONDITIONS,REF_MULTI_LANG,SENSITIVE_COL_NAME,FILE_UPLOAD_PLACE,COL_NAME,SAVE_TYPE,AUTO_INPUT,INPUT_ITEM,VIEW_ITEM,UNIQUE_ITEM,REQUIRED_ITEM,AUTOREG_HIDE_ITEM,AUTOREG_ONLY_ITEM,INITIAL_VALUE,VALIDATE_OPTION,BEFORE_VALIDATE_REGISTER,AFTER_VALIDATE_REGISTER,DESCRIPTION_JA,DESCRIPTION_EN,NOTE,DISUSE_FLAG,LAST_UPDATE_TIMESTAMP,LAST_UPDATE_USER) VALUES('2010305','20103','パスワード','Password','password',NULL,'8',50,NULL,NULL,NULL,NULL,'0',NULL,NULL,'ANSTWR_LOGIN_PASSWORD',NULL,'0','1','1','0','0','0','0',NULL,'{
"min_length": 0,
"max_length": 4000
}',NULL,NULL,'パスワード認証する場合のパスワードです。','Password for password authentication.',NULL,'0',_____DATE_____,1);
INSERT INTO T_COMN_MENU_COLUMN_LINK_JNL (JOURNAL_SEQ_NO,JOURNAL_REG_DATETIME,JOURNAL_ACTION_CLASS,COLUMN_DEFINITION_ID,MENU_ID,COLUMN_NAME_JA,COLUMN_NAME_EN,COLUMN_NAME_REST,COL_GROUP_ID,COLUMN_CLASS,COLUMN_DISP_SEQ,REF_TABLE_NAME,REF_PKEY_NAME,REF_COL_NAME,REF_SORT_CONDITIONS,REF_MULTI_LANG,SENSITIVE_COL_NAME,FILE_UPLOAD_PLACE,COL_NAME,SAVE_TYPE,AUTO_INPUT,INPUT_ITEM,VIEW_ITEM,UNIQUE_ITEM,REQUIRED_ITEM,AUTOREG_HIDE_ITEM,AUTOREG_ONLY_ITEM,INITIAL_VALUE,VALIDATE_OPTION,BEFORE_VALIDATE_REGISTER,AFTER_VALIDATE_REGISTER,DESCRIPTION_JA,DESCRIPTION_EN,NOTE,DISUSE_FLAG,LAST_UPDATE_TIMESTAMP,LAST_UPDATE_USER) VALUES(2010305,_____DATE_____,'INSERT','2010305','20103','パスワード','Password','password',NULL,'8',50,NULL,NULL,NULL,NULL,'0',NULL,NULL,'ANSTWR_LOGIN_PASSWORD',NULL,'0','1','1','0','0','0','0',NULL,'{
"min_length": 0,
"max_length": 4000
}',NULL,NULL,'パスワード認証する場合のパスワードです。','Password for password authentication.',NULL,'0',_____DATE_____,1);
INSERT INTO T_COMN_MENU_COLUMN_LINK (COLUMN_DEFINITION_ID,MENU_ID,COLUMN_NAME_JA,COLUMN_NAME_EN,COLUMN_NAME_REST,COL_GROUP_ID,COLUMN_CLASS,COLUMN_DISP_SEQ,REF_TABLE_NAME,REF_PKEY_NAME,REF_COL_NAME,REF_SORT_CONDITIONS,REF_MULTI_LANG,SENSITIVE_COL_NAME,FILE_UPLOAD_PLACE,COL_NAME,SAVE_TYPE,AUTO_INPUT,INPUT_ITEM,VIEW_ITEM,UNIQUE_ITEM,REQUIRED_ITEM,AUTOREG_HIDE_ITEM,AUTOREG_ONLY_ITEM,INITIAL_VALUE,VALIDATE_OPTION,BEFORE_VALIDATE_REGISTER,AFTER_VALIDATE_REGISTER,DESCRIPTION_JA,DESCRIPTION_EN,NOTE,DISUSE_FLAG,LAST_UPDATE_TIMESTAMP,LAST_UPDATE_USER) VALUES('2010306','20103','ssh秘密鍵ファイル','ssh private key file','ssh_private_key_file','2010301','20',60,NULL,NULL,NULL,NULL,'0',NULL,NULL,'ANSTWR_LOGIN_SSH_KEY_FILE',NULL,'0','1','1','0','0','0','0',NULL,'{
"upload_max_size": 4294967296
}',NULL,NULL,'鍵認証する場合のssh秘密鍵ファイルを入力します。
アップロードしたファイルは暗号化されて保存されます。
登録後にダウンロードした場合、暗号化されたファイルがダウンロードされます。','This is the ssh private key file for key authentication.
The uploaded file is encrypted and saved.
If you download after registration, the encrypted file will be downloaded.',NULL,'0',_____DATE_____,1);
INSERT INTO T_COMN_MENU_COLUMN_LINK_JNL (JOURNAL_SEQ_NO,JOURNAL_REG_DATETIME,JOURNAL_ACTION_CLASS,COLUMN_DEFINITION_ID,MENU_ID,COLUMN_NAME_JA,COLUMN_NAME_EN,COLUMN_NAME_REST,COL_GROUP_ID,COLUMN_CLASS,COLUMN_DISP_SEQ,REF_TABLE_NAME,REF_PKEY_NAME,REF_COL_NAME,REF_SORT_CONDITIONS,REF_MULTI_LANG,SENSITIVE_COL_NAME,FILE_UPLOAD_PLACE,COL_NAME,SAVE_TYPE,AUTO_INPUT,INPUT_ITEM,VIEW_ITEM,UNIQUE_ITEM,REQUIRED_ITEM,AUTOREG_HIDE_ITEM,AUTOREG_ONLY_ITEM,INITIAL_VALUE,VALIDATE_OPTION,BEFORE_VALIDATE_REGISTER,AFTER_VALIDATE_REGISTER,DESCRIPTION_JA,DESCRIPTION_EN,NOTE,DISUSE_FLAG,LAST_UPDATE_TIMESTAMP,LAST_UPDATE_USER) VALUES(2010306,_____DATE_____,'INSERT','2010306','20103','ssh秘密鍵ファイル','ssh private key file','ssh_private_key_file','2010301','20',60,NULL,NULL,NULL,NULL,'0',NULL,NULL,'ANSTWR_LOGIN_SSH_KEY_FILE',NULL,'0','1','1','0','0','0','0',NULL,'{
"upload_max_size": 4294967296
}',NULL,NULL,'鍵認証する場合のssh秘密鍵ファイルを入力します。
アップロードしたファイルは暗号化されて保存されます。
登録後にダウンロードした場合、暗号化されたファイルがダウンロードされます。','This is the ssh private key file for key authentication.
The uploaded file is encrypted and saved.
If you download after registration, the encrypted file will be downloaded.',NULL,'0',_____DATE_____,1);
INSERT INTO T_COMN_MENU_COLUMN_LINK (COLUMN_DEFINITION_ID,MENU_ID,COLUMN_NAME_JA,COLUMN_NAME_EN,COLUMN_NAME_REST,COL_GROUP_ID,COLUMN_CLASS,COLUMN_DISP_SEQ,REF_TABLE_NAME,REF_PKEY_NAME,REF_COL_NAME,REF_SORT_CONDITIONS,REF_MULTI_LANG,SENSITIVE_COL_NAME,FILE_UPLOAD_PLACE,COL_NAME,SAVE_TYPE,AUTO_INPUT,INPUT_ITEM,VIEW_ITEM,UNIQUE_ITEM,REQUIRED_ITEM,AUTOREG_HIDE_ITEM,AUTOREG_ONLY_ITEM,INITIAL_VALUE,VALIDATE_OPTION,BEFORE_VALIDATE_REGISTER,AFTER_VALIDATE_REGISTER,DESCRIPTION_JA,DESCRIPTION_EN,NOTE,DISUSE_FLAG,LAST_UPDATE_TIMESTAMP,LAST_UPDATE_USER) VALUES('2010307','20103','パスフレーズ','Passphrase','passphrase','2010301','8',70,NULL,NULL,NULL,NULL,'0',NULL,NULL,'ANSTWR_LOGIN_SSH_KEY_FILE_PASS',NULL,'0','1','1','0','0','0','0',NULL,'{
"min_length": 0,
"max_length": 255
}',NULL,NULL,'ssh秘密鍵ファイルに設定されているパスフレーズを入力します。','Enter the passphrase set in the ssh private key file.',NULL,'0',_____DATE_____,1);
INSERT INTO T_COMN_MENU_COLUMN_LINK_JNL (JOURNAL_SEQ_NO,JOURNAL_REG_DATETIME,JOURNAL_ACTION_CLASS,COLUMN_DEFINITION_ID,MENU_ID,COLUMN_NAME_JA,COLUMN_NAME_EN,COLUMN_NAME_REST,COL_GROUP_ID,COLUMN_CLASS,COLUMN_DISP_SEQ,REF_TABLE_NAME,REF_PKEY_NAME,REF_COL_NAME,REF_SORT_CONDITIONS,REF_MULTI_LANG,SENSITIVE_COL_NAME,FILE_UPLOAD_PLACE,COL_NAME,SAVE_TYPE,AUTO_INPUT,INPUT_ITEM,VIEW_ITEM,UNIQUE_ITEM,REQUIRED_ITEM,AUTOREG_HIDE_ITEM,AUTOREG_ONLY_ITEM,INITIAL_VALUE,VALIDATE_OPTION,BEFORE_VALIDATE_REGISTER,AFTER_VALIDATE_REGISTER,DESCRIPTION_JA,DESCRIPTION_EN,NOTE,DISUSE_FLAG,LAST_UPDATE_TIMESTAMP,LAST_UPDATE_USER) VALUES(2010307,_____DATE_____,'INSERT','2010307','20103','パスフレーズ','Passphrase','passphrase','2010301','8',70,NULL,NULL,NULL,NULL,'0',NULL,NULL,'ANSTWR_LOGIN_SSH_KEY_FILE_PASS',NULL,'0','1','1','0','0','0','0',NULL,'{
"min_length": 0,
"max_length": 255
}',NULL,NULL,'ssh秘密鍵ファイルに設定されているパスフレーズを入力します。','Enter the passphrase set in the ssh private key file.',NULL,'0',_____DATE_____,1);
INSERT INTO T_COMN_MENU_COLUMN_LINK (COLUMN_DEFINITION_ID,MENU_ID,COLUMN_NAME_JA,COLUMN_NAME_EN,COLUMN_NAME_REST,COL_GROUP_ID,COLUMN_CLASS,COLUMN_DISP_SEQ,REF_TABLE_NAME,REF_PKEY_NAME,REF_COL_NAME,REF_SORT_CONDITIONS,REF_MULTI_LANG,SENSITIVE_COL_NAME,FILE_UPLOAD_PLACE,COL_NAME,SAVE_TYPE,AUTO_INPUT,INPUT_ITEM,VIEW_ITEM,UNIQUE_ITEM,REQUIRED_ITEM,AUTOREG_HIDE_ITEM,AUTOREG_ONLY_ITEM,INITIAL_VALUE,VALIDATE_OPTION,BEFORE_VALIDATE_REGISTER,AFTER_VALIDATE_REGISTER,DESCRIPTION_JA,DESCRIPTION_EN,NOTE,DISUSE_FLAG,LAST_UPDATE_TIMESTAMP,LAST_UPDATE_USER) VALUES('2010308','20103','isolatedTower','isolated Tower','isolated_tower',NULL,'7',80,'T_COMN_BOOLEAN_FLAG','FLAG_ID','FLAG_NAME',NULL,'0',NULL,NULL,'ANSTWR_ISOLATED_TYPE',NULL,'0','1','1','0','0','0','0',NULL,NULL,NULL,NULL,'対象ノードがAnsible Towerのisolated node／Ansible Automation Controllerのexecution nodeの場合に「●」を選択します。','If the target node is an isolated node for Ansible Tower or an execution node for Ansible Automation Controller, select \"●\"',NULL,'0',_____DATE_____,1);
INSERT INTO T_COMN_MENU_COLUMN_LINK_JNL (JOURNAL_SEQ_NO,JOURNAL_REG_DATETIME,JOURNAL_ACTION_CLASS,COLUMN_DEFINITION_ID,MENU_ID,COLUMN_NAME_JA,COLUMN_NAME_EN,COLUMN_NAME_REST,COL_GROUP_ID,COLUMN_CLASS,COLUMN_DISP_SEQ,REF_TABLE_NAME,REF_PKEY_NAME,REF_COL_NAME,REF_SORT_CONDITIONS,REF_MULTI_LANG,SENSITIVE_COL_NAME,FILE_UPLOAD_PLACE,COL_NAME,SAVE_TYPE,AUTO_INPUT,INPUT_ITEM,VIEW_ITEM,UNIQUE_ITEM,REQUIRED_ITEM,AUTOREG_HIDE_ITEM,AUTOREG_ONLY_ITEM,INITIAL_VALUE,VALIDATE_OPTION,BEFORE_VALIDATE_REGISTER,AFTER_VALIDATE_REGISTER,DESCRIPTION_JA,DESCRIPTION_EN,NOTE,DISUSE_FLAG,LAST_UPDATE_TIMESTAMP,LAST_UPDATE_USER) VALUES(2010308,_____DATE_____,'INSERT','2010308','20103','isolatedTower','isolated Tower','isolated_tower',NULL,'7',80,'T_COMN_BOOLEAN_FLAG','FLAG_ID','FLAG_NAME',NULL,'0',NULL,NULL,'ANSTWR_ISOLATED_TYPE',NULL,'0','1','1','0','0','0','0',NULL,NULL,NULL,NULL,'対象ノードがAnsible Towerのisolated node／Ansible Automation Controllerのexecution nodeの場合に「●」を選択します。','If the target node is an isolated node for Ansible Tower or an execution node for Ansible Automation Controller, select \"●\"',NULL,'0',_____DATE_____,1);
INSERT INTO T_COMN_MENU_COLUMN_LINK (COLUMN_DEFINITION_ID,MENU_ID,COLUMN_NAME_JA,COLUMN_NAME_EN,COLUMN_NAME_REST,COL_GROUP_ID,COLUMN_CLASS,COLUMN_DISP_SEQ,REF_TABLE_NAME,REF_PKEY_NAME,REF_COL_NAME,REF_SORT_CONDITIONS,REF_MULTI_LANG,SENSITIVE_COL_NAME,FILE_UPLOAD_PLACE,COL_NAME,SAVE_TYPE,AUTO_INPUT,INPUT_ITEM,VIEW_ITEM,UNIQUE_ITEM,REQUIRED_ITEM,AUTOREG_HIDE_ITEM,AUTOREG_ONLY_ITEM,INITIAL_VALUE,VALIDATE_OPTION,BEFORE_VALIDATE_REGISTER,AFTER_VALIDATE_REGISTER,DESCRIPTION_JA,DESCRIPTION_EN,NOTE,DISUSE_FLAG,LAST_UPDATE_TIMESTAMP,LAST_UPDATE_USER) VALUES('2010309','20103','備考','Remarks','remarks',NULL,'12',90,NULL,NULL,NULL,NULL,'0',NULL,NULL,'NOTE',NULL,'0','1','1','0','0','0','0',NULL,'{
"min_length": 0,
"max_length": 4000
}',NULL,NULL,'自由記述欄。レコードの廃止・復活時にも記載可能。','Comments section. Can comment when removing or restoring records.',NULL,'0',_____DATE_____,1);
INSERT INTO T_COMN_MENU_COLUMN_LINK_JNL (JOURNAL_SEQ_NO,JOURNAL_REG_DATETIME,JOURNAL_ACTION_CLASS,COLUMN_DEFINITION_ID,MENU_ID,COLUMN_NAME_JA,COLUMN_NAME_EN,COLUMN_NAME_REST,COL_GROUP_ID,COLUMN_CLASS,COLUMN_DISP_SEQ,REF_TABLE_NAME,REF_PKEY_NAME,REF_COL_NAME,REF_SORT_CONDITIONS,REF_MULTI_LANG,SENSITIVE_COL_NAME,FILE_UPLOAD_PLACE,COL_NAME,SAVE_TYPE,AUTO_INPUT,INPUT_ITEM,VIEW_ITEM,UNIQUE_ITEM,REQUIRED_ITEM,AUTOREG_HIDE_ITEM,AUTOREG_ONLY_ITEM,INITIAL_VALUE,VALIDATE_OPTION,BEFORE_VALIDATE_REGISTER,AFTER_VALIDATE_REGISTER,DESCRIPTION_JA,DESCRIPTION_EN,NOTE,DISUSE_FLAG,LAST_UPDATE_TIMESTAMP,LAST_UPDATE_USER) VALUES(2010309,_____DATE_____,'INSERT','2010309','20103','備考','Remarks','remarks',NULL,'12',90,NULL,NULL,NULL,NULL,'0',NULL,NULL,'NOTE',NULL,'0','1','1','0','0','0','0',NULL,'{
"min_length": 0,
"max_length": 4000
}',NULL,NULL,'自由記述欄。レコードの廃止・復活時にも記載可能。','Comments section. Can comment when removing or restoring records.',NULL,'0',_____DATE_____,1);
INSERT INTO T_COMN_MENU_COLUMN_LINK (COLUMN_DEFINITION_ID,MENU_ID,COLUMN_NAME_JA,COLUMN_NAME_EN,COLUMN_NAME_REST,COL_GROUP_ID,COLUMN_CLASS,COLUMN_DISP_SEQ,REF_TABLE_NAME,REF_PKEY_NAME,REF_COL_NAME,REF_SORT_CONDITIONS,REF_MULTI_LANG,SENSITIVE_COL_NAME,FILE_UPLOAD_PLACE,COL_NAME,SAVE_TYPE,AUTO_INPUT,INPUT_ITEM,VIEW_ITEM,UNIQUE_ITEM,REQUIRED_ITEM,AUTOREG_HIDE_ITEM,AUTOREG_ONLY_ITEM,INITIAL_VALUE,VALIDATE_OPTION,BEFORE_VALIDATE_REGISTER,AFTER_VALIDATE_REGISTER,DESCRIPTION_JA,DESCRIPTION_EN,NOTE,DISUSE_FLAG,LAST_UPDATE_TIMESTAMP,LAST_UPDATE_USER) VALUES('2010310','20103','廃止フラグ','Discard','discard',NULL,'1',100,NULL,NULL,NULL,NULL,'0',NULL,NULL,'DISUSE_FLAG',NULL,'1','1','1','0','1','0','0',NULL,NULL,NULL,NULL,'廃止フラグ。復活以外のオペレーションは不可','Discard flag. Cannot do operation other than restore.',NULL,'0',_____DATE_____,1);
INSERT INTO T_COMN_MENU_COLUMN_LINK_JNL (JOURNAL_SEQ_NO,JOURNAL_REG_DATETIME,JOURNAL_ACTION_CLASS,COLUMN_DEFINITION_ID,MENU_ID,COLUMN_NAME_JA,COLUMN_NAME_EN,COLUMN_NAME_REST,COL_GROUP_ID,COLUMN_CLASS,COLUMN_DISP_SEQ,REF_TABLE_NAME,REF_PKEY_NAME,REF_COL_NAME,REF_SORT_CONDITIONS,REF_MULTI_LANG,SENSITIVE_COL_NAME,FILE_UPLOAD_PLACE,COL_NAME,SAVE_TYPE,AUTO_INPUT,INPUT_ITEM,VIEW_ITEM,UNIQUE_ITEM,REQUIRED_ITEM,AUTOREG_HIDE_ITEM,AUTOREG_ONLY_ITEM,INITIAL_VALUE,VALIDATE_OPTION,BEFORE_VALIDATE_REGISTER,AFTER_VALIDATE_REGISTER,DESCRIPTION_JA,DESCRIPTION_EN,NOTE,DISUSE_FLAG,LAST_UPDATE_TIMESTAMP,LAST_UPDATE_USER) VALUES(2010310,_____DATE_____,'INSERT','2010310','20103','廃止フラグ','Discard','discard',NULL,'1',100,NULL,NULL,NULL,NULL,'0',NULL,NULL,'DISUSE_FLAG',NULL,'1','1','1','0','1','0','0',NULL,NULL,NULL,NULL,'廃止フラグ。復活以外のオペレーションは不可','Discard flag. Cannot do operation other than restore.',NULL,'0',_____DATE_____,1);
INSERT INTO T_COMN_MENU_COLUMN_LINK (COLUMN_DEFINITION_ID,MENU_ID,COLUMN_NAME_JA,COLUMN_NAME_EN,COLUMN_NAME_REST,COL_GROUP_ID,COLUMN_CLASS,COLUMN_DISP_SEQ,REF_TABLE_NAME,REF_PKEY_NAME,REF_COL_NAME,REF_SORT_CONDITIONS,REF_MULTI_LANG,SENSITIVE_COL_NAME,FILE_UPLOAD_PLACE,COL_NAME,SAVE_TYPE,AUTO_INPUT,INPUT_ITEM,VIEW_ITEM,UNIQUE_ITEM,REQUIRED_ITEM,AUTOREG_HIDE_ITEM,AUTOREG_ONLY_ITEM,INITIAL_VALUE,VALIDATE_OPTION,BEFORE_VALIDATE_REGISTER,AFTER_VALIDATE_REGISTER,DESCRIPTION_JA,DESCRIPTION_EN,NOTE,DISUSE_FLAG,LAST_UPDATE_TIMESTAMP,LAST_UPDATE_USER) VALUES('2010311','20103','最終更新日時','Last update date/time','last_update_date_time',NULL,'13',110,NULL,NULL,NULL,NULL,'0',NULL,NULL,'LAST_UPDATE_TIMESTAMP',NULL,'1','1','1','0','1','0','0',NULL,NULL,NULL,NULL,'レコードの最終更新日。更新可否判定に使用。自動登録のため編集不可。','Last update date of record. Useful for judging the possibility of an update. Cannot edit because of auto-numbering.',NULL,'0',_____DATE_____,1);
INSERT INTO T_COMN_MENU_COLUMN_LINK_JNL (JOURNAL_SEQ_NO,JOURNAL_REG_DATETIME,JOURNAL_ACTION_CLASS,COLUMN_DEFINITION_ID,MENU_ID,COLUMN_NAME_JA,COLUMN_NAME_EN,COLUMN_NAME_REST,COL_GROUP_ID,COLUMN_CLASS,COLUMN_DISP_SEQ,REF_TABLE_NAME,REF_PKEY_NAME,REF_COL_NAME,REF_SORT_CONDITIONS,REF_MULTI_LANG,SENSITIVE_COL_NAME,FILE_UPLOAD_PLACE,COL_NAME,SAVE_TYPE,AUTO_INPUT,INPUT_ITEM,VIEW_ITEM,UNIQUE_ITEM,REQUIRED_ITEM,AUTOREG_HIDE_ITEM,AUTOREG_ONLY_ITEM,INITIAL_VALUE,VALIDATE_OPTION,BEFORE_VALIDATE_REGISTER,AFTER_VALIDATE_REGISTER,DESCRIPTION_JA,DESCRIPTION_EN,NOTE,DISUSE_FLAG,LAST_UPDATE_TIMESTAMP,LAST_UPDATE_USER) VALUES(2010311,_____DATE_____,'INSERT','2010311','20103','最終更新日時','Last update date/time','last_update_date_time',NULL,'13',110,NULL,NULL,NULL,NULL,'0',NULL,NULL,'LAST_UPDATE_TIMESTAMP',NULL,'1','1','1','0','1','0','0',NULL,NULL,NULL,NULL,'レコードの最終更新日。更新可否判定に使用。自動登録のため編集不可。','Last update date of record. Useful for judging the possibility of an update. Cannot edit because of auto-numbering.',NULL,'0',_____DATE_____,1);
INSERT INTO T_COMN_MENU_COLUMN_LINK (COLUMN_DEFINITION_ID,MENU_ID,COLUMN_NAME_JA,COLUMN_NAME_EN,COLUMN_NAME_REST,COL_GROUP_ID,COLUMN_CLASS,COLUMN_DISP_SEQ,REF_TABLE_NAME,REF_PKEY_NAME,REF_COL_NAME,REF_SORT_CONDITIONS,REF_MULTI_LANG,SENSITIVE_COL_NAME,FILE_UPLOAD_PLACE,COL_NAME,SAVE_TYPE,AUTO_INPUT,INPUT_ITEM,VIEW_ITEM,UNIQUE_ITEM,REQUIRED_ITEM,AUTOREG_HIDE_ITEM,AUTOREG_ONLY_ITEM,INITIAL_VALUE,VALIDATE_OPTION,BEFORE_VALIDATE_REGISTER,AFTER_VALIDATE_REGISTER,DESCRIPTION_JA,DESCRIPTION_EN,NOTE,DISUSE_FLAG,LAST_UPDATE_TIMESTAMP,LAST_UPDATE_USER) VALUES('2010312','20103','最終更新者','Last updated by','last_updated_user',NULL,'14',120,NULL,NULL,NULL,NULL,'0',NULL,NULL,'LAST_UPDATE_USER',NULL,'1','1','1','0','1','0','0',NULL,NULL,NULL,NULL,'更新者。ログインユーザのIDが自動的に登録される。編集不可。','Updated by. Login user ID is automatically registered. Cannot edit.',NULL,'0',_____DATE_____,1);
INSERT INTO T_COMN_MENU_COLUMN_LINK_JNL (JOURNAL_SEQ_NO,JOURNAL_REG_DATETIME,JOURNAL_ACTION_CLASS,COLUMN_DEFINITION_ID,MENU_ID,COLUMN_NAME_JA,COLUMN_NAME_EN,COLUMN_NAME_REST,COL_GROUP_ID,COLUMN_CLASS,COLUMN_DISP_SEQ,REF_TABLE_NAME,REF_PKEY_NAME,REF_COL_NAME,REF_SORT_CONDITIONS,REF_MULTI_LANG,SENSITIVE_COL_NAME,FILE_UPLOAD_PLACE,COL_NAME,SAVE_TYPE,AUTO_INPUT,INPUT_ITEM,VIEW_ITEM,UNIQUE_ITEM,REQUIRED_ITEM,AUTOREG_HIDE_ITEM,AUTOREG_ONLY_ITEM,INITIAL_VALUE,VALIDATE_OPTION,BEFORE_VALIDATE_REGISTER,AFTER_VALIDATE_REGISTER,DESCRIPTION_JA,DESCRIPTION_EN,NOTE,DISUSE_FLAG,LAST_UPDATE_TIMESTAMP,LAST_UPDATE_USER) VALUES(2010312,_____DATE_____,'INSERT','2010312','20103','最終更新者','Last updated by','last_updated_user',NULL,'14',120,NULL,NULL,NULL,NULL,'0',NULL,NULL,'LAST_UPDATE_USER',NULL,'1','1','1','0','1','0','0',NULL,NULL,NULL,NULL,'更新者。ログインユーザのIDが自動的に登録される。編集不可。','Updated by. Login user ID is automatically registered. Cannot edit.',NULL,'0',_____DATE_____,1);
INSERT INTO T_COMN_MENU_COLUMN_LINK (COLUMN_DEFINITION_ID,MENU_ID,COLUMN_NAME_JA,COLUMN_NAME_EN,COLUMN_NAME_REST,COL_GROUP_ID,COLUMN_CLASS,COLUMN_DISP_SEQ,REF_TABLE_NAME,REF_PKEY_NAME,REF_COL_NAME,REF_SORT_CONDITIONS,REF_MULTI_LANG,SENSITIVE_COL_NAME,FILE_UPLOAD_PLACE,COL_NAME,SAVE_TYPE,AUTO_INPUT,INPUT_ITEM,VIEW_ITEM,UNIQUE_ITEM,REQUIRED_ITEM,AUTOREG_HIDE_ITEM,AUTOREG_ONLY_ITEM,INITIAL_VALUE,VALIDATE_OPTION,BEFORE_VALIDATE_REGISTER,AFTER_VALIDATE_REGISTER,DESCRIPTION_JA,DESCRIPTION_EN,NOTE,DISUSE_FLAG,LAST_UPDATE_TIMESTAMP,LAST_UPDATE_USER) VALUES('2010401','20104','項番','Item No.','item_no',NULL,'1',10,NULL,NULL,NULL,NULL,'0',NULL,NULL,'GBL_VARS_NAME_ID',NULL,'1','1','1','1','1','0','0',NULL,NULL,NULL,NULL,'自動採番のため編集不可。実行処理種別が【登録】の場合、空白のみ可。','Cannot edit because of auto-numbering. Must be blank when execution process type is [Register].',NULL,'0',_____DATE_____,1);
INSERT INTO T_COMN_MENU_COLUMN_LINK_JNL (JOURNAL_SEQ_NO,JOURNAL_REG_DATETIME,JOURNAL_ACTION_CLASS,COLUMN_DEFINITION_ID,MENU_ID,COLUMN_NAME_JA,COLUMN_NAME_EN,COLUMN_NAME_REST,COL_GROUP_ID,COLUMN_CLASS,COLUMN_DISP_SEQ,REF_TABLE_NAME,REF_PKEY_NAME,REF_COL_NAME,REF_SORT_CONDITIONS,REF_MULTI_LANG,SENSITIVE_COL_NAME,FILE_UPLOAD_PLACE,COL_NAME,SAVE_TYPE,AUTO_INPUT,INPUT_ITEM,VIEW_ITEM,UNIQUE_ITEM,REQUIRED_ITEM,AUTOREG_HIDE_ITEM,AUTOREG_ONLY_ITEM,INITIAL_VALUE,VALIDATE_OPTION,BEFORE_VALIDATE_REGISTER,AFTER_VALIDATE_REGISTER,DESCRIPTION_JA,DESCRIPTION_EN,NOTE,DISUSE_FLAG,LAST_UPDATE_TIMESTAMP,LAST_UPDATE_USER) VALUES(2010401,_____DATE_____,'INSERT','2010401','20104','項番','Item No.','item_no',NULL,'1',10,NULL,NULL,NULL,NULL,'0',NULL,NULL,'GBL_VARS_NAME_ID',NULL,'1','1','1','1','1','0','0',NULL,NULL,NULL,NULL,'自動採番のため編集不可。実行処理種別が【登録】の場合、空白のみ可。','Cannot edit because of auto-numbering. Must be blank when execution process type is [Register].',NULL,'0',_____DATE_____,1);
INSERT INTO T_COMN_MENU_COLUMN_LINK (COLUMN_DEFINITION_ID,MENU_ID,COLUMN_NAME_JA,COLUMN_NAME_EN,COLUMN_NAME_REST,COL_GROUP_ID,COLUMN_CLASS,COLUMN_DISP_SEQ,REF_TABLE_NAME,REF_PKEY_NAME,REF_COL_NAME,REF_SORT_CONDITIONS,REF_MULTI_LANG,SENSITIVE_COL_NAME,FILE_UPLOAD_PLACE,COL_NAME,SAVE_TYPE,AUTO_INPUT,INPUT_ITEM,VIEW_ITEM,UNIQUE_ITEM,REQUIRED_ITEM,AUTOREG_HIDE_ITEM,AUTOREG_ONLY_ITEM,INITIAL_VALUE,VALIDATE_OPTION,BEFORE_VALIDATE_REGISTER,AFTER_VALIDATE_REGISTER,DESCRIPTION_JA,DESCRIPTION_EN,NOTE,DISUSE_FLAG,LAST_UPDATE_TIMESTAMP,LAST_UPDATE_USER) VALUES('2010402','20104','グローバル変数名','Global variable name','global_variable_name',NULL,'1',20,NULL,NULL,NULL,NULL,'0',NULL,NULL,'VARS_NAME',NULL,'0','1','1','1','1','0','0',NULL,'{
"min_length": 1,
"max_length": 255,
"preg_match": "^GBL_[_a-zA-Z0-9]+$"
}',NULL,NULL,'接頭文字として必ず「GBL_」を付与して下さい。','Make sure to assign \"GBL_\" as prefix string.',NULL,'0',_____DATE_____,1);
INSERT INTO T_COMN_MENU_COLUMN_LINK_JNL (JOURNAL_SEQ_NO,JOURNAL_REG_DATETIME,JOURNAL_ACTION_CLASS,COLUMN_DEFINITION_ID,MENU_ID,COLUMN_NAME_JA,COLUMN_NAME_EN,COLUMN_NAME_REST,COL_GROUP_ID,COLUMN_CLASS,COLUMN_DISP_SEQ,REF_TABLE_NAME,REF_PKEY_NAME,REF_COL_NAME,REF_SORT_CONDITIONS,REF_MULTI_LANG,SENSITIVE_COL_NAME,FILE_UPLOAD_PLACE,COL_NAME,SAVE_TYPE,AUTO_INPUT,INPUT_ITEM,VIEW_ITEM,UNIQUE_ITEM,REQUIRED_ITEM,AUTOREG_HIDE_ITEM,AUTOREG_ONLY_ITEM,INITIAL_VALUE,VALIDATE_OPTION,BEFORE_VALIDATE_REGISTER,AFTER_VALIDATE_REGISTER,DESCRIPTION_JA,DESCRIPTION_EN,NOTE,DISUSE_FLAG,LAST_UPDATE_TIMESTAMP,LAST_UPDATE_USER) VALUES(2010402,_____DATE_____,'INSERT','2010402','20104','グローバル変数名','Global variable name','global_variable_name',NULL,'1',20,NULL,NULL,NULL,NULL,'0',NULL,NULL,'VARS_NAME',NULL,'0','1','1','1','1','0','0',NULL,'{
"min_length": 1,
"max_length": 255,
"preg_match": "^GBL_[_a-zA-Z0-9]+$"
}',NULL,NULL,'接頭文字として必ず「GBL_」を付与して下さい。','Make sure to assign \"GBL_\" as prefix string.',NULL,'0',_____DATE_____,1);
INSERT INTO T_COMN_MENU_COLUMN_LINK (COLUMN_DEFINITION_ID,MENU_ID,COLUMN_NAME_JA,COLUMN_NAME_EN,COLUMN_NAME_REST,COL_GROUP_ID,COLUMN_CLASS,COLUMN_DISP_SEQ,REF_TABLE_NAME,REF_PKEY_NAME,REF_COL_NAME,REF_SORT_CONDITIONS,REF_MULTI_LANG,SENSITIVE_COL_NAME,FILE_UPLOAD_PLACE,COL_NAME,SAVE_TYPE,AUTO_INPUT,INPUT_ITEM,VIEW_ITEM,UNIQUE_ITEM,REQUIRED_ITEM,AUTOREG_HIDE_ITEM,AUTOREG_ONLY_ITEM,INITIAL_VALUE,VALIDATE_OPTION,BEFORE_VALIDATE_REGISTER,AFTER_VALIDATE_REGISTER,DESCRIPTION_JA,DESCRIPTION_EN,NOTE,DISUSE_FLAG,LAST_UPDATE_TIMESTAMP,LAST_UPDATE_USER) VALUES('2010403','20104','具体値','Specific value','specific_value',NULL,'2',30,NULL,NULL,NULL,NULL,'0',NULL,NULL,'VARS_ENTRY',NULL,'0','1','1','0','0','0','0',NULL,'{
"min_length": 0,
"max_length": 4000
}',NULL,NULL,'[最大長]4000バイト','[Maximum length] 4000 byte',NULL,'0',_____DATE_____,1);
INSERT INTO T_COMN_MENU_COLUMN_LINK_JNL (JOURNAL_SEQ_NO,JOURNAL_REG_DATETIME,JOURNAL_ACTION_CLASS,COLUMN_DEFINITION_ID,MENU_ID,COLUMN_NAME_JA,COLUMN_NAME_EN,COLUMN_NAME_REST,COL_GROUP_ID,COLUMN_CLASS,COLUMN_DISP_SEQ,REF_TABLE_NAME,REF_PKEY_NAME,REF_COL_NAME,REF_SORT_CONDITIONS,REF_MULTI_LANG,SENSITIVE_COL_NAME,FILE_UPLOAD_PLACE,COL_NAME,SAVE_TYPE,AUTO_INPUT,INPUT_ITEM,VIEW_ITEM,UNIQUE_ITEM,REQUIRED_ITEM,AUTOREG_HIDE_ITEM,AUTOREG_ONLY_ITEM,INITIAL_VALUE,VALIDATE_OPTION,BEFORE_VALIDATE_REGISTER,AFTER_VALIDATE_REGISTER,DESCRIPTION_JA,DESCRIPTION_EN,NOTE,DISUSE_FLAG,LAST_UPDATE_TIMESTAMP,LAST_UPDATE_USER) VALUES(2010403,_____DATE_____,'INSERT','2010403','20104','具体値','Specific value','specific_value',NULL,'2',30,NULL,NULL,NULL,NULL,'0',NULL,NULL,'VARS_ENTRY',NULL,'0','1','1','0','0','0','0',NULL,'{
"min_length": 0,
"max_length": 4000
}',NULL,NULL,'[最大長]4000バイト','[Maximum length] 4000 byte',NULL,'0',_____DATE_____,1);
INSERT INTO T_COMN_MENU_COLUMN_LINK (COLUMN_DEFINITION_ID,MENU_ID,COLUMN_NAME_JA,COLUMN_NAME_EN,COLUMN_NAME_REST,COL_GROUP_ID,COLUMN_CLASS,COLUMN_DISP_SEQ,REF_TABLE_NAME,REF_PKEY_NAME,REF_COL_NAME,REF_SORT_CONDITIONS,REF_MULTI_LANG,SENSITIVE_COL_NAME,FILE_UPLOAD_PLACE,COL_NAME,SAVE_TYPE,AUTO_INPUT,INPUT_ITEM,VIEW_ITEM,UNIQUE_ITEM,REQUIRED_ITEM,AUTOREG_HIDE_ITEM,AUTOREG_ONLY_ITEM,INITIAL_VALUE,VALIDATE_OPTION,BEFORE_VALIDATE_REGISTER,AFTER_VALIDATE_REGISTER,DESCRIPTION_JA,DESCRIPTION_EN,NOTE,DISUSE_FLAG,LAST_UPDATE_TIMESTAMP,LAST_UPDATE_USER) VALUES('2010404','20104','変数名説明','Variable name description','variable_name_description',NULL,'2',40,NULL,NULL,NULL,NULL,'0',NULL,NULL,'VARS_DESCRIPTION',NULL,'0','1','1','0','0','0','0',NULL,'{
"min_length": 0,
"max_length": 4000
}',NULL,NULL,'[最大長]4000バイト','[Maximum length] 4000 byte',NULL,'0',_____DATE_____,1);
INSERT INTO T_COMN_MENU_COLUMN_LINK_JNL (JOURNAL_SEQ_NO,JOURNAL_REG_DATETIME,JOURNAL_ACTION_CLASS,COLUMN_DEFINITION_ID,MENU_ID,COLUMN_NAME_JA,COLUMN_NAME_EN,COLUMN_NAME_REST,COL_GROUP_ID,COLUMN_CLASS,COLUMN_DISP_SEQ,REF_TABLE_NAME,REF_PKEY_NAME,REF_COL_NAME,REF_SORT_CONDITIONS,REF_MULTI_LANG,SENSITIVE_COL_NAME,FILE_UPLOAD_PLACE,COL_NAME,SAVE_TYPE,AUTO_INPUT,INPUT_ITEM,VIEW_ITEM,UNIQUE_ITEM,REQUIRED_ITEM,AUTOREG_HIDE_ITEM,AUTOREG_ONLY_ITEM,INITIAL_VALUE,VALIDATE_OPTION,BEFORE_VALIDATE_REGISTER,AFTER_VALIDATE_REGISTER,DESCRIPTION_JA,DESCRIPTION_EN,NOTE,DISUSE_FLAG,LAST_UPDATE_TIMESTAMP,LAST_UPDATE_USER) VALUES(2010404,_____DATE_____,'INSERT','2010404','20104','変数名説明','Variable name description','variable_name_description',NULL,'2',40,NULL,NULL,NULL,NULL,'0',NULL,NULL,'VARS_DESCRIPTION',NULL,'0','1','1','0','0','0','0',NULL,'{
"min_length": 0,
"max_length": 4000
}',NULL,NULL,'[最大長]4000バイト','[Maximum length] 4000 byte',NULL,'0',_____DATE_____,1);
INSERT INTO T_COMN_MENU_COLUMN_LINK (COLUMN_DEFINITION_ID,MENU_ID,COLUMN_NAME_JA,COLUMN_NAME_EN,COLUMN_NAME_REST,COL_GROUP_ID,COLUMN_CLASS,COLUMN_DISP_SEQ,REF_TABLE_NAME,REF_PKEY_NAME,REF_COL_NAME,REF_SORT_CONDITIONS,REF_MULTI_LANG,SENSITIVE_COL_NAME,FILE_UPLOAD_PLACE,COL_NAME,SAVE_TYPE,AUTO_INPUT,INPUT_ITEM,VIEW_ITEM,UNIQUE_ITEM,REQUIRED_ITEM,AUTOREG_HIDE_ITEM,AUTOREG_ONLY_ITEM,INITIAL_VALUE,VALIDATE_OPTION,BEFORE_VALIDATE_REGISTER,AFTER_VALIDATE_REGISTER,DESCRIPTION_JA,DESCRIPTION_EN,NOTE,DISUSE_FLAG,LAST_UPDATE_TIMESTAMP,LAST_UPDATE_USER) VALUES('2010405','20104','備考','Remarks','remarks',NULL,'12',50,NULL,NULL,NULL,NULL,'0',NULL,NULL,'NOTE',NULL,'0','1','1','0','0','0','0',NULL,'{
"min_length": 0,
"max_length": 4000
}',NULL,NULL,'自由記述欄。レコードの廃止・復活時にも記載可能。','Comments section. Can comment when removing or restoring records.',NULL,'0',_____DATE_____,1);
INSERT INTO T_COMN_MENU_COLUMN_LINK_JNL (JOURNAL_SEQ_NO,JOURNAL_REG_DATETIME,JOURNAL_ACTION_CLASS,COLUMN_DEFINITION_ID,MENU_ID,COLUMN_NAME_JA,COLUMN_NAME_EN,COLUMN_NAME_REST,COL_GROUP_ID,COLUMN_CLASS,COLUMN_DISP_SEQ,REF_TABLE_NAME,REF_PKEY_NAME,REF_COL_NAME,REF_SORT_CONDITIONS,REF_MULTI_LANG,SENSITIVE_COL_NAME,FILE_UPLOAD_PLACE,COL_NAME,SAVE_TYPE,AUTO_INPUT,INPUT_ITEM,VIEW_ITEM,UNIQUE_ITEM,REQUIRED_ITEM,AUTOREG_HIDE_ITEM,AUTOREG_ONLY_ITEM,INITIAL_VALUE,VALIDATE_OPTION,BEFORE_VALIDATE_REGISTER,AFTER_VALIDATE_REGISTER,DESCRIPTION_JA,DESCRIPTION_EN,NOTE,DISUSE_FLAG,LAST_UPDATE_TIMESTAMP,LAST_UPDATE_USER) VALUES(2010405,_____DATE_____,'INSERT','2010405','20104','備考','Remarks','remarks',NULL,'12',50,NULL,NULL,NULL,NULL,'0',NULL,NULL,'NOTE',NULL,'0','1','1','0','0','0','0',NULL,'{
"min_length": 0,
"max_length": 4000
}',NULL,NULL,'自由記述欄。レコードの廃止・復活時にも記載可能。','Comments section. Can comment when removing or restoring records.',NULL,'0',_____DATE_____,1);
INSERT INTO T_COMN_MENU_COLUMN_LINK (COLUMN_DEFINITION_ID,MENU_ID,COLUMN_NAME_JA,COLUMN_NAME_EN,COLUMN_NAME_REST,COL_GROUP_ID,COLUMN_CLASS,COLUMN_DISP_SEQ,REF_TABLE_NAME,REF_PKEY_NAME,REF_COL_NAME,REF_SORT_CONDITIONS,REF_MULTI_LANG,SENSITIVE_COL_NAME,FILE_UPLOAD_PLACE,COL_NAME,SAVE_TYPE,AUTO_INPUT,INPUT_ITEM,VIEW_ITEM,UNIQUE_ITEM,REQUIRED_ITEM,AUTOREG_HIDE_ITEM,AUTOREG_ONLY_ITEM,INITIAL_VALUE,VALIDATE_OPTION,BEFORE_VALIDATE_REGISTER,AFTER_VALIDATE_REGISTER,DESCRIPTION_JA,DESCRIPTION_EN,NOTE,DISUSE_FLAG,LAST_UPDATE_TIMESTAMP,LAST_UPDATE_USER) VALUES('2010406','20104','廃止フラグ','Discard','discard',NULL,'1',60,NULL,NULL,NULL,NULL,'0',NULL,NULL,'DISUSE_FLAG',NULL,'1','1','1','0','1','0','0',NULL,NULL,NULL,NULL,'廃止フラグ。復活以外のオペレーションは不可','Discard flag. Cannot do operation other than restore.',NULL,'0',_____DATE_____,1);
INSERT INTO T_COMN_MENU_COLUMN_LINK_JNL (JOURNAL_SEQ_NO,JOURNAL_REG_DATETIME,JOURNAL_ACTION_CLASS,COLUMN_DEFINITION_ID,MENU_ID,COLUMN_NAME_JA,COLUMN_NAME_EN,COLUMN_NAME_REST,COL_GROUP_ID,COLUMN_CLASS,COLUMN_DISP_SEQ,REF_TABLE_NAME,REF_PKEY_NAME,REF_COL_NAME,REF_SORT_CONDITIONS,REF_MULTI_LANG,SENSITIVE_COL_NAME,FILE_UPLOAD_PLACE,COL_NAME,SAVE_TYPE,AUTO_INPUT,INPUT_ITEM,VIEW_ITEM,UNIQUE_ITEM,REQUIRED_ITEM,AUTOREG_HIDE_ITEM,AUTOREG_ONLY_ITEM,INITIAL_VALUE,VALIDATE_OPTION,BEFORE_VALIDATE_REGISTER,AFTER_VALIDATE_REGISTER,DESCRIPTION_JA,DESCRIPTION_EN,NOTE,DISUSE_FLAG,LAST_UPDATE_TIMESTAMP,LAST_UPDATE_USER) VALUES(2010406,_____DATE_____,'INSERT','2010406','20104','廃止フラグ','Discard','discard',NULL,'1',60,NULL,NULL,NULL,NULL,'0',NULL,NULL,'DISUSE_FLAG',NULL,'1','1','1','0','1','0','0',NULL,NULL,NULL,NULL,'廃止フラグ。復活以外のオペレーションは不可','Discard flag. Cannot do operation other than restore.',NULL,'0',_____DATE_____,1);
INSERT INTO T_COMN_MENU_COLUMN_LINK (COLUMN_DEFINITION_ID,MENU_ID,COLUMN_NAME_JA,COLUMN_NAME_EN,COLUMN_NAME_REST,COL_GROUP_ID,COLUMN_CLASS,COLUMN_DISP_SEQ,REF_TABLE_NAME,REF_PKEY_NAME,REF_COL_NAME,REF_SORT_CONDITIONS,REF_MULTI_LANG,SENSITIVE_COL_NAME,FILE_UPLOAD_PLACE,COL_NAME,SAVE_TYPE,AUTO_INPUT,INPUT_ITEM,VIEW_ITEM,UNIQUE_ITEM,REQUIRED_ITEM,AUTOREG_HIDE_ITEM,AUTOREG_ONLY_ITEM,INITIAL_VALUE,VALIDATE_OPTION,BEFORE_VALIDATE_REGISTER,AFTER_VALIDATE_REGISTER,DESCRIPTION_JA,DESCRIPTION_EN,NOTE,DISUSE_FLAG,LAST_UPDATE_TIMESTAMP,LAST_UPDATE_USER) VALUES('2010407','20104','最終更新日時','Last update date/time','last_update_date_time',NULL,'13',70,NULL,NULL,NULL,NULL,'0',NULL,NULL,'LAST_UPDATE_TIMESTAMP',NULL,'1','1','1','0','1','0','0',NULL,NULL,NULL,NULL,'レコードの最終更新日。更新可否判定に使用。自動登録のため編集不可。','Last update date of record. Useful for judging the possibility of an update. Cannot edit because of auto-numbering.',NULL,'0',_____DATE_____,1);
INSERT INTO T_COMN_MENU_COLUMN_LINK_JNL (JOURNAL_SEQ_NO,JOURNAL_REG_DATETIME,JOURNAL_ACTION_CLASS,COLUMN_DEFINITION_ID,MENU_ID,COLUMN_NAME_JA,COLUMN_NAME_EN,COLUMN_NAME_REST,COL_GROUP_ID,COLUMN_CLASS,COLUMN_DISP_SEQ,REF_TABLE_NAME,REF_PKEY_NAME,REF_COL_NAME,REF_SORT_CONDITIONS,REF_MULTI_LANG,SENSITIVE_COL_NAME,FILE_UPLOAD_PLACE,COL_NAME,SAVE_TYPE,AUTO_INPUT,INPUT_ITEM,VIEW_ITEM,UNIQUE_ITEM,REQUIRED_ITEM,AUTOREG_HIDE_ITEM,AUTOREG_ONLY_ITEM,INITIAL_VALUE,VALIDATE_OPTION,BEFORE_VALIDATE_REGISTER,AFTER_VALIDATE_REGISTER,DESCRIPTION_JA,DESCRIPTION_EN,NOTE,DISUSE_FLAG,LAST_UPDATE_TIMESTAMP,LAST_UPDATE_USER) VALUES(2010407,_____DATE_____,'INSERT','2010407','20104','最終更新日時','Last update date/time','last_update_date_time',NULL,'13',70,NULL,NULL,NULL,NULL,'0',NULL,NULL,'LAST_UPDATE_TIMESTAMP',NULL,'1','1','1','0','1','0','0',NULL,NULL,NULL,NULL,'レコードの最終更新日。更新可否判定に使用。自動登録のため編集不可。','Last update date of record. Useful for judging the possibility of an update. Cannot edit because of auto-numbering.',NULL,'0',_____DATE_____,1);
INSERT INTO T_COMN_MENU_COLUMN_LINK (COLUMN_DEFINITION_ID,MENU_ID,COLUMN_NAME_JA,COLUMN_NAME_EN,COLUMN_NAME_REST,COL_GROUP_ID,COLUMN_CLASS,COLUMN_DISP_SEQ,REF_TABLE_NAME,REF_PKEY_NAME,REF_COL_NAME,REF_SORT_CONDITIONS,REF_MULTI_LANG,SENSITIVE_COL_NAME,FILE_UPLOAD_PLACE,COL_NAME,SAVE_TYPE,AUTO_INPUT,INPUT_ITEM,VIEW_ITEM,UNIQUE_ITEM,REQUIRED_ITEM,AUTOREG_HIDE_ITEM,AUTOREG_ONLY_ITEM,INITIAL_VALUE,VALIDATE_OPTION,BEFORE_VALIDATE_REGISTER,AFTER_VALIDATE_REGISTER,DESCRIPTION_JA,DESCRIPTION_EN,NOTE,DISUSE_FLAG,LAST_UPDATE_TIMESTAMP,LAST_UPDATE_USER) VALUES('2010408','20104','最終更新者','Last updated by','last_updated_user',NULL,'14',80,NULL,NULL,NULL,NULL,'0',NULL,NULL,'LAST_UPDATE_USER',NULL,'1','1','1','0','1','0','0',NULL,NULL,NULL,NULL,'更新者。ログインユーザのIDが自動的に登録される。編集不可。','Updated by. Login user ID is automatically registered. Cannot edit.',NULL,'0',_____DATE_____,1);
INSERT INTO T_COMN_MENU_COLUMN_LINK_JNL (JOURNAL_SEQ_NO,JOURNAL_REG_DATETIME,JOURNAL_ACTION_CLASS,COLUMN_DEFINITION_ID,MENU_ID,COLUMN_NAME_JA,COLUMN_NAME_EN,COLUMN_NAME_REST,COL_GROUP_ID,COLUMN_CLASS,COLUMN_DISP_SEQ,REF_TABLE_NAME,REF_PKEY_NAME,REF_COL_NAME,REF_SORT_CONDITIONS,REF_MULTI_LANG,SENSITIVE_COL_NAME,FILE_UPLOAD_PLACE,COL_NAME,SAVE_TYPE,AUTO_INPUT,INPUT_ITEM,VIEW_ITEM,UNIQUE_ITEM,REQUIRED_ITEM,AUTOREG_HIDE_ITEM,AUTOREG_ONLY_ITEM,INITIAL_VALUE,VALIDATE_OPTION,BEFORE_VALIDATE_REGISTER,AFTER_VALIDATE_REGISTER,DESCRIPTION_JA,DESCRIPTION_EN,NOTE,DISUSE_FLAG,LAST_UPDATE_TIMESTAMP,LAST_UPDATE_USER) VALUES(2010408,_____DATE_____,'INSERT','2010408','20104','最終更新者','Last updated by','last_updated_user',NULL,'14',80,NULL,NULL,NULL,NULL,'0',NULL,NULL,'LAST_UPDATE_USER',NULL,'1','1','1','0','1','0','0',NULL,NULL,NULL,NULL,'更新者。ログインユーザのIDが自動的に登録される。編集不可。','Updated by. Login user ID is automatically registered. Cannot edit.',NULL,'0',_____DATE_____,1);
INSERT INTO T_COMN_MENU_COLUMN_LINK (COLUMN_DEFINITION_ID,MENU_ID,COLUMN_NAME_JA,COLUMN_NAME_EN,COLUMN_NAME_REST,COL_GROUP_ID,COLUMN_CLASS,COLUMN_DISP_SEQ,REF_TABLE_NAME,REF_PKEY_NAME,REF_COL_NAME,REF_SORT_CONDITIONS,REF_MULTI_LANG,SENSITIVE_COL_NAME,FILE_UPLOAD_PLACE,COL_NAME,SAVE_TYPE,AUTO_INPUT,INPUT_ITEM,VIEW_ITEM,UNIQUE_ITEM,REQUIRED_ITEM,AUTOREG_HIDE_ITEM,AUTOREG_ONLY_ITEM,INITIAL_VALUE,VALIDATE_OPTION,BEFORE_VALIDATE_REGISTER,AFTER_VALIDATE_REGISTER,DESCRIPTION_JA,DESCRIPTION_EN,NOTE,DISUSE_FLAG,LAST_UPDATE_TIMESTAMP,LAST_UPDATE_USER) VALUES('2010501','20105','素材ID','File ID','file_id',NULL,'1',10,NULL,NULL,NULL,NULL,'0',NULL,NULL,'CONTENTS_FILE_ID',NULL,'1','1','1','1','1','0','0',NULL,NULL,NULL,NULL,'自動採番のため編集不可。実行処理種別が【登録】の場合、空白のみ可。','Cannot edit because of auto-numbering. Must be blank when execution process type is [Register].',NULL,'0',_____DATE_____,1);
INSERT INTO T_COMN_MENU_COLUMN_LINK_JNL (JOURNAL_SEQ_NO,JOURNAL_REG_DATETIME,JOURNAL_ACTION_CLASS,COLUMN_DEFINITION_ID,MENU_ID,COLUMN_NAME_JA,COLUMN_NAME_EN,COLUMN_NAME_REST,COL_GROUP_ID,COLUMN_CLASS,COLUMN_DISP_SEQ,REF_TABLE_NAME,REF_PKEY_NAME,REF_COL_NAME,REF_SORT_CONDITIONS,REF_MULTI_LANG,SENSITIVE_COL_NAME,FILE_UPLOAD_PLACE,COL_NAME,SAVE_TYPE,AUTO_INPUT,INPUT_ITEM,VIEW_ITEM,UNIQUE_ITEM,REQUIRED_ITEM,AUTOREG_HIDE_ITEM,AUTOREG_ONLY_ITEM,INITIAL_VALUE,VALIDATE_OPTION,BEFORE_VALIDATE_REGISTER,AFTER_VALIDATE_REGISTER,DESCRIPTION_JA,DESCRIPTION_EN,NOTE,DISUSE_FLAG,LAST_UPDATE_TIMESTAMP,LAST_UPDATE_USER) VALUES(2010501,_____DATE_____,'INSERT','2010501','20105','素材ID','File ID','file_id',NULL,'1',10,NULL,NULL,NULL,NULL,'0',NULL,NULL,'CONTENTS_FILE_ID',NULL,'1','1','1','1','1','0','0',NULL,NULL,NULL,NULL,'自動採番のため編集不可。実行処理種別が【登録】の場合、空白のみ可。','Cannot edit because of auto-numbering. Must be blank when execution process type is [Register].',NULL,'0',_____DATE_____,1);
INSERT INTO T_COMN_MENU_COLUMN_LINK (COLUMN_DEFINITION_ID,MENU_ID,COLUMN_NAME_JA,COLUMN_NAME_EN,COLUMN_NAME_REST,COL_GROUP_ID,COLUMN_CLASS,COLUMN_DISP_SEQ,REF_TABLE_NAME,REF_PKEY_NAME,REF_COL_NAME,REF_SORT_CONDITIONS,REF_MULTI_LANG,SENSITIVE_COL_NAME,FILE_UPLOAD_PLACE,COL_NAME,SAVE_TYPE,AUTO_INPUT,INPUT_ITEM,VIEW_ITEM,UNIQUE_ITEM,REQUIRED_ITEM,AUTOREG_HIDE_ITEM,AUTOREG_ONLY_ITEM,INITIAL_VALUE,VALIDATE_OPTION,BEFORE_VALIDATE_REGISTER,AFTER_VALIDATE_REGISTER,DESCRIPTION_JA,DESCRIPTION_EN,NOTE,DISUSE_FLAG,LAST_UPDATE_TIMESTAMP,LAST_UPDATE_USER) VALUES('2010502','20105','ファイル埋込変数名','File embedded variable name','file_embedded_variable_name',NULL,'1',20,NULL,NULL,NULL,NULL,'0',NULL,NULL,'CONTENTS_FILE_VARS_NAME',NULL,'0','1','1','1','1','0','0',NULL,'{
"min_length": 1,
"max_length": 255,
"preg_match": "^CPF_[_a-zA-Z0-9]+$"
}',NULL,NULL,'接頭文字として必ず「CPF_」を付与して下さい。','Make sure to assign \"CPF_\" as prefix string.',NULL,'0',_____DATE_____,1);
INSERT INTO T_COMN_MENU_COLUMN_LINK_JNL (JOURNAL_SEQ_NO,JOURNAL_REG_DATETIME,JOURNAL_ACTION_CLASS,COLUMN_DEFINITION_ID,MENU_ID,COLUMN_NAME_JA,COLUMN_NAME_EN,COLUMN_NAME_REST,COL_GROUP_ID,COLUMN_CLASS,COLUMN_DISP_SEQ,REF_TABLE_NAME,REF_PKEY_NAME,REF_COL_NAME,REF_SORT_CONDITIONS,REF_MULTI_LANG,SENSITIVE_COL_NAME,FILE_UPLOAD_PLACE,COL_NAME,SAVE_TYPE,AUTO_INPUT,INPUT_ITEM,VIEW_ITEM,UNIQUE_ITEM,REQUIRED_ITEM,AUTOREG_HIDE_ITEM,AUTOREG_ONLY_ITEM,INITIAL_VALUE,VALIDATE_OPTION,BEFORE_VALIDATE_REGISTER,AFTER_VALIDATE_REGISTER,DESCRIPTION_JA,DESCRIPTION_EN,NOTE,DISUSE_FLAG,LAST_UPDATE_TIMESTAMP,LAST_UPDATE_USER) VALUES(2010502,_____DATE_____,'INSERT','2010502','20105','ファイル埋込変数名','File embedded variable name','file_embedded_variable_name',NULL,'1',20,NULL,NULL,NULL,NULL,'0',NULL,NULL,'CONTENTS_FILE_VARS_NAME',NULL,'0','1','1','1','1','0','0',NULL,'{
"min_length": 1,
"max_length": 255,
"preg_match": "^CPF_[_a-zA-Z0-9]+$"
}',NULL,NULL,'接頭文字として必ず「CPF_」を付与して下さい。','Make sure to assign \"CPF_\" as prefix string.',NULL,'0',_____DATE_____,1);
INSERT INTO T_COMN_MENU_COLUMN_LINK (COLUMN_DEFINITION_ID,MENU_ID,COLUMN_NAME_JA,COLUMN_NAME_EN,COLUMN_NAME_REST,COL_GROUP_ID,COLUMN_CLASS,COLUMN_DISP_SEQ,REF_TABLE_NAME,REF_PKEY_NAME,REF_COL_NAME,REF_SORT_CONDITIONS,REF_MULTI_LANG,SENSITIVE_COL_NAME,FILE_UPLOAD_PLACE,COL_NAME,SAVE_TYPE,AUTO_INPUT,INPUT_ITEM,VIEW_ITEM,UNIQUE_ITEM,REQUIRED_ITEM,AUTOREG_HIDE_ITEM,AUTOREG_ONLY_ITEM,INITIAL_VALUE,VALIDATE_OPTION,BEFORE_VALIDATE_REGISTER,AFTER_VALIDATE_REGISTER,DESCRIPTION_JA,DESCRIPTION_EN,NOTE,DISUSE_FLAG,LAST_UPDATE_TIMESTAMP,LAST_UPDATE_USER) VALUES('2010503','20105','ファイル素材','Files','files',NULL,'9',30,NULL,NULL,NULL,NULL,'0',NULL,NULL,'CONTENTS_FILE',NULL,'0','1','1','0','1','0','0',NULL,'{
"upload_max_size": 4294967296
}',NULL,NULL,'Playbookで使用するファイルを指定して下さい。','Specify the file to be used by playbook.',NULL,'0',_____DATE_____,1);
INSERT INTO T_COMN_MENU_COLUMN_LINK_JNL (JOURNAL_SEQ_NO,JOURNAL_REG_DATETIME,JOURNAL_ACTION_CLASS,COLUMN_DEFINITION_ID,MENU_ID,COLUMN_NAME_JA,COLUMN_NAME_EN,COLUMN_NAME_REST,COL_GROUP_ID,COLUMN_CLASS,COLUMN_DISP_SEQ,REF_TABLE_NAME,REF_PKEY_NAME,REF_COL_NAME,REF_SORT_CONDITIONS,REF_MULTI_LANG,SENSITIVE_COL_NAME,FILE_UPLOAD_PLACE,COL_NAME,SAVE_TYPE,AUTO_INPUT,INPUT_ITEM,VIEW_ITEM,UNIQUE_ITEM,REQUIRED_ITEM,AUTOREG_HIDE_ITEM,AUTOREG_ONLY_ITEM,INITIAL_VALUE,VALIDATE_OPTION,BEFORE_VALIDATE_REGISTER,AFTER_VALIDATE_REGISTER,DESCRIPTION_JA,DESCRIPTION_EN,NOTE,DISUSE_FLAG,LAST_UPDATE_TIMESTAMP,LAST_UPDATE_USER) VALUES(2010503,_____DATE_____,'INSERT','2010503','20105','ファイル素材','Files','files',NULL,'9',30,NULL,NULL,NULL,NULL,'0',NULL,NULL,'CONTENTS_FILE',NULL,'0','1','1','0','1','0','0',NULL,'{
"upload_max_size": 4294967296
}',NULL,NULL,'Playbookで使用するファイルを指定して下さい。','Specify the file to be used by playbook.',NULL,'0',_____DATE_____,1);
INSERT INTO T_COMN_MENU_COLUMN_LINK (COLUMN_DEFINITION_ID,MENU_ID,COLUMN_NAME_JA,COLUMN_NAME_EN,COLUMN_NAME_REST,COL_GROUP_ID,COLUMN_CLASS,COLUMN_DISP_SEQ,REF_TABLE_NAME,REF_PKEY_NAME,REF_COL_NAME,REF_SORT_CONDITIONS,REF_MULTI_LANG,SENSITIVE_COL_NAME,FILE_UPLOAD_PLACE,COL_NAME,SAVE_TYPE,AUTO_INPUT,INPUT_ITEM,VIEW_ITEM,UNIQUE_ITEM,REQUIRED_ITEM,AUTOREG_HIDE_ITEM,AUTOREG_ONLY_ITEM,INITIAL_VALUE,VALIDATE_OPTION,BEFORE_VALIDATE_REGISTER,AFTER_VALIDATE_REGISTER,DESCRIPTION_JA,DESCRIPTION_EN,NOTE,DISUSE_FLAG,LAST_UPDATE_TIMESTAMP,LAST_UPDATE_USER) VALUES('2010504','20105','備考','Remarks','remarks',NULL,'12',40,NULL,NULL,NULL,NULL,'0',NULL,NULL,'NOTE',NULL,'0','1','1','0','0','0','0',NULL,'{
"min_length": 0,
"max_length": 4000
}',NULL,NULL,'自由記述欄。レコードの廃止・復活時にも記載可能。','Comments section. Can comment when removing or restoring records.',NULL,'0',_____DATE_____,1);
INSERT INTO T_COMN_MENU_COLUMN_LINK_JNL (JOURNAL_SEQ_NO,JOURNAL_REG_DATETIME,JOURNAL_ACTION_CLASS,COLUMN_DEFINITION_ID,MENU_ID,COLUMN_NAME_JA,COLUMN_NAME_EN,COLUMN_NAME_REST,COL_GROUP_ID,COLUMN_CLASS,COLUMN_DISP_SEQ,REF_TABLE_NAME,REF_PKEY_NAME,REF_COL_NAME,REF_SORT_CONDITIONS,REF_MULTI_LANG,SENSITIVE_COL_NAME,FILE_UPLOAD_PLACE,COL_NAME,SAVE_TYPE,AUTO_INPUT,INPUT_ITEM,VIEW_ITEM,UNIQUE_ITEM,REQUIRED_ITEM,AUTOREG_HIDE_ITEM,AUTOREG_ONLY_ITEM,INITIAL_VALUE,VALIDATE_OPTION,BEFORE_VALIDATE_REGISTER,AFTER_VALIDATE_REGISTER,DESCRIPTION_JA,DESCRIPTION_EN,NOTE,DISUSE_FLAG,LAST_UPDATE_TIMESTAMP,LAST_UPDATE_USER) VALUES(2010504,_____DATE_____,'INSERT','2010504','20105','備考','Remarks','remarks',NULL,'12',40,NULL,NULL,NULL,NULL,'0',NULL,NULL,'NOTE',NULL,'0','1','1','0','0','0','0',NULL,'{
"min_length": 0,
"max_length": 4000
}',NULL,NULL,'自由記述欄。レコードの廃止・復活時にも記載可能。','Comments section. Can comment when removing or restoring records.',NULL,'0',_____DATE_____,1);
INSERT INTO T_COMN_MENU_COLUMN_LINK (COLUMN_DEFINITION_ID,MENU_ID,COLUMN_NAME_JA,COLUMN_NAME_EN,COLUMN_NAME_REST,COL_GROUP_ID,COLUMN_CLASS,COLUMN_DISP_SEQ,REF_TABLE_NAME,REF_PKEY_NAME,REF_COL_NAME,REF_SORT_CONDITIONS,REF_MULTI_LANG,SENSITIVE_COL_NAME,FILE_UPLOAD_PLACE,COL_NAME,SAVE_TYPE,AUTO_INPUT,INPUT_ITEM,VIEW_ITEM,UNIQUE_ITEM,REQUIRED_ITEM,AUTOREG_HIDE_ITEM,AUTOREG_ONLY_ITEM,INITIAL_VALUE,VALIDATE_OPTION,BEFORE_VALIDATE_REGISTER,AFTER_VALIDATE_REGISTER,DESCRIPTION_JA,DESCRIPTION_EN,NOTE,DISUSE_FLAG,LAST_UPDATE_TIMESTAMP,LAST_UPDATE_USER) VALUES('2010505','20105','廃止フラグ','Discard','discard',NULL,'1',50,NULL,NULL,NULL,NULL,'0',NULL,NULL,'DISUSE_FLAG',NULL,'1','1','1','0','1','0','0',NULL,NULL,NULL,NULL,'廃止フラグ。復活以外のオペレーションは不可','Discard flag. Cannot do operation other than restore.',NULL,'0',_____DATE_____,1);
INSERT INTO T_COMN_MENU_COLUMN_LINK_JNL (JOURNAL_SEQ_NO,JOURNAL_REG_DATETIME,JOURNAL_ACTION_CLASS,COLUMN_DEFINITION_ID,MENU_ID,COLUMN_NAME_JA,COLUMN_NAME_EN,COLUMN_NAME_REST,COL_GROUP_ID,COLUMN_CLASS,COLUMN_DISP_SEQ,REF_TABLE_NAME,REF_PKEY_NAME,REF_COL_NAME,REF_SORT_CONDITIONS,REF_MULTI_LANG,SENSITIVE_COL_NAME,FILE_UPLOAD_PLACE,COL_NAME,SAVE_TYPE,AUTO_INPUT,INPUT_ITEM,VIEW_ITEM,UNIQUE_ITEM,REQUIRED_ITEM,AUTOREG_HIDE_ITEM,AUTOREG_ONLY_ITEM,INITIAL_VALUE,VALIDATE_OPTION,BEFORE_VALIDATE_REGISTER,AFTER_VALIDATE_REGISTER,DESCRIPTION_JA,DESCRIPTION_EN,NOTE,DISUSE_FLAG,LAST_UPDATE_TIMESTAMP,LAST_UPDATE_USER) VALUES(2010505,_____DATE_____,'INSERT','2010505','20105','廃止フラグ','Discard','discard',NULL,'1',50,NULL,NULL,NULL,NULL,'0',NULL,NULL,'DISUSE_FLAG',NULL,'1','1','1','0','1','0','0',NULL,NULL,NULL,NULL,'廃止フラグ。復活以外のオペレーションは不可','Discard flag. Cannot do operation other than restore.',NULL,'0',_____DATE_____,1);
INSERT INTO T_COMN_MENU_COLUMN_LINK (COLUMN_DEFINITION_ID,MENU_ID,COLUMN_NAME_JA,COLUMN_NAME_EN,COLUMN_NAME_REST,COL_GROUP_ID,COLUMN_CLASS,COLUMN_DISP_SEQ,REF_TABLE_NAME,REF_PKEY_NAME,REF_COL_NAME,REF_SORT_CONDITIONS,REF_MULTI_LANG,SENSITIVE_COL_NAME,FILE_UPLOAD_PLACE,COL_NAME,SAVE_TYPE,AUTO_INPUT,INPUT_ITEM,VIEW_ITEM,UNIQUE_ITEM,REQUIRED_ITEM,AUTOREG_HIDE_ITEM,AUTOREG_ONLY_ITEM,INITIAL_VALUE,VALIDATE_OPTION,BEFORE_VALIDATE_REGISTER,AFTER_VALIDATE_REGISTER,DESCRIPTION_JA,DESCRIPTION_EN,NOTE,DISUSE_FLAG,LAST_UPDATE_TIMESTAMP,LAST_UPDATE_USER) VALUES('2010506','20105','最終更新日時','Last update date/time','last_update_date_time',NULL,'13',60,NULL,NULL,NULL,NULL,'0',NULL,NULL,'LAST_UPDATE_TIMESTAMP',NULL,'1','1','1','0','1','0','0',NULL,NULL,NULL,NULL,'レコードの最終更新日。更新可否判定に使用。自動登録のため編集不可。','Last update date of record. Useful for judging the possibility of an update. Cannot edit because of auto-numbering.',NULL,'0',_____DATE_____,1);
INSERT INTO T_COMN_MENU_COLUMN_LINK_JNL (JOURNAL_SEQ_NO,JOURNAL_REG_DATETIME,JOURNAL_ACTION_CLASS,COLUMN_DEFINITION_ID,MENU_ID,COLUMN_NAME_JA,COLUMN_NAME_EN,COLUMN_NAME_REST,COL_GROUP_ID,COLUMN_CLASS,COLUMN_DISP_SEQ,REF_TABLE_NAME,REF_PKEY_NAME,REF_COL_NAME,REF_SORT_CONDITIONS,REF_MULTI_LANG,SENSITIVE_COL_NAME,FILE_UPLOAD_PLACE,COL_NAME,SAVE_TYPE,AUTO_INPUT,INPUT_ITEM,VIEW_ITEM,UNIQUE_ITEM,REQUIRED_ITEM,AUTOREG_HIDE_ITEM,AUTOREG_ONLY_ITEM,INITIAL_VALUE,VALIDATE_OPTION,BEFORE_VALIDATE_REGISTER,AFTER_VALIDATE_REGISTER,DESCRIPTION_JA,DESCRIPTION_EN,NOTE,DISUSE_FLAG,LAST_UPDATE_TIMESTAMP,LAST_UPDATE_USER) VALUES(2010506,_____DATE_____,'INSERT','2010506','20105','最終更新日時','Last update date/time','last_update_date_time',NULL,'13',60,NULL,NULL,NULL,NULL,'0',NULL,NULL,'LAST_UPDATE_TIMESTAMP',NULL,'1','1','1','0','1','0','0',NULL,NULL,NULL,NULL,'レコードの最終更新日。更新可否判定に使用。自動登録のため編集不可。','Last update date of record. Useful for judging the possibility of an update. Cannot edit because of auto-numbering.',NULL,'0',_____DATE_____,1);
INSERT INTO T_COMN_MENU_COLUMN_LINK (COLUMN_DEFINITION_ID,MENU_ID,COLUMN_NAME_JA,COLUMN_NAME_EN,COLUMN_NAME_REST,COL_GROUP_ID,COLUMN_CLASS,COLUMN_DISP_SEQ,REF_TABLE_NAME,REF_PKEY_NAME,REF_COL_NAME,REF_SORT_CONDITIONS,REF_MULTI_LANG,SENSITIVE_COL_NAME,FILE_UPLOAD_PLACE,COL_NAME,SAVE_TYPE,AUTO_INPUT,INPUT_ITEM,VIEW_ITEM,UNIQUE_ITEM,REQUIRED_ITEM,AUTOREG_HIDE_ITEM,AUTOREG_ONLY_ITEM,INITIAL_VALUE,VALIDATE_OPTION,BEFORE_VALIDATE_REGISTER,AFTER_VALIDATE_REGISTER,DESCRIPTION_JA,DESCRIPTION_EN,NOTE,DISUSE_FLAG,LAST_UPDATE_TIMESTAMP,LAST_UPDATE_USER) VALUES('2010507','20105','最終更新者','Last updated by','last_updated_user',NULL,'14',70,NULL,NULL,NULL,NULL,'0',NULL,NULL,'LAST_UPDATE_USER',NULL,'1','1','1','0','1','0','0',NULL,NULL,NULL,NULL,'更新者。ログインユーザのIDが自動的に登録される。編集不可。','Updated by. Login user ID is automatically registered. Cannot edit.',NULL,'0',_____DATE_____,1);
INSERT INTO T_COMN_MENU_COLUMN_LINK_JNL (JOURNAL_SEQ_NO,JOURNAL_REG_DATETIME,JOURNAL_ACTION_CLASS,COLUMN_DEFINITION_ID,MENU_ID,COLUMN_NAME_JA,COLUMN_NAME_EN,COLUMN_NAME_REST,COL_GROUP_ID,COLUMN_CLASS,COLUMN_DISP_SEQ,REF_TABLE_NAME,REF_PKEY_NAME,REF_COL_NAME,REF_SORT_CONDITIONS,REF_MULTI_LANG,SENSITIVE_COL_NAME,FILE_UPLOAD_PLACE,COL_NAME,SAVE_TYPE,AUTO_INPUT,INPUT_ITEM,VIEW_ITEM,UNIQUE_ITEM,REQUIRED_ITEM,AUTOREG_HIDE_ITEM,AUTOREG_ONLY_ITEM,INITIAL_VALUE,VALIDATE_OPTION,BEFORE_VALIDATE_REGISTER,AFTER_VALIDATE_REGISTER,DESCRIPTION_JA,DESCRIPTION_EN,NOTE,DISUSE_FLAG,LAST_UPDATE_TIMESTAMP,LAST_UPDATE_USER) VALUES(2010507,_____DATE_____,'INSERT','2010507','20105','最終更新者','Last updated by','last_updated_user',NULL,'14',70,NULL,NULL,NULL,NULL,'0',NULL,NULL,'LAST_UPDATE_USER',NULL,'1','1','1','0','1','0','0',NULL,NULL,NULL,NULL,'更新者。ログインユーザのIDが自動的に登録される。編集不可。','Updated by. Login user ID is automatically registered. Cannot edit.',NULL,'0',_____DATE_____,1);
INSERT INTO T_COMN_MENU_COLUMN_LINK (COLUMN_DEFINITION_ID,MENU_ID,COLUMN_NAME_JA,COLUMN_NAME_EN,COLUMN_NAME_REST,COL_GROUP_ID,COLUMN_CLASS,COLUMN_DISP_SEQ,REF_TABLE_NAME,REF_PKEY_NAME,REF_COL_NAME,REF_SORT_CONDITIONS,REF_MULTI_LANG,SENSITIVE_COL_NAME,FILE_UPLOAD_PLACE,COL_NAME,SAVE_TYPE,AUTO_INPUT,INPUT_ITEM,VIEW_ITEM,UNIQUE_ITEM,REQUIRED_ITEM,AUTOREG_HIDE_ITEM,AUTOREG_ONLY_ITEM,INITIAL_VALUE,VALIDATE_OPTION,BEFORE_VALIDATE_REGISTER,AFTER_VALIDATE_REGISTER,DESCRIPTION_JA,DESCRIPTION_EN,NOTE,DISUSE_FLAG,LAST_UPDATE_TIMESTAMP,LAST_UPDATE_USER) VALUES('2010601','20106','素材ID','Template ID','template_id',NULL,'1',10,NULL,NULL,NULL,NULL,'0',NULL,NULL,'ANS_TEMPLATE_ID',NULL,'1','1','1','1','1','0','0',NULL,NULL,NULL,NULL,'自動採番のため編集不可。実行処理種別が【登録】の場合、空白のみ可。','Cannot edit because of auto-numbering. Must be blank when execution process type is [Register].',NULL,'0',_____DATE_____,1);
INSERT INTO T_COMN_MENU_COLUMN_LINK_JNL (JOURNAL_SEQ_NO,JOURNAL_REG_DATETIME,JOURNAL_ACTION_CLASS,COLUMN_DEFINITION_ID,MENU_ID,COLUMN_NAME_JA,COLUMN_NAME_EN,COLUMN_NAME_REST,COL_GROUP_ID,COLUMN_CLASS,COLUMN_DISP_SEQ,REF_TABLE_NAME,REF_PKEY_NAME,REF_COL_NAME,REF_SORT_CONDITIONS,REF_MULTI_LANG,SENSITIVE_COL_NAME,FILE_UPLOAD_PLACE,COL_NAME,SAVE_TYPE,AUTO_INPUT,INPUT_ITEM,VIEW_ITEM,UNIQUE_ITEM,REQUIRED_ITEM,AUTOREG_HIDE_ITEM,AUTOREG_ONLY_ITEM,INITIAL_VALUE,VALIDATE_OPTION,BEFORE_VALIDATE_REGISTER,AFTER_VALIDATE_REGISTER,DESCRIPTION_JA,DESCRIPTION_EN,NOTE,DISUSE_FLAG,LAST_UPDATE_TIMESTAMP,LAST_UPDATE_USER) VALUES(2010601,_____DATE_____,'INSERT','2010601','20106','素材ID','Template ID','template_id',NULL,'1',10,NULL,NULL,NULL,NULL,'0',NULL,NULL,'ANS_TEMPLATE_ID',NULL,'1','1','1','1','1','0','0',NULL,NULL,NULL,NULL,'自動採番のため編集不可。実行処理種別が【登録】の場合、空白のみ可。','Cannot edit because of auto-numbering. Must be blank when execution process type is [Register].',NULL,'0',_____DATE_____,1);
INSERT INTO T_COMN_MENU_COLUMN_LINK (COLUMN_DEFINITION_ID,MENU_ID,COLUMN_NAME_JA,COLUMN_NAME_EN,COLUMN_NAME_REST,COL_GROUP_ID,COLUMN_CLASS,COLUMN_DISP_SEQ,REF_TABLE_NAME,REF_PKEY_NAME,REF_COL_NAME,REF_SORT_CONDITIONS,REF_MULTI_LANG,SENSITIVE_COL_NAME,FILE_UPLOAD_PLACE,COL_NAME,SAVE_TYPE,AUTO_INPUT,INPUT_ITEM,VIEW_ITEM,UNIQUE_ITEM,REQUIRED_ITEM,AUTOREG_HIDE_ITEM,AUTOREG_ONLY_ITEM,INITIAL_VALUE,VALIDATE_OPTION,BEFORE_VALIDATE_REGISTER,AFTER_VALIDATE_REGISTER,DESCRIPTION_JA,DESCRIPTION_EN,NOTE,DISUSE_FLAG,LAST_UPDATE_TIMESTAMP,LAST_UPDATE_USER) VALUES('2010602','20106','テンプレート埋込変数名','Template embedded variable name','template_embedded_variable_name',NULL,'1',20,NULL,NULL,NULL,NULL,'0',NULL,NULL,'ANS_TEMPLATE_VARS_NAME',NULL,'0','1','1','0','1','0','0',NULL,'{
"min_length": 1,
"max_length": 255,
"preg_match": "^TPF_[_a-zA-Z0-9]+$"
}',NULL,NULL,'接頭文字として必ず「TPF_」を付与して下さい。','Make sure to assign \"TPF_\" as a prefix string.',NULL,'0',_____DATE_____,1);
INSERT INTO T_COMN_MENU_COLUMN_LINK_JNL (JOURNAL_SEQ_NO,JOURNAL_REG_DATETIME,JOURNAL_ACTION_CLASS,COLUMN_DEFINITION_ID,MENU_ID,COLUMN_NAME_JA,COLUMN_NAME_EN,COLUMN_NAME_REST,COL_GROUP_ID,COLUMN_CLASS,COLUMN_DISP_SEQ,REF_TABLE_NAME,REF_PKEY_NAME,REF_COL_NAME,REF_SORT_CONDITIONS,REF_MULTI_LANG,SENSITIVE_COL_NAME,FILE_UPLOAD_PLACE,COL_NAME,SAVE_TYPE,AUTO_INPUT,INPUT_ITEM,VIEW_ITEM,UNIQUE_ITEM,REQUIRED_ITEM,AUTOREG_HIDE_ITEM,AUTOREG_ONLY_ITEM,INITIAL_VALUE,VALIDATE_OPTION,BEFORE_VALIDATE_REGISTER,AFTER_VALIDATE_REGISTER,DESCRIPTION_JA,DESCRIPTION_EN,NOTE,DISUSE_FLAG,LAST_UPDATE_TIMESTAMP,LAST_UPDATE_USER) VALUES(2010602,_____DATE_____,'INSERT','2010602','20106','テンプレート埋込変数名','Template embedded variable name','template_embedded_variable_name',NULL,'1',20,NULL,NULL,NULL,NULL,'0',NULL,NULL,'ANS_TEMPLATE_VARS_NAME',NULL,'0','1','1','0','1','0','0',NULL,'{
"min_length": 1,
"max_length": 255,
"preg_match": "^TPF_[_a-zA-Z0-9]+$"
}',NULL,NULL,'接頭文字として必ず「TPF_」を付与して下さい。','Make sure to assign \"TPF_\" as a prefix string.',NULL,'0',_____DATE_____,1);
INSERT INTO T_COMN_MENU_COLUMN_LINK (COLUMN_DEFINITION_ID,MENU_ID,COLUMN_NAME_JA,COLUMN_NAME_EN,COLUMN_NAME_REST,COL_GROUP_ID,COLUMN_CLASS,COLUMN_DISP_SEQ,REF_TABLE_NAME,REF_PKEY_NAME,REF_COL_NAME,REF_SORT_CONDITIONS,REF_MULTI_LANG,SENSITIVE_COL_NAME,FILE_UPLOAD_PLACE,COL_NAME,SAVE_TYPE,AUTO_INPUT,INPUT_ITEM,VIEW_ITEM,UNIQUE_ITEM,REQUIRED_ITEM,AUTOREG_HIDE_ITEM,AUTOREG_ONLY_ITEM,INITIAL_VALUE,VALIDATE_OPTION,BEFORE_VALIDATE_REGISTER,AFTER_VALIDATE_REGISTER,DESCRIPTION_JA,DESCRIPTION_EN,NOTE,DISUSE_FLAG,LAST_UPDATE_TIMESTAMP,LAST_UPDATE_USER) VALUES('2010603','20106','テンプレート素材','Template files','template_files',NULL,'9',30,NULL,NULL,NULL,NULL,'0',NULL,NULL,'ANS_TEMPLATE_FILE',NULL,'0','1','1','0','1','0','0',NULL,'{
"upload_max_size": 4294967296
}',NULL,NULL,'テンプレートとして使用できるのは、Jinja2テンプレートファイルに限られます。
(Ansible仕様)','Files that can be used as template are limited to the Jinja2 template file. 
 (Ansible specifications)',NULL,'0',_____DATE_____,1);
INSERT INTO T_COMN_MENU_COLUMN_LINK_JNL (JOURNAL_SEQ_NO,JOURNAL_REG_DATETIME,JOURNAL_ACTION_CLASS,COLUMN_DEFINITION_ID,MENU_ID,COLUMN_NAME_JA,COLUMN_NAME_EN,COLUMN_NAME_REST,COL_GROUP_ID,COLUMN_CLASS,COLUMN_DISP_SEQ,REF_TABLE_NAME,REF_PKEY_NAME,REF_COL_NAME,REF_SORT_CONDITIONS,REF_MULTI_LANG,SENSITIVE_COL_NAME,FILE_UPLOAD_PLACE,COL_NAME,SAVE_TYPE,AUTO_INPUT,INPUT_ITEM,VIEW_ITEM,UNIQUE_ITEM,REQUIRED_ITEM,AUTOREG_HIDE_ITEM,AUTOREG_ONLY_ITEM,INITIAL_VALUE,VALIDATE_OPTION,BEFORE_VALIDATE_REGISTER,AFTER_VALIDATE_REGISTER,DESCRIPTION_JA,DESCRIPTION_EN,NOTE,DISUSE_FLAG,LAST_UPDATE_TIMESTAMP,LAST_UPDATE_USER) VALUES(2010603,_____DATE_____,'INSERT','2010603','20106','テンプレート素材','Template files','template_files',NULL,'9',30,NULL,NULL,NULL,NULL,'0',NULL,NULL,'ANS_TEMPLATE_FILE',NULL,'0','1','1','0','1','0','0',NULL,'{
"upload_max_size": 4294967296
}',NULL,NULL,'テンプレートとして使用できるのは、Jinja2テンプレートファイルに限られます。
(Ansible仕様)','Files that can be used as template are limited to the Jinja2 template file. 
 (Ansible specifications)',NULL,'0',_____DATE_____,1);
INSERT INTO T_COMN_MENU_COLUMN_LINK (COLUMN_DEFINITION_ID,MENU_ID,COLUMN_NAME_JA,COLUMN_NAME_EN,COLUMN_NAME_REST,COL_GROUP_ID,COLUMN_CLASS,COLUMN_DISP_SEQ,REF_TABLE_NAME,REF_PKEY_NAME,REF_COL_NAME,REF_SORT_CONDITIONS,REF_MULTI_LANG,SENSITIVE_COL_NAME,FILE_UPLOAD_PLACE,COL_NAME,SAVE_TYPE,AUTO_INPUT,INPUT_ITEM,VIEW_ITEM,UNIQUE_ITEM,REQUIRED_ITEM,AUTOREG_HIDE_ITEM,AUTOREG_ONLY_ITEM,INITIAL_VALUE,VALIDATE_OPTION,BEFORE_VALIDATE_REGISTER,AFTER_VALIDATE_REGISTER,DESCRIPTION_JA,DESCRIPTION_EN,NOTE,DISUSE_FLAG,LAST_UPDATE_TIMESTAMP,LAST_UPDATE_USER) VALUES('2010604','20106','変数定義','Variable definition','variable_definition',NULL,'2',40,NULL,NULL,NULL,NULL,'0',NULL,NULL,'VARS_LIST',NULL,'0','1','1','0','0','0','0',NULL,'{
"min_length": 0,
"max_length": 4000
}',NULL,NULL,'テンプレート素材で使用している変数(VAR_)の構造をYAML形式で定義します。
変数の構造は以下の３種類で定義可能です。
・変数名に対して具体値を１つ定義できる変数
    例
  　　VAR_sample: 
・変数名に対して具体値を複数定義できる変数
    例
    　VAR_sample: []
・階層化された変数
    例
      VAR_sample:
        name: 
        value:','Define the structure of the variable (VAR_) used in Template file in YAML format.
The structure of variables can be defined by the following three types.
・Variable that can define one specific value for variable name.
    exp)
  　　VAR_sample:
・Variable that can define multiple concrete values for variable name.
    exp)
    　VAR_sample: []
・Nested variable.
    exp)
      VAR_sample:
        name:
        value:',NULL,'0',_____DATE_____,1);
INSERT INTO T_COMN_MENU_COLUMN_LINK_JNL (JOURNAL_SEQ_NO,JOURNAL_REG_DATETIME,JOURNAL_ACTION_CLASS,COLUMN_DEFINITION_ID,MENU_ID,COLUMN_NAME_JA,COLUMN_NAME_EN,COLUMN_NAME_REST,COL_GROUP_ID,COLUMN_CLASS,COLUMN_DISP_SEQ,REF_TABLE_NAME,REF_PKEY_NAME,REF_COL_NAME,REF_SORT_CONDITIONS,REF_MULTI_LANG,SENSITIVE_COL_NAME,FILE_UPLOAD_PLACE,COL_NAME,SAVE_TYPE,AUTO_INPUT,INPUT_ITEM,VIEW_ITEM,UNIQUE_ITEM,REQUIRED_ITEM,AUTOREG_HIDE_ITEM,AUTOREG_ONLY_ITEM,INITIAL_VALUE,VALIDATE_OPTION,BEFORE_VALIDATE_REGISTER,AFTER_VALIDATE_REGISTER,DESCRIPTION_JA,DESCRIPTION_EN,NOTE,DISUSE_FLAG,LAST_UPDATE_TIMESTAMP,LAST_UPDATE_USER) VALUES(2010604,_____DATE_____,'INSERT','2010604','20106','変数定義','Variable definition','variable_definition',NULL,'2',40,NULL,NULL,NULL,NULL,'0',NULL,NULL,'VARS_LIST',NULL,'0','1','1','0','0','0','0',NULL,'{
"min_length": 0,
"max_length": 4000
}',NULL,NULL,'テンプレート素材で使用している変数(VAR_)の構造をYAML形式で定義します。
変数の構造は以下の３種類で定義可能です。
・変数名に対して具体値を１つ定義できる変数
    例
  　　VAR_sample: 
・変数名に対して具体値を複数定義できる変数
    例
    　VAR_sample: []
・階層化された変数
    例
      VAR_sample:
        name: 
        value:','Define the structure of the variable (VAR_) used in Template file in YAML format.
The structure of variables can be defined by the following three types.
・Variable that can define one specific value for variable name.
    exp)
  　　VAR_sample:
・Variable that can define multiple concrete values for variable name.
    exp)
    　VAR_sample: []
・Nested variable.
    exp)
      VAR_sample:
        name:
        value:',NULL,'0',_____DATE_____,1);
INSERT INTO T_COMN_MENU_COLUMN_LINK (COLUMN_DEFINITION_ID,MENU_ID,COLUMN_NAME_JA,COLUMN_NAME_EN,COLUMN_NAME_REST,COL_GROUP_ID,COLUMN_CLASS,COLUMN_DISP_SEQ,REF_TABLE_NAME,REF_PKEY_NAME,REF_COL_NAME,REF_SORT_CONDITIONS,REF_MULTI_LANG,SENSITIVE_COL_NAME,FILE_UPLOAD_PLACE,COL_NAME,SAVE_TYPE,AUTO_INPUT,INPUT_ITEM,VIEW_ITEM,UNIQUE_ITEM,REQUIRED_ITEM,AUTOREG_HIDE_ITEM,AUTOREG_ONLY_ITEM,INITIAL_VALUE,VALIDATE_OPTION,BEFORE_VALIDATE_REGISTER,AFTER_VALIDATE_REGISTER,DESCRIPTION_JA,DESCRIPTION_EN,NOTE,DISUSE_FLAG,LAST_UPDATE_TIMESTAMP,LAST_UPDATE_USER) VALUES('2010605','20106','変数定義解析結果','Variable definition analysis result','variable_definition_analysis_result',NULL,'2',50,NULL,NULL,NULL,NULL,'0',NULL,NULL,'VAR_STRUCT_ANAL_JSON_STRING',NULL,'0','0','0','0','0','0','0',NULL,'{
"min_length": 0,
"max_length": 4294967296
}',NULL,NULL,'変数定義解析結果','Variable definition analysis result',NULL,'0',_____DATE_____,1);
INSERT INTO T_COMN_MENU_COLUMN_LINK_JNL (JOURNAL_SEQ_NO,JOURNAL_REG_DATETIME,JOURNAL_ACTION_CLASS,COLUMN_DEFINITION_ID,MENU_ID,COLUMN_NAME_JA,COLUMN_NAME_EN,COLUMN_NAME_REST,COL_GROUP_ID,COLUMN_CLASS,COLUMN_DISP_SEQ,REF_TABLE_NAME,REF_PKEY_NAME,REF_COL_NAME,REF_SORT_CONDITIONS,REF_MULTI_LANG,SENSITIVE_COL_NAME,FILE_UPLOAD_PLACE,COL_NAME,SAVE_TYPE,AUTO_INPUT,INPUT_ITEM,VIEW_ITEM,UNIQUE_ITEM,REQUIRED_ITEM,AUTOREG_HIDE_ITEM,AUTOREG_ONLY_ITEM,INITIAL_VALUE,VALIDATE_OPTION,BEFORE_VALIDATE_REGISTER,AFTER_VALIDATE_REGISTER,DESCRIPTION_JA,DESCRIPTION_EN,NOTE,DISUSE_FLAG,LAST_UPDATE_TIMESTAMP,LAST_UPDATE_USER) VALUES(2010605,_____DATE_____,'INSERT','2010605','20106','変数定義解析結果','Variable definition analysis result','variable_definition_analysis_result',NULL,'2',50,NULL,NULL,NULL,NULL,'0',NULL,NULL,'VAR_STRUCT_ANAL_JSON_STRING',NULL,'0','0','0','0','0','0','0',NULL,'{
"min_length": 0,
"max_length": 4294967296
}',NULL,NULL,'変数定義解析結果','Variable definition analysis result',NULL,'0',_____DATE_____,1);
INSERT INTO T_COMN_MENU_COLUMN_LINK (COLUMN_DEFINITION_ID,MENU_ID,COLUMN_NAME_JA,COLUMN_NAME_EN,COLUMN_NAME_REST,COL_GROUP_ID,COLUMN_CLASS,COLUMN_DISP_SEQ,REF_TABLE_NAME,REF_PKEY_NAME,REF_COL_NAME,REF_SORT_CONDITIONS,REF_MULTI_LANG,SENSITIVE_COL_NAME,FILE_UPLOAD_PLACE,COL_NAME,SAVE_TYPE,AUTO_INPUT,INPUT_ITEM,VIEW_ITEM,UNIQUE_ITEM,REQUIRED_ITEM,AUTOREG_HIDE_ITEM,AUTOREG_ONLY_ITEM,INITIAL_VALUE,VALIDATE_OPTION,BEFORE_VALIDATE_REGISTER,AFTER_VALIDATE_REGISTER,DESCRIPTION_JA,DESCRIPTION_EN,NOTE,DISUSE_FLAG,LAST_UPDATE_TIMESTAMP,LAST_UPDATE_USER) VALUES('2010606','20106','多段変数や読替変数定義有無','Nested variable abd Translation variable use flag','nested_variable_abd_translation_variable_use_flag',NULL,'1',60,NULL,NULL,NULL,NULL,'0',NULL,NULL,'ROLE_ONLY_FLAG',NULL,'0','0','0','0','0','0','0',NULL,'{
"min_length": 0,
"max_length": 1
}',NULL,NULL,'多段変数や読替変数定義有無','Nested variable abd Translation variable use flag',NULL,'0',_____DATE_____,1);
INSERT INTO T_COMN_MENU_COLUMN_LINK_JNL (JOURNAL_SEQ_NO,JOURNAL_REG_DATETIME,JOURNAL_ACTION_CLASS,COLUMN_DEFINITION_ID,MENU_ID,COLUMN_NAME_JA,COLUMN_NAME_EN,COLUMN_NAME_REST,COL_GROUP_ID,COLUMN_CLASS,COLUMN_DISP_SEQ,REF_TABLE_NAME,REF_PKEY_NAME,REF_COL_NAME,REF_SORT_CONDITIONS,REF_MULTI_LANG,SENSITIVE_COL_NAME,FILE_UPLOAD_PLACE,COL_NAME,SAVE_TYPE,AUTO_INPUT,INPUT_ITEM,VIEW_ITEM,UNIQUE_ITEM,REQUIRED_ITEM,AUTOREG_HIDE_ITEM,AUTOREG_ONLY_ITEM,INITIAL_VALUE,VALIDATE_OPTION,BEFORE_VALIDATE_REGISTER,AFTER_VALIDATE_REGISTER,DESCRIPTION_JA,DESCRIPTION_EN,NOTE,DISUSE_FLAG,LAST_UPDATE_TIMESTAMP,LAST_UPDATE_USER) VALUES(2010606,_____DATE_____,'INSERT','2010606','20106','多段変数や読替変数定義有無','Nested variable abd Translation variable use flag','nested_variable_abd_translation_variable_use_flag',NULL,'1',60,NULL,NULL,NULL,NULL,'0',NULL,NULL,'ROLE_ONLY_FLAG',NULL,'0','0','0','0','0','0','0',NULL,'{
"min_length": 0,
"max_length": 1
}',NULL,NULL,'多段変数や読替変数定義有無','Nested variable abd Translation variable use flag',NULL,'0',_____DATE_____,1);
INSERT INTO T_COMN_MENU_COLUMN_LINK (COLUMN_DEFINITION_ID,MENU_ID,COLUMN_NAME_JA,COLUMN_NAME_EN,COLUMN_NAME_REST,COL_GROUP_ID,COLUMN_CLASS,COLUMN_DISP_SEQ,REF_TABLE_NAME,REF_PKEY_NAME,REF_COL_NAME,REF_SORT_CONDITIONS,REF_MULTI_LANG,SENSITIVE_COL_NAME,FILE_UPLOAD_PLACE,COL_NAME,SAVE_TYPE,AUTO_INPUT,INPUT_ITEM,VIEW_ITEM,UNIQUE_ITEM,REQUIRED_ITEM,AUTOREG_HIDE_ITEM,AUTOREG_ONLY_ITEM,INITIAL_VALUE,VALIDATE_OPTION,BEFORE_VALIDATE_REGISTER,AFTER_VALIDATE_REGISTER,DESCRIPTION_JA,DESCRIPTION_EN,NOTE,DISUSE_FLAG,LAST_UPDATE_TIMESTAMP,LAST_UPDATE_USER) VALUES('2010607','20106','備考','Remarks','remarks',NULL,'12',70,NULL,NULL,NULL,NULL,'0',NULL,NULL,'NOTE',NULL,'0','1','1','0','0','0','0',NULL,'{
"min_length": 0,
"max_length": 4000
}',NULL,NULL,'自由記述欄。レコードの廃止・復活時にも記載可能。','Comments section. Can comment when removing or restoring records.',NULL,'0',_____DATE_____,1);
INSERT INTO T_COMN_MENU_COLUMN_LINK_JNL (JOURNAL_SEQ_NO,JOURNAL_REG_DATETIME,JOURNAL_ACTION_CLASS,COLUMN_DEFINITION_ID,MENU_ID,COLUMN_NAME_JA,COLUMN_NAME_EN,COLUMN_NAME_REST,COL_GROUP_ID,COLUMN_CLASS,COLUMN_DISP_SEQ,REF_TABLE_NAME,REF_PKEY_NAME,REF_COL_NAME,REF_SORT_CONDITIONS,REF_MULTI_LANG,SENSITIVE_COL_NAME,FILE_UPLOAD_PLACE,COL_NAME,SAVE_TYPE,AUTO_INPUT,INPUT_ITEM,VIEW_ITEM,UNIQUE_ITEM,REQUIRED_ITEM,AUTOREG_HIDE_ITEM,AUTOREG_ONLY_ITEM,INITIAL_VALUE,VALIDATE_OPTION,BEFORE_VALIDATE_REGISTER,AFTER_VALIDATE_REGISTER,DESCRIPTION_JA,DESCRIPTION_EN,NOTE,DISUSE_FLAG,LAST_UPDATE_TIMESTAMP,LAST_UPDATE_USER) VALUES(2010607,_____DATE_____,'INSERT','2010607','20106','備考','Remarks','remarks',NULL,'12',70,NULL,NULL,NULL,NULL,'0',NULL,NULL,'NOTE',NULL,'0','1','1','0','0','0','0',NULL,'{
"min_length": 0,
"max_length": 4000
}',NULL,NULL,'自由記述欄。レコードの廃止・復活時にも記載可能。','Comments section. Can comment when removing or restoring records.',NULL,'0',_____DATE_____,1);
INSERT INTO T_COMN_MENU_COLUMN_LINK (COLUMN_DEFINITION_ID,MENU_ID,COLUMN_NAME_JA,COLUMN_NAME_EN,COLUMN_NAME_REST,COL_GROUP_ID,COLUMN_CLASS,COLUMN_DISP_SEQ,REF_TABLE_NAME,REF_PKEY_NAME,REF_COL_NAME,REF_SORT_CONDITIONS,REF_MULTI_LANG,SENSITIVE_COL_NAME,FILE_UPLOAD_PLACE,COL_NAME,SAVE_TYPE,AUTO_INPUT,INPUT_ITEM,VIEW_ITEM,UNIQUE_ITEM,REQUIRED_ITEM,AUTOREG_HIDE_ITEM,AUTOREG_ONLY_ITEM,INITIAL_VALUE,VALIDATE_OPTION,BEFORE_VALIDATE_REGISTER,AFTER_VALIDATE_REGISTER,DESCRIPTION_JA,DESCRIPTION_EN,NOTE,DISUSE_FLAG,LAST_UPDATE_TIMESTAMP,LAST_UPDATE_USER) VALUES('2010608','20106','廃止フラグ','Discard','discard',NULL,'1',80,NULL,NULL,NULL,NULL,'0',NULL,NULL,'DISUSE_FLAG',NULL,'1','1','1','0','1','0','0',NULL,NULL,NULL,NULL,'廃止フラグ。復活以外のオペレーションは不可','Discard flag. Cannot do operation other than restore.',NULL,'0',_____DATE_____,1);
INSERT INTO T_COMN_MENU_COLUMN_LINK_JNL (JOURNAL_SEQ_NO,JOURNAL_REG_DATETIME,JOURNAL_ACTION_CLASS,COLUMN_DEFINITION_ID,MENU_ID,COLUMN_NAME_JA,COLUMN_NAME_EN,COLUMN_NAME_REST,COL_GROUP_ID,COLUMN_CLASS,COLUMN_DISP_SEQ,REF_TABLE_NAME,REF_PKEY_NAME,REF_COL_NAME,REF_SORT_CONDITIONS,REF_MULTI_LANG,SENSITIVE_COL_NAME,FILE_UPLOAD_PLACE,COL_NAME,SAVE_TYPE,AUTO_INPUT,INPUT_ITEM,VIEW_ITEM,UNIQUE_ITEM,REQUIRED_ITEM,AUTOREG_HIDE_ITEM,AUTOREG_ONLY_ITEM,INITIAL_VALUE,VALIDATE_OPTION,BEFORE_VALIDATE_REGISTER,AFTER_VALIDATE_REGISTER,DESCRIPTION_JA,DESCRIPTION_EN,NOTE,DISUSE_FLAG,LAST_UPDATE_TIMESTAMP,LAST_UPDATE_USER) VALUES(2010608,_____DATE_____,'INSERT','2010608','20106','廃止フラグ','Discard','discard',NULL,'1',80,NULL,NULL,NULL,NULL,'0',NULL,NULL,'DISUSE_FLAG',NULL,'1','1','1','0','1','0','0',NULL,NULL,NULL,NULL,'廃止フラグ。復活以外のオペレーションは不可','Discard flag. Cannot do operation other than restore.',NULL,'0',_____DATE_____,1);
INSERT INTO T_COMN_MENU_COLUMN_LINK (COLUMN_DEFINITION_ID,MENU_ID,COLUMN_NAME_JA,COLUMN_NAME_EN,COLUMN_NAME_REST,COL_GROUP_ID,COLUMN_CLASS,COLUMN_DISP_SEQ,REF_TABLE_NAME,REF_PKEY_NAME,REF_COL_NAME,REF_SORT_CONDITIONS,REF_MULTI_LANG,SENSITIVE_COL_NAME,FILE_UPLOAD_PLACE,COL_NAME,SAVE_TYPE,AUTO_INPUT,INPUT_ITEM,VIEW_ITEM,UNIQUE_ITEM,REQUIRED_ITEM,AUTOREG_HIDE_ITEM,AUTOREG_ONLY_ITEM,INITIAL_VALUE,VALIDATE_OPTION,BEFORE_VALIDATE_REGISTER,AFTER_VALIDATE_REGISTER,DESCRIPTION_JA,DESCRIPTION_EN,NOTE,DISUSE_FLAG,LAST_UPDATE_TIMESTAMP,LAST_UPDATE_USER) VALUES('2010609','20106','最終更新日時','Last update date/time','last_update_date_time',NULL,'13',90,NULL,NULL,NULL,NULL,'0',NULL,NULL,'LAST_UPDATE_TIMESTAMP',NULL,'1','1','1','0','1','0','0',NULL,NULL,NULL,NULL,'レコードの最終更新日。更新可否判定に使用。自動登録のため編集不可。','Last update date of record. Useful for judging the possibility of an update. Cannot edit because of auto-numbering.',NULL,'0',_____DATE_____,1);
INSERT INTO T_COMN_MENU_COLUMN_LINK_JNL (JOURNAL_SEQ_NO,JOURNAL_REG_DATETIME,JOURNAL_ACTION_CLASS,COLUMN_DEFINITION_ID,MENU_ID,COLUMN_NAME_JA,COLUMN_NAME_EN,COLUMN_NAME_REST,COL_GROUP_ID,COLUMN_CLASS,COLUMN_DISP_SEQ,REF_TABLE_NAME,REF_PKEY_NAME,REF_COL_NAME,REF_SORT_CONDITIONS,REF_MULTI_LANG,SENSITIVE_COL_NAME,FILE_UPLOAD_PLACE,COL_NAME,SAVE_TYPE,AUTO_INPUT,INPUT_ITEM,VIEW_ITEM,UNIQUE_ITEM,REQUIRED_ITEM,AUTOREG_HIDE_ITEM,AUTOREG_ONLY_ITEM,INITIAL_VALUE,VALIDATE_OPTION,BEFORE_VALIDATE_REGISTER,AFTER_VALIDATE_REGISTER,DESCRIPTION_JA,DESCRIPTION_EN,NOTE,DISUSE_FLAG,LAST_UPDATE_TIMESTAMP,LAST_UPDATE_USER) VALUES(2010609,_____DATE_____,'INSERT','2010609','20106','最終更新日時','Last update date/time','last_update_date_time',NULL,'13',90,NULL,NULL,NULL,NULL,'0',NULL,NULL,'LAST_UPDATE_TIMESTAMP',NULL,'1','1','1','0','1','0','0',NULL,NULL,NULL,NULL,'レコードの最終更新日。更新可否判定に使用。自動登録のため編集不可。','Last update date of record. Useful for judging the possibility of an update. Cannot edit because of auto-numbering.',NULL,'0',_____DATE_____,1);
INSERT INTO T_COMN_MENU_COLUMN_LINK (COLUMN_DEFINITION_ID,MENU_ID,COLUMN_NAME_JA,COLUMN_NAME_EN,COLUMN_NAME_REST,COL_GROUP_ID,COLUMN_CLASS,COLUMN_DISP_SEQ,REF_TABLE_NAME,REF_PKEY_NAME,REF_COL_NAME,REF_SORT_CONDITIONS,REF_MULTI_LANG,SENSITIVE_COL_NAME,FILE_UPLOAD_PLACE,COL_NAME,SAVE_TYPE,AUTO_INPUT,INPUT_ITEM,VIEW_ITEM,UNIQUE_ITEM,REQUIRED_ITEM,AUTOREG_HIDE_ITEM,AUTOREG_ONLY_ITEM,INITIAL_VALUE,VALIDATE_OPTION,BEFORE_VALIDATE_REGISTER,AFTER_VALIDATE_REGISTER,DESCRIPTION_JA,DESCRIPTION_EN,NOTE,DISUSE_FLAG,LAST_UPDATE_TIMESTAMP,LAST_UPDATE_USER) VALUES('2010610','20106','最終更新者','Last updated by','last_updated_user',NULL,'14',100,NULL,NULL,NULL,NULL,'0',NULL,NULL,'LAST_UPDATE_USER',NULL,'1','1','1','1','1','0','0',NULL,NULL,NULL,NULL,'更新者。ログインユーザのIDが自動的に登録される。編集不可。','Updated by. Login user ID is automatically registered. Cannot edit.',NULL,'0',_____DATE_____,1);
INSERT INTO T_COMN_MENU_COLUMN_LINK_JNL (JOURNAL_SEQ_NO,JOURNAL_REG_DATETIME,JOURNAL_ACTION_CLASS,COLUMN_DEFINITION_ID,MENU_ID,COLUMN_NAME_JA,COLUMN_NAME_EN,COLUMN_NAME_REST,COL_GROUP_ID,COLUMN_CLASS,COLUMN_DISP_SEQ,REF_TABLE_NAME,REF_PKEY_NAME,REF_COL_NAME,REF_SORT_CONDITIONS,REF_MULTI_LANG,SENSITIVE_COL_NAME,FILE_UPLOAD_PLACE,COL_NAME,SAVE_TYPE,AUTO_INPUT,INPUT_ITEM,VIEW_ITEM,UNIQUE_ITEM,REQUIRED_ITEM,AUTOREG_HIDE_ITEM,AUTOREG_ONLY_ITEM,INITIAL_VALUE,VALIDATE_OPTION,BEFORE_VALIDATE_REGISTER,AFTER_VALIDATE_REGISTER,DESCRIPTION_JA,DESCRIPTION_EN,NOTE,DISUSE_FLAG,LAST_UPDATE_TIMESTAMP,LAST_UPDATE_USER) VALUES(2010610,_____DATE_____,'INSERT','2010610','20106','最終更新者','Last updated by','last_updated_user',NULL,'14',100,NULL,NULL,NULL,NULL,'0',NULL,NULL,'LAST_UPDATE_USER',NULL,'1','1','1','1','1','0','0',NULL,NULL,NULL,NULL,'更新者。ログインユーザのIDが自動的に登録される。編集不可。','Updated by. Login user ID is automatically registered. Cannot edit.',NULL,'0',_____DATE_____,1);
INSERT INTO T_COMN_MENU_COLUMN_LINK (COLUMN_DEFINITION_ID,MENU_ID,COLUMN_NAME_JA,COLUMN_NAME_EN,COLUMN_NAME_REST,COL_GROUP_ID,COLUMN_CLASS,COLUMN_DISP_SEQ,REF_TABLE_NAME,REF_PKEY_NAME,REF_COL_NAME,REF_SORT_CONDITIONS,REF_MULTI_LANG,SENSITIVE_COL_NAME,FILE_UPLOAD_PLACE,COL_NAME,SAVE_TYPE,AUTO_INPUT,INPUT_ITEM,VIEW_ITEM,UNIQUE_ITEM,REQUIRED_ITEM,AUTOREG_HIDE_ITEM,AUTOREG_ONLY_ITEM,INITIAL_VALUE,VALIDATE_OPTION,BEFORE_VALIDATE_REGISTER,AFTER_VALIDATE_REGISTER,DESCRIPTION_JA,DESCRIPTION_EN,NOTE,DISUSE_FLAG,LAST_UPDATE_TIMESTAMP,LAST_UPDATE_USER) VALUES('2010701','20107','項番','No','no',NULL,'1',10,NULL,NULL,NULL,NULL,'0',NULL,NULL,'ROW_ID',NULL,'1','1','1','1','1','0','0',NULL,NULL,NULL,NULL,'自動採番のため編集不可。実行処理種別が【登録】の場合、空白のみ可。','Cannot edit because of auto-numbering. Must be blank when execution process type is [Register].',NULL,'0',_____DATE_____,1);
INSERT INTO T_COMN_MENU_COLUMN_LINK_JNL (JOURNAL_SEQ_NO,JOURNAL_REG_DATETIME,JOURNAL_ACTION_CLASS,COLUMN_DEFINITION_ID,MENU_ID,COLUMN_NAME_JA,COLUMN_NAME_EN,COLUMN_NAME_REST,COL_GROUP_ID,COLUMN_CLASS,COLUMN_DISP_SEQ,REF_TABLE_NAME,REF_PKEY_NAME,REF_COL_NAME,REF_SORT_CONDITIONS,REF_MULTI_LANG,SENSITIVE_COL_NAME,FILE_UPLOAD_PLACE,COL_NAME,SAVE_TYPE,AUTO_INPUT,INPUT_ITEM,VIEW_ITEM,UNIQUE_ITEM,REQUIRED_ITEM,AUTOREG_HIDE_ITEM,AUTOREG_ONLY_ITEM,INITIAL_VALUE,VALIDATE_OPTION,BEFORE_VALIDATE_REGISTER,AFTER_VALIDATE_REGISTER,DESCRIPTION_JA,DESCRIPTION_EN,NOTE,DISUSE_FLAG,LAST_UPDATE_TIMESTAMP,LAST_UPDATE_USER) VALUES(2010701,_____DATE_____,'INSERT','2010701','20107','項番','No','no',NULL,'1',10,NULL,NULL,NULL,NULL,'0',NULL,NULL,'ROW_ID',NULL,'1','1','1','1','1','0','0',NULL,NULL,NULL,NULL,'自動採番のため編集不可。実行処理種別が【登録】の場合、空白のみ可。','Cannot edit because of auto-numbering. Must be blank when execution process type is [Register].',NULL,'0',_____DATE_____,1);
INSERT INTO T_COMN_MENU_COLUMN_LINK (COLUMN_DEFINITION_ID,MENU_ID,COLUMN_NAME_JA,COLUMN_NAME_EN,COLUMN_NAME_REST,COL_GROUP_ID,COLUMN_CLASS,COLUMN_DISP_SEQ,REF_TABLE_NAME,REF_PKEY_NAME,REF_COL_NAME,REF_SORT_CONDITIONS,REF_MULTI_LANG,SENSITIVE_COL_NAME,FILE_UPLOAD_PLACE,COL_NAME,SAVE_TYPE,AUTO_INPUT,INPUT_ITEM,VIEW_ITEM,UNIQUE_ITEM,REQUIRED_ITEM,AUTOREG_HIDE_ITEM,AUTOREG_ONLY_ITEM,INITIAL_VALUE,VALIDATE_OPTION,BEFORE_VALIDATE_REGISTER,AFTER_VALIDATE_REGISTER,DESCRIPTION_JA,DESCRIPTION_EN,NOTE,DISUSE_FLAG,LAST_UPDATE_TIMESTAMP,LAST_UPDATE_USER) VALUES('2010702','20107','資材種別','File Type','file_type',NULL,'7',20,'T_ANSC_COMVRAS_USLIST_F_ID','ROW_ID','NAME',NULL,'0',NULL,NULL,'FILE_ID',NULL,'0','1','1','0','0','0','0',NULL,NULL,NULL,NULL,'File Type
Playbook: Legacy playbook
Dialog file: Pioneer dialog file
Role package: LegacyRole role package
Template file: Ansible common template file','File Type
Playbook: Legacy playbook
Dialog file: Pioneer dialog file
Role package: LegacyRole role package
Template file: Ansible common template file',NULL,'0',_____DATE_____,1);
INSERT INTO T_COMN_MENU_COLUMN_LINK_JNL (JOURNAL_SEQ_NO,JOURNAL_REG_DATETIME,JOURNAL_ACTION_CLASS,COLUMN_DEFINITION_ID,MENU_ID,COLUMN_NAME_JA,COLUMN_NAME_EN,COLUMN_NAME_REST,COL_GROUP_ID,COLUMN_CLASS,COLUMN_DISP_SEQ,REF_TABLE_NAME,REF_PKEY_NAME,REF_COL_NAME,REF_SORT_CONDITIONS,REF_MULTI_LANG,SENSITIVE_COL_NAME,FILE_UPLOAD_PLACE,COL_NAME,SAVE_TYPE,AUTO_INPUT,INPUT_ITEM,VIEW_ITEM,UNIQUE_ITEM,REQUIRED_ITEM,AUTOREG_HIDE_ITEM,AUTOREG_ONLY_ITEM,INITIAL_VALUE,VALIDATE_OPTION,BEFORE_VALIDATE_REGISTER,AFTER_VALIDATE_REGISTER,DESCRIPTION_JA,DESCRIPTION_EN,NOTE,DISUSE_FLAG,LAST_UPDATE_TIMESTAMP,LAST_UPDATE_USER) VALUES(2010702,_____DATE_____,'INSERT','2010702','20107','資材種別','File Type','file_type',NULL,'7',20,'T_ANSC_COMVRAS_USLIST_F_ID','ROW_ID','NAME',NULL,'0',NULL,NULL,'FILE_ID',NULL,'0','1','1','0','0','0','0',NULL,NULL,NULL,NULL,'File Type
Playbook: Legacy playbook
Dialog file: Pioneer dialog file
Role package: LegacyRole role package
Template file: Ansible common template file','File Type
Playbook: Legacy playbook
Dialog file: Pioneer dialog file
Role package: LegacyRole role package
Template file: Ansible common template file',NULL,'0',_____DATE_____,1);
INSERT INTO T_COMN_MENU_COLUMN_LINK (COLUMN_DEFINITION_ID,MENU_ID,COLUMN_NAME_JA,COLUMN_NAME_EN,COLUMN_NAME_REST,COL_GROUP_ID,COLUMN_CLASS,COLUMN_DISP_SEQ,REF_TABLE_NAME,REF_PKEY_NAME,REF_COL_NAME,REF_SORT_CONDITIONS,REF_MULTI_LANG,SENSITIVE_COL_NAME,FILE_UPLOAD_PLACE,COL_NAME,SAVE_TYPE,AUTO_INPUT,INPUT_ITEM,VIEW_ITEM,UNIQUE_ITEM,REQUIRED_ITEM,AUTOREG_HIDE_ITEM,AUTOREG_ONLY_ITEM,INITIAL_VALUE,VALIDATE_OPTION,BEFORE_VALIDATE_REGISTER,AFTER_VALIDATE_REGISTER,DESCRIPTION_JA,DESCRIPTION_EN,NOTE,DISUSE_FLAG,LAST_UPDATE_TIMESTAMP,LAST_UPDATE_USER) VALUES('2010703','20107','変数種別','Variable Type','variable_type',NULL,'7',30,'T_ANSC_COMVRAS_USLIST_V_ID','ROW_ID','NAME',NULL,'0',NULL,NULL,'VRA_ID',NULL,'0','1','1','0','0','0','0',NULL,NULL,NULL,NULL,'Variable Type
GBL:Global Variable
CPF:File Variable
TPF:Template Variable','Variable Type
GBL:Global Variable
CPF:File Variable
TPF:Template Variable',NULL,'0',_____DATE_____,1);
INSERT INTO T_COMN_MENU_COLUMN_LINK_JNL (JOURNAL_SEQ_NO,JOURNAL_REG_DATETIME,JOURNAL_ACTION_CLASS,COLUMN_DEFINITION_ID,MENU_ID,COLUMN_NAME_JA,COLUMN_NAME_EN,COLUMN_NAME_REST,COL_GROUP_ID,COLUMN_CLASS,COLUMN_DISP_SEQ,REF_TABLE_NAME,REF_PKEY_NAME,REF_COL_NAME,REF_SORT_CONDITIONS,REF_MULTI_LANG,SENSITIVE_COL_NAME,FILE_UPLOAD_PLACE,COL_NAME,SAVE_TYPE,AUTO_INPUT,INPUT_ITEM,VIEW_ITEM,UNIQUE_ITEM,REQUIRED_ITEM,AUTOREG_HIDE_ITEM,AUTOREG_ONLY_ITEM,INITIAL_VALUE,VALIDATE_OPTION,BEFORE_VALIDATE_REGISTER,AFTER_VALIDATE_REGISTER,DESCRIPTION_JA,DESCRIPTION_EN,NOTE,DISUSE_FLAG,LAST_UPDATE_TIMESTAMP,LAST_UPDATE_USER) VALUES(2010703,_____DATE_____,'INSERT','2010703','20107','変数種別','Variable Type','variable_type',NULL,'7',30,'T_ANSC_COMVRAS_USLIST_V_ID','ROW_ID','NAME',NULL,'0',NULL,NULL,'VRA_ID',NULL,'0','1','1','0','0','0','0',NULL,NULL,NULL,NULL,'Variable Type
GBL:Global Variable
CPF:File Variable
TPF:Template Variable','Variable Type
GBL:Global Variable
CPF:File Variable
TPF:Template Variable',NULL,'0',_____DATE_____,1);
INSERT INTO T_COMN_MENU_COLUMN_LINK (COLUMN_DEFINITION_ID,MENU_ID,COLUMN_NAME_JA,COLUMN_NAME_EN,COLUMN_NAME_REST,COL_GROUP_ID,COLUMN_CLASS,COLUMN_DISP_SEQ,REF_TABLE_NAME,REF_PKEY_NAME,REF_COL_NAME,REF_SORT_CONDITIONS,REF_MULTI_LANG,SENSITIVE_COL_NAME,FILE_UPLOAD_PLACE,COL_NAME,SAVE_TYPE,AUTO_INPUT,INPUT_ITEM,VIEW_ITEM,UNIQUE_ITEM,REQUIRED_ITEM,AUTOREG_HIDE_ITEM,AUTOREG_ONLY_ITEM,INITIAL_VALUE,VALIDATE_OPTION,BEFORE_VALIDATE_REGISTER,AFTER_VALIDATE_REGISTER,DESCRIPTION_JA,DESCRIPTION_EN,NOTE,DISUSE_FLAG,LAST_UPDATE_TIMESTAMP,LAST_UPDATE_USER) VALUES('2010704','20107','使用素材集のPkey','Primary key','primary_key',NULL,'1',40,NULL,NULL,NULL,NULL,'0',NULL,NULL,'CONTENTS_ID',NULL,'0','1','1','0','0','0','0',NULL,NULL,NULL,NULL,'Primary key of target database','Primary key of target database',NULL,'0',_____DATE_____,1);
INSERT INTO T_COMN_MENU_COLUMN_LINK_JNL (JOURNAL_SEQ_NO,JOURNAL_REG_DATETIME,JOURNAL_ACTION_CLASS,COLUMN_DEFINITION_ID,MENU_ID,COLUMN_NAME_JA,COLUMN_NAME_EN,COLUMN_NAME_REST,COL_GROUP_ID,COLUMN_CLASS,COLUMN_DISP_SEQ,REF_TABLE_NAME,REF_PKEY_NAME,REF_COL_NAME,REF_SORT_CONDITIONS,REF_MULTI_LANG,SENSITIVE_COL_NAME,FILE_UPLOAD_PLACE,COL_NAME,SAVE_TYPE,AUTO_INPUT,INPUT_ITEM,VIEW_ITEM,UNIQUE_ITEM,REQUIRED_ITEM,AUTOREG_HIDE_ITEM,AUTOREG_ONLY_ITEM,INITIAL_VALUE,VALIDATE_OPTION,BEFORE_VALIDATE_REGISTER,AFTER_VALIDATE_REGISTER,DESCRIPTION_JA,DESCRIPTION_EN,NOTE,DISUSE_FLAG,LAST_UPDATE_TIMESTAMP,LAST_UPDATE_USER) VALUES(2010704,_____DATE_____,'INSERT','2010704','20107','使用素材集のPkey','Primary key','primary_key',NULL,'1',40,NULL,NULL,NULL,NULL,'0',NULL,NULL,'CONTENTS_ID',NULL,'0','1','1','0','0','0','0',NULL,NULL,NULL,NULL,'Primary key of target database','Primary key of target database',NULL,'0',_____DATE_____,1);
INSERT INTO T_COMN_MENU_COLUMN_LINK (COLUMN_DEFINITION_ID,MENU_ID,COLUMN_NAME_JA,COLUMN_NAME_EN,COLUMN_NAME_REST,COL_GROUP_ID,COLUMN_CLASS,COLUMN_DISP_SEQ,REF_TABLE_NAME,REF_PKEY_NAME,REF_COL_NAME,REF_SORT_CONDITIONS,REF_MULTI_LANG,SENSITIVE_COL_NAME,FILE_UPLOAD_PLACE,COL_NAME,SAVE_TYPE,AUTO_INPUT,INPUT_ITEM,VIEW_ITEM,UNIQUE_ITEM,REQUIRED_ITEM,AUTOREG_HIDE_ITEM,AUTOREG_ONLY_ITEM,INITIAL_VALUE,VALIDATE_OPTION,BEFORE_VALIDATE_REGISTER,AFTER_VALIDATE_REGISTER,DESCRIPTION_JA,DESCRIPTION_EN,NOTE,DISUSE_FLAG,LAST_UPDATE_TIMESTAMP,LAST_UPDATE_USER) VALUES('2010705','20107','再利用フラグ','Revival Flag','revival_flag',NULL,'1',50,NULL,NULL,NULL,NULL,'0',NULL,NULL,'REVIVAL_FLAG',NULL,'0','1','1','0','0','0','0',NULL,NULL,NULL,NULL,'Revival Flag','Revival Flag',NULL,'0',_____DATE_____,1);
INSERT INTO T_COMN_MENU_COLUMN_LINK_JNL (JOURNAL_SEQ_NO,JOURNAL_REG_DATETIME,JOURNAL_ACTION_CLASS,COLUMN_DEFINITION_ID,MENU_ID,COLUMN_NAME_JA,COLUMN_NAME_EN,COLUMN_NAME_REST,COL_GROUP_ID,COLUMN_CLASS,COLUMN_DISP_SEQ,REF_TABLE_NAME,REF_PKEY_NAME,REF_COL_NAME,REF_SORT_CONDITIONS,REF_MULTI_LANG,SENSITIVE_COL_NAME,FILE_UPLOAD_PLACE,COL_NAME,SAVE_TYPE,AUTO_INPUT,INPUT_ITEM,VIEW_ITEM,UNIQUE_ITEM,REQUIRED_ITEM,AUTOREG_HIDE_ITEM,AUTOREG_ONLY_ITEM,INITIAL_VALUE,VALIDATE_OPTION,BEFORE_VALIDATE_REGISTER,AFTER_VALIDATE_REGISTER,DESCRIPTION_JA,DESCRIPTION_EN,NOTE,DISUSE_FLAG,LAST_UPDATE_TIMESTAMP,LAST_UPDATE_USER) VALUES(2010705,_____DATE_____,'INSERT','2010705','20107','再利用フラグ','Revival Flag','revival_flag',NULL,'1',50,NULL,NULL,NULL,NULL,'0',NULL,NULL,'REVIVAL_FLAG',NULL,'0','1','1','0','0','0','0',NULL,NULL,NULL,NULL,'Revival Flag','Revival Flag',NULL,'0',_____DATE_____,1);
INSERT INTO T_COMN_MENU_COLUMN_LINK (COLUMN_DEFINITION_ID,MENU_ID,COLUMN_NAME_JA,COLUMN_NAME_EN,COLUMN_NAME_REST,COL_GROUP_ID,COLUMN_CLASS,COLUMN_DISP_SEQ,REF_TABLE_NAME,REF_PKEY_NAME,REF_COL_NAME,REF_SORT_CONDITIONS,REF_MULTI_LANG,SENSITIVE_COL_NAME,FILE_UPLOAD_PLACE,COL_NAME,SAVE_TYPE,AUTO_INPUT,INPUT_ITEM,VIEW_ITEM,UNIQUE_ITEM,REQUIRED_ITEM,AUTOREG_HIDE_ITEM,AUTOREG_ONLY_ITEM,INITIAL_VALUE,VALIDATE_OPTION,BEFORE_VALIDATE_REGISTER,AFTER_VALIDATE_REGISTER,DESCRIPTION_JA,DESCRIPTION_EN,NOTE,DISUSE_FLAG,LAST_UPDATE_TIMESTAMP,LAST_UPDATE_USER) VALUES('2010706','20107','備考','Remarks','remarks',NULL,'12',60,NULL,NULL,NULL,NULL,'0',NULL,NULL,'NOTE',NULL,'0','1','1','0','0','0','0',NULL,NULL,NULL,NULL,'自由記述欄。レコードの廃止・復活時にも記載可能。','Comments section. Can comment when removing or restoring records.',NULL,'0',_____DATE_____,1);
INSERT INTO T_COMN_MENU_COLUMN_LINK_JNL (JOURNAL_SEQ_NO,JOURNAL_REG_DATETIME,JOURNAL_ACTION_CLASS,COLUMN_DEFINITION_ID,MENU_ID,COLUMN_NAME_JA,COLUMN_NAME_EN,COLUMN_NAME_REST,COL_GROUP_ID,COLUMN_CLASS,COLUMN_DISP_SEQ,REF_TABLE_NAME,REF_PKEY_NAME,REF_COL_NAME,REF_SORT_CONDITIONS,REF_MULTI_LANG,SENSITIVE_COL_NAME,FILE_UPLOAD_PLACE,COL_NAME,SAVE_TYPE,AUTO_INPUT,INPUT_ITEM,VIEW_ITEM,UNIQUE_ITEM,REQUIRED_ITEM,AUTOREG_HIDE_ITEM,AUTOREG_ONLY_ITEM,INITIAL_VALUE,VALIDATE_OPTION,BEFORE_VALIDATE_REGISTER,AFTER_VALIDATE_REGISTER,DESCRIPTION_JA,DESCRIPTION_EN,NOTE,DISUSE_FLAG,LAST_UPDATE_TIMESTAMP,LAST_UPDATE_USER) VALUES(2010706,_____DATE_____,'INSERT','2010706','20107','備考','Remarks','remarks',NULL,'12',60,NULL,NULL,NULL,NULL,'0',NULL,NULL,'NOTE',NULL,'0','1','1','0','0','0','0',NULL,NULL,NULL,NULL,'自由記述欄。レコードの廃止・復活時にも記載可能。','Comments section. Can comment when removing or restoring records.',NULL,'0',_____DATE_____,1);
INSERT INTO T_COMN_MENU_COLUMN_LINK (COLUMN_DEFINITION_ID,MENU_ID,COLUMN_NAME_JA,COLUMN_NAME_EN,COLUMN_NAME_REST,COL_GROUP_ID,COLUMN_CLASS,COLUMN_DISP_SEQ,REF_TABLE_NAME,REF_PKEY_NAME,REF_COL_NAME,REF_SORT_CONDITIONS,REF_MULTI_LANG,SENSITIVE_COL_NAME,FILE_UPLOAD_PLACE,COL_NAME,SAVE_TYPE,AUTO_INPUT,INPUT_ITEM,VIEW_ITEM,UNIQUE_ITEM,REQUIRED_ITEM,AUTOREG_HIDE_ITEM,AUTOREG_ONLY_ITEM,INITIAL_VALUE,VALIDATE_OPTION,BEFORE_VALIDATE_REGISTER,AFTER_VALIDATE_REGISTER,DESCRIPTION_JA,DESCRIPTION_EN,NOTE,DISUSE_FLAG,LAST_UPDATE_TIMESTAMP,LAST_UPDATE_USER) VALUES('2010707','20107','廃止フラグ','Discard','discard',NULL,'1',70,NULL,NULL,NULL,NULL,'0',NULL,NULL,'DISUSE_FLAG',NULL,'1','1','1','0','1','0','0',NULL,NULL,NULL,NULL,'廃止フラグ。復活以外のオペレーションは不可','Discard flag. Cannot do operation other than restore.',NULL,'0',_____DATE_____,1);
INSERT INTO T_COMN_MENU_COLUMN_LINK_JNL (JOURNAL_SEQ_NO,JOURNAL_REG_DATETIME,JOURNAL_ACTION_CLASS,COLUMN_DEFINITION_ID,MENU_ID,COLUMN_NAME_JA,COLUMN_NAME_EN,COLUMN_NAME_REST,COL_GROUP_ID,COLUMN_CLASS,COLUMN_DISP_SEQ,REF_TABLE_NAME,REF_PKEY_NAME,REF_COL_NAME,REF_SORT_CONDITIONS,REF_MULTI_LANG,SENSITIVE_COL_NAME,FILE_UPLOAD_PLACE,COL_NAME,SAVE_TYPE,AUTO_INPUT,INPUT_ITEM,VIEW_ITEM,UNIQUE_ITEM,REQUIRED_ITEM,AUTOREG_HIDE_ITEM,AUTOREG_ONLY_ITEM,INITIAL_VALUE,VALIDATE_OPTION,BEFORE_VALIDATE_REGISTER,AFTER_VALIDATE_REGISTER,DESCRIPTION_JA,DESCRIPTION_EN,NOTE,DISUSE_FLAG,LAST_UPDATE_TIMESTAMP,LAST_UPDATE_USER) VALUES(2010707,_____DATE_____,'INSERT','2010707','20107','廃止フラグ','Discard','discard',NULL,'1',70,NULL,NULL,NULL,NULL,'0',NULL,NULL,'DISUSE_FLAG',NULL,'1','1','1','0','1','0','0',NULL,NULL,NULL,NULL,'廃止フラグ。復活以外のオペレーションは不可','Discard flag. Cannot do operation other than restore.',NULL,'0',_____DATE_____,1);
INSERT INTO T_COMN_MENU_COLUMN_LINK (COLUMN_DEFINITION_ID,MENU_ID,COLUMN_NAME_JA,COLUMN_NAME_EN,COLUMN_NAME_REST,COL_GROUP_ID,COLUMN_CLASS,COLUMN_DISP_SEQ,REF_TABLE_NAME,REF_PKEY_NAME,REF_COL_NAME,REF_SORT_CONDITIONS,REF_MULTI_LANG,SENSITIVE_COL_NAME,FILE_UPLOAD_PLACE,COL_NAME,SAVE_TYPE,AUTO_INPUT,INPUT_ITEM,VIEW_ITEM,UNIQUE_ITEM,REQUIRED_ITEM,AUTOREG_HIDE_ITEM,AUTOREG_ONLY_ITEM,INITIAL_VALUE,VALIDATE_OPTION,BEFORE_VALIDATE_REGISTER,AFTER_VALIDATE_REGISTER,DESCRIPTION_JA,DESCRIPTION_EN,NOTE,DISUSE_FLAG,LAST_UPDATE_TIMESTAMP,LAST_UPDATE_USER) VALUES('2010708','20107','最終更新日時','Last update date/time','last_update_date_time',NULL,'13',80,NULL,NULL,NULL,NULL,'0',NULL,NULL,'LAST_UPDATE_TIMESTAMP',NULL,'1','1','1','0','1','0','0',NULL,NULL,NULL,NULL,'レコードの最終更新日。更新可否判定に使用。自動登録のため編集不可。','Last update date of record. Useful for judging the possibility of an update. Cannot edit because of auto-numbering.',NULL,'0',_____DATE_____,1);
INSERT INTO T_COMN_MENU_COLUMN_LINK_JNL (JOURNAL_SEQ_NO,JOURNAL_REG_DATETIME,JOURNAL_ACTION_CLASS,COLUMN_DEFINITION_ID,MENU_ID,COLUMN_NAME_JA,COLUMN_NAME_EN,COLUMN_NAME_REST,COL_GROUP_ID,COLUMN_CLASS,COLUMN_DISP_SEQ,REF_TABLE_NAME,REF_PKEY_NAME,REF_COL_NAME,REF_SORT_CONDITIONS,REF_MULTI_LANG,SENSITIVE_COL_NAME,FILE_UPLOAD_PLACE,COL_NAME,SAVE_TYPE,AUTO_INPUT,INPUT_ITEM,VIEW_ITEM,UNIQUE_ITEM,REQUIRED_ITEM,AUTOREG_HIDE_ITEM,AUTOREG_ONLY_ITEM,INITIAL_VALUE,VALIDATE_OPTION,BEFORE_VALIDATE_REGISTER,AFTER_VALIDATE_REGISTER,DESCRIPTION_JA,DESCRIPTION_EN,NOTE,DISUSE_FLAG,LAST_UPDATE_TIMESTAMP,LAST_UPDATE_USER) VALUES(2010708,_____DATE_____,'INSERT','2010708','20107','最終更新日時','Last update date/time','last_update_date_time',NULL,'13',80,NULL,NULL,NULL,NULL,'0',NULL,NULL,'LAST_UPDATE_TIMESTAMP',NULL,'1','1','1','0','1','0','0',NULL,NULL,NULL,NULL,'レコードの最終更新日。更新可否判定に使用。自動登録のため編集不可。','Last update date of record. Useful for judging the possibility of an update. Cannot edit because of auto-numbering.',NULL,'0',_____DATE_____,1);
INSERT INTO T_COMN_MENU_COLUMN_LINK (COLUMN_DEFINITION_ID,MENU_ID,COLUMN_NAME_JA,COLUMN_NAME_EN,COLUMN_NAME_REST,COL_GROUP_ID,COLUMN_CLASS,COLUMN_DISP_SEQ,REF_TABLE_NAME,REF_PKEY_NAME,REF_COL_NAME,REF_SORT_CONDITIONS,REF_MULTI_LANG,SENSITIVE_COL_NAME,FILE_UPLOAD_PLACE,COL_NAME,SAVE_TYPE,AUTO_INPUT,INPUT_ITEM,VIEW_ITEM,UNIQUE_ITEM,REQUIRED_ITEM,AUTOREG_HIDE_ITEM,AUTOREG_ONLY_ITEM,INITIAL_VALUE,VALIDATE_OPTION,BEFORE_VALIDATE_REGISTER,AFTER_VALIDATE_REGISTER,DESCRIPTION_JA,DESCRIPTION_EN,NOTE,DISUSE_FLAG,LAST_UPDATE_TIMESTAMP,LAST_UPDATE_USER) VALUES('2010709','20107','最終更新者','Last updated by','last_updated_user',NULL,'14',90,NULL,NULL,NULL,NULL,'0',NULL,NULL,'LAST_UPDATE_USER',NULL,'1','1','1','0','1','0','0',NULL,NULL,NULL,NULL,'更新者。ログインユーザのIDが自動的に登録される。編集不可。','Updated by. Login user ID is automatically registered. Cannot edit.',NULL,'0',_____DATE_____,1);
INSERT INTO T_COMN_MENU_COLUMN_LINK_JNL (JOURNAL_SEQ_NO,JOURNAL_REG_DATETIME,JOURNAL_ACTION_CLASS,COLUMN_DEFINITION_ID,MENU_ID,COLUMN_NAME_JA,COLUMN_NAME_EN,COLUMN_NAME_REST,COL_GROUP_ID,COLUMN_CLASS,COLUMN_DISP_SEQ,REF_TABLE_NAME,REF_PKEY_NAME,REF_COL_NAME,REF_SORT_CONDITIONS,REF_MULTI_LANG,SENSITIVE_COL_NAME,FILE_UPLOAD_PLACE,COL_NAME,SAVE_TYPE,AUTO_INPUT,INPUT_ITEM,VIEW_ITEM,UNIQUE_ITEM,REQUIRED_ITEM,AUTOREG_HIDE_ITEM,AUTOREG_ONLY_ITEM,INITIAL_VALUE,VALIDATE_OPTION,BEFORE_VALIDATE_REGISTER,AFTER_VALIDATE_REGISTER,DESCRIPTION_JA,DESCRIPTION_EN,NOTE,DISUSE_FLAG,LAST_UPDATE_TIMESTAMP,LAST_UPDATE_USER) VALUES(2010709,_____DATE_____,'INSERT','2010709','20107','最終更新者','Last updated by','last_updated_user',NULL,'14',90,NULL,NULL,NULL,NULL,'0',NULL,NULL,'LAST_UPDATE_USER',NULL,'1','1','1','0','1','0','0',NULL,NULL,NULL,NULL,'更新者。ログインユーザのIDが自動的に登録される。編集不可。','Updated by. Login user ID is automatically registered. Cannot edit.',NULL,'0',_____DATE_____,1);
INSERT INTO T_COMN_MENU_COLUMN_LINK (COLUMN_DEFINITION_ID,MENU_ID,COLUMN_NAME_JA,COLUMN_NAME_EN,COLUMN_NAME_REST,COL_GROUP_ID,COLUMN_CLASS,COLUMN_DISP_SEQ,REF_TABLE_NAME,REF_PKEY_NAME,REF_COL_NAME,REF_SORT_CONDITIONS,REF_MULTI_LANG,SENSITIVE_COL_NAME,FILE_UPLOAD_PLACE,COL_NAME,SAVE_TYPE,AUTO_INPUT,INPUT_ITEM,VIEW_ITEM,UNIQUE_ITEM,REQUIRED_ITEM,AUTOREG_HIDE_ITEM,AUTOREG_ONLY_ITEM,INITIAL_VALUE,VALIDATE_OPTION,BEFORE_VALIDATE_REGISTER,AFTER_VALIDATE_REGISTER,DESCRIPTION_JA,DESCRIPTION_EN,NOTE,DISUSE_FLAG,LAST_UPDATE_TIMESTAMP,LAST_UPDATE_USER) VALUES('2040101','20401','項番','Item No.','item_no',NULL,'1',10,NULL,NULL,NULL,NULL,'0',NULL,NULL,'ROLE_ID',NULL,'1','1','1','1','1','0','0',NULL,NULL,NULL,NULL,'自動採番のため編集不可。実行処理種別が【登録】の場合、空白のみ可。','Cannot edit because of auto-numbering. Must be blank when execution process type is [Register].',NULL,'0',_____DATE_____,1);
INSERT INTO T_COMN_MENU_COLUMN_LINK_JNL (JOURNAL_SEQ_NO,JOURNAL_REG_DATETIME,JOURNAL_ACTION_CLASS,COLUMN_DEFINITION_ID,MENU_ID,COLUMN_NAME_JA,COLUMN_NAME_EN,COLUMN_NAME_REST,COL_GROUP_ID,COLUMN_CLASS,COLUMN_DISP_SEQ,REF_TABLE_NAME,REF_PKEY_NAME,REF_COL_NAME,REF_SORT_CONDITIONS,REF_MULTI_LANG,SENSITIVE_COL_NAME,FILE_UPLOAD_PLACE,COL_NAME,SAVE_TYPE,AUTO_INPUT,INPUT_ITEM,VIEW_ITEM,UNIQUE_ITEM,REQUIRED_ITEM,AUTOREG_HIDE_ITEM,AUTOREG_ONLY_ITEM,INITIAL_VALUE,VALIDATE_OPTION,BEFORE_VALIDATE_REGISTER,AFTER_VALIDATE_REGISTER,DESCRIPTION_JA,DESCRIPTION_EN,NOTE,DISUSE_FLAG,LAST_UPDATE_TIMESTAMP,LAST_UPDATE_USER) VALUES(2040101,_____DATE_____,'INSERT','2040101','20401','項番','Item No.','item_no',NULL,'1',10,NULL,NULL,NULL,NULL,'0',NULL,NULL,'ROLE_ID',NULL,'1','1','1','1','1','0','0',NULL,NULL,NULL,NULL,'自動採番のため編集不可。実行処理種別が【登録】の場合、空白のみ可。','Cannot edit because of auto-numbering. Must be blank when execution process type is [Register].',NULL,'0',_____DATE_____,1);
INSERT INTO T_COMN_MENU_COLUMN_LINK (COLUMN_DEFINITION_ID,MENU_ID,COLUMN_NAME_JA,COLUMN_NAME_EN,COLUMN_NAME_REST,COL_GROUP_ID,COLUMN_CLASS,COLUMN_DISP_SEQ,REF_TABLE_NAME,REF_PKEY_NAME,REF_COL_NAME,REF_SORT_CONDITIONS,REF_MULTI_LANG,SENSITIVE_COL_NAME,FILE_UPLOAD_PLACE,COL_NAME,SAVE_TYPE,AUTO_INPUT,INPUT_ITEM,VIEW_ITEM,UNIQUE_ITEM,REQUIRED_ITEM,AUTOREG_HIDE_ITEM,AUTOREG_ONLY_ITEM,INITIAL_VALUE,VALIDATE_OPTION,BEFORE_VALIDATE_REGISTER,AFTER_VALIDATE_REGISTER,DESCRIPTION_JA,DESCRIPTION_EN,NOTE,DISUSE_FLAG,LAST_UPDATE_TIMESTAMP,LAST_UPDATE_USER) VALUES('2040102','20401','ロールパッケージ名','Role package name','role_package_name',NULL,'7',20,'T_ANSR_MATL_COLL','ROLE_PACKAGE_ID','ROLE_PACKAGE_NAME',NULL,'0',NULL,NULL,'ROLE_PACKAGE_ID',NULL,'0','1','1','0','1','0','0',NULL,NULL,NULL,NULL,'[元データ]ロールパッケージ管理','[Original data] Role package list',NULL,'0',_____DATE_____,1);
INSERT INTO T_COMN_MENU_COLUMN_LINK_JNL (JOURNAL_SEQ_NO,JOURNAL_REG_DATETIME,JOURNAL_ACTION_CLASS,COLUMN_DEFINITION_ID,MENU_ID,COLUMN_NAME_JA,COLUMN_NAME_EN,COLUMN_NAME_REST,COL_GROUP_ID,COLUMN_CLASS,COLUMN_DISP_SEQ,REF_TABLE_NAME,REF_PKEY_NAME,REF_COL_NAME,REF_SORT_CONDITIONS,REF_MULTI_LANG,SENSITIVE_COL_NAME,FILE_UPLOAD_PLACE,COL_NAME,SAVE_TYPE,AUTO_INPUT,INPUT_ITEM,VIEW_ITEM,UNIQUE_ITEM,REQUIRED_ITEM,AUTOREG_HIDE_ITEM,AUTOREG_ONLY_ITEM,INITIAL_VALUE,VALIDATE_OPTION,BEFORE_VALIDATE_REGISTER,AFTER_VALIDATE_REGISTER,DESCRIPTION_JA,DESCRIPTION_EN,NOTE,DISUSE_FLAG,LAST_UPDATE_TIMESTAMP,LAST_UPDATE_USER) VALUES(2040102,_____DATE_____,'INSERT','2040102','20401','ロールパッケージ名','Role package name','role_package_name',NULL,'7',20,'T_ANSR_MATL_COLL','ROLE_PACKAGE_ID','ROLE_PACKAGE_NAME',NULL,'0',NULL,NULL,'ROLE_PACKAGE_ID',NULL,'0','1','1','0','1','0','0',NULL,NULL,NULL,NULL,'[元データ]ロールパッケージ管理','[Original data] Role package list',NULL,'0',_____DATE_____,1);
INSERT INTO T_COMN_MENU_COLUMN_LINK (COLUMN_DEFINITION_ID,MENU_ID,COLUMN_NAME_JA,COLUMN_NAME_EN,COLUMN_NAME_REST,COL_GROUP_ID,COLUMN_CLASS,COLUMN_DISP_SEQ,REF_TABLE_NAME,REF_PKEY_NAME,REF_COL_NAME,REF_SORT_CONDITIONS,REF_MULTI_LANG,SENSITIVE_COL_NAME,FILE_UPLOAD_PLACE,COL_NAME,SAVE_TYPE,AUTO_INPUT,INPUT_ITEM,VIEW_ITEM,UNIQUE_ITEM,REQUIRED_ITEM,AUTOREG_HIDE_ITEM,AUTOREG_ONLY_ITEM,INITIAL_VALUE,VALIDATE_OPTION,BEFORE_VALIDATE_REGISTER,AFTER_VALIDATE_REGISTER,DESCRIPTION_JA,DESCRIPTION_EN,NOTE,DISUSE_FLAG,LAST_UPDATE_TIMESTAMP,LAST_UPDATE_USER) VALUES('2040103','20401','ロール名','Role name','role_name',NULL,'1',30,NULL,NULL,NULL,NULL,'0',NULL,NULL,'ROLE_NAME',NULL,'0','1','1','0','1','0','0',NULL,'{
"min_length": 0,
"max_length": 1024
}',NULL,NULL,'[最大長]1024バイト','[Maximum length] 1024 byte',NULL,'0',_____DATE_____,1);
INSERT INTO T_COMN_MENU_COLUMN_LINK_JNL (JOURNAL_SEQ_NO,JOURNAL_REG_DATETIME,JOURNAL_ACTION_CLASS,COLUMN_DEFINITION_ID,MENU_ID,COLUMN_NAME_JA,COLUMN_NAME_EN,COLUMN_NAME_REST,COL_GROUP_ID,COLUMN_CLASS,COLUMN_DISP_SEQ,REF_TABLE_NAME,REF_PKEY_NAME,REF_COL_NAME,REF_SORT_CONDITIONS,REF_MULTI_LANG,SENSITIVE_COL_NAME,FILE_UPLOAD_PLACE,COL_NAME,SAVE_TYPE,AUTO_INPUT,INPUT_ITEM,VIEW_ITEM,UNIQUE_ITEM,REQUIRED_ITEM,AUTOREG_HIDE_ITEM,AUTOREG_ONLY_ITEM,INITIAL_VALUE,VALIDATE_OPTION,BEFORE_VALIDATE_REGISTER,AFTER_VALIDATE_REGISTER,DESCRIPTION_JA,DESCRIPTION_EN,NOTE,DISUSE_FLAG,LAST_UPDATE_TIMESTAMP,LAST_UPDATE_USER) VALUES(2040103,_____DATE_____,'INSERT','2040103','20401','ロール名','Role name','role_name',NULL,'1',30,NULL,NULL,NULL,NULL,'0',NULL,NULL,'ROLE_NAME',NULL,'0','1','1','0','1','0','0',NULL,'{
"min_length": 0,
"max_length": 1024
}',NULL,NULL,'[最大長]1024バイト','[Maximum length] 1024 byte',NULL,'0',_____DATE_____,1);
INSERT INTO T_COMN_MENU_COLUMN_LINK (COLUMN_DEFINITION_ID,MENU_ID,COLUMN_NAME_JA,COLUMN_NAME_EN,COLUMN_NAME_REST,COL_GROUP_ID,COLUMN_CLASS,COLUMN_DISP_SEQ,REF_TABLE_NAME,REF_PKEY_NAME,REF_COL_NAME,REF_SORT_CONDITIONS,REF_MULTI_LANG,SENSITIVE_COL_NAME,FILE_UPLOAD_PLACE,COL_NAME,SAVE_TYPE,AUTO_INPUT,INPUT_ITEM,VIEW_ITEM,UNIQUE_ITEM,REQUIRED_ITEM,AUTOREG_HIDE_ITEM,AUTOREG_ONLY_ITEM,INITIAL_VALUE,VALIDATE_OPTION,BEFORE_VALIDATE_REGISTER,AFTER_VALIDATE_REGISTER,DESCRIPTION_JA,DESCRIPTION_EN,NOTE,DISUSE_FLAG,LAST_UPDATE_TIMESTAMP,LAST_UPDATE_USER) VALUES('2040104','20401','備考','Remarks','remarks',NULL,'12',40,NULL,NULL,NULL,NULL,'0',NULL,NULL,'NOTE',NULL,'0','1','1','0','0','0','0',NULL,NULL,NULL,NULL,'自由記述欄。レコードの廃止・復活時にも記載可能。','Comments section. Can comment when removing or restoring records.',NULL,'0',_____DATE_____,1);
INSERT INTO T_COMN_MENU_COLUMN_LINK_JNL (JOURNAL_SEQ_NO,JOURNAL_REG_DATETIME,JOURNAL_ACTION_CLASS,COLUMN_DEFINITION_ID,MENU_ID,COLUMN_NAME_JA,COLUMN_NAME_EN,COLUMN_NAME_REST,COL_GROUP_ID,COLUMN_CLASS,COLUMN_DISP_SEQ,REF_TABLE_NAME,REF_PKEY_NAME,REF_COL_NAME,REF_SORT_CONDITIONS,REF_MULTI_LANG,SENSITIVE_COL_NAME,FILE_UPLOAD_PLACE,COL_NAME,SAVE_TYPE,AUTO_INPUT,INPUT_ITEM,VIEW_ITEM,UNIQUE_ITEM,REQUIRED_ITEM,AUTOREG_HIDE_ITEM,AUTOREG_ONLY_ITEM,INITIAL_VALUE,VALIDATE_OPTION,BEFORE_VALIDATE_REGISTER,AFTER_VALIDATE_REGISTER,DESCRIPTION_JA,DESCRIPTION_EN,NOTE,DISUSE_FLAG,LAST_UPDATE_TIMESTAMP,LAST_UPDATE_USER) VALUES(2040104,_____DATE_____,'INSERT','2040104','20401','備考','Remarks','remarks',NULL,'12',40,NULL,NULL,NULL,NULL,'0',NULL,NULL,'NOTE',NULL,'0','1','1','0','0','0','0',NULL,NULL,NULL,NULL,'自由記述欄。レコードの廃止・復活時にも記載可能。','Comments section. Can comment when removing or restoring records.',NULL,'0',_____DATE_____,1);
INSERT INTO T_COMN_MENU_COLUMN_LINK (COLUMN_DEFINITION_ID,MENU_ID,COLUMN_NAME_JA,COLUMN_NAME_EN,COLUMN_NAME_REST,COL_GROUP_ID,COLUMN_CLASS,COLUMN_DISP_SEQ,REF_TABLE_NAME,REF_PKEY_NAME,REF_COL_NAME,REF_SORT_CONDITIONS,REF_MULTI_LANG,SENSITIVE_COL_NAME,FILE_UPLOAD_PLACE,COL_NAME,SAVE_TYPE,AUTO_INPUT,INPUT_ITEM,VIEW_ITEM,UNIQUE_ITEM,REQUIRED_ITEM,AUTOREG_HIDE_ITEM,AUTOREG_ONLY_ITEM,INITIAL_VALUE,VALIDATE_OPTION,BEFORE_VALIDATE_REGISTER,AFTER_VALIDATE_REGISTER,DESCRIPTION_JA,DESCRIPTION_EN,NOTE,DISUSE_FLAG,LAST_UPDATE_TIMESTAMP,LAST_UPDATE_USER) VALUES('2040105','20401','廃止フラグ','Discard','discard',NULL,'1',50,NULL,NULL,NULL,NULL,'0',NULL,NULL,'DISUSE_FLAG',NULL,'1','1','1','0','1','0','0',NULL,NULL,NULL,NULL,'廃止フラグ。復活以外のオペレーションは不可','Discard flag. Cannot do operation other than restore.',NULL,'0',_____DATE_____,1);
INSERT INTO T_COMN_MENU_COLUMN_LINK_JNL (JOURNAL_SEQ_NO,JOURNAL_REG_DATETIME,JOURNAL_ACTION_CLASS,COLUMN_DEFINITION_ID,MENU_ID,COLUMN_NAME_JA,COLUMN_NAME_EN,COLUMN_NAME_REST,COL_GROUP_ID,COLUMN_CLASS,COLUMN_DISP_SEQ,REF_TABLE_NAME,REF_PKEY_NAME,REF_COL_NAME,REF_SORT_CONDITIONS,REF_MULTI_LANG,SENSITIVE_COL_NAME,FILE_UPLOAD_PLACE,COL_NAME,SAVE_TYPE,AUTO_INPUT,INPUT_ITEM,VIEW_ITEM,UNIQUE_ITEM,REQUIRED_ITEM,AUTOREG_HIDE_ITEM,AUTOREG_ONLY_ITEM,INITIAL_VALUE,VALIDATE_OPTION,BEFORE_VALIDATE_REGISTER,AFTER_VALIDATE_REGISTER,DESCRIPTION_JA,DESCRIPTION_EN,NOTE,DISUSE_FLAG,LAST_UPDATE_TIMESTAMP,LAST_UPDATE_USER) VALUES(2040105,_____DATE_____,'INSERT','2040105','20401','廃止フラグ','Discard','discard',NULL,'1',50,NULL,NULL,NULL,NULL,'0',NULL,NULL,'DISUSE_FLAG',NULL,'1','1','1','0','1','0','0',NULL,NULL,NULL,NULL,'廃止フラグ。復活以外のオペレーションは不可','Discard flag. Cannot do operation other than restore.',NULL,'0',_____DATE_____,1);
INSERT INTO T_COMN_MENU_COLUMN_LINK (COLUMN_DEFINITION_ID,MENU_ID,COLUMN_NAME_JA,COLUMN_NAME_EN,COLUMN_NAME_REST,COL_GROUP_ID,COLUMN_CLASS,COLUMN_DISP_SEQ,REF_TABLE_NAME,REF_PKEY_NAME,REF_COL_NAME,REF_SORT_CONDITIONS,REF_MULTI_LANG,SENSITIVE_COL_NAME,FILE_UPLOAD_PLACE,COL_NAME,SAVE_TYPE,AUTO_INPUT,INPUT_ITEM,VIEW_ITEM,UNIQUE_ITEM,REQUIRED_ITEM,AUTOREG_HIDE_ITEM,AUTOREG_ONLY_ITEM,INITIAL_VALUE,VALIDATE_OPTION,BEFORE_VALIDATE_REGISTER,AFTER_VALIDATE_REGISTER,DESCRIPTION_JA,DESCRIPTION_EN,NOTE,DISUSE_FLAG,LAST_UPDATE_TIMESTAMP,LAST_UPDATE_USER) VALUES('2040106','20401','最終更新日時','Last update date/time','last_update_date_time',NULL,'13',60,NULL,NULL,NULL,NULL,'0',NULL,NULL,'LAST_UPDATE_TIMESTAMP',NULL,'1','1','1','0','1','0','0',NULL,NULL,NULL,NULL,'レコードの最終更新日。更新可否判定に使用。自動登録のため編集不可。','Last update date of record. Useful for judging the possibility of an update. Cannot edit because of auto-numbering.',NULL,'0',_____DATE_____,1);
INSERT INTO T_COMN_MENU_COLUMN_LINK_JNL (JOURNAL_SEQ_NO,JOURNAL_REG_DATETIME,JOURNAL_ACTION_CLASS,COLUMN_DEFINITION_ID,MENU_ID,COLUMN_NAME_JA,COLUMN_NAME_EN,COLUMN_NAME_REST,COL_GROUP_ID,COLUMN_CLASS,COLUMN_DISP_SEQ,REF_TABLE_NAME,REF_PKEY_NAME,REF_COL_NAME,REF_SORT_CONDITIONS,REF_MULTI_LANG,SENSITIVE_COL_NAME,FILE_UPLOAD_PLACE,COL_NAME,SAVE_TYPE,AUTO_INPUT,INPUT_ITEM,VIEW_ITEM,UNIQUE_ITEM,REQUIRED_ITEM,AUTOREG_HIDE_ITEM,AUTOREG_ONLY_ITEM,INITIAL_VALUE,VALIDATE_OPTION,BEFORE_VALIDATE_REGISTER,AFTER_VALIDATE_REGISTER,DESCRIPTION_JA,DESCRIPTION_EN,NOTE,DISUSE_FLAG,LAST_UPDATE_TIMESTAMP,LAST_UPDATE_USER) VALUES(2040106,_____DATE_____,'INSERT','2040106','20401','最終更新日時','Last update date/time','last_update_date_time',NULL,'13',60,NULL,NULL,NULL,NULL,'0',NULL,NULL,'LAST_UPDATE_TIMESTAMP',NULL,'1','1','1','0','1','0','0',NULL,NULL,NULL,NULL,'レコードの最終更新日。更新可否判定に使用。自動登録のため編集不可。','Last update date of record. Useful for judging the possibility of an update. Cannot edit because of auto-numbering.',NULL,'0',_____DATE_____,1);
INSERT INTO T_COMN_MENU_COLUMN_LINK (COLUMN_DEFINITION_ID,MENU_ID,COLUMN_NAME_JA,COLUMN_NAME_EN,COLUMN_NAME_REST,COL_GROUP_ID,COLUMN_CLASS,COLUMN_DISP_SEQ,REF_TABLE_NAME,REF_PKEY_NAME,REF_COL_NAME,REF_SORT_CONDITIONS,REF_MULTI_LANG,SENSITIVE_COL_NAME,FILE_UPLOAD_PLACE,COL_NAME,SAVE_TYPE,AUTO_INPUT,INPUT_ITEM,VIEW_ITEM,UNIQUE_ITEM,REQUIRED_ITEM,AUTOREG_HIDE_ITEM,AUTOREG_ONLY_ITEM,INITIAL_VALUE,VALIDATE_OPTION,BEFORE_VALIDATE_REGISTER,AFTER_VALIDATE_REGISTER,DESCRIPTION_JA,DESCRIPTION_EN,NOTE,DISUSE_FLAG,LAST_UPDATE_TIMESTAMP,LAST_UPDATE_USER) VALUES('2040107','20401','最終更新者','Last updated by','last_updated_user',NULL,'14',70,NULL,NULL,NULL,NULL,'0',NULL,NULL,'LAST_UPDATE_USER',NULL,'1','1','1','0','1','0','0',NULL,NULL,NULL,NULL,'更新者。ログインユーザのIDが自動的に登録される。編集不可。','Updated by. Login user ID is automatically registered. Cannot edit.',NULL,'0',_____DATE_____,1);
INSERT INTO T_COMN_MENU_COLUMN_LINK_JNL (JOURNAL_SEQ_NO,JOURNAL_REG_DATETIME,JOURNAL_ACTION_CLASS,COLUMN_DEFINITION_ID,MENU_ID,COLUMN_NAME_JA,COLUMN_NAME_EN,COLUMN_NAME_REST,COL_GROUP_ID,COLUMN_CLASS,COLUMN_DISP_SEQ,REF_TABLE_NAME,REF_PKEY_NAME,REF_COL_NAME,REF_SORT_CONDITIONS,REF_MULTI_LANG,SENSITIVE_COL_NAME,FILE_UPLOAD_PLACE,COL_NAME,SAVE_TYPE,AUTO_INPUT,INPUT_ITEM,VIEW_ITEM,UNIQUE_ITEM,REQUIRED_ITEM,AUTOREG_HIDE_ITEM,AUTOREG_ONLY_ITEM,INITIAL_VALUE,VALIDATE_OPTION,BEFORE_VALIDATE_REGISTER,AFTER_VALIDATE_REGISTER,DESCRIPTION_JA,DESCRIPTION_EN,NOTE,DISUSE_FLAG,LAST_UPDATE_TIMESTAMP,LAST_UPDATE_USER) VALUES(2040107,_____DATE_____,'INSERT','2040107','20401','最終更新者','Last updated by','last_updated_user',NULL,'14',70,NULL,NULL,NULL,NULL,'0',NULL,NULL,'LAST_UPDATE_USER',NULL,'1','1','1','0','1','0','0',NULL,NULL,NULL,NULL,'更新者。ログインユーザのIDが自動的に登録される。編集不可。','Updated by. Login user ID is automatically registered. Cannot edit.',NULL,'0',_____DATE_____,1);
INSERT INTO T_COMN_MENU_COLUMN_LINK (COLUMN_DEFINITION_ID,MENU_ID,COLUMN_NAME_JA,COLUMN_NAME_EN,COLUMN_NAME_REST,COL_GROUP_ID,COLUMN_CLASS,COLUMN_DISP_SEQ,REF_TABLE_NAME,REF_PKEY_NAME,REF_COL_NAME,REF_SORT_CONDITIONS,REF_MULTI_LANG,SENSITIVE_COL_NAME,FILE_UPLOAD_PLACE,COL_NAME,SAVE_TYPE,AUTO_INPUT,INPUT_ITEM,VIEW_ITEM,UNIQUE_ITEM,REQUIRED_ITEM,AUTOREG_HIDE_ITEM,AUTOREG_ONLY_ITEM,INITIAL_VALUE,VALIDATE_OPTION,BEFORE_VALIDATE_REGISTER,AFTER_VALIDATE_REGISTER,DESCRIPTION_JA,DESCRIPTION_EN,NOTE,DISUSE_FLAG,LAST_UPDATE_TIMESTAMP,LAST_UPDATE_USER) VALUES('2040201','20402','項番','Item No.','item_no',NULL,'1',10,NULL,NULL,NULL,NULL,'0',NULL,NULL,'VARS_NAME_ID',NULL,'1','1','1','1','1','0','0',NULL,NULL,NULL,NULL,'自動採番のため編集不可。実行処理種別が【登録】の場合、空白のみ可。','Cannot edit because of auto-numbering. Must be blank when execution process type is [Register].',NULL,'0',_____DATE_____,1);
INSERT INTO T_COMN_MENU_COLUMN_LINK_JNL (JOURNAL_SEQ_NO,JOURNAL_REG_DATETIME,JOURNAL_ACTION_CLASS,COLUMN_DEFINITION_ID,MENU_ID,COLUMN_NAME_JA,COLUMN_NAME_EN,COLUMN_NAME_REST,COL_GROUP_ID,COLUMN_CLASS,COLUMN_DISP_SEQ,REF_TABLE_NAME,REF_PKEY_NAME,REF_COL_NAME,REF_SORT_CONDITIONS,REF_MULTI_LANG,SENSITIVE_COL_NAME,FILE_UPLOAD_PLACE,COL_NAME,SAVE_TYPE,AUTO_INPUT,INPUT_ITEM,VIEW_ITEM,UNIQUE_ITEM,REQUIRED_ITEM,AUTOREG_HIDE_ITEM,AUTOREG_ONLY_ITEM,INITIAL_VALUE,VALIDATE_OPTION,BEFORE_VALIDATE_REGISTER,AFTER_VALIDATE_REGISTER,DESCRIPTION_JA,DESCRIPTION_EN,NOTE,DISUSE_FLAG,LAST_UPDATE_TIMESTAMP,LAST_UPDATE_USER) VALUES(2040201,_____DATE_____,'INSERT','2040201','20402','項番','Item No.','item_no',NULL,'1',10,NULL,NULL,NULL,NULL,'0',NULL,NULL,'VARS_NAME_ID',NULL,'1','1','1','1','1','0','0',NULL,NULL,NULL,NULL,'自動採番のため編集不可。実行処理種別が【登録】の場合、空白のみ可。','Cannot edit because of auto-numbering. Must be blank when execution process type is [Register].',NULL,'0',_____DATE_____,1);
INSERT INTO T_COMN_MENU_COLUMN_LINK (COLUMN_DEFINITION_ID,MENU_ID,COLUMN_NAME_JA,COLUMN_NAME_EN,COLUMN_NAME_REST,COL_GROUP_ID,COLUMN_CLASS,COLUMN_DISP_SEQ,REF_TABLE_NAME,REF_PKEY_NAME,REF_COL_NAME,REF_SORT_CONDITIONS,REF_MULTI_LANG,SENSITIVE_COL_NAME,FILE_UPLOAD_PLACE,COL_NAME,SAVE_TYPE,AUTO_INPUT,INPUT_ITEM,VIEW_ITEM,UNIQUE_ITEM,REQUIRED_ITEM,AUTOREG_HIDE_ITEM,AUTOREG_ONLY_ITEM,INITIAL_VALUE,VALIDATE_OPTION,BEFORE_VALIDATE_REGISTER,AFTER_VALIDATE_REGISTER,DESCRIPTION_JA,DESCRIPTION_EN,NOTE,DISUSE_FLAG,LAST_UPDATE_TIMESTAMP,LAST_UPDATE_USER) VALUES('2040202','20402','ロールパッケージ名','Role package name','role_package_name',NULL,'7',20,'T_ANSR_MATL_COLL','ROLE_PACKAGE_ID','ROLE_PACKAGE_NAME',NULL,'0',NULL,NULL,'ROLE_PACKAGE_ID',NULL,'0','1','1','0','0','0','0',NULL,NULL,NULL,NULL,'[元データ]ロールパッケージ管理','[Original data] Role package list',NULL,'0',_____DATE_____,1);
INSERT INTO T_COMN_MENU_COLUMN_LINK_JNL (JOURNAL_SEQ_NO,JOURNAL_REG_DATETIME,JOURNAL_ACTION_CLASS,COLUMN_DEFINITION_ID,MENU_ID,COLUMN_NAME_JA,COLUMN_NAME_EN,COLUMN_NAME_REST,COL_GROUP_ID,COLUMN_CLASS,COLUMN_DISP_SEQ,REF_TABLE_NAME,REF_PKEY_NAME,REF_COL_NAME,REF_SORT_CONDITIONS,REF_MULTI_LANG,SENSITIVE_COL_NAME,FILE_UPLOAD_PLACE,COL_NAME,SAVE_TYPE,AUTO_INPUT,INPUT_ITEM,VIEW_ITEM,UNIQUE_ITEM,REQUIRED_ITEM,AUTOREG_HIDE_ITEM,AUTOREG_ONLY_ITEM,INITIAL_VALUE,VALIDATE_OPTION,BEFORE_VALIDATE_REGISTER,AFTER_VALIDATE_REGISTER,DESCRIPTION_JA,DESCRIPTION_EN,NOTE,DISUSE_FLAG,LAST_UPDATE_TIMESTAMP,LAST_UPDATE_USER) VALUES(2040202,_____DATE_____,'INSERT','2040202','20402','ロールパッケージ名','Role package name','role_package_name',NULL,'7',20,'T_ANSR_MATL_COLL','ROLE_PACKAGE_ID','ROLE_PACKAGE_NAME',NULL,'0',NULL,NULL,'ROLE_PACKAGE_ID',NULL,'0','1','1','0','0','0','0',NULL,NULL,NULL,NULL,'[元データ]ロールパッケージ管理','[Original data] Role package list',NULL,'0',_____DATE_____,1);
INSERT INTO T_COMN_MENU_COLUMN_LINK (COLUMN_DEFINITION_ID,MENU_ID,COLUMN_NAME_JA,COLUMN_NAME_EN,COLUMN_NAME_REST,COL_GROUP_ID,COLUMN_CLASS,COLUMN_DISP_SEQ,REF_TABLE_NAME,REF_PKEY_NAME,REF_COL_NAME,REF_SORT_CONDITIONS,REF_MULTI_LANG,SENSITIVE_COL_NAME,FILE_UPLOAD_PLACE,COL_NAME,SAVE_TYPE,AUTO_INPUT,INPUT_ITEM,VIEW_ITEM,UNIQUE_ITEM,REQUIRED_ITEM,AUTOREG_HIDE_ITEM,AUTOREG_ONLY_ITEM,INITIAL_VALUE,VALIDATE_OPTION,BEFORE_VALIDATE_REGISTER,AFTER_VALIDATE_REGISTER,DESCRIPTION_JA,DESCRIPTION_EN,NOTE,DISUSE_FLAG,LAST_UPDATE_TIMESTAMP,LAST_UPDATE_USER) VALUES('2040203','20402','ロール名','Role name','role_name',NULL,'7',30,'T_ANSR_ROLE_NAME','ROLE_ID','ROLE_NAME',NULL,'0',NULL,NULL,'ROLE_ID',NULL,'0','1','1','0','0','0','0',NULL,NULL,NULL,NULL,'[元データ]ロール名管理','[Original data] Role name list',NULL,'0',_____DATE_____,1);
INSERT INTO T_COMN_MENU_COLUMN_LINK_JNL (JOURNAL_SEQ_NO,JOURNAL_REG_DATETIME,JOURNAL_ACTION_CLASS,COLUMN_DEFINITION_ID,MENU_ID,COLUMN_NAME_JA,COLUMN_NAME_EN,COLUMN_NAME_REST,COL_GROUP_ID,COLUMN_CLASS,COLUMN_DISP_SEQ,REF_TABLE_NAME,REF_PKEY_NAME,REF_COL_NAME,REF_SORT_CONDITIONS,REF_MULTI_LANG,SENSITIVE_COL_NAME,FILE_UPLOAD_PLACE,COL_NAME,SAVE_TYPE,AUTO_INPUT,INPUT_ITEM,VIEW_ITEM,UNIQUE_ITEM,REQUIRED_ITEM,AUTOREG_HIDE_ITEM,AUTOREG_ONLY_ITEM,INITIAL_VALUE,VALIDATE_OPTION,BEFORE_VALIDATE_REGISTER,AFTER_VALIDATE_REGISTER,DESCRIPTION_JA,DESCRIPTION_EN,NOTE,DISUSE_FLAG,LAST_UPDATE_TIMESTAMP,LAST_UPDATE_USER) VALUES(2040203,_____DATE_____,'INSERT','2040203','20402','ロール名','Role name','role_name',NULL,'7',30,'T_ANSR_ROLE_NAME','ROLE_ID','ROLE_NAME',NULL,'0',NULL,NULL,'ROLE_ID',NULL,'0','1','1','0','0','0','0',NULL,NULL,NULL,NULL,'[元データ]ロール名管理','[Original data] Role name list',NULL,'0',_____DATE_____,1);
INSERT INTO T_COMN_MENU_COLUMN_LINK (COLUMN_DEFINITION_ID,MENU_ID,COLUMN_NAME_JA,COLUMN_NAME_EN,COLUMN_NAME_REST,COL_GROUP_ID,COLUMN_CLASS,COLUMN_DISP_SEQ,REF_TABLE_NAME,REF_PKEY_NAME,REF_COL_NAME,REF_SORT_CONDITIONS,REF_MULTI_LANG,SENSITIVE_COL_NAME,FILE_UPLOAD_PLACE,COL_NAME,SAVE_TYPE,AUTO_INPUT,INPUT_ITEM,VIEW_ITEM,UNIQUE_ITEM,REQUIRED_ITEM,AUTOREG_HIDE_ITEM,AUTOREG_ONLY_ITEM,INITIAL_VALUE,VALIDATE_OPTION,BEFORE_VALIDATE_REGISTER,AFTER_VALIDATE_REGISTER,DESCRIPTION_JA,DESCRIPTION_EN,NOTE,DISUSE_FLAG,LAST_UPDATE_TIMESTAMP,LAST_UPDATE_USER) VALUES('2040204','20402','変数名','Variable name','variable_name',NULL,'1',40,NULL,NULL,NULL,NULL,'0',NULL,NULL,'VARS_NAME',NULL,'0','1','1','0','0','0','0',NULL,'{
"min_length": 1,
"max_length": 255
}',NULL,NULL,'[最大長]256バイト','[Maximum length] 255 byte',NULL,'0',_____DATE_____,1);
INSERT INTO T_COMN_MENU_COLUMN_LINK_JNL (JOURNAL_SEQ_NO,JOURNAL_REG_DATETIME,JOURNAL_ACTION_CLASS,COLUMN_DEFINITION_ID,MENU_ID,COLUMN_NAME_JA,COLUMN_NAME_EN,COLUMN_NAME_REST,COL_GROUP_ID,COLUMN_CLASS,COLUMN_DISP_SEQ,REF_TABLE_NAME,REF_PKEY_NAME,REF_COL_NAME,REF_SORT_CONDITIONS,REF_MULTI_LANG,SENSITIVE_COL_NAME,FILE_UPLOAD_PLACE,COL_NAME,SAVE_TYPE,AUTO_INPUT,INPUT_ITEM,VIEW_ITEM,UNIQUE_ITEM,REQUIRED_ITEM,AUTOREG_HIDE_ITEM,AUTOREG_ONLY_ITEM,INITIAL_VALUE,VALIDATE_OPTION,BEFORE_VALIDATE_REGISTER,AFTER_VALIDATE_REGISTER,DESCRIPTION_JA,DESCRIPTION_EN,NOTE,DISUSE_FLAG,LAST_UPDATE_TIMESTAMP,LAST_UPDATE_USER) VALUES(2040204,_____DATE_____,'INSERT','2040204','20402','変数名','Variable name','variable_name',NULL,'1',40,NULL,NULL,NULL,NULL,'0',NULL,NULL,'VARS_NAME',NULL,'0','1','1','0','0','0','0',NULL,'{
"min_length": 1,
"max_length": 255
}',NULL,NULL,'[最大長]256バイト','[Maximum length] 255 byte',NULL,'0',_____DATE_____,1);
INSERT INTO T_COMN_MENU_COLUMN_LINK (COLUMN_DEFINITION_ID,MENU_ID,COLUMN_NAME_JA,COLUMN_NAME_EN,COLUMN_NAME_REST,COL_GROUP_ID,COLUMN_CLASS,COLUMN_DISP_SEQ,REF_TABLE_NAME,REF_PKEY_NAME,REF_COL_NAME,REF_SORT_CONDITIONS,REF_MULTI_LANG,SENSITIVE_COL_NAME,FILE_UPLOAD_PLACE,COL_NAME,SAVE_TYPE,AUTO_INPUT,INPUT_ITEM,VIEW_ITEM,UNIQUE_ITEM,REQUIRED_ITEM,AUTOREG_HIDE_ITEM,AUTOREG_ONLY_ITEM,INITIAL_VALUE,VALIDATE_OPTION,BEFORE_VALIDATE_REGISTER,AFTER_VALIDATE_REGISTER,DESCRIPTION_JA,DESCRIPTION_EN,NOTE,DISUSE_FLAG,LAST_UPDATE_TIMESTAMP,LAST_UPDATE_USER) VALUES('2040205','20402','変数タイプ','Variable type','variable_type',NULL,'7',50,'T_ANSC_VAR_TYPE','VARS_TYPE_ID','VARS_TYPE_NAME',NULL,'1',NULL,NULL,'VARS_ATTRIBUTE_01',NULL,'0','1','1','0','0','0','0',NULL,NULL,NULL,NULL,'配列変数の場合は１を設定します。配列変数以外はブランクを設定します。
','In case of array variable, set 1. In cases other than array variable, set as blank.
',NULL,'0',_____DATE_____,1);
INSERT INTO T_COMN_MENU_COLUMN_LINK_JNL (JOURNAL_SEQ_NO,JOURNAL_REG_DATETIME,JOURNAL_ACTION_CLASS,COLUMN_DEFINITION_ID,MENU_ID,COLUMN_NAME_JA,COLUMN_NAME_EN,COLUMN_NAME_REST,COL_GROUP_ID,COLUMN_CLASS,COLUMN_DISP_SEQ,REF_TABLE_NAME,REF_PKEY_NAME,REF_COL_NAME,REF_SORT_CONDITIONS,REF_MULTI_LANG,SENSITIVE_COL_NAME,FILE_UPLOAD_PLACE,COL_NAME,SAVE_TYPE,AUTO_INPUT,INPUT_ITEM,VIEW_ITEM,UNIQUE_ITEM,REQUIRED_ITEM,AUTOREG_HIDE_ITEM,AUTOREG_ONLY_ITEM,INITIAL_VALUE,VALIDATE_OPTION,BEFORE_VALIDATE_REGISTER,AFTER_VALIDATE_REGISTER,DESCRIPTION_JA,DESCRIPTION_EN,NOTE,DISUSE_FLAG,LAST_UPDATE_TIMESTAMP,LAST_UPDATE_USER) VALUES(2040205,_____DATE_____,'INSERT','2040205','20402','変数タイプ','Variable type','variable_type',NULL,'7',50,'T_ANSC_VAR_TYPE','VARS_TYPE_ID','VARS_TYPE_NAME',NULL,'1',NULL,NULL,'VARS_ATTRIBUTE_01',NULL,'0','1','1','0','0','0','0',NULL,NULL,NULL,NULL,'配列変数の場合は１を設定します。配列変数以外はブランクを設定します。
','In case of array variable, set 1. In cases other than array variable, set as blank.
',NULL,'0',_____DATE_____,1);
INSERT INTO T_COMN_MENU_COLUMN_LINK (COLUMN_DEFINITION_ID,MENU_ID,COLUMN_NAME_JA,COLUMN_NAME_EN,COLUMN_NAME_REST,COL_GROUP_ID,COLUMN_CLASS,COLUMN_DISP_SEQ,REF_TABLE_NAME,REF_PKEY_NAME,REF_COL_NAME,REF_SORT_CONDITIONS,REF_MULTI_LANG,SENSITIVE_COL_NAME,FILE_UPLOAD_PLACE,COL_NAME,SAVE_TYPE,AUTO_INPUT,INPUT_ITEM,VIEW_ITEM,UNIQUE_ITEM,REQUIRED_ITEM,AUTOREG_HIDE_ITEM,AUTOREG_ONLY_ITEM,INITIAL_VALUE,VALIDATE_OPTION,BEFORE_VALIDATE_REGISTER,AFTER_VALIDATE_REGISTER,DESCRIPTION_JA,DESCRIPTION_EN,NOTE,DISUSE_FLAG,LAST_UPDATE_TIMESTAMP,LAST_UPDATE_USER) VALUES('2040206','20402','備考','Remarks','remarks',NULL,'12',60,NULL,NULL,NULL,NULL,'0',NULL,NULL,'NOTE',NULL,'0','1','1','0','0','0','0',NULL,'{
"min_length": 0,
"max_length": 4000
}',NULL,NULL,'自由記述欄。レコードの廃止・復活時にも記載可能。','Comments section. Can comment when removing or restoring records.',NULL,'0',_____DATE_____,1);
INSERT INTO T_COMN_MENU_COLUMN_LINK_JNL (JOURNAL_SEQ_NO,JOURNAL_REG_DATETIME,JOURNAL_ACTION_CLASS,COLUMN_DEFINITION_ID,MENU_ID,COLUMN_NAME_JA,COLUMN_NAME_EN,COLUMN_NAME_REST,COL_GROUP_ID,COLUMN_CLASS,COLUMN_DISP_SEQ,REF_TABLE_NAME,REF_PKEY_NAME,REF_COL_NAME,REF_SORT_CONDITIONS,REF_MULTI_LANG,SENSITIVE_COL_NAME,FILE_UPLOAD_PLACE,COL_NAME,SAVE_TYPE,AUTO_INPUT,INPUT_ITEM,VIEW_ITEM,UNIQUE_ITEM,REQUIRED_ITEM,AUTOREG_HIDE_ITEM,AUTOREG_ONLY_ITEM,INITIAL_VALUE,VALIDATE_OPTION,BEFORE_VALIDATE_REGISTER,AFTER_VALIDATE_REGISTER,DESCRIPTION_JA,DESCRIPTION_EN,NOTE,DISUSE_FLAG,LAST_UPDATE_TIMESTAMP,LAST_UPDATE_USER) VALUES(2040206,_____DATE_____,'INSERT','2040206','20402','備考','Remarks','remarks',NULL,'12',60,NULL,NULL,NULL,NULL,'0',NULL,NULL,'NOTE',NULL,'0','1','1','0','0','0','0',NULL,'{
"min_length": 0,
"max_length": 4000
}',NULL,NULL,'自由記述欄。レコードの廃止・復活時にも記載可能。','Comments section. Can comment when removing or restoring records.',NULL,'0',_____DATE_____,1);
INSERT INTO T_COMN_MENU_COLUMN_LINK (COLUMN_DEFINITION_ID,MENU_ID,COLUMN_NAME_JA,COLUMN_NAME_EN,COLUMN_NAME_REST,COL_GROUP_ID,COLUMN_CLASS,COLUMN_DISP_SEQ,REF_TABLE_NAME,REF_PKEY_NAME,REF_COL_NAME,REF_SORT_CONDITIONS,REF_MULTI_LANG,SENSITIVE_COL_NAME,FILE_UPLOAD_PLACE,COL_NAME,SAVE_TYPE,AUTO_INPUT,INPUT_ITEM,VIEW_ITEM,UNIQUE_ITEM,REQUIRED_ITEM,AUTOREG_HIDE_ITEM,AUTOREG_ONLY_ITEM,INITIAL_VALUE,VALIDATE_OPTION,BEFORE_VALIDATE_REGISTER,AFTER_VALIDATE_REGISTER,DESCRIPTION_JA,DESCRIPTION_EN,NOTE,DISUSE_FLAG,LAST_UPDATE_TIMESTAMP,LAST_UPDATE_USER) VALUES('2040207','20402','廃止フラグ','Discard','discard',NULL,'1',70,NULL,NULL,NULL,NULL,'0',NULL,NULL,'DISUSE_FLAG',NULL,'1','1','1','0','1','0','0',NULL,NULL,NULL,NULL,'廃止フラグ。復活以外のオペレーションは不可','Discard flag. Cannot do operation other than restore.',NULL,'0',_____DATE_____,1);
INSERT INTO T_COMN_MENU_COLUMN_LINK_JNL (JOURNAL_SEQ_NO,JOURNAL_REG_DATETIME,JOURNAL_ACTION_CLASS,COLUMN_DEFINITION_ID,MENU_ID,COLUMN_NAME_JA,COLUMN_NAME_EN,COLUMN_NAME_REST,COL_GROUP_ID,COLUMN_CLASS,COLUMN_DISP_SEQ,REF_TABLE_NAME,REF_PKEY_NAME,REF_COL_NAME,REF_SORT_CONDITIONS,REF_MULTI_LANG,SENSITIVE_COL_NAME,FILE_UPLOAD_PLACE,COL_NAME,SAVE_TYPE,AUTO_INPUT,INPUT_ITEM,VIEW_ITEM,UNIQUE_ITEM,REQUIRED_ITEM,AUTOREG_HIDE_ITEM,AUTOREG_ONLY_ITEM,INITIAL_VALUE,VALIDATE_OPTION,BEFORE_VALIDATE_REGISTER,AFTER_VALIDATE_REGISTER,DESCRIPTION_JA,DESCRIPTION_EN,NOTE,DISUSE_FLAG,LAST_UPDATE_TIMESTAMP,LAST_UPDATE_USER) VALUES(2040207,_____DATE_____,'INSERT','2040207','20402','廃止フラグ','Discard','discard',NULL,'1',70,NULL,NULL,NULL,NULL,'0',NULL,NULL,'DISUSE_FLAG',NULL,'1','1','1','0','1','0','0',NULL,NULL,NULL,NULL,'廃止フラグ。復活以外のオペレーションは不可','Discard flag. Cannot do operation other than restore.',NULL,'0',_____DATE_____,1);
INSERT INTO T_COMN_MENU_COLUMN_LINK (COLUMN_DEFINITION_ID,MENU_ID,COLUMN_NAME_JA,COLUMN_NAME_EN,COLUMN_NAME_REST,COL_GROUP_ID,COLUMN_CLASS,COLUMN_DISP_SEQ,REF_TABLE_NAME,REF_PKEY_NAME,REF_COL_NAME,REF_SORT_CONDITIONS,REF_MULTI_LANG,SENSITIVE_COL_NAME,FILE_UPLOAD_PLACE,COL_NAME,SAVE_TYPE,AUTO_INPUT,INPUT_ITEM,VIEW_ITEM,UNIQUE_ITEM,REQUIRED_ITEM,AUTOREG_HIDE_ITEM,AUTOREG_ONLY_ITEM,INITIAL_VALUE,VALIDATE_OPTION,BEFORE_VALIDATE_REGISTER,AFTER_VALIDATE_REGISTER,DESCRIPTION_JA,DESCRIPTION_EN,NOTE,DISUSE_FLAG,LAST_UPDATE_TIMESTAMP,LAST_UPDATE_USER) VALUES('2040208','20402','最終更新日時','Last update date/time','last_update_date_time',NULL,'13',80,NULL,NULL,NULL,NULL,'0',NULL,NULL,'LAST_UPDATE_TIMESTAMP',NULL,'1','1','1','0','1','0','0',NULL,NULL,NULL,NULL,'レコードの最終更新日。更新可否判定に使用。自動登録のため編集不可。','Last update date of record. Useful for judging the possibility of an update. Cannot edit because of auto-numbering.',NULL,'0',_____DATE_____,1);
INSERT INTO T_COMN_MENU_COLUMN_LINK_JNL (JOURNAL_SEQ_NO,JOURNAL_REG_DATETIME,JOURNAL_ACTION_CLASS,COLUMN_DEFINITION_ID,MENU_ID,COLUMN_NAME_JA,COLUMN_NAME_EN,COLUMN_NAME_REST,COL_GROUP_ID,COLUMN_CLASS,COLUMN_DISP_SEQ,REF_TABLE_NAME,REF_PKEY_NAME,REF_COL_NAME,REF_SORT_CONDITIONS,REF_MULTI_LANG,SENSITIVE_COL_NAME,FILE_UPLOAD_PLACE,COL_NAME,SAVE_TYPE,AUTO_INPUT,INPUT_ITEM,VIEW_ITEM,UNIQUE_ITEM,REQUIRED_ITEM,AUTOREG_HIDE_ITEM,AUTOREG_ONLY_ITEM,INITIAL_VALUE,VALIDATE_OPTION,BEFORE_VALIDATE_REGISTER,AFTER_VALIDATE_REGISTER,DESCRIPTION_JA,DESCRIPTION_EN,NOTE,DISUSE_FLAG,LAST_UPDATE_TIMESTAMP,LAST_UPDATE_USER) VALUES(2040208,_____DATE_____,'INSERT','2040208','20402','最終更新日時','Last update date/time','last_update_date_time',NULL,'13',80,NULL,NULL,NULL,NULL,'0',NULL,NULL,'LAST_UPDATE_TIMESTAMP',NULL,'1','1','1','0','1','0','0',NULL,NULL,NULL,NULL,'レコードの最終更新日。更新可否判定に使用。自動登録のため編集不可。','Last update date of record. Useful for judging the possibility of an update. Cannot edit because of auto-numbering.',NULL,'0',_____DATE_____,1);
INSERT INTO T_COMN_MENU_COLUMN_LINK (COLUMN_DEFINITION_ID,MENU_ID,COLUMN_NAME_JA,COLUMN_NAME_EN,COLUMN_NAME_REST,COL_GROUP_ID,COLUMN_CLASS,COLUMN_DISP_SEQ,REF_TABLE_NAME,REF_PKEY_NAME,REF_COL_NAME,REF_SORT_CONDITIONS,REF_MULTI_LANG,SENSITIVE_COL_NAME,FILE_UPLOAD_PLACE,COL_NAME,SAVE_TYPE,AUTO_INPUT,INPUT_ITEM,VIEW_ITEM,UNIQUE_ITEM,REQUIRED_ITEM,AUTOREG_HIDE_ITEM,AUTOREG_ONLY_ITEM,INITIAL_VALUE,VALIDATE_OPTION,BEFORE_VALIDATE_REGISTER,AFTER_VALIDATE_REGISTER,DESCRIPTION_JA,DESCRIPTION_EN,NOTE,DISUSE_FLAG,LAST_UPDATE_TIMESTAMP,LAST_UPDATE_USER) VALUES('2040209','20402','最終更新者','Last updated by','last_updated_user',NULL,'14',90,NULL,NULL,NULL,NULL,'0',NULL,NULL,'LAST_UPDATE_USER',NULL,'1','1','1','0','1','0','0',NULL,NULL,NULL,NULL,'更新者。ログインユーザのIDが自動的に登録される。編集不可。','Updated by. Login user ID is automatically registered. Cannot edit.',NULL,'0',_____DATE_____,1);
INSERT INTO T_COMN_MENU_COLUMN_LINK_JNL (JOURNAL_SEQ_NO,JOURNAL_REG_DATETIME,JOURNAL_ACTION_CLASS,COLUMN_DEFINITION_ID,MENU_ID,COLUMN_NAME_JA,COLUMN_NAME_EN,COLUMN_NAME_REST,COL_GROUP_ID,COLUMN_CLASS,COLUMN_DISP_SEQ,REF_TABLE_NAME,REF_PKEY_NAME,REF_COL_NAME,REF_SORT_CONDITIONS,REF_MULTI_LANG,SENSITIVE_COL_NAME,FILE_UPLOAD_PLACE,COL_NAME,SAVE_TYPE,AUTO_INPUT,INPUT_ITEM,VIEW_ITEM,UNIQUE_ITEM,REQUIRED_ITEM,AUTOREG_HIDE_ITEM,AUTOREG_ONLY_ITEM,INITIAL_VALUE,VALIDATE_OPTION,BEFORE_VALIDATE_REGISTER,AFTER_VALIDATE_REGISTER,DESCRIPTION_JA,DESCRIPTION_EN,NOTE,DISUSE_FLAG,LAST_UPDATE_TIMESTAMP,LAST_UPDATE_USER) VALUES(2040209,_____DATE_____,'INSERT','2040209','20402','最終更新者','Last updated by','last_updated_user',NULL,'14',90,NULL,NULL,NULL,NULL,'0',NULL,NULL,'LAST_UPDATE_USER',NULL,'1','1','1','0','1','0','0',NULL,NULL,NULL,NULL,'更新者。ログインユーザのIDが自動的に登録される。編集不可。','Updated by. Login user ID is automatically registered. Cannot edit.',NULL,'0',_____DATE_____,1);
INSERT INTO T_COMN_MENU_COLUMN_LINK (COLUMN_DEFINITION_ID,MENU_ID,COLUMN_NAME_JA,COLUMN_NAME_EN,COLUMN_NAME_REST,COL_GROUP_ID,COLUMN_CLASS,COLUMN_DISP_SEQ,REF_TABLE_NAME,REF_PKEY_NAME,REF_COL_NAME,REF_SORT_CONDITIONS,REF_MULTI_LANG,SENSITIVE_COL_NAME,FILE_UPLOAD_PLACE,COL_NAME,SAVE_TYPE,AUTO_INPUT,INPUT_ITEM,VIEW_ITEM,UNIQUE_ITEM,REQUIRED_ITEM,AUTOREG_HIDE_ITEM,AUTOREG_ONLY_ITEM,INITIAL_VALUE,VALIDATE_OPTION,BEFORE_VALIDATE_REGISTER,AFTER_VALIDATE_REGISTER,DESCRIPTION_JA,DESCRIPTION_EN,NOTE,DISUSE_FLAG,LAST_UPDATE_TIMESTAMP,LAST_UPDATE_USER) VALUES('2040301','20403','ＭovemenID','ＭovemenID','movemen_id',NULL,'1',10,NULL,NULL,NULL,NULL,'0',NULL,NULL,'MOVEMENT_ID',NULL,'1','1','1','1','1','0','0',NULL,NULL,NULL,NULL,'自動採番のため編集不可。実行処理種別が【登録】の場合、空白のみ可。','Cannot edit because of auto-numbering. Must be blank when execution process type is [Register].',NULL,'0',_____DATE_____,1);
INSERT INTO T_COMN_MENU_COLUMN_LINK_JNL (JOURNAL_SEQ_NO,JOURNAL_REG_DATETIME,JOURNAL_ACTION_CLASS,COLUMN_DEFINITION_ID,MENU_ID,COLUMN_NAME_JA,COLUMN_NAME_EN,COLUMN_NAME_REST,COL_GROUP_ID,COLUMN_CLASS,COLUMN_DISP_SEQ,REF_TABLE_NAME,REF_PKEY_NAME,REF_COL_NAME,REF_SORT_CONDITIONS,REF_MULTI_LANG,SENSITIVE_COL_NAME,FILE_UPLOAD_PLACE,COL_NAME,SAVE_TYPE,AUTO_INPUT,INPUT_ITEM,VIEW_ITEM,UNIQUE_ITEM,REQUIRED_ITEM,AUTOREG_HIDE_ITEM,AUTOREG_ONLY_ITEM,INITIAL_VALUE,VALIDATE_OPTION,BEFORE_VALIDATE_REGISTER,AFTER_VALIDATE_REGISTER,DESCRIPTION_JA,DESCRIPTION_EN,NOTE,DISUSE_FLAG,LAST_UPDATE_TIMESTAMP,LAST_UPDATE_USER) VALUES(2040301,_____DATE_____,'INSERT','2040301','20403','ＭovemenID','ＭovemenID','movemen_id',NULL,'1',10,NULL,NULL,NULL,NULL,'0',NULL,NULL,'MOVEMENT_ID',NULL,'1','1','1','1','1','0','0',NULL,NULL,NULL,NULL,'自動採番のため編集不可。実行処理種別が【登録】の場合、空白のみ可。','Cannot edit because of auto-numbering. Must be blank when execution process type is [Register].',NULL,'0',_____DATE_____,1);
INSERT INTO T_COMN_MENU_COLUMN_LINK (COLUMN_DEFINITION_ID,MENU_ID,COLUMN_NAME_JA,COLUMN_NAME_EN,COLUMN_NAME_REST,COL_GROUP_ID,COLUMN_CLASS,COLUMN_DISP_SEQ,REF_TABLE_NAME,REF_PKEY_NAME,REF_COL_NAME,REF_SORT_CONDITIONS,REF_MULTI_LANG,SENSITIVE_COL_NAME,FILE_UPLOAD_PLACE,COL_NAME,SAVE_TYPE,AUTO_INPUT,INPUT_ITEM,VIEW_ITEM,UNIQUE_ITEM,REQUIRED_ITEM,AUTOREG_HIDE_ITEM,AUTOREG_ONLY_ITEM,INITIAL_VALUE,VALIDATE_OPTION,BEFORE_VALIDATE_REGISTER,AFTER_VALIDATE_REGISTER,DESCRIPTION_JA,DESCRIPTION_EN,NOTE,DISUSE_FLAG,LAST_UPDATE_TIMESTAMP,LAST_UPDATE_USER) VALUES('2040302','20403','Movemen名','Movement Name','movement_name',NULL,'1',20,NULL,NULL,NULL,NULL,'0',NULL,NULL,'MOVEMENT_NAME',NULL,'0','1','1','1','1','0','0',NULL,'{
"min_length": 1,
"max_length": 255
}',NULL,NULL,'[最大長]256バイト','[Maximum length] 256 byte',NULL,'0',_____DATE_____,1);
INSERT INTO T_COMN_MENU_COLUMN_LINK_JNL (JOURNAL_SEQ_NO,JOURNAL_REG_DATETIME,JOURNAL_ACTION_CLASS,COLUMN_DEFINITION_ID,MENU_ID,COLUMN_NAME_JA,COLUMN_NAME_EN,COLUMN_NAME_REST,COL_GROUP_ID,COLUMN_CLASS,COLUMN_DISP_SEQ,REF_TABLE_NAME,REF_PKEY_NAME,REF_COL_NAME,REF_SORT_CONDITIONS,REF_MULTI_LANG,SENSITIVE_COL_NAME,FILE_UPLOAD_PLACE,COL_NAME,SAVE_TYPE,AUTO_INPUT,INPUT_ITEM,VIEW_ITEM,UNIQUE_ITEM,REQUIRED_ITEM,AUTOREG_HIDE_ITEM,AUTOREG_ONLY_ITEM,INITIAL_VALUE,VALIDATE_OPTION,BEFORE_VALIDATE_REGISTER,AFTER_VALIDATE_REGISTER,DESCRIPTION_JA,DESCRIPTION_EN,NOTE,DISUSE_FLAG,LAST_UPDATE_TIMESTAMP,LAST_UPDATE_USER) VALUES(2040302,_____DATE_____,'INSERT','2040302','20403','Movemen名','Movement Name','movement_name',NULL,'1',20,NULL,NULL,NULL,NULL,'0',NULL,NULL,'MOVEMENT_NAME',NULL,'0','1','1','1','1','0','0',NULL,'{
"min_length": 1,
"max_length": 255
}',NULL,NULL,'[最大長]256バイト','[Maximum length] 256 byte',NULL,'0',_____DATE_____,1);
INSERT INTO T_COMN_MENU_COLUMN_LINK (COLUMN_DEFINITION_ID,MENU_ID,COLUMN_NAME_JA,COLUMN_NAME_EN,COLUMN_NAME_REST,COL_GROUP_ID,COLUMN_CLASS,COLUMN_DISP_SEQ,REF_TABLE_NAME,REF_PKEY_NAME,REF_COL_NAME,REF_SORT_CONDITIONS,REF_MULTI_LANG,SENSITIVE_COL_NAME,FILE_UPLOAD_PLACE,COL_NAME,SAVE_TYPE,AUTO_INPUT,INPUT_ITEM,VIEW_ITEM,UNIQUE_ITEM,REQUIRED_ITEM,AUTOREG_HIDE_ITEM,AUTOREG_ONLY_ITEM,INITIAL_VALUE,VALIDATE_OPTION,BEFORE_VALIDATE_REGISTER,AFTER_VALIDATE_REGISTER,DESCRIPTION_JA,DESCRIPTION_EN,NOTE,DISUSE_FLAG,LAST_UPDATE_TIMESTAMP,LAST_UPDATE_USER) VALUES('2040303','20403','オーケストレータ','Orchestrator','orchestrator',NULL,'7',30,'T_COMN_ORCHESTRA','ORCHESTRA_ID','ORCHESTRA_NAME',NULL,'0',NULL,NULL,'ITA_EXT_STM_ID',NULL,'0','1','1','0','1','0','0',NULL,NULL,NULL,NULL,'使用するオーケストレータが表示されます。','The orchestrator used is displayed.',NULL,'0',_____DATE_____,1);
INSERT INTO T_COMN_MENU_COLUMN_LINK_JNL (JOURNAL_SEQ_NO,JOURNAL_REG_DATETIME,JOURNAL_ACTION_CLASS,COLUMN_DEFINITION_ID,MENU_ID,COLUMN_NAME_JA,COLUMN_NAME_EN,COLUMN_NAME_REST,COL_GROUP_ID,COLUMN_CLASS,COLUMN_DISP_SEQ,REF_TABLE_NAME,REF_PKEY_NAME,REF_COL_NAME,REF_SORT_CONDITIONS,REF_MULTI_LANG,SENSITIVE_COL_NAME,FILE_UPLOAD_PLACE,COL_NAME,SAVE_TYPE,AUTO_INPUT,INPUT_ITEM,VIEW_ITEM,UNIQUE_ITEM,REQUIRED_ITEM,AUTOREG_HIDE_ITEM,AUTOREG_ONLY_ITEM,INITIAL_VALUE,VALIDATE_OPTION,BEFORE_VALIDATE_REGISTER,AFTER_VALIDATE_REGISTER,DESCRIPTION_JA,DESCRIPTION_EN,NOTE,DISUSE_FLAG,LAST_UPDATE_TIMESTAMP,LAST_UPDATE_USER) VALUES(2040303,_____DATE_____,'INSERT','2040303','20403','オーケストレータ','Orchestrator','orchestrator',NULL,'7',30,'T_COMN_ORCHESTRA','ORCHESTRA_ID','ORCHESTRA_NAME',NULL,'0',NULL,NULL,'ITA_EXT_STM_ID',NULL,'0','1','1','0','1','0','0',NULL,NULL,NULL,NULL,'使用するオーケストレータが表示されます。','The orchestrator used is displayed.',NULL,'0',_____DATE_____,1);
INSERT INTO T_COMN_MENU_COLUMN_LINK (COLUMN_DEFINITION_ID,MENU_ID,COLUMN_NAME_JA,COLUMN_NAME_EN,COLUMN_NAME_REST,COL_GROUP_ID,COLUMN_CLASS,COLUMN_DISP_SEQ,REF_TABLE_NAME,REF_PKEY_NAME,REF_COL_NAME,REF_SORT_CONDITIONS,REF_MULTI_LANG,SENSITIVE_COL_NAME,FILE_UPLOAD_PLACE,COL_NAME,SAVE_TYPE,AUTO_INPUT,INPUT_ITEM,VIEW_ITEM,UNIQUE_ITEM,REQUIRED_ITEM,AUTOREG_HIDE_ITEM,AUTOREG_ONLY_ITEM,INITIAL_VALUE,VALIDATE_OPTION,BEFORE_VALIDATE_REGISTER,AFTER_VALIDATE_REGISTER,DESCRIPTION_JA,DESCRIPTION_EN,NOTE,DISUSE_FLAG,LAST_UPDATE_TIMESTAMP,LAST_UPDATE_USER) VALUES('2040304','20403','遅延タイマー','Delay timer','delay_timer',NULL,'3',40,NULL,NULL,NULL,NULL,'0',NULL,NULL,'TIME_LIMIT',NULL,'0','1','1','0','0','0','0',NULL,'{
"int_min": 0,
"int_max": 4294967296
}',NULL,NULL,'Movementが指定期間(分)を遅延した場合にステータスを遅延として警告します。','A delay status will appear if the movement is delayed more than the specified time (minutes)',NULL,'0',_____DATE_____,1);
INSERT INTO T_COMN_MENU_COLUMN_LINK_JNL (JOURNAL_SEQ_NO,JOURNAL_REG_DATETIME,JOURNAL_ACTION_CLASS,COLUMN_DEFINITION_ID,MENU_ID,COLUMN_NAME_JA,COLUMN_NAME_EN,COLUMN_NAME_REST,COL_GROUP_ID,COLUMN_CLASS,COLUMN_DISP_SEQ,REF_TABLE_NAME,REF_PKEY_NAME,REF_COL_NAME,REF_SORT_CONDITIONS,REF_MULTI_LANG,SENSITIVE_COL_NAME,FILE_UPLOAD_PLACE,COL_NAME,SAVE_TYPE,AUTO_INPUT,INPUT_ITEM,VIEW_ITEM,UNIQUE_ITEM,REQUIRED_ITEM,AUTOREG_HIDE_ITEM,AUTOREG_ONLY_ITEM,INITIAL_VALUE,VALIDATE_OPTION,BEFORE_VALIDATE_REGISTER,AFTER_VALIDATE_REGISTER,DESCRIPTION_JA,DESCRIPTION_EN,NOTE,DISUSE_FLAG,LAST_UPDATE_TIMESTAMP,LAST_UPDATE_USER) VALUES(2040304,_____DATE_____,'INSERT','2040304','20403','遅延タイマー','Delay timer','delay_timer',NULL,'3',40,NULL,NULL,NULL,NULL,'0',NULL,NULL,'TIME_LIMIT',NULL,'0','1','1','0','0','0','0',NULL,'{
"int_min": 0,
"int_max": 4294967296
}',NULL,NULL,'Movementが指定期間(分)を遅延した場合にステータスを遅延として警告します。','A delay status will appear if the movement is delayed more than the specified time (minutes)',NULL,'0',_____DATE_____,1);
INSERT INTO T_COMN_MENU_COLUMN_LINK (COLUMN_DEFINITION_ID,MENU_ID,COLUMN_NAME_JA,COLUMN_NAME_EN,COLUMN_NAME_REST,COL_GROUP_ID,COLUMN_CLASS,COLUMN_DISP_SEQ,REF_TABLE_NAME,REF_PKEY_NAME,REF_COL_NAME,REF_SORT_CONDITIONS,REF_MULTI_LANG,SENSITIVE_COL_NAME,FILE_UPLOAD_PLACE,COL_NAME,SAVE_TYPE,AUTO_INPUT,INPUT_ITEM,VIEW_ITEM,UNIQUE_ITEM,REQUIRED_ITEM,AUTOREG_HIDE_ITEM,AUTOREG_ONLY_ITEM,INITIAL_VALUE,VALIDATE_OPTION,BEFORE_VALIDATE_REGISTER,AFTER_VALIDATE_REGISTER,DESCRIPTION_JA,DESCRIPTION_EN,NOTE,DISUSE_FLAG,LAST_UPDATE_TIMESTAMP,LAST_UPDATE_USER) VALUES('2040305','20403','ホスト指定形式','Host specific format','host_specific_format','2040301','7',50,'T_COMN_HOST_DESIGNATE_TYPE','HOST_DESIGNATE_TYPE_ID','HOST_DESIGNATE_TYPE_NAME',NULL,'1',NULL,NULL,'ANS_HOST_DESIGNATE_TYPE_ID',NULL,'0','1','1','0','1','0','0',NULL,NULL,NULL,NULL,'構築対象ノードの指定方法です。','Method to specify build node.',NULL,'0',_____DATE_____,1);
INSERT INTO T_COMN_MENU_COLUMN_LINK_JNL (JOURNAL_SEQ_NO,JOURNAL_REG_DATETIME,JOURNAL_ACTION_CLASS,COLUMN_DEFINITION_ID,MENU_ID,COLUMN_NAME_JA,COLUMN_NAME_EN,COLUMN_NAME_REST,COL_GROUP_ID,COLUMN_CLASS,COLUMN_DISP_SEQ,REF_TABLE_NAME,REF_PKEY_NAME,REF_COL_NAME,REF_SORT_CONDITIONS,REF_MULTI_LANG,SENSITIVE_COL_NAME,FILE_UPLOAD_PLACE,COL_NAME,SAVE_TYPE,AUTO_INPUT,INPUT_ITEM,VIEW_ITEM,UNIQUE_ITEM,REQUIRED_ITEM,AUTOREG_HIDE_ITEM,AUTOREG_ONLY_ITEM,INITIAL_VALUE,VALIDATE_OPTION,BEFORE_VALIDATE_REGISTER,AFTER_VALIDATE_REGISTER,DESCRIPTION_JA,DESCRIPTION_EN,NOTE,DISUSE_FLAG,LAST_UPDATE_TIMESTAMP,LAST_UPDATE_USER) VALUES(2040305,_____DATE_____,'INSERT','2040305','20403','ホスト指定形式','Host specific format','host_specific_format','2040301','7',50,'T_COMN_HOST_DESIGNATE_TYPE','HOST_DESIGNATE_TYPE_ID','HOST_DESIGNATE_TYPE_NAME',NULL,'1',NULL,NULL,'ANS_HOST_DESIGNATE_TYPE_ID',NULL,'0','1','1','0','1','0','0',NULL,NULL,NULL,NULL,'構築対象ノードの指定方法です。','Method to specify build node.',NULL,'0',_____DATE_____,1);
INSERT INTO T_COMN_MENU_COLUMN_LINK (COLUMN_DEFINITION_ID,MENU_ID,COLUMN_NAME_JA,COLUMN_NAME_EN,COLUMN_NAME_REST,COL_GROUP_ID,COLUMN_CLASS,COLUMN_DISP_SEQ,REF_TABLE_NAME,REF_PKEY_NAME,REF_COL_NAME,REF_SORT_CONDITIONS,REF_MULTI_LANG,SENSITIVE_COL_NAME,FILE_UPLOAD_PLACE,COL_NAME,SAVE_TYPE,AUTO_INPUT,INPUT_ITEM,VIEW_ITEM,UNIQUE_ITEM,REQUIRED_ITEM,AUTOREG_HIDE_ITEM,AUTOREG_ONLY_ITEM,INITIAL_VALUE,VALIDATE_OPTION,BEFORE_VALIDATE_REGISTER,AFTER_VALIDATE_REGISTER,DESCRIPTION_JA,DESCRIPTION_EN,NOTE,DISUSE_FLAG,LAST_UPDATE_TIMESTAMP,LAST_UPDATE_USER) VALUES('2040306','20403','並列実行数','Number of parallel executions','number_of_parallel_executions','2040301','12',60,NULL,NULL,NULL,NULL,'0',NULL,NULL,'ANS_PARALLEL_EXE',NULL,'0','0','0','0','0','0','0',NULL,'{
"min_length": 0,
"max_length": 4294967296
}',NULL,NULL,'ansible-playbookコマンドの--forks=パラメータを設定します。','Set the --forks parameter of the ansible-playbook command.',NULL,'0',_____DATE_____,1);
INSERT INTO T_COMN_MENU_COLUMN_LINK_JNL (JOURNAL_SEQ_NO,JOURNAL_REG_DATETIME,JOURNAL_ACTION_CLASS,COLUMN_DEFINITION_ID,MENU_ID,COLUMN_NAME_JA,COLUMN_NAME_EN,COLUMN_NAME_REST,COL_GROUP_ID,COLUMN_CLASS,COLUMN_DISP_SEQ,REF_TABLE_NAME,REF_PKEY_NAME,REF_COL_NAME,REF_SORT_CONDITIONS,REF_MULTI_LANG,SENSITIVE_COL_NAME,FILE_UPLOAD_PLACE,COL_NAME,SAVE_TYPE,AUTO_INPUT,INPUT_ITEM,VIEW_ITEM,UNIQUE_ITEM,REQUIRED_ITEM,AUTOREG_HIDE_ITEM,AUTOREG_ONLY_ITEM,INITIAL_VALUE,VALIDATE_OPTION,BEFORE_VALIDATE_REGISTER,AFTER_VALIDATE_REGISTER,DESCRIPTION_JA,DESCRIPTION_EN,NOTE,DISUSE_FLAG,LAST_UPDATE_TIMESTAMP,LAST_UPDATE_USER) VALUES(2040306,_____DATE_____,'INSERT','2040306','20403','並列実行数','Number of parallel executions','number_of_parallel_executions','2040301','12',60,NULL,NULL,NULL,NULL,'0',NULL,NULL,'ANS_PARALLEL_EXE',NULL,'0','0','0','0','0','0','0',NULL,'{
"min_length": 0,
"max_length": 4294967296
}',NULL,NULL,'ansible-playbookコマンドの--forks=パラメータを設定します。','Set the --forks parameter of the ansible-playbook command.',NULL,'0',_____DATE_____,1);
INSERT INTO T_COMN_MENU_COLUMN_LINK (COLUMN_DEFINITION_ID,MENU_ID,COLUMN_NAME_JA,COLUMN_NAME_EN,COLUMN_NAME_REST,COL_GROUP_ID,COLUMN_CLASS,COLUMN_DISP_SEQ,REF_TABLE_NAME,REF_PKEY_NAME,REF_COL_NAME,REF_SORT_CONDITIONS,REF_MULTI_LANG,SENSITIVE_COL_NAME,FILE_UPLOAD_PLACE,COL_NAME,SAVE_TYPE,AUTO_INPUT,INPUT_ITEM,VIEW_ITEM,UNIQUE_ITEM,REQUIRED_ITEM,AUTOREG_HIDE_ITEM,AUTOREG_ONLY_ITEM,INITIAL_VALUE,VALIDATE_OPTION,BEFORE_VALIDATE_REGISTER,AFTER_VALIDATE_REGISTER,DESCRIPTION_JA,DESCRIPTION_EN,NOTE,DISUSE_FLAG,LAST_UPDATE_TIMESTAMP,LAST_UPDATE_USER) VALUES('2040307','20403','WinRM接続','WinRM connection','winrm_connection','2040301','7',70,'T_COMN_BOOLEAN_FLAG','FLAG_ID','FLAG_NAME',NULL,'0',NULL,NULL,'ANS_WINRM_ID',NULL,'0','1','1','0','1','0','0',NULL,NULL,NULL,NULL,'構築対象ノードがWindowsServerでWinRM接続する場合に選択します。','Select when the build node connects to a WinRM through a WindowsServer.',NULL,'0',_____DATE_____,1);
INSERT INTO T_COMN_MENU_COLUMN_LINK_JNL (JOURNAL_SEQ_NO,JOURNAL_REG_DATETIME,JOURNAL_ACTION_CLASS,COLUMN_DEFINITION_ID,MENU_ID,COLUMN_NAME_JA,COLUMN_NAME_EN,COLUMN_NAME_REST,COL_GROUP_ID,COLUMN_CLASS,COLUMN_DISP_SEQ,REF_TABLE_NAME,REF_PKEY_NAME,REF_COL_NAME,REF_SORT_CONDITIONS,REF_MULTI_LANG,SENSITIVE_COL_NAME,FILE_UPLOAD_PLACE,COL_NAME,SAVE_TYPE,AUTO_INPUT,INPUT_ITEM,VIEW_ITEM,UNIQUE_ITEM,REQUIRED_ITEM,AUTOREG_HIDE_ITEM,AUTOREG_ONLY_ITEM,INITIAL_VALUE,VALIDATE_OPTION,BEFORE_VALIDATE_REGISTER,AFTER_VALIDATE_REGISTER,DESCRIPTION_JA,DESCRIPTION_EN,NOTE,DISUSE_FLAG,LAST_UPDATE_TIMESTAMP,LAST_UPDATE_USER) VALUES(2040307,_____DATE_____,'INSERT','2040307','20403','WinRM接続','WinRM connection','winrm_connection','2040301','7',70,'T_COMN_BOOLEAN_FLAG','FLAG_ID','FLAG_NAME',NULL,'0',NULL,NULL,'ANS_WINRM_ID',NULL,'0','1','1','0','1','0','0',NULL,NULL,NULL,NULL,'構築対象ノードがWindowsServerでWinRM接続する場合に選択します。','Select when the build node connects to a WinRM through a WindowsServer.',NULL,'0',_____DATE_____,1);
INSERT INTO T_COMN_MENU_COLUMN_LINK (COLUMN_DEFINITION_ID,MENU_ID,COLUMN_NAME_JA,COLUMN_NAME_EN,COLUMN_NAME_REST,COL_GROUP_ID,COLUMN_CLASS,COLUMN_DISP_SEQ,REF_TABLE_NAME,REF_PKEY_NAME,REF_COL_NAME,REF_SORT_CONDITIONS,REF_MULTI_LANG,SENSITIVE_COL_NAME,FILE_UPLOAD_PLACE,COL_NAME,SAVE_TYPE,AUTO_INPUT,INPUT_ITEM,VIEW_ITEM,UNIQUE_ITEM,REQUIRED_ITEM,AUTOREG_HIDE_ITEM,AUTOREG_ONLY_ITEM,INITIAL_VALUE,VALIDATE_OPTION,BEFORE_VALIDATE_REGISTER,AFTER_VALIDATE_REGISTER,DESCRIPTION_JA,DESCRIPTION_EN,NOTE,DISUSE_FLAG,LAST_UPDATE_TIMESTAMP,LAST_UPDATE_USER) VALUES('2040308','20403','ヘッダーセクション','Header section','header_section','2040301','2',80,NULL,NULL,NULL,NULL,'0',NULL,NULL,'ANS_PLAYBOOK_HED_DEF',NULL,'0','1','1','0','0','0','0','- hosts: all
  remote_user:"{{__loginuser__}}"
  gather_facts:no','{
"max_length": 4000
}',NULL,NULL,'ITAが自動生成する親Playbookの先頭からrolesセクションまでのセクションを編集します。
未入力の場合は、以下を適用します。
Ansible:
  - hosts: all
    remote_user: \"{{ __loginuser__ }}\"
    gather_facts: no
    become: yes

Ansible Automation Controller:
  - hosts: all
    gather_facts: no
    become: yes
winrm接続の場合は「become: yes」は省略されます。','Edit the section from the top of the parent Playbook automatically generated by ITA is executed to the roles section.
Setting value when not enter.
Ansible:
  - hosts: all
    remote_user: \'{{ __loginuser__ }}\'
    gather_facts: no
    become: yes

Ansible Automation Controller:
  - hosts: all
    gather_facts: no
    become: yes
become is omitted for winrm connection.',NULL,'0',_____DATE_____,1);
INSERT INTO T_COMN_MENU_COLUMN_LINK_JNL (JOURNAL_SEQ_NO,JOURNAL_REG_DATETIME,JOURNAL_ACTION_CLASS,COLUMN_DEFINITION_ID,MENU_ID,COLUMN_NAME_JA,COLUMN_NAME_EN,COLUMN_NAME_REST,COL_GROUP_ID,COLUMN_CLASS,COLUMN_DISP_SEQ,REF_TABLE_NAME,REF_PKEY_NAME,REF_COL_NAME,REF_SORT_CONDITIONS,REF_MULTI_LANG,SENSITIVE_COL_NAME,FILE_UPLOAD_PLACE,COL_NAME,SAVE_TYPE,AUTO_INPUT,INPUT_ITEM,VIEW_ITEM,UNIQUE_ITEM,REQUIRED_ITEM,AUTOREG_HIDE_ITEM,AUTOREG_ONLY_ITEM,INITIAL_VALUE,VALIDATE_OPTION,BEFORE_VALIDATE_REGISTER,AFTER_VALIDATE_REGISTER,DESCRIPTION_JA,DESCRIPTION_EN,NOTE,DISUSE_FLAG,LAST_UPDATE_TIMESTAMP,LAST_UPDATE_USER) VALUES(2040308,_____DATE_____,'INSERT','2040308','20403','ヘッダーセクション','Header section','header_section','2040301','2',80,NULL,NULL,NULL,NULL,'0',NULL,NULL,'ANS_PLAYBOOK_HED_DEF',NULL,'0','1','1','0','0','0','0','- hosts: all
  remote_user:"{{__loginuser__}}"
  gather_facts:no','{
"max_length": 4000
}',NULL,NULL,'ITAが自動生成する親Playbookの先頭からrolesセクションまでのセクションを編集します。
未入力の場合は、以下を適用します。
Ansible:
  - hosts: all
    remote_user: \"{{ __loginuser__ }}\"
    gather_facts: no
    become: yes

Ansible Automation Controller:
  - hosts: all
    gather_facts: no
    become: yes
winrm接続の場合は「become: yes」は省略されます。','Edit the section from the top of the parent Playbook automatically generated by ITA is executed to the roles section.
Setting value when not enter.
Ansible:
  - hosts: all
    remote_user: \'{{ __loginuser__ }}\'
    gather_facts: no
    become: yes

Ansible Automation Controller:
  - hosts: all
    gather_facts: no
    become: yes
become is omitted for winrm connection.',NULL,'0',_____DATE_____,1);
INSERT INTO T_COMN_MENU_COLUMN_LINK (COLUMN_DEFINITION_ID,MENU_ID,COLUMN_NAME_JA,COLUMN_NAME_EN,COLUMN_NAME_REST,COL_GROUP_ID,COLUMN_CLASS,COLUMN_DISP_SEQ,REF_TABLE_NAME,REF_PKEY_NAME,REF_COL_NAME,REF_SORT_CONDITIONS,REF_MULTI_LANG,SENSITIVE_COL_NAME,FILE_UPLOAD_PLACE,COL_NAME,SAVE_TYPE,AUTO_INPUT,INPUT_ITEM,VIEW_ITEM,UNIQUE_ITEM,REQUIRED_ITEM,AUTOREG_HIDE_ITEM,AUTOREG_ONLY_ITEM,INITIAL_VALUE,VALIDATE_OPTION,BEFORE_VALIDATE_REGISTER,AFTER_VALIDATE_REGISTER,DESCRIPTION_JA,DESCRIPTION_EN,NOTE,DISUSE_FLAG,LAST_UPDATE_TIMESTAMP,LAST_UPDATE_USER) VALUES('2040309','20403','オプションパラメータ','Optional parameter','optional_parameter','2040301','1',90,NULL,NULL,NULL,NULL,'0',NULL,NULL,'ANS_EXEC_OPTIONS',NULL,'0','1','1','0','0','0','0',NULL,'{
"max_length": 4000
}',NULL,NULL,'Movement固有のansible-playbookコマンドのオプションパラメータを設定します。
Movement共通のオプションパラメータはインターフェース情報で設定にします。
Ansible:
  ansible-playbookコマンドのパラメータを設定します。
　-i オプションはITAが設定します。

Ansible Automation Controller:
　以下のパラメータが設定できます。
　　-verbosity
　　-f FORKS,--forks=FORKS
　　-l SUBSET,--limit=SUBSET
　　-e EXTRA_VARS,--extra-vars=EXTRA_VARS
        EXTRA_VARS:  変数名=具体値 変数名=具体値 .....
　　-t TAGS,--tags=TAGS
　　-b,--become
　　-D,--diff
　　--skip-tags=SKIP_TAGS
　　--start-at-task=START_AT_TASK
　以下はAnsible Automation Controller独自のパラメータです。
　　-ufc,--use_fact_cache　　　ファクトのキャッシュの使用
　　-as,--allow_simultaneous　 同時実行ジョブの有効化
　　-jsc,--job_slice_count=　　JOB SLICING
　詳細はAnsible利用手順マニュアルを参照して下さい。','Movement-specific ansible-playbook command optional parameters.
Optional parameters common to Movement are set in interface information.
Ansible:
　Set the parameters of nible-playbook command.
　ITA sets -i option.

Ansible Automation Controller:
　Options that can be set
　　-verbosity
　　-f FORKS,--forks=FORKS
　　-l SUBSET,--limit=SUBSET
　　-e EXTRA_VARS,--extra-vars=EXTRA_VARS
　　-t TAGS,--tags=TAGS
　　-b,--become
　　-D,--diff
　　--skip-tags=SKIP_TAGS
　　--start-at-task=START_AT_TASK
  Ansible Automation Controller only parameters
　　-ufc,--use_fact_cache　　　
　　-as,--allow_simultaneous　
　　-jsc,--job_slice_count
　Refer to the Ansible User Manual for details.',NULL,'0',_____DATE_____,1);
INSERT INTO T_COMN_MENU_COLUMN_LINK_JNL (JOURNAL_SEQ_NO,JOURNAL_REG_DATETIME,JOURNAL_ACTION_CLASS,COLUMN_DEFINITION_ID,MENU_ID,COLUMN_NAME_JA,COLUMN_NAME_EN,COLUMN_NAME_REST,COL_GROUP_ID,COLUMN_CLASS,COLUMN_DISP_SEQ,REF_TABLE_NAME,REF_PKEY_NAME,REF_COL_NAME,REF_SORT_CONDITIONS,REF_MULTI_LANG,SENSITIVE_COL_NAME,FILE_UPLOAD_PLACE,COL_NAME,SAVE_TYPE,AUTO_INPUT,INPUT_ITEM,VIEW_ITEM,UNIQUE_ITEM,REQUIRED_ITEM,AUTOREG_HIDE_ITEM,AUTOREG_ONLY_ITEM,INITIAL_VALUE,VALIDATE_OPTION,BEFORE_VALIDATE_REGISTER,AFTER_VALIDATE_REGISTER,DESCRIPTION_JA,DESCRIPTION_EN,NOTE,DISUSE_FLAG,LAST_UPDATE_TIMESTAMP,LAST_UPDATE_USER) VALUES(2040309,_____DATE_____,'INSERT','2040309','20403','オプションパラメータ','Optional parameter','optional_parameter','2040301','1',90,NULL,NULL,NULL,NULL,'0',NULL,NULL,'ANS_EXEC_OPTIONS',NULL,'0','1','1','0','0','0','0',NULL,'{
"max_length": 4000
}',NULL,NULL,'Movement固有のansible-playbookコマンドのオプションパラメータを設定します。
Movement共通のオプションパラメータはインターフェース情報で設定にします。
Ansible:
  ansible-playbookコマンドのパラメータを設定します。
　-i オプションはITAが設定します。

Ansible Automation Controller:
　以下のパラメータが設定できます。
　　-verbosity
　　-f FORKS,--forks=FORKS
　　-l SUBSET,--limit=SUBSET
　　-e EXTRA_VARS,--extra-vars=EXTRA_VARS
        EXTRA_VARS:  変数名=具体値 変数名=具体値 .....
　　-t TAGS,--tags=TAGS
　　-b,--become
　　-D,--diff
　　--skip-tags=SKIP_TAGS
　　--start-at-task=START_AT_TASK
　以下はAnsible Automation Controller独自のパラメータです。
　　-ufc,--use_fact_cache　　　ファクトのキャッシュの使用
　　-as,--allow_simultaneous　 同時実行ジョブの有効化
　　-jsc,--job_slice_count=　　JOB SLICING
　詳細はAnsible利用手順マニュアルを参照して下さい。','Movement-specific ansible-playbook command optional parameters.
Optional parameters common to Movement are set in interface information.
Ansible:
　Set the parameters of nible-playbook command.
　ITA sets -i option.

Ansible Automation Controller:
　Options that can be set
　　-verbosity
　　-f FORKS,--forks=FORKS
　　-l SUBSET,--limit=SUBSET
　　-e EXTRA_VARS,--extra-vars=EXTRA_VARS
　　-t TAGS,--tags=TAGS
　　-b,--become
　　-D,--diff
　　--skip-tags=SKIP_TAGS
　　--start-at-task=START_AT_TASK
  Ansible Automation Controller only parameters
　　-ufc,--use_fact_cache　　　
　　-as,--allow_simultaneous　
　　-jsc,--job_slice_count
　Refer to the Ansible User Manual for details.',NULL,'0',_____DATE_____,1);
INSERT INTO T_COMN_MENU_COLUMN_LINK (COLUMN_DEFINITION_ID,MENU_ID,COLUMN_NAME_JA,COLUMN_NAME_EN,COLUMN_NAME_REST,COL_GROUP_ID,COLUMN_CLASS,COLUMN_DISP_SEQ,REF_TABLE_NAME,REF_PKEY_NAME,REF_COL_NAME,REF_SORT_CONDITIONS,REF_MULTI_LANG,SENSITIVE_COL_NAME,FILE_UPLOAD_PLACE,COL_NAME,SAVE_TYPE,AUTO_INPUT,INPUT_ITEM,VIEW_ITEM,UNIQUE_ITEM,REQUIRED_ITEM,AUTOREG_HIDE_ITEM,AUTOREG_ONLY_ITEM,INITIAL_VALUE,VALIDATE_OPTION,BEFORE_VALIDATE_REGISTER,AFTER_VALIDATE_REGISTER,DESCRIPTION_JA,DESCRIPTION_EN,NOTE,DISUSE_FLAG,LAST_UPDATE_TIMESTAMP,LAST_UPDATE_USER) VALUES('2040310','20403','Virtualenv　','Virtualenv　','ansible_core_virtualenv　','2040303','1',100,NULL,NULL,NULL,NULL,'0',NULL,NULL,'ANS_ENGINE_VIRTUALENV_NAME',NULL,'0','1','1','0','0','0','0',NULL,'{
"min_length": 0,
"max_length": 255
}',NULL,NULL,'Ansibleサーバー内にvirtualenvで構築したansible実行環境で作業実行したい場合、virtualenvのフルパスを入力して下さい。
virtualenv環境が存在しなかったりvirtualenv環境内にansibleがインストールされていない場合、作業実行時に\"想定外エラー\"となります。
未入力の場合はansibleサーバーにインストールされているansibleで作業実行を行います。
[最大長 512バイト]','If you want to run operations in the ansible execution environment created with the ansible server\'s virtualenv, input the full path for virtualenv.
If the virtualenv environment doesnt exist or does not have ansible installed, the operation will end with the status \"Unexpected error\".
If nothing is input, the operation will be run with the ansible installed in the ansible server.
[Max length 512 bytes]',NULL,'0',_____DATE_____,1);
INSERT INTO T_COMN_MENU_COLUMN_LINK_JNL (JOURNAL_SEQ_NO,JOURNAL_REG_DATETIME,JOURNAL_ACTION_CLASS,COLUMN_DEFINITION_ID,MENU_ID,COLUMN_NAME_JA,COLUMN_NAME_EN,COLUMN_NAME_REST,COL_GROUP_ID,COLUMN_CLASS,COLUMN_DISP_SEQ,REF_TABLE_NAME,REF_PKEY_NAME,REF_COL_NAME,REF_SORT_CONDITIONS,REF_MULTI_LANG,SENSITIVE_COL_NAME,FILE_UPLOAD_PLACE,COL_NAME,SAVE_TYPE,AUTO_INPUT,INPUT_ITEM,VIEW_ITEM,UNIQUE_ITEM,REQUIRED_ITEM,AUTOREG_HIDE_ITEM,AUTOREG_ONLY_ITEM,INITIAL_VALUE,VALIDATE_OPTION,BEFORE_VALIDATE_REGISTER,AFTER_VALIDATE_REGISTER,DESCRIPTION_JA,DESCRIPTION_EN,NOTE,DISUSE_FLAG,LAST_UPDATE_TIMESTAMP,LAST_UPDATE_USER) VALUES(2040310,_____DATE_____,'INSERT','2040310','20403','Virtualenv　','Virtualenv　','ansible_core_virtualenv　','2040303','1',100,NULL,NULL,NULL,NULL,'0',NULL,NULL,'ANS_ENGINE_VIRTUALENV_NAME',NULL,'0','1','1','0','0','0','0',NULL,'{
"min_length": 0,
"max_length": 255
}',NULL,NULL,'Ansibleサーバー内にvirtualenvで構築したansible実行環境で作業実行したい場合、virtualenvのフルパスを入力して下さい。
virtualenv環境が存在しなかったりvirtualenv環境内にansibleがインストールされていない場合、作業実行時に\"想定外エラー\"となります。
未入力の場合はansibleサーバーにインストールされているansibleで作業実行を行います。
[最大長 512バイト]','If you want to run operations in the ansible execution environment created with the ansible server\'s virtualenv, input the full path for virtualenv.
If the virtualenv environment doesnt exist or does not have ansible installed, the operation will end with the status \"Unexpected error\".
If nothing is input, the operation will be run with the ansible installed in the ansible server.
[Max length 512 bytes]',NULL,'0',_____DATE_____,1);
INSERT INTO T_COMN_MENU_COLUMN_LINK (COLUMN_DEFINITION_ID,MENU_ID,COLUMN_NAME_JA,COLUMN_NAME_EN,COLUMN_NAME_REST,COL_GROUP_ID,COLUMN_CLASS,COLUMN_DISP_SEQ,REF_TABLE_NAME,REF_PKEY_NAME,REF_COL_NAME,REF_SORT_CONDITIONS,REF_MULTI_LANG,SENSITIVE_COL_NAME,FILE_UPLOAD_PLACE,COL_NAME,SAVE_TYPE,AUTO_INPUT,INPUT_ITEM,VIEW_ITEM,UNIQUE_ITEM,REQUIRED_ITEM,AUTOREG_HIDE_ITEM,AUTOREG_ONLY_ITEM,INITIAL_VALUE,VALIDATE_OPTION,BEFORE_VALIDATE_REGISTER,AFTER_VALIDATE_REGISTER,DESCRIPTION_JA,DESCRIPTION_EN,NOTE,DISUSE_FLAG,LAST_UPDATE_TIMESTAMP,LAST_UPDATE_USER) VALUES('2040311','20403','Virtualenv','Virtualenv','ansible_automation_controller_virtualenv　','2041404','7',110,'T_COMN_AAC_VIRTUALENV','VIRTUALENV_NAME','VIRTUALENV_NAME',NULL,'0',NULL,NULL,'ANS_VIRTUALENV_NAME',NULL,'0','1','1','0','0','0','0',NULL,NULL,NULL,NULL,'Ansible Automation Controllerサーバの/var/lib/awx/venv配下にvirtualenvで構築したansible実行環境のフルパスが表示されています。
virtualenvで構築したansible実行環境で作業実行したい場合に、virtualenvのフルパスを選択して下さい。
未選択の場合はAnsible Automation Controllerインストール時にインストールされたansible環境で作業実行を行います。','This item displays the full path of the ansible execution environment constructed with the virtualenv within the Ansible Automation Controller server\'s /var/lib/awx/venv.
If you want to run operations in the ansible execution environment constructed with virtualenv, please select the full path for \"virtualenv\".
If nothing is selelcted, the ansible environment that was installed when installing Ansible Automation Controller will be used.',NULL,'0',_____DATE_____,1);
INSERT INTO T_COMN_MENU_COLUMN_LINK_JNL (JOURNAL_SEQ_NO,JOURNAL_REG_DATETIME,JOURNAL_ACTION_CLASS,COLUMN_DEFINITION_ID,MENU_ID,COLUMN_NAME_JA,COLUMN_NAME_EN,COLUMN_NAME_REST,COL_GROUP_ID,COLUMN_CLASS,COLUMN_DISP_SEQ,REF_TABLE_NAME,REF_PKEY_NAME,REF_COL_NAME,REF_SORT_CONDITIONS,REF_MULTI_LANG,SENSITIVE_COL_NAME,FILE_UPLOAD_PLACE,COL_NAME,SAVE_TYPE,AUTO_INPUT,INPUT_ITEM,VIEW_ITEM,UNIQUE_ITEM,REQUIRED_ITEM,AUTOREG_HIDE_ITEM,AUTOREG_ONLY_ITEM,INITIAL_VALUE,VALIDATE_OPTION,BEFORE_VALIDATE_REGISTER,AFTER_VALIDATE_REGISTER,DESCRIPTION_JA,DESCRIPTION_EN,NOTE,DISUSE_FLAG,LAST_UPDATE_TIMESTAMP,LAST_UPDATE_USER) VALUES(2040311,_____DATE_____,'INSERT','2040311','20403','Virtualenv','Virtualenv','ansible_automation_controller_virtualenv　','2041404','7',110,'T_COMN_AAC_VIRTUALENV','VIRTUALENV_NAME','VIRTUALENV_NAME',NULL,'0',NULL,NULL,'ANS_VIRTUALENV_NAME',NULL,'0','1','1','0','0','0','0',NULL,NULL,NULL,NULL,'Ansible Automation Controllerサーバの/var/lib/awx/venv配下にvirtualenvで構築したansible実行環境のフルパスが表示されています。
virtualenvで構築したansible実行環境で作業実行したい場合に、virtualenvのフルパスを選択して下さい。
未選択の場合はAnsible Automation Controllerインストール時にインストールされたansible環境で作業実行を行います。','This item displays the full path of the ansible execution environment constructed with the virtualenv within the Ansible Automation Controller server\'s /var/lib/awx/venv.
If you want to run operations in the ansible execution environment constructed with virtualenv, please select the full path for \"virtualenv\".
If nothing is selelcted, the ansible environment that was installed when installing Ansible Automation Controller will be used.',NULL,'0',_____DATE_____,1);
INSERT INTO T_COMN_MENU_COLUMN_LINK (COLUMN_DEFINITION_ID,MENU_ID,COLUMN_NAME_JA,COLUMN_NAME_EN,COLUMN_NAME_REST,COL_GROUP_ID,COLUMN_CLASS,COLUMN_DISP_SEQ,REF_TABLE_NAME,REF_PKEY_NAME,REF_COL_NAME,REF_SORT_CONDITIONS,REF_MULTI_LANG,SENSITIVE_COL_NAME,FILE_UPLOAD_PLACE,COL_NAME,SAVE_TYPE,AUTO_INPUT,INPUT_ITEM,VIEW_ITEM,UNIQUE_ITEM,REQUIRED_ITEM,AUTOREG_HIDE_ITEM,AUTOREG_ONLY_ITEM,INITIAL_VALUE,VALIDATE_OPTION,BEFORE_VALIDATE_REGISTER,AFTER_VALIDATE_REGISTER,DESCRIPTION_JA,DESCRIPTION_EN,NOTE,DISUSE_FLAG,LAST_UPDATE_TIMESTAMP,LAST_UPDATE_USER) VALUES('2040312','20403','実行環境','Execution environment','execution_environment','2041405','7',120,'T_COMN_AAC_EXECUTION_ENVIRONMENT','EXECUTION_ENVIRONMENT_NAME','EXECUTION_ENVIRONMENT_NAME',NULL,'0',NULL,NULL,'ANS_EXECUTION_ENVIRONMENT_NAME',NULL,'0','1','1','0','0','0','0',NULL,NULL,NULL,NULL,'Ansible Automation Controllerサーバに構築されている実行環境が表示されています。
作業実行する実行環境を選択して下さい。
未選択の場合は、デフォルト「Default execution environment」が使用されます。','Displays the Execution environments constructed in the Ansible Automation Controller server.
Please select the Execution environment you want to operate.
If nothing is selected, \"Default execution environment\" will be selected by default.',NULL,'0',_____DATE_____,1);
INSERT INTO T_COMN_MENU_COLUMN_LINK_JNL (JOURNAL_SEQ_NO,JOURNAL_REG_DATETIME,JOURNAL_ACTION_CLASS,COLUMN_DEFINITION_ID,MENU_ID,COLUMN_NAME_JA,COLUMN_NAME_EN,COLUMN_NAME_REST,COL_GROUP_ID,COLUMN_CLASS,COLUMN_DISP_SEQ,REF_TABLE_NAME,REF_PKEY_NAME,REF_COL_NAME,REF_SORT_CONDITIONS,REF_MULTI_LANG,SENSITIVE_COL_NAME,FILE_UPLOAD_PLACE,COL_NAME,SAVE_TYPE,AUTO_INPUT,INPUT_ITEM,VIEW_ITEM,UNIQUE_ITEM,REQUIRED_ITEM,AUTOREG_HIDE_ITEM,AUTOREG_ONLY_ITEM,INITIAL_VALUE,VALIDATE_OPTION,BEFORE_VALIDATE_REGISTER,AFTER_VALIDATE_REGISTER,DESCRIPTION_JA,DESCRIPTION_EN,NOTE,DISUSE_FLAG,LAST_UPDATE_TIMESTAMP,LAST_UPDATE_USER) VALUES(2040312,_____DATE_____,'INSERT','2040312','20403','実行環境','Execution environment','execution_environment','2041405','7',120,'T_COMN_AAC_EXECUTION_ENVIRONMENT','EXECUTION_ENVIRONMENT_NAME','EXECUTION_ENVIRONMENT_NAME',NULL,'0',NULL,NULL,'ANS_EXECUTION_ENVIRONMENT_NAME',NULL,'0','1','1','0','0','0','0',NULL,NULL,NULL,NULL,'Ansible Automation Controllerサーバに構築されている実行環境が表示されています。
作業実行する実行環境を選択して下さい。
未選択の場合は、デフォルト「Default execution environment」が使用されます。','Displays the Execution environments constructed in the Ansible Automation Controller server.
Please select the Execution environment you want to operate.
If nothing is selected, \"Default execution environment\" will be selected by default.',NULL,'0',_____DATE_____,1);
INSERT INTO T_COMN_MENU_COLUMN_LINK (COLUMN_DEFINITION_ID,MENU_ID,COLUMN_NAME_JA,COLUMN_NAME_EN,COLUMN_NAME_REST,COL_GROUP_ID,COLUMN_CLASS,COLUMN_DISP_SEQ,REF_TABLE_NAME,REF_PKEY_NAME,REF_COL_NAME,REF_SORT_CONDITIONS,REF_MULTI_LANG,SENSITIVE_COL_NAME,FILE_UPLOAD_PLACE,COL_NAME,SAVE_TYPE,AUTO_INPUT,INPUT_ITEM,VIEW_ITEM,UNIQUE_ITEM,REQUIRED_ITEM,AUTOREG_HIDE_ITEM,AUTOREG_ONLY_ITEM,INITIAL_VALUE,VALIDATE_OPTION,BEFORE_VALIDATE_REGISTER,AFTER_VALIDATE_REGISTER,DESCRIPTION_JA,DESCRIPTION_EN,NOTE,DISUSE_FLAG,LAST_UPDATE_TIMESTAMP,LAST_UPDATE_USER) VALUES('2040313','20403','Ansible.cfg','ansible.cfg','ansible_cfg',NULL,'1',130,NULL,NULL,NULL,NULL,'0',NULL,'/uploadfiles/10202/Ansible_cfg','ANS_ANSIBLE_CONFIG_FILE',NULL,'0','1','1','0','0','0','0',NULL,'{
"min_length": 0,
"max_length": 255
}',NULL,NULL,'作業実行時に使用するansible.cfgをアップロードします。
未アップロードの場合は、デフォルトが使用されます。
また、ロールパッケージ管理でアップロードされているzipファイルにansible.cfgが含まれている場合は、アップロードしたansible.cfgで上書きされます。','Uploads the ansible.cfg file.
If the file hasn\'t been uploaded, the default value will be used.
If a zip file containing ansible.cfg is uploaded to the role package list, the uploaded ansible.cfg will be overwritten.',NULL,'0',_____DATE_____,1);
INSERT INTO T_COMN_MENU_COLUMN_LINK_JNL (JOURNAL_SEQ_NO,JOURNAL_REG_DATETIME,JOURNAL_ACTION_CLASS,COLUMN_DEFINITION_ID,MENU_ID,COLUMN_NAME_JA,COLUMN_NAME_EN,COLUMN_NAME_REST,COL_GROUP_ID,COLUMN_CLASS,COLUMN_DISP_SEQ,REF_TABLE_NAME,REF_PKEY_NAME,REF_COL_NAME,REF_SORT_CONDITIONS,REF_MULTI_LANG,SENSITIVE_COL_NAME,FILE_UPLOAD_PLACE,COL_NAME,SAVE_TYPE,AUTO_INPUT,INPUT_ITEM,VIEW_ITEM,UNIQUE_ITEM,REQUIRED_ITEM,AUTOREG_HIDE_ITEM,AUTOREG_ONLY_ITEM,INITIAL_VALUE,VALIDATE_OPTION,BEFORE_VALIDATE_REGISTER,AFTER_VALIDATE_REGISTER,DESCRIPTION_JA,DESCRIPTION_EN,NOTE,DISUSE_FLAG,LAST_UPDATE_TIMESTAMP,LAST_UPDATE_USER) VALUES(2040313,_____DATE_____,'INSERT','2040313','20403','Ansible.cfg','ansible.cfg','ansible_cfg',NULL,'1',130,NULL,NULL,NULL,NULL,'0',NULL,'/uploadfiles/10202/Ansible_cfg','ANS_ANSIBLE_CONFIG_FILE',NULL,'0','1','1','0','0','0','0',NULL,'{
"min_length": 0,
"max_length": 255
}',NULL,NULL,'作業実行時に使用するansible.cfgをアップロードします。
未アップロードの場合は、デフォルトが使用されます。
また、ロールパッケージ管理でアップロードされているzipファイルにansible.cfgが含まれている場合は、アップロードしたansible.cfgで上書きされます。','Uploads the ansible.cfg file.
If the file hasn\'t been uploaded, the default value will be used.
If a zip file containing ansible.cfg is uploaded to the role package list, the uploaded ansible.cfg will be overwritten.',NULL,'0',_____DATE_____,1);
INSERT INTO T_COMN_MENU_COLUMN_LINK (COLUMN_DEFINITION_ID,MENU_ID,COLUMN_NAME_JA,COLUMN_NAME_EN,COLUMN_NAME_REST,COL_GROUP_ID,COLUMN_CLASS,COLUMN_DISP_SEQ,REF_TABLE_NAME,REF_PKEY_NAME,REF_COL_NAME,REF_SORT_CONDITIONS,REF_MULTI_LANG,SENSITIVE_COL_NAME,FILE_UPLOAD_PLACE,COL_NAME,SAVE_TYPE,AUTO_INPUT,INPUT_ITEM,VIEW_ITEM,UNIQUE_ITEM,REQUIRED_ITEM,AUTOREG_HIDE_ITEM,AUTOREG_ONLY_ITEM,INITIAL_VALUE,VALIDATE_OPTION,BEFORE_VALIDATE_REGISTER,AFTER_VALIDATE_REGISTER,DESCRIPTION_JA,DESCRIPTION_EN,NOTE,DISUSE_FLAG,LAST_UPDATE_TIMESTAMP,LAST_UPDATE_USER) VALUES('2040314','20403','Organization:Workspace','Organization:Workspace','organization_workspace',NULL,'7',140,NULL,NULL,NULL,NULL,'0',NULL,NULL,'TERRAFORM_WORKSPACE_ID',NULL,'0','0','0','0','0','0','0',NULL,NULL,NULL,NULL,'yyy(新規追加　Organization:Workspace)','?',NULL,'0',_____DATE_____,1);
INSERT INTO T_COMN_MENU_COLUMN_LINK_JNL (JOURNAL_SEQ_NO,JOURNAL_REG_DATETIME,JOURNAL_ACTION_CLASS,COLUMN_DEFINITION_ID,MENU_ID,COLUMN_NAME_JA,COLUMN_NAME_EN,COLUMN_NAME_REST,COL_GROUP_ID,COLUMN_CLASS,COLUMN_DISP_SEQ,REF_TABLE_NAME,REF_PKEY_NAME,REF_COL_NAME,REF_SORT_CONDITIONS,REF_MULTI_LANG,SENSITIVE_COL_NAME,FILE_UPLOAD_PLACE,COL_NAME,SAVE_TYPE,AUTO_INPUT,INPUT_ITEM,VIEW_ITEM,UNIQUE_ITEM,REQUIRED_ITEM,AUTOREG_HIDE_ITEM,AUTOREG_ONLY_ITEM,INITIAL_VALUE,VALIDATE_OPTION,BEFORE_VALIDATE_REGISTER,AFTER_VALIDATE_REGISTER,DESCRIPTION_JA,DESCRIPTION_EN,NOTE,DISUSE_FLAG,LAST_UPDATE_TIMESTAMP,LAST_UPDATE_USER) VALUES(2040314,_____DATE_____,'INSERT','2040314','20403','Organization:Workspace','Organization:Workspace','organization_workspace',NULL,'7',140,NULL,NULL,NULL,NULL,'0',NULL,NULL,'TERRAFORM_WORKSPACE_ID',NULL,'0','0','0','0','0','0','0',NULL,NULL,NULL,NULL,'yyy(新規追加　Organization:Workspace)','?',NULL,'0',_____DATE_____,1);
INSERT INTO T_COMN_MENU_COLUMN_LINK (COLUMN_DEFINITION_ID,MENU_ID,COLUMN_NAME_JA,COLUMN_NAME_EN,COLUMN_NAME_REST,COL_GROUP_ID,COLUMN_CLASS,COLUMN_DISP_SEQ,REF_TABLE_NAME,REF_PKEY_NAME,REF_COL_NAME,REF_SORT_CONDITIONS,REF_MULTI_LANG,SENSITIVE_COL_NAME,FILE_UPLOAD_PLACE,COL_NAME,SAVE_TYPE,AUTO_INPUT,INPUT_ITEM,VIEW_ITEM,UNIQUE_ITEM,REQUIRED_ITEM,AUTOREG_HIDE_ITEM,AUTOREG_ONLY_ITEM,INITIAL_VALUE,VALIDATE_OPTION,BEFORE_VALIDATE_REGISTER,AFTER_VALIDATE_REGISTER,DESCRIPTION_JA,DESCRIPTION_EN,NOTE,DISUSE_FLAG,LAST_UPDATE_TIMESTAMP,LAST_UPDATE_USER) VALUES('2040315','20403','備考','Remarks','remarks',NULL,'12',150,NULL,NULL,NULL,NULL,'0',NULL,NULL,'NOTE',NULL,'0','1','1','0','0','0','0',NULL,'{
"max_length": 4000
}',NULL,NULL,'自由記述欄。レコードの廃止・復活時にも記載可能。','Comments section. Can comment when removing or restoring records.',NULL,'0',_____DATE_____,1);
INSERT INTO T_COMN_MENU_COLUMN_LINK_JNL (JOURNAL_SEQ_NO,JOURNAL_REG_DATETIME,JOURNAL_ACTION_CLASS,COLUMN_DEFINITION_ID,MENU_ID,COLUMN_NAME_JA,COLUMN_NAME_EN,COLUMN_NAME_REST,COL_GROUP_ID,COLUMN_CLASS,COLUMN_DISP_SEQ,REF_TABLE_NAME,REF_PKEY_NAME,REF_COL_NAME,REF_SORT_CONDITIONS,REF_MULTI_LANG,SENSITIVE_COL_NAME,FILE_UPLOAD_PLACE,COL_NAME,SAVE_TYPE,AUTO_INPUT,INPUT_ITEM,VIEW_ITEM,UNIQUE_ITEM,REQUIRED_ITEM,AUTOREG_HIDE_ITEM,AUTOREG_ONLY_ITEM,INITIAL_VALUE,VALIDATE_OPTION,BEFORE_VALIDATE_REGISTER,AFTER_VALIDATE_REGISTER,DESCRIPTION_JA,DESCRIPTION_EN,NOTE,DISUSE_FLAG,LAST_UPDATE_TIMESTAMP,LAST_UPDATE_USER) VALUES(2040315,_____DATE_____,'INSERT','2040315','20403','備考','Remarks','remarks',NULL,'12',150,NULL,NULL,NULL,NULL,'0',NULL,NULL,'NOTE',NULL,'0','1','1','0','0','0','0',NULL,'{
"max_length": 4000
}',NULL,NULL,'自由記述欄。レコードの廃止・復活時にも記載可能。','Comments section. Can comment when removing or restoring records.',NULL,'0',_____DATE_____,1);
INSERT INTO T_COMN_MENU_COLUMN_LINK (COLUMN_DEFINITION_ID,MENU_ID,COLUMN_NAME_JA,COLUMN_NAME_EN,COLUMN_NAME_REST,COL_GROUP_ID,COLUMN_CLASS,COLUMN_DISP_SEQ,REF_TABLE_NAME,REF_PKEY_NAME,REF_COL_NAME,REF_SORT_CONDITIONS,REF_MULTI_LANG,SENSITIVE_COL_NAME,FILE_UPLOAD_PLACE,COL_NAME,SAVE_TYPE,AUTO_INPUT,INPUT_ITEM,VIEW_ITEM,UNIQUE_ITEM,REQUIRED_ITEM,AUTOREG_HIDE_ITEM,AUTOREG_ONLY_ITEM,INITIAL_VALUE,VALIDATE_OPTION,BEFORE_VALIDATE_REGISTER,AFTER_VALIDATE_REGISTER,DESCRIPTION_JA,DESCRIPTION_EN,NOTE,DISUSE_FLAG,LAST_UPDATE_TIMESTAMP,LAST_UPDATE_USER) VALUES('2040316','20403','廃止フラグ','Discard','discard',NULL,'1',160,NULL,NULL,NULL,NULL,'0',NULL,NULL,'DISUSE_FLAG',NULL,'1','1','1','0','1','0','0',NULL,NULL,NULL,NULL,'廃止フラグ。復活以外のオペレーションは不可','Discard flag. Cannot do operation other than restore.',NULL,'0',_____DATE_____,1);
INSERT INTO T_COMN_MENU_COLUMN_LINK_JNL (JOURNAL_SEQ_NO,JOURNAL_REG_DATETIME,JOURNAL_ACTION_CLASS,COLUMN_DEFINITION_ID,MENU_ID,COLUMN_NAME_JA,COLUMN_NAME_EN,COLUMN_NAME_REST,COL_GROUP_ID,COLUMN_CLASS,COLUMN_DISP_SEQ,REF_TABLE_NAME,REF_PKEY_NAME,REF_COL_NAME,REF_SORT_CONDITIONS,REF_MULTI_LANG,SENSITIVE_COL_NAME,FILE_UPLOAD_PLACE,COL_NAME,SAVE_TYPE,AUTO_INPUT,INPUT_ITEM,VIEW_ITEM,UNIQUE_ITEM,REQUIRED_ITEM,AUTOREG_HIDE_ITEM,AUTOREG_ONLY_ITEM,INITIAL_VALUE,VALIDATE_OPTION,BEFORE_VALIDATE_REGISTER,AFTER_VALIDATE_REGISTER,DESCRIPTION_JA,DESCRIPTION_EN,NOTE,DISUSE_FLAG,LAST_UPDATE_TIMESTAMP,LAST_UPDATE_USER) VALUES(2040316,_____DATE_____,'INSERT','2040316','20403','廃止フラグ','Discard','discard',NULL,'1',160,NULL,NULL,NULL,NULL,'0',NULL,NULL,'DISUSE_FLAG',NULL,'1','1','1','0','1','0','0',NULL,NULL,NULL,NULL,'廃止フラグ。復活以外のオペレーションは不可','Discard flag. Cannot do operation other than restore.',NULL,'0',_____DATE_____,1);
INSERT INTO T_COMN_MENU_COLUMN_LINK (COLUMN_DEFINITION_ID,MENU_ID,COLUMN_NAME_JA,COLUMN_NAME_EN,COLUMN_NAME_REST,COL_GROUP_ID,COLUMN_CLASS,COLUMN_DISP_SEQ,REF_TABLE_NAME,REF_PKEY_NAME,REF_COL_NAME,REF_SORT_CONDITIONS,REF_MULTI_LANG,SENSITIVE_COL_NAME,FILE_UPLOAD_PLACE,COL_NAME,SAVE_TYPE,AUTO_INPUT,INPUT_ITEM,VIEW_ITEM,UNIQUE_ITEM,REQUIRED_ITEM,AUTOREG_HIDE_ITEM,AUTOREG_ONLY_ITEM,INITIAL_VALUE,VALIDATE_OPTION,BEFORE_VALIDATE_REGISTER,AFTER_VALIDATE_REGISTER,DESCRIPTION_JA,DESCRIPTION_EN,NOTE,DISUSE_FLAG,LAST_UPDATE_TIMESTAMP,LAST_UPDATE_USER) VALUES('2040317','20403','最終更新日時','Last update date/time','last_update_date_time',NULL,'13',170,NULL,NULL,NULL,NULL,'0',NULL,NULL,'LAST_UPDATE_TIMESTAMP',NULL,'1','1','1','0','1','0','0',NULL,NULL,NULL,NULL,'レコードの最終更新日。更新可否判定に使用。自動登録のため編集不可。','Last update date of record. Useful for judging the possibility of an update. Cannot edit because of auto-numbering.',NULL,'0',_____DATE_____,1);
INSERT INTO T_COMN_MENU_COLUMN_LINK_JNL (JOURNAL_SEQ_NO,JOURNAL_REG_DATETIME,JOURNAL_ACTION_CLASS,COLUMN_DEFINITION_ID,MENU_ID,COLUMN_NAME_JA,COLUMN_NAME_EN,COLUMN_NAME_REST,COL_GROUP_ID,COLUMN_CLASS,COLUMN_DISP_SEQ,REF_TABLE_NAME,REF_PKEY_NAME,REF_COL_NAME,REF_SORT_CONDITIONS,REF_MULTI_LANG,SENSITIVE_COL_NAME,FILE_UPLOAD_PLACE,COL_NAME,SAVE_TYPE,AUTO_INPUT,INPUT_ITEM,VIEW_ITEM,UNIQUE_ITEM,REQUIRED_ITEM,AUTOREG_HIDE_ITEM,AUTOREG_ONLY_ITEM,INITIAL_VALUE,VALIDATE_OPTION,BEFORE_VALIDATE_REGISTER,AFTER_VALIDATE_REGISTER,DESCRIPTION_JA,DESCRIPTION_EN,NOTE,DISUSE_FLAG,LAST_UPDATE_TIMESTAMP,LAST_UPDATE_USER) VALUES(2040317,_____DATE_____,'INSERT','2040317','20403','最終更新日時','Last update date/time','last_update_date_time',NULL,'13',170,NULL,NULL,NULL,NULL,'0',NULL,NULL,'LAST_UPDATE_TIMESTAMP',NULL,'1','1','1','0','1','0','0',NULL,NULL,NULL,NULL,'レコードの最終更新日。更新可否判定に使用。自動登録のため編集不可。','Last update date of record. Useful for judging the possibility of an update. Cannot edit because of auto-numbering.',NULL,'0',_____DATE_____,1);
INSERT INTO T_COMN_MENU_COLUMN_LINK (COLUMN_DEFINITION_ID,MENU_ID,COLUMN_NAME_JA,COLUMN_NAME_EN,COLUMN_NAME_REST,COL_GROUP_ID,COLUMN_CLASS,COLUMN_DISP_SEQ,REF_TABLE_NAME,REF_PKEY_NAME,REF_COL_NAME,REF_SORT_CONDITIONS,REF_MULTI_LANG,SENSITIVE_COL_NAME,FILE_UPLOAD_PLACE,COL_NAME,SAVE_TYPE,AUTO_INPUT,INPUT_ITEM,VIEW_ITEM,UNIQUE_ITEM,REQUIRED_ITEM,AUTOREG_HIDE_ITEM,AUTOREG_ONLY_ITEM,INITIAL_VALUE,VALIDATE_OPTION,BEFORE_VALIDATE_REGISTER,AFTER_VALIDATE_REGISTER,DESCRIPTION_JA,DESCRIPTION_EN,NOTE,DISUSE_FLAG,LAST_UPDATE_TIMESTAMP,LAST_UPDATE_USER) VALUES('2040318','20403','最終更新者','Last updated by','last_updated_user',NULL,'14',180,NULL,NULL,NULL,NULL,'0',NULL,NULL,'LAST_UPDATE_USER',NULL,'1','1','1','0','1','0','0',NULL,NULL,NULL,NULL,'更新者。ログインユーザのIDが自動的に登録される。編集不可。','Updated by. Login user ID is automatically registered. Cannot edit.',NULL,'0',_____DATE_____,1);
INSERT INTO T_COMN_MENU_COLUMN_LINK_JNL (JOURNAL_SEQ_NO,JOURNAL_REG_DATETIME,JOURNAL_ACTION_CLASS,COLUMN_DEFINITION_ID,MENU_ID,COLUMN_NAME_JA,COLUMN_NAME_EN,COLUMN_NAME_REST,COL_GROUP_ID,COLUMN_CLASS,COLUMN_DISP_SEQ,REF_TABLE_NAME,REF_PKEY_NAME,REF_COL_NAME,REF_SORT_CONDITIONS,REF_MULTI_LANG,SENSITIVE_COL_NAME,FILE_UPLOAD_PLACE,COL_NAME,SAVE_TYPE,AUTO_INPUT,INPUT_ITEM,VIEW_ITEM,UNIQUE_ITEM,REQUIRED_ITEM,AUTOREG_HIDE_ITEM,AUTOREG_ONLY_ITEM,INITIAL_VALUE,VALIDATE_OPTION,BEFORE_VALIDATE_REGISTER,AFTER_VALIDATE_REGISTER,DESCRIPTION_JA,DESCRIPTION_EN,NOTE,DISUSE_FLAG,LAST_UPDATE_TIMESTAMP,LAST_UPDATE_USER) VALUES(2040318,_____DATE_____,'INSERT','2040318','20403','最終更新者','Last updated by','last_updated_user',NULL,'14',180,NULL,NULL,NULL,NULL,'0',NULL,NULL,'LAST_UPDATE_USER',NULL,'1','1','1','0','1','0','0',NULL,NULL,NULL,NULL,'更新者。ログインユーザのIDが自動的に登録される。編集不可。','Updated by. Login user ID is automatically registered. Cannot edit.',NULL,'0',_____DATE_____,1);
INSERT INTO T_COMN_MENU_COLUMN_LINK (COLUMN_DEFINITION_ID,MENU_ID,COLUMN_NAME_JA,COLUMN_NAME_EN,COLUMN_NAME_REST,COL_GROUP_ID,COLUMN_CLASS,COLUMN_DISP_SEQ,REF_TABLE_NAME,REF_PKEY_NAME,REF_COL_NAME,REF_SORT_CONDITIONS,REF_MULTI_LANG,SENSITIVE_COL_NAME,FILE_UPLOAD_PLACE,COL_NAME,SAVE_TYPE,AUTO_INPUT,INPUT_ITEM,VIEW_ITEM,UNIQUE_ITEM,REQUIRED_ITEM,AUTOREG_HIDE_ITEM,AUTOREG_ONLY_ITEM,INITIAL_VALUE,VALIDATE_OPTION,BEFORE_VALIDATE_REGISTER,AFTER_VALIDATE_REGISTER,DESCRIPTION_JA,DESCRIPTION_EN,NOTE,DISUSE_FLAG,LAST_UPDATE_TIMESTAMP,LAST_UPDATE_USER) VALUES('2040401','20404','項番','Item No.','item_no',NULL,'1',10,NULL,NULL,NULL,NULL,'0',NULL,NULL,'ROLE_PACKAGE_ID',NULL,'1','1','1','1','1','0','0',NULL,NULL,NULL,NULL,'自動採番のため編集不可。実行処理種別が【登録】の場合、空白のみ可。','Cannot edit because of auto-numbering. Must be blank when execution process type is [Register].',NULL,'0',_____DATE_____,1);
INSERT INTO T_COMN_MENU_COLUMN_LINK_JNL (JOURNAL_SEQ_NO,JOURNAL_REG_DATETIME,JOURNAL_ACTION_CLASS,COLUMN_DEFINITION_ID,MENU_ID,COLUMN_NAME_JA,COLUMN_NAME_EN,COLUMN_NAME_REST,COL_GROUP_ID,COLUMN_CLASS,COLUMN_DISP_SEQ,REF_TABLE_NAME,REF_PKEY_NAME,REF_COL_NAME,REF_SORT_CONDITIONS,REF_MULTI_LANG,SENSITIVE_COL_NAME,FILE_UPLOAD_PLACE,COL_NAME,SAVE_TYPE,AUTO_INPUT,INPUT_ITEM,VIEW_ITEM,UNIQUE_ITEM,REQUIRED_ITEM,AUTOREG_HIDE_ITEM,AUTOREG_ONLY_ITEM,INITIAL_VALUE,VALIDATE_OPTION,BEFORE_VALIDATE_REGISTER,AFTER_VALIDATE_REGISTER,DESCRIPTION_JA,DESCRIPTION_EN,NOTE,DISUSE_FLAG,LAST_UPDATE_TIMESTAMP,LAST_UPDATE_USER) VALUES(2040401,_____DATE_____,'INSERT','2040401','20404','項番','Item No.','item_no',NULL,'1',10,NULL,NULL,NULL,NULL,'0',NULL,NULL,'ROLE_PACKAGE_ID',NULL,'1','1','1','1','1','0','0',NULL,NULL,NULL,NULL,'自動採番のため編集不可。実行処理種別が【登録】の場合、空白のみ可。','Cannot edit because of auto-numbering. Must be blank when execution process type is [Register].',NULL,'0',_____DATE_____,1);
INSERT INTO T_COMN_MENU_COLUMN_LINK (COLUMN_DEFINITION_ID,MENU_ID,COLUMN_NAME_JA,COLUMN_NAME_EN,COLUMN_NAME_REST,COL_GROUP_ID,COLUMN_CLASS,COLUMN_DISP_SEQ,REF_TABLE_NAME,REF_PKEY_NAME,REF_COL_NAME,REF_SORT_CONDITIONS,REF_MULTI_LANG,SENSITIVE_COL_NAME,FILE_UPLOAD_PLACE,COL_NAME,SAVE_TYPE,AUTO_INPUT,INPUT_ITEM,VIEW_ITEM,UNIQUE_ITEM,REQUIRED_ITEM,AUTOREG_HIDE_ITEM,AUTOREG_ONLY_ITEM,INITIAL_VALUE,VALIDATE_OPTION,BEFORE_VALIDATE_REGISTER,AFTER_VALIDATE_REGISTER,DESCRIPTION_JA,DESCRIPTION_EN,NOTE,DISUSE_FLAG,LAST_UPDATE_TIMESTAMP,LAST_UPDATE_USER) VALUES('2040402','20404','ロールパッケージ名','Role package name','role_package_name',NULL,'1',20,NULL,NULL,NULL,NULL,'0',NULL,NULL,'ROLE_PACKAGE_NAME',NULL,'0','1','1','1','1','0','0',NULL,'{
"min_length": 1,
"max_length": 255
}',NULL,NULL,'[最大長]255バイト','[Maximum length] 255 byte',NULL,'0',_____DATE_____,1);
INSERT INTO T_COMN_MENU_COLUMN_LINK_JNL (JOURNAL_SEQ_NO,JOURNAL_REG_DATETIME,JOURNAL_ACTION_CLASS,COLUMN_DEFINITION_ID,MENU_ID,COLUMN_NAME_JA,COLUMN_NAME_EN,COLUMN_NAME_REST,COL_GROUP_ID,COLUMN_CLASS,COLUMN_DISP_SEQ,REF_TABLE_NAME,REF_PKEY_NAME,REF_COL_NAME,REF_SORT_CONDITIONS,REF_MULTI_LANG,SENSITIVE_COL_NAME,FILE_UPLOAD_PLACE,COL_NAME,SAVE_TYPE,AUTO_INPUT,INPUT_ITEM,VIEW_ITEM,UNIQUE_ITEM,REQUIRED_ITEM,AUTOREG_HIDE_ITEM,AUTOREG_ONLY_ITEM,INITIAL_VALUE,VALIDATE_OPTION,BEFORE_VALIDATE_REGISTER,AFTER_VALIDATE_REGISTER,DESCRIPTION_JA,DESCRIPTION_EN,NOTE,DISUSE_FLAG,LAST_UPDATE_TIMESTAMP,LAST_UPDATE_USER) VALUES(2040402,_____DATE_____,'INSERT','2040402','20404','ロールパッケージ名','Role package name','role_package_name',NULL,'1',20,NULL,NULL,NULL,NULL,'0',NULL,NULL,'ROLE_PACKAGE_NAME',NULL,'0','1','1','1','1','0','0',NULL,'{
"min_length": 1,
"max_length": 255
}',NULL,NULL,'[最大長]255バイト','[Maximum length] 255 byte',NULL,'0',_____DATE_____,1);
INSERT INTO T_COMN_MENU_COLUMN_LINK (COLUMN_DEFINITION_ID,MENU_ID,COLUMN_NAME_JA,COLUMN_NAME_EN,COLUMN_NAME_REST,COL_GROUP_ID,COLUMN_CLASS,COLUMN_DISP_SEQ,REF_TABLE_NAME,REF_PKEY_NAME,REF_COL_NAME,REF_SORT_CONDITIONS,REF_MULTI_LANG,SENSITIVE_COL_NAME,FILE_UPLOAD_PLACE,COL_NAME,SAVE_TYPE,AUTO_INPUT,INPUT_ITEM,VIEW_ITEM,UNIQUE_ITEM,REQUIRED_ITEM,AUTOREG_HIDE_ITEM,AUTOREG_ONLY_ITEM,INITIAL_VALUE,VALIDATE_OPTION,BEFORE_VALIDATE_REGISTER,AFTER_VALIDATE_REGISTER,DESCRIPTION_JA,DESCRIPTION_EN,NOTE,DISUSE_FLAG,LAST_UPDATE_TIMESTAMP,LAST_UPDATE_USER) VALUES('2040403','20404','ロールパッケージファイル(ZIP形式)','Role package file (ZIP format)','zip_format_role_package_file',NULL,'9',30,NULL,NULL,NULL,NULL,'0',NULL,NULL,'ROLE_PACKAGE_FILE',NULL,'0','1','1','0','1','0','0',NULL,'{
"upload_max_size": 4294967296
}',NULL,NULL,'[最大サイズ]4GB','[Maximum size] 4GB',NULL,'0',_____DATE_____,1);
INSERT INTO T_COMN_MENU_COLUMN_LINK_JNL (JOURNAL_SEQ_NO,JOURNAL_REG_DATETIME,JOURNAL_ACTION_CLASS,COLUMN_DEFINITION_ID,MENU_ID,COLUMN_NAME_JA,COLUMN_NAME_EN,COLUMN_NAME_REST,COL_GROUP_ID,COLUMN_CLASS,COLUMN_DISP_SEQ,REF_TABLE_NAME,REF_PKEY_NAME,REF_COL_NAME,REF_SORT_CONDITIONS,REF_MULTI_LANG,SENSITIVE_COL_NAME,FILE_UPLOAD_PLACE,COL_NAME,SAVE_TYPE,AUTO_INPUT,INPUT_ITEM,VIEW_ITEM,UNIQUE_ITEM,REQUIRED_ITEM,AUTOREG_HIDE_ITEM,AUTOREG_ONLY_ITEM,INITIAL_VALUE,VALIDATE_OPTION,BEFORE_VALIDATE_REGISTER,AFTER_VALIDATE_REGISTER,DESCRIPTION_JA,DESCRIPTION_EN,NOTE,DISUSE_FLAG,LAST_UPDATE_TIMESTAMP,LAST_UPDATE_USER) VALUES(2040403,_____DATE_____,'INSERT','2040403','20404','ロールパッケージファイル(ZIP形式)','Role package file (ZIP format)','zip_format_role_package_file',NULL,'9',30,NULL,NULL,NULL,NULL,'0',NULL,NULL,'ROLE_PACKAGE_FILE',NULL,'0','1','1','0','1','0','0',NULL,'{
"upload_max_size": 4294967296
}',NULL,NULL,'[最大サイズ]4GB','[Maximum size] 4GB',NULL,'0',_____DATE_____,1);
INSERT INTO T_COMN_MENU_COLUMN_LINK (COLUMN_DEFINITION_ID,MENU_ID,COLUMN_NAME_JA,COLUMN_NAME_EN,COLUMN_NAME_REST,COL_GROUP_ID,COLUMN_CLASS,COLUMN_DISP_SEQ,REF_TABLE_NAME,REF_PKEY_NAME,REF_COL_NAME,REF_SORT_CONDITIONS,REF_MULTI_LANG,SENSITIVE_COL_NAME,FILE_UPLOAD_PLACE,COL_NAME,SAVE_TYPE,AUTO_INPUT,INPUT_ITEM,VIEW_ITEM,UNIQUE_ITEM,REQUIRED_ITEM,AUTOREG_HIDE_ITEM,AUTOREG_ONLY_ITEM,INITIAL_VALUE,VALIDATE_OPTION,BEFORE_VALIDATE_REGISTER,AFTER_VALIDATE_REGISTER,DESCRIPTION_JA,DESCRIPTION_EN,NOTE,DISUSE_FLAG,LAST_UPDATE_TIMESTAMP,LAST_UPDATE_USER) VALUES('2040404','20404','変数定義解析結果','Variable definition analysis result','variable_definition_analysis_result',NULL,'2',40,NULL,NULL,NULL,NULL,'0',NULL,NULL,'VAR_STRUCT_ANAL_JSON_STRING',NULL,'0','0','0','0','0','0','0',NULL,'{
"max_length": 4294967296
}',NULL,NULL,'変数定義解析結果','Variable definition analysis result',NULL,'0',_____DATE_____,1);
INSERT INTO T_COMN_MENU_COLUMN_LINK_JNL (JOURNAL_SEQ_NO,JOURNAL_REG_DATETIME,JOURNAL_ACTION_CLASS,COLUMN_DEFINITION_ID,MENU_ID,COLUMN_NAME_JA,COLUMN_NAME_EN,COLUMN_NAME_REST,COL_GROUP_ID,COLUMN_CLASS,COLUMN_DISP_SEQ,REF_TABLE_NAME,REF_PKEY_NAME,REF_COL_NAME,REF_SORT_CONDITIONS,REF_MULTI_LANG,SENSITIVE_COL_NAME,FILE_UPLOAD_PLACE,COL_NAME,SAVE_TYPE,AUTO_INPUT,INPUT_ITEM,VIEW_ITEM,UNIQUE_ITEM,REQUIRED_ITEM,AUTOREG_HIDE_ITEM,AUTOREG_ONLY_ITEM,INITIAL_VALUE,VALIDATE_OPTION,BEFORE_VALIDATE_REGISTER,AFTER_VALIDATE_REGISTER,DESCRIPTION_JA,DESCRIPTION_EN,NOTE,DISUSE_FLAG,LAST_UPDATE_TIMESTAMP,LAST_UPDATE_USER) VALUES(2040404,_____DATE_____,'INSERT','2040404','20404','変数定義解析結果','Variable definition analysis result','variable_definition_analysis_result',NULL,'2',40,NULL,NULL,NULL,NULL,'0',NULL,NULL,'VAR_STRUCT_ANAL_JSON_STRING',NULL,'0','0','0','0','0','0','0',NULL,'{
"max_length": 4294967296
}',NULL,NULL,'変数定義解析結果','Variable definition analysis result',NULL,'0',_____DATE_____,1);
INSERT INTO T_COMN_MENU_COLUMN_LINK (COLUMN_DEFINITION_ID,MENU_ID,COLUMN_NAME_JA,COLUMN_NAME_EN,COLUMN_NAME_REST,COL_GROUP_ID,COLUMN_CLASS,COLUMN_DISP_SEQ,REF_TABLE_NAME,REF_PKEY_NAME,REF_COL_NAME,REF_SORT_CONDITIONS,REF_MULTI_LANG,SENSITIVE_COL_NAME,FILE_UPLOAD_PLACE,COL_NAME,SAVE_TYPE,AUTO_INPUT,INPUT_ITEM,VIEW_ITEM,UNIQUE_ITEM,REQUIRED_ITEM,AUTOREG_HIDE_ITEM,AUTOREG_ONLY_ITEM,INITIAL_VALUE,VALIDATE_OPTION,BEFORE_VALIDATE_REGISTER,AFTER_VALIDATE_REGISTER,DESCRIPTION_JA,DESCRIPTION_EN,NOTE,DISUSE_FLAG,LAST_UPDATE_TIMESTAMP,LAST_UPDATE_USER) VALUES('2040405','20404','備考','Remarks','remarks',NULL,'12',50,NULL,NULL,NULL,NULL,'0',NULL,NULL,'NOTE',NULL,'0','1','1','0','0','0','0',NULL,NULL,NULL,NULL,'自由記述欄。レコードの廃止・復活時にも記載可能。','Comments section. Can comment when removing or restoring records.',NULL,'0',_____DATE_____,1);
INSERT INTO T_COMN_MENU_COLUMN_LINK_JNL (JOURNAL_SEQ_NO,JOURNAL_REG_DATETIME,JOURNAL_ACTION_CLASS,COLUMN_DEFINITION_ID,MENU_ID,COLUMN_NAME_JA,COLUMN_NAME_EN,COLUMN_NAME_REST,COL_GROUP_ID,COLUMN_CLASS,COLUMN_DISP_SEQ,REF_TABLE_NAME,REF_PKEY_NAME,REF_COL_NAME,REF_SORT_CONDITIONS,REF_MULTI_LANG,SENSITIVE_COL_NAME,FILE_UPLOAD_PLACE,COL_NAME,SAVE_TYPE,AUTO_INPUT,INPUT_ITEM,VIEW_ITEM,UNIQUE_ITEM,REQUIRED_ITEM,AUTOREG_HIDE_ITEM,AUTOREG_ONLY_ITEM,INITIAL_VALUE,VALIDATE_OPTION,BEFORE_VALIDATE_REGISTER,AFTER_VALIDATE_REGISTER,DESCRIPTION_JA,DESCRIPTION_EN,NOTE,DISUSE_FLAG,LAST_UPDATE_TIMESTAMP,LAST_UPDATE_USER) VALUES(2040405,_____DATE_____,'INSERT','2040405','20404','備考','Remarks','remarks',NULL,'12',50,NULL,NULL,NULL,NULL,'0',NULL,NULL,'NOTE',NULL,'0','1','1','0','0','0','0',NULL,NULL,NULL,NULL,'自由記述欄。レコードの廃止・復活時にも記載可能。','Comments section. Can comment when removing or restoring records.',NULL,'0',_____DATE_____,1);
INSERT INTO T_COMN_MENU_COLUMN_LINK (COLUMN_DEFINITION_ID,MENU_ID,COLUMN_NAME_JA,COLUMN_NAME_EN,COLUMN_NAME_REST,COL_GROUP_ID,COLUMN_CLASS,COLUMN_DISP_SEQ,REF_TABLE_NAME,REF_PKEY_NAME,REF_COL_NAME,REF_SORT_CONDITIONS,REF_MULTI_LANG,SENSITIVE_COL_NAME,FILE_UPLOAD_PLACE,COL_NAME,SAVE_TYPE,AUTO_INPUT,INPUT_ITEM,VIEW_ITEM,UNIQUE_ITEM,REQUIRED_ITEM,AUTOREG_HIDE_ITEM,AUTOREG_ONLY_ITEM,INITIAL_VALUE,VALIDATE_OPTION,BEFORE_VALIDATE_REGISTER,AFTER_VALIDATE_REGISTER,DESCRIPTION_JA,DESCRIPTION_EN,NOTE,DISUSE_FLAG,LAST_UPDATE_TIMESTAMP,LAST_UPDATE_USER) VALUES('2040406','20404','廃止フラグ','Discard','discard',NULL,'1',60,NULL,NULL,NULL,NULL,'0',NULL,NULL,'DISUSE_FLAG',NULL,'1','1','1','0','1','0','0',NULL,NULL,NULL,NULL,'廃止フラグ。復活以外のオペレーションは不可','Discard flag. Cannot do operation other than restore.',NULL,'0',_____DATE_____,1);
INSERT INTO T_COMN_MENU_COLUMN_LINK_JNL (JOURNAL_SEQ_NO,JOURNAL_REG_DATETIME,JOURNAL_ACTION_CLASS,COLUMN_DEFINITION_ID,MENU_ID,COLUMN_NAME_JA,COLUMN_NAME_EN,COLUMN_NAME_REST,COL_GROUP_ID,COLUMN_CLASS,COLUMN_DISP_SEQ,REF_TABLE_NAME,REF_PKEY_NAME,REF_COL_NAME,REF_SORT_CONDITIONS,REF_MULTI_LANG,SENSITIVE_COL_NAME,FILE_UPLOAD_PLACE,COL_NAME,SAVE_TYPE,AUTO_INPUT,INPUT_ITEM,VIEW_ITEM,UNIQUE_ITEM,REQUIRED_ITEM,AUTOREG_HIDE_ITEM,AUTOREG_ONLY_ITEM,INITIAL_VALUE,VALIDATE_OPTION,BEFORE_VALIDATE_REGISTER,AFTER_VALIDATE_REGISTER,DESCRIPTION_JA,DESCRIPTION_EN,NOTE,DISUSE_FLAG,LAST_UPDATE_TIMESTAMP,LAST_UPDATE_USER) VALUES(2040406,_____DATE_____,'INSERT','2040406','20404','廃止フラグ','Discard','discard',NULL,'1',60,NULL,NULL,NULL,NULL,'0',NULL,NULL,'DISUSE_FLAG',NULL,'1','1','1','0','1','0','0',NULL,NULL,NULL,NULL,'廃止フラグ。復活以外のオペレーションは不可','Discard flag. Cannot do operation other than restore.',NULL,'0',_____DATE_____,1);
INSERT INTO T_COMN_MENU_COLUMN_LINK (COLUMN_DEFINITION_ID,MENU_ID,COLUMN_NAME_JA,COLUMN_NAME_EN,COLUMN_NAME_REST,COL_GROUP_ID,COLUMN_CLASS,COLUMN_DISP_SEQ,REF_TABLE_NAME,REF_PKEY_NAME,REF_COL_NAME,REF_SORT_CONDITIONS,REF_MULTI_LANG,SENSITIVE_COL_NAME,FILE_UPLOAD_PLACE,COL_NAME,SAVE_TYPE,AUTO_INPUT,INPUT_ITEM,VIEW_ITEM,UNIQUE_ITEM,REQUIRED_ITEM,AUTOREG_HIDE_ITEM,AUTOREG_ONLY_ITEM,INITIAL_VALUE,VALIDATE_OPTION,BEFORE_VALIDATE_REGISTER,AFTER_VALIDATE_REGISTER,DESCRIPTION_JA,DESCRIPTION_EN,NOTE,DISUSE_FLAG,LAST_UPDATE_TIMESTAMP,LAST_UPDATE_USER) VALUES('2040407','20404','最終更新日時','Last update date/time','last_update_date_time',NULL,'13',70,NULL,NULL,NULL,NULL,'0',NULL,NULL,'LAST_UPDATE_TIMESTAMP',NULL,'1','1','1','0','1','0','0',NULL,NULL,NULL,NULL,'レコードの最終更新日。更新可否判定に使用。自動登録のため編集不可。','Last update date of record. Useful for judging the possibility of an update. Cannot edit because of auto-numbering.',NULL,'0',_____DATE_____,1);
INSERT INTO T_COMN_MENU_COLUMN_LINK_JNL (JOURNAL_SEQ_NO,JOURNAL_REG_DATETIME,JOURNAL_ACTION_CLASS,COLUMN_DEFINITION_ID,MENU_ID,COLUMN_NAME_JA,COLUMN_NAME_EN,COLUMN_NAME_REST,COL_GROUP_ID,COLUMN_CLASS,COLUMN_DISP_SEQ,REF_TABLE_NAME,REF_PKEY_NAME,REF_COL_NAME,REF_SORT_CONDITIONS,REF_MULTI_LANG,SENSITIVE_COL_NAME,FILE_UPLOAD_PLACE,COL_NAME,SAVE_TYPE,AUTO_INPUT,INPUT_ITEM,VIEW_ITEM,UNIQUE_ITEM,REQUIRED_ITEM,AUTOREG_HIDE_ITEM,AUTOREG_ONLY_ITEM,INITIAL_VALUE,VALIDATE_OPTION,BEFORE_VALIDATE_REGISTER,AFTER_VALIDATE_REGISTER,DESCRIPTION_JA,DESCRIPTION_EN,NOTE,DISUSE_FLAG,LAST_UPDATE_TIMESTAMP,LAST_UPDATE_USER) VALUES(2040407,_____DATE_____,'INSERT','2040407','20404','最終更新日時','Last update date/time','last_update_date_time',NULL,'13',70,NULL,NULL,NULL,NULL,'0',NULL,NULL,'LAST_UPDATE_TIMESTAMP',NULL,'1','1','1','0','1','0','0',NULL,NULL,NULL,NULL,'レコードの最終更新日。更新可否判定に使用。自動登録のため編集不可。','Last update date of record. Useful for judging the possibility of an update. Cannot edit because of auto-numbering.',NULL,'0',_____DATE_____,1);
INSERT INTO T_COMN_MENU_COLUMN_LINK (COLUMN_DEFINITION_ID,MENU_ID,COLUMN_NAME_JA,COLUMN_NAME_EN,COLUMN_NAME_REST,COL_GROUP_ID,COLUMN_CLASS,COLUMN_DISP_SEQ,REF_TABLE_NAME,REF_PKEY_NAME,REF_COL_NAME,REF_SORT_CONDITIONS,REF_MULTI_LANG,SENSITIVE_COL_NAME,FILE_UPLOAD_PLACE,COL_NAME,SAVE_TYPE,AUTO_INPUT,INPUT_ITEM,VIEW_ITEM,UNIQUE_ITEM,REQUIRED_ITEM,AUTOREG_HIDE_ITEM,AUTOREG_ONLY_ITEM,INITIAL_VALUE,VALIDATE_OPTION,BEFORE_VALIDATE_REGISTER,AFTER_VALIDATE_REGISTER,DESCRIPTION_JA,DESCRIPTION_EN,NOTE,DISUSE_FLAG,LAST_UPDATE_TIMESTAMP,LAST_UPDATE_USER) VALUES('2040408','20404','最終更新者','Last updated by','last_updated_user',NULL,'14',80,NULL,NULL,NULL,NULL,'0',NULL,NULL,'LAST_UPDATE_USER',NULL,'1','1','1','0','1','0','0',NULL,NULL,NULL,NULL,'更新者。ログインユーザのIDが自動的に登録される。編集不可。','Updated by. Login user ID is automatically registered. Cannot edit.',NULL,'0',_____DATE_____,1);
INSERT INTO T_COMN_MENU_COLUMN_LINK_JNL (JOURNAL_SEQ_NO,JOURNAL_REG_DATETIME,JOURNAL_ACTION_CLASS,COLUMN_DEFINITION_ID,MENU_ID,COLUMN_NAME_JA,COLUMN_NAME_EN,COLUMN_NAME_REST,COL_GROUP_ID,COLUMN_CLASS,COLUMN_DISP_SEQ,REF_TABLE_NAME,REF_PKEY_NAME,REF_COL_NAME,REF_SORT_CONDITIONS,REF_MULTI_LANG,SENSITIVE_COL_NAME,FILE_UPLOAD_PLACE,COL_NAME,SAVE_TYPE,AUTO_INPUT,INPUT_ITEM,VIEW_ITEM,UNIQUE_ITEM,REQUIRED_ITEM,AUTOREG_HIDE_ITEM,AUTOREG_ONLY_ITEM,INITIAL_VALUE,VALIDATE_OPTION,BEFORE_VALIDATE_REGISTER,AFTER_VALIDATE_REGISTER,DESCRIPTION_JA,DESCRIPTION_EN,NOTE,DISUSE_FLAG,LAST_UPDATE_TIMESTAMP,LAST_UPDATE_USER) VALUES(2040408,_____DATE_____,'INSERT','2040408','20404','最終更新者','Last updated by','last_updated_user',NULL,'14',80,NULL,NULL,NULL,NULL,'0',NULL,NULL,'LAST_UPDATE_USER',NULL,'1','1','1','0','1','0','0',NULL,NULL,NULL,NULL,'更新者。ログインユーザのIDが自動的に登録される。編集不可。','Updated by. Login user ID is automatically registered. Cannot edit.',NULL,'0',_____DATE_____,1);
INSERT INTO T_COMN_MENU_COLUMN_LINK (COLUMN_DEFINITION_ID,MENU_ID,COLUMN_NAME_JA,COLUMN_NAME_EN,COLUMN_NAME_REST,COL_GROUP_ID,COLUMN_CLASS,COLUMN_DISP_SEQ,REF_TABLE_NAME,REF_PKEY_NAME,REF_COL_NAME,REF_SORT_CONDITIONS,REF_MULTI_LANG,SENSITIVE_COL_NAME,FILE_UPLOAD_PLACE,COL_NAME,SAVE_TYPE,AUTO_INPUT,INPUT_ITEM,VIEW_ITEM,UNIQUE_ITEM,REQUIRED_ITEM,AUTOREG_HIDE_ITEM,AUTOREG_ONLY_ITEM,INITIAL_VALUE,VALIDATE_OPTION,BEFORE_VALIDATE_REGISTER,AFTER_VALIDATE_REGISTER,DESCRIPTION_JA,DESCRIPTION_EN,NOTE,DISUSE_FLAG,LAST_UPDATE_TIMESTAMP,LAST_UPDATE_USER) VALUES('2040501','20405','項番','Associated item No.','associated_item_no',NULL,'1',10,NULL,NULL,NULL,NULL,'0',NULL,NULL,'MVMT_MATL_LINK_ID',NULL,'1','1','1','1','1','0','0',NULL,NULL,NULL,NULL,'自動採番のため編集不可。実行処理種別が【登録】の場合、空白のみ可。','Cannot edit because of auto-numbering. Must be blank when execution process type is [Register].',NULL,'0',_____DATE_____,1);
INSERT INTO T_COMN_MENU_COLUMN_LINK_JNL (JOURNAL_SEQ_NO,JOURNAL_REG_DATETIME,JOURNAL_ACTION_CLASS,COLUMN_DEFINITION_ID,MENU_ID,COLUMN_NAME_JA,COLUMN_NAME_EN,COLUMN_NAME_REST,COL_GROUP_ID,COLUMN_CLASS,COLUMN_DISP_SEQ,REF_TABLE_NAME,REF_PKEY_NAME,REF_COL_NAME,REF_SORT_CONDITIONS,REF_MULTI_LANG,SENSITIVE_COL_NAME,FILE_UPLOAD_PLACE,COL_NAME,SAVE_TYPE,AUTO_INPUT,INPUT_ITEM,VIEW_ITEM,UNIQUE_ITEM,REQUIRED_ITEM,AUTOREG_HIDE_ITEM,AUTOREG_ONLY_ITEM,INITIAL_VALUE,VALIDATE_OPTION,BEFORE_VALIDATE_REGISTER,AFTER_VALIDATE_REGISTER,DESCRIPTION_JA,DESCRIPTION_EN,NOTE,DISUSE_FLAG,LAST_UPDATE_TIMESTAMP,LAST_UPDATE_USER) VALUES(2040501,_____DATE_____,'INSERT','2040501','20405','項番','Associated item No.','associated_item_no',NULL,'1',10,NULL,NULL,NULL,NULL,'0',NULL,NULL,'MVMT_MATL_LINK_ID',NULL,'1','1','1','1','1','0','0',NULL,NULL,NULL,NULL,'自動採番のため編集不可。実行処理種別が【登録】の場合、空白のみ可。','Cannot edit because of auto-numbering. Must be blank when execution process type is [Register].',NULL,'0',_____DATE_____,1);
INSERT INTO T_COMN_MENU_COLUMN_LINK (COLUMN_DEFINITION_ID,MENU_ID,COLUMN_NAME_JA,COLUMN_NAME_EN,COLUMN_NAME_REST,COL_GROUP_ID,COLUMN_CLASS,COLUMN_DISP_SEQ,REF_TABLE_NAME,REF_PKEY_NAME,REF_COL_NAME,REF_SORT_CONDITIONS,REF_MULTI_LANG,SENSITIVE_COL_NAME,FILE_UPLOAD_PLACE,COL_NAME,SAVE_TYPE,AUTO_INPUT,INPUT_ITEM,VIEW_ITEM,UNIQUE_ITEM,REQUIRED_ITEM,AUTOREG_HIDE_ITEM,AUTOREG_ONLY_ITEM,INITIAL_VALUE,VALIDATE_OPTION,BEFORE_VALIDATE_REGISTER,AFTER_VALIDATE_REGISTER,DESCRIPTION_JA,DESCRIPTION_EN,NOTE,DISUSE_FLAG,LAST_UPDATE_TIMESTAMP,LAST_UPDATE_USER) VALUES('2040502','20405','Movement','Movement','movement',NULL,'7',20,'V_ANSR_MOVEMENT','MOVEMENT_ID','MOVEMENT_NAME',NULL,'0',NULL,NULL,'MOVEMENT_ID',NULL,'0','1','1','0','1','0','0',NULL,NULL,NULL,NULL,'[元データ]Movement一覧','[Original data] Movement list',NULL,'0',_____DATE_____,1);
INSERT INTO T_COMN_MENU_COLUMN_LINK_JNL (JOURNAL_SEQ_NO,JOURNAL_REG_DATETIME,JOURNAL_ACTION_CLASS,COLUMN_DEFINITION_ID,MENU_ID,COLUMN_NAME_JA,COLUMN_NAME_EN,COLUMN_NAME_REST,COL_GROUP_ID,COLUMN_CLASS,COLUMN_DISP_SEQ,REF_TABLE_NAME,REF_PKEY_NAME,REF_COL_NAME,REF_SORT_CONDITIONS,REF_MULTI_LANG,SENSITIVE_COL_NAME,FILE_UPLOAD_PLACE,COL_NAME,SAVE_TYPE,AUTO_INPUT,INPUT_ITEM,VIEW_ITEM,UNIQUE_ITEM,REQUIRED_ITEM,AUTOREG_HIDE_ITEM,AUTOREG_ONLY_ITEM,INITIAL_VALUE,VALIDATE_OPTION,BEFORE_VALIDATE_REGISTER,AFTER_VALIDATE_REGISTER,DESCRIPTION_JA,DESCRIPTION_EN,NOTE,DISUSE_FLAG,LAST_UPDATE_TIMESTAMP,LAST_UPDATE_USER) VALUES(2040502,_____DATE_____,'INSERT','2040502','20405','Movement','Movement','movement',NULL,'7',20,'V_ANSR_MOVEMENT','MOVEMENT_ID','MOVEMENT_NAME',NULL,'0',NULL,NULL,'MOVEMENT_ID',NULL,'0','1','1','0','1','0','0',NULL,NULL,NULL,NULL,'[元データ]Movement一覧','[Original data] Movement list',NULL,'0',_____DATE_____,1);
INSERT INTO T_COMN_MENU_COLUMN_LINK (COLUMN_DEFINITION_ID,MENU_ID,COLUMN_NAME_JA,COLUMN_NAME_EN,COLUMN_NAME_REST,COL_GROUP_ID,COLUMN_CLASS,COLUMN_DISP_SEQ,REF_TABLE_NAME,REF_PKEY_NAME,REF_COL_NAME,REF_SORT_CONDITIONS,REF_MULTI_LANG,SENSITIVE_COL_NAME,FILE_UPLOAD_PLACE,COL_NAME,SAVE_TYPE,AUTO_INPUT,INPUT_ITEM,VIEW_ITEM,UNIQUE_ITEM,REQUIRED_ITEM,AUTOREG_HIDE_ITEM,AUTOREG_ONLY_ITEM,INITIAL_VALUE,VALIDATE_OPTION,BEFORE_VALIDATE_REGISTER,AFTER_VALIDATE_REGISTER,DESCRIPTION_JA,DESCRIPTION_EN,NOTE,DISUSE_FLAG,LAST_UPDATE_TIMESTAMP,LAST_UPDATE_USER) VALUES('2040503','20405','ロールパッケージ名','Role package name','role_package_name',NULL,'1',30,NULL,NULL,NULL,NULL,'0',NULL,NULL,'ROLE_PACKAGE_ID',NULL,'0','0','0','0','0','0','0',NULL,NULL,NULL,NULL,'[元データ]ロールパッケージ一覧','[Original data]role package list.',NULL,'0',_____DATE_____,1);
INSERT INTO T_COMN_MENU_COLUMN_LINK_JNL (JOURNAL_SEQ_NO,JOURNAL_REG_DATETIME,JOURNAL_ACTION_CLASS,COLUMN_DEFINITION_ID,MENU_ID,COLUMN_NAME_JA,COLUMN_NAME_EN,COLUMN_NAME_REST,COL_GROUP_ID,COLUMN_CLASS,COLUMN_DISP_SEQ,REF_TABLE_NAME,REF_PKEY_NAME,REF_COL_NAME,REF_SORT_CONDITIONS,REF_MULTI_LANG,SENSITIVE_COL_NAME,FILE_UPLOAD_PLACE,COL_NAME,SAVE_TYPE,AUTO_INPUT,INPUT_ITEM,VIEW_ITEM,UNIQUE_ITEM,REQUIRED_ITEM,AUTOREG_HIDE_ITEM,AUTOREG_ONLY_ITEM,INITIAL_VALUE,VALIDATE_OPTION,BEFORE_VALIDATE_REGISTER,AFTER_VALIDATE_REGISTER,DESCRIPTION_JA,DESCRIPTION_EN,NOTE,DISUSE_FLAG,LAST_UPDATE_TIMESTAMP,LAST_UPDATE_USER) VALUES(2040503,_____DATE_____,'INSERT','2040503','20405','ロールパッケージ名','Role package name','role_package_name',NULL,'1',30,NULL,NULL,NULL,NULL,'0',NULL,NULL,'ROLE_PACKAGE_ID',NULL,'0','0','0','0','0','0','0',NULL,NULL,NULL,NULL,'[元データ]ロールパッケージ一覧','[Original data]role package list.',NULL,'0',_____DATE_____,1);
INSERT INTO T_COMN_MENU_COLUMN_LINK (COLUMN_DEFINITION_ID,MENU_ID,COLUMN_NAME_JA,COLUMN_NAME_EN,COLUMN_NAME_REST,COL_GROUP_ID,COLUMN_CLASS,COLUMN_DISP_SEQ,REF_TABLE_NAME,REF_PKEY_NAME,REF_COL_NAME,REF_SORT_CONDITIONS,REF_MULTI_LANG,SENSITIVE_COL_NAME,FILE_UPLOAD_PLACE,COL_NAME,SAVE_TYPE,AUTO_INPUT,INPUT_ITEM,VIEW_ITEM,UNIQUE_ITEM,REQUIRED_ITEM,AUTOREG_HIDE_ITEM,AUTOREG_ONLY_ITEM,INITIAL_VALUE,VALIDATE_OPTION,BEFORE_VALIDATE_REGISTER,AFTER_VALIDATE_REGISTER,DESCRIPTION_JA,DESCRIPTION_EN,NOTE,DISUSE_FLAG,LAST_UPDATE_TIMESTAMP,LAST_UPDATE_USER) VALUES('2040504','20405','ロールパッケージ名：ロール名','Role package name:Role name','role_package_name_Role_name',NULL,'7',40,'V_ANSR_ROLE','ROLE_ID','PAKAGE_ROLE_NAME',NULL,'0',NULL,NULL,'ROLE_ID',NULL,'0','1','1','0','1','0','0',NULL,NULL,NULL,NULL,'ロールパッケージファイルから自動取得','Auto acquisition from role package file',NULL,'0',_____DATE_____,1);
INSERT INTO T_COMN_MENU_COLUMN_LINK_JNL (JOURNAL_SEQ_NO,JOURNAL_REG_DATETIME,JOURNAL_ACTION_CLASS,COLUMN_DEFINITION_ID,MENU_ID,COLUMN_NAME_JA,COLUMN_NAME_EN,COLUMN_NAME_REST,COL_GROUP_ID,COLUMN_CLASS,COLUMN_DISP_SEQ,REF_TABLE_NAME,REF_PKEY_NAME,REF_COL_NAME,REF_SORT_CONDITIONS,REF_MULTI_LANG,SENSITIVE_COL_NAME,FILE_UPLOAD_PLACE,COL_NAME,SAVE_TYPE,AUTO_INPUT,INPUT_ITEM,VIEW_ITEM,UNIQUE_ITEM,REQUIRED_ITEM,AUTOREG_HIDE_ITEM,AUTOREG_ONLY_ITEM,INITIAL_VALUE,VALIDATE_OPTION,BEFORE_VALIDATE_REGISTER,AFTER_VALIDATE_REGISTER,DESCRIPTION_JA,DESCRIPTION_EN,NOTE,DISUSE_FLAG,LAST_UPDATE_TIMESTAMP,LAST_UPDATE_USER) VALUES(2040504,_____DATE_____,'INSERT','2040504','20405','ロールパッケージ名：ロール名','Role package name:Role name','role_package_name_Role_name',NULL,'7',40,'V_ANSR_ROLE','ROLE_ID','PAKAGE_ROLE_NAME',NULL,'0',NULL,NULL,'ROLE_ID',NULL,'0','1','1','0','1','0','0',NULL,NULL,NULL,NULL,'ロールパッケージファイルから自動取得','Auto acquisition from role package file',NULL,'0',_____DATE_____,1);
INSERT INTO T_COMN_MENU_COLUMN_LINK (COLUMN_DEFINITION_ID,MENU_ID,COLUMN_NAME_JA,COLUMN_NAME_EN,COLUMN_NAME_REST,COL_GROUP_ID,COLUMN_CLASS,COLUMN_DISP_SEQ,REF_TABLE_NAME,REF_PKEY_NAME,REF_COL_NAME,REF_SORT_CONDITIONS,REF_MULTI_LANG,SENSITIVE_COL_NAME,FILE_UPLOAD_PLACE,COL_NAME,SAVE_TYPE,AUTO_INPUT,INPUT_ITEM,VIEW_ITEM,UNIQUE_ITEM,REQUIRED_ITEM,AUTOREG_HIDE_ITEM,AUTOREG_ONLY_ITEM,INITIAL_VALUE,VALIDATE_OPTION,BEFORE_VALIDATE_REGISTER,AFTER_VALIDATE_REGISTER,DESCRIPTION_JA,DESCRIPTION_EN,NOTE,DISUSE_FLAG,LAST_UPDATE_TIMESTAMP,LAST_UPDATE_USER) VALUES('2040505','20405','インクルード順序','Include order','include_order',NULL,'3',50,NULL,NULL,NULL,NULL,'0',NULL,NULL,'INCLUDE_SEQ',NULL,'0','1','1','0','1','0','0',NULL,NULL,NULL,NULL,'yyy(インクルード順)元が空','?',NULL,'0',_____DATE_____,1);
INSERT INTO T_COMN_MENU_COLUMN_LINK_JNL (JOURNAL_SEQ_NO,JOURNAL_REG_DATETIME,JOURNAL_ACTION_CLASS,COLUMN_DEFINITION_ID,MENU_ID,COLUMN_NAME_JA,COLUMN_NAME_EN,COLUMN_NAME_REST,COL_GROUP_ID,COLUMN_CLASS,COLUMN_DISP_SEQ,REF_TABLE_NAME,REF_PKEY_NAME,REF_COL_NAME,REF_SORT_CONDITIONS,REF_MULTI_LANG,SENSITIVE_COL_NAME,FILE_UPLOAD_PLACE,COL_NAME,SAVE_TYPE,AUTO_INPUT,INPUT_ITEM,VIEW_ITEM,UNIQUE_ITEM,REQUIRED_ITEM,AUTOREG_HIDE_ITEM,AUTOREG_ONLY_ITEM,INITIAL_VALUE,VALIDATE_OPTION,BEFORE_VALIDATE_REGISTER,AFTER_VALIDATE_REGISTER,DESCRIPTION_JA,DESCRIPTION_EN,NOTE,DISUSE_FLAG,LAST_UPDATE_TIMESTAMP,LAST_UPDATE_USER) VALUES(2040505,_____DATE_____,'INSERT','2040505','20405','インクルード順序','Include order','include_order',NULL,'3',50,NULL,NULL,NULL,NULL,'0',NULL,NULL,'INCLUDE_SEQ',NULL,'0','1','1','0','1','0','0',NULL,NULL,NULL,NULL,'yyy(インクルード順)元が空','?',NULL,'0',_____DATE_____,1);
INSERT INTO T_COMN_MENU_COLUMN_LINK (COLUMN_DEFINITION_ID,MENU_ID,COLUMN_NAME_JA,COLUMN_NAME_EN,COLUMN_NAME_REST,COL_GROUP_ID,COLUMN_CLASS,COLUMN_DISP_SEQ,REF_TABLE_NAME,REF_PKEY_NAME,REF_COL_NAME,REF_SORT_CONDITIONS,REF_MULTI_LANG,SENSITIVE_COL_NAME,FILE_UPLOAD_PLACE,COL_NAME,SAVE_TYPE,AUTO_INPUT,INPUT_ITEM,VIEW_ITEM,UNIQUE_ITEM,REQUIRED_ITEM,AUTOREG_HIDE_ITEM,AUTOREG_ONLY_ITEM,INITIAL_VALUE,VALIDATE_OPTION,BEFORE_VALIDATE_REGISTER,AFTER_VALIDATE_REGISTER,DESCRIPTION_JA,DESCRIPTION_EN,NOTE,DISUSE_FLAG,LAST_UPDATE_TIMESTAMP,LAST_UPDATE_USER) VALUES('2040506','20405','備考','Remarks','remarks',NULL,'12',60,NULL,NULL,NULL,NULL,'0',NULL,NULL,'NOTE',NULL,'0','1','1','0','0','0','0',NULL,'{
"min_length": 0,
"max_length": 4000
}',NULL,NULL,'自由記述欄。レコードの廃止・復活時にも記載可能。','Comments section. Can comment when removing or restoring records.',NULL,'0',_____DATE_____,1);
INSERT INTO T_COMN_MENU_COLUMN_LINK_JNL (JOURNAL_SEQ_NO,JOURNAL_REG_DATETIME,JOURNAL_ACTION_CLASS,COLUMN_DEFINITION_ID,MENU_ID,COLUMN_NAME_JA,COLUMN_NAME_EN,COLUMN_NAME_REST,COL_GROUP_ID,COLUMN_CLASS,COLUMN_DISP_SEQ,REF_TABLE_NAME,REF_PKEY_NAME,REF_COL_NAME,REF_SORT_CONDITIONS,REF_MULTI_LANG,SENSITIVE_COL_NAME,FILE_UPLOAD_PLACE,COL_NAME,SAVE_TYPE,AUTO_INPUT,INPUT_ITEM,VIEW_ITEM,UNIQUE_ITEM,REQUIRED_ITEM,AUTOREG_HIDE_ITEM,AUTOREG_ONLY_ITEM,INITIAL_VALUE,VALIDATE_OPTION,BEFORE_VALIDATE_REGISTER,AFTER_VALIDATE_REGISTER,DESCRIPTION_JA,DESCRIPTION_EN,NOTE,DISUSE_FLAG,LAST_UPDATE_TIMESTAMP,LAST_UPDATE_USER) VALUES(2040506,_____DATE_____,'INSERT','2040506','20405','備考','Remarks','remarks',NULL,'12',60,NULL,NULL,NULL,NULL,'0',NULL,NULL,'NOTE',NULL,'0','1','1','0','0','0','0',NULL,'{
"min_length": 0,
"max_length": 4000
}',NULL,NULL,'自由記述欄。レコードの廃止・復活時にも記載可能。','Comments section. Can comment when removing or restoring records.',NULL,'0',_____DATE_____,1);
INSERT INTO T_COMN_MENU_COLUMN_LINK (COLUMN_DEFINITION_ID,MENU_ID,COLUMN_NAME_JA,COLUMN_NAME_EN,COLUMN_NAME_REST,COL_GROUP_ID,COLUMN_CLASS,COLUMN_DISP_SEQ,REF_TABLE_NAME,REF_PKEY_NAME,REF_COL_NAME,REF_SORT_CONDITIONS,REF_MULTI_LANG,SENSITIVE_COL_NAME,FILE_UPLOAD_PLACE,COL_NAME,SAVE_TYPE,AUTO_INPUT,INPUT_ITEM,VIEW_ITEM,UNIQUE_ITEM,REQUIRED_ITEM,AUTOREG_HIDE_ITEM,AUTOREG_ONLY_ITEM,INITIAL_VALUE,VALIDATE_OPTION,BEFORE_VALIDATE_REGISTER,AFTER_VALIDATE_REGISTER,DESCRIPTION_JA,DESCRIPTION_EN,NOTE,DISUSE_FLAG,LAST_UPDATE_TIMESTAMP,LAST_UPDATE_USER) VALUES('2040507','20405','廃止フラグ','Discard','discard',NULL,'1',70,NULL,NULL,NULL,NULL,'0',NULL,NULL,'DISUSE_FLAG',NULL,'1','1','1','0','1','0','0',NULL,NULL,NULL,NULL,'廃止フラグ。復活以外のオペレーションは不可','Discard flag. Cannot do operation other than restore.',NULL,'0',_____DATE_____,1);
INSERT INTO T_COMN_MENU_COLUMN_LINK_JNL (JOURNAL_SEQ_NO,JOURNAL_REG_DATETIME,JOURNAL_ACTION_CLASS,COLUMN_DEFINITION_ID,MENU_ID,COLUMN_NAME_JA,COLUMN_NAME_EN,COLUMN_NAME_REST,COL_GROUP_ID,COLUMN_CLASS,COLUMN_DISP_SEQ,REF_TABLE_NAME,REF_PKEY_NAME,REF_COL_NAME,REF_SORT_CONDITIONS,REF_MULTI_LANG,SENSITIVE_COL_NAME,FILE_UPLOAD_PLACE,COL_NAME,SAVE_TYPE,AUTO_INPUT,INPUT_ITEM,VIEW_ITEM,UNIQUE_ITEM,REQUIRED_ITEM,AUTOREG_HIDE_ITEM,AUTOREG_ONLY_ITEM,INITIAL_VALUE,VALIDATE_OPTION,BEFORE_VALIDATE_REGISTER,AFTER_VALIDATE_REGISTER,DESCRIPTION_JA,DESCRIPTION_EN,NOTE,DISUSE_FLAG,LAST_UPDATE_TIMESTAMP,LAST_UPDATE_USER) VALUES(2040507,_____DATE_____,'INSERT','2040507','20405','廃止フラグ','Discard','discard',NULL,'1',70,NULL,NULL,NULL,NULL,'0',NULL,NULL,'DISUSE_FLAG',NULL,'1','1','1','0','1','0','0',NULL,NULL,NULL,NULL,'廃止フラグ。復活以外のオペレーションは不可','Discard flag. Cannot do operation other than restore.',NULL,'0',_____DATE_____,1);
INSERT INTO T_COMN_MENU_COLUMN_LINK (COLUMN_DEFINITION_ID,MENU_ID,COLUMN_NAME_JA,COLUMN_NAME_EN,COLUMN_NAME_REST,COL_GROUP_ID,COLUMN_CLASS,COLUMN_DISP_SEQ,REF_TABLE_NAME,REF_PKEY_NAME,REF_COL_NAME,REF_SORT_CONDITIONS,REF_MULTI_LANG,SENSITIVE_COL_NAME,FILE_UPLOAD_PLACE,COL_NAME,SAVE_TYPE,AUTO_INPUT,INPUT_ITEM,VIEW_ITEM,UNIQUE_ITEM,REQUIRED_ITEM,AUTOREG_HIDE_ITEM,AUTOREG_ONLY_ITEM,INITIAL_VALUE,VALIDATE_OPTION,BEFORE_VALIDATE_REGISTER,AFTER_VALIDATE_REGISTER,DESCRIPTION_JA,DESCRIPTION_EN,NOTE,DISUSE_FLAG,LAST_UPDATE_TIMESTAMP,LAST_UPDATE_USER) VALUES('2040508','20405','最終更新日時','Last update date/time','last_update_date_time',NULL,'13',80,NULL,NULL,NULL,NULL,'0',NULL,NULL,'LAST_UPDATE_TIMESTAMP',NULL,'1','1','1','0','1','0','0',NULL,NULL,NULL,NULL,'レコードの最終更新日。更新可否判定に使用。自動登録のため編集不可。','Last update date of record. Useful for judging the possibility of an update. Cannot edit because of auto-numbering.',NULL,'0',_____DATE_____,1);
INSERT INTO T_COMN_MENU_COLUMN_LINK_JNL (JOURNAL_SEQ_NO,JOURNAL_REG_DATETIME,JOURNAL_ACTION_CLASS,COLUMN_DEFINITION_ID,MENU_ID,COLUMN_NAME_JA,COLUMN_NAME_EN,COLUMN_NAME_REST,COL_GROUP_ID,COLUMN_CLASS,COLUMN_DISP_SEQ,REF_TABLE_NAME,REF_PKEY_NAME,REF_COL_NAME,REF_SORT_CONDITIONS,REF_MULTI_LANG,SENSITIVE_COL_NAME,FILE_UPLOAD_PLACE,COL_NAME,SAVE_TYPE,AUTO_INPUT,INPUT_ITEM,VIEW_ITEM,UNIQUE_ITEM,REQUIRED_ITEM,AUTOREG_HIDE_ITEM,AUTOREG_ONLY_ITEM,INITIAL_VALUE,VALIDATE_OPTION,BEFORE_VALIDATE_REGISTER,AFTER_VALIDATE_REGISTER,DESCRIPTION_JA,DESCRIPTION_EN,NOTE,DISUSE_FLAG,LAST_UPDATE_TIMESTAMP,LAST_UPDATE_USER) VALUES(2040508,_____DATE_____,'INSERT','2040508','20405','最終更新日時','Last update date/time','last_update_date_time',NULL,'13',80,NULL,NULL,NULL,NULL,'0',NULL,NULL,'LAST_UPDATE_TIMESTAMP',NULL,'1','1','1','0','1','0','0',NULL,NULL,NULL,NULL,'レコードの最終更新日。更新可否判定に使用。自動登録のため編集不可。','Last update date of record. Useful for judging the possibility of an update. Cannot edit because of auto-numbering.',NULL,'0',_____DATE_____,1);
INSERT INTO T_COMN_MENU_COLUMN_LINK (COLUMN_DEFINITION_ID,MENU_ID,COLUMN_NAME_JA,COLUMN_NAME_EN,COLUMN_NAME_REST,COL_GROUP_ID,COLUMN_CLASS,COLUMN_DISP_SEQ,REF_TABLE_NAME,REF_PKEY_NAME,REF_COL_NAME,REF_SORT_CONDITIONS,REF_MULTI_LANG,SENSITIVE_COL_NAME,FILE_UPLOAD_PLACE,COL_NAME,SAVE_TYPE,AUTO_INPUT,INPUT_ITEM,VIEW_ITEM,UNIQUE_ITEM,REQUIRED_ITEM,AUTOREG_HIDE_ITEM,AUTOREG_ONLY_ITEM,INITIAL_VALUE,VALIDATE_OPTION,BEFORE_VALIDATE_REGISTER,AFTER_VALIDATE_REGISTER,DESCRIPTION_JA,DESCRIPTION_EN,NOTE,DISUSE_FLAG,LAST_UPDATE_TIMESTAMP,LAST_UPDATE_USER) VALUES('2040509','20405','最終更新者','Last updated by','last_updated_user',NULL,'14',90,NULL,NULL,NULL,NULL,'0',NULL,NULL,'LAST_UPDATE_USER',NULL,'1','1','1','0','1','0','0',NULL,NULL,NULL,NULL,'更新者。ログインユーザのIDが自動的に登録される。編集不可。','Updated by. Login user ID is automatically registered. Cannot edit.',NULL,'0',_____DATE_____,1);
INSERT INTO T_COMN_MENU_COLUMN_LINK_JNL (JOURNAL_SEQ_NO,JOURNAL_REG_DATETIME,JOURNAL_ACTION_CLASS,COLUMN_DEFINITION_ID,MENU_ID,COLUMN_NAME_JA,COLUMN_NAME_EN,COLUMN_NAME_REST,COL_GROUP_ID,COLUMN_CLASS,COLUMN_DISP_SEQ,REF_TABLE_NAME,REF_PKEY_NAME,REF_COL_NAME,REF_SORT_CONDITIONS,REF_MULTI_LANG,SENSITIVE_COL_NAME,FILE_UPLOAD_PLACE,COL_NAME,SAVE_TYPE,AUTO_INPUT,INPUT_ITEM,VIEW_ITEM,UNIQUE_ITEM,REQUIRED_ITEM,AUTOREG_HIDE_ITEM,AUTOREG_ONLY_ITEM,INITIAL_VALUE,VALIDATE_OPTION,BEFORE_VALIDATE_REGISTER,AFTER_VALIDATE_REGISTER,DESCRIPTION_JA,DESCRIPTION_EN,NOTE,DISUSE_FLAG,LAST_UPDATE_TIMESTAMP,LAST_UPDATE_USER) VALUES(2040509,_____DATE_____,'INSERT','2040509','20405','最終更新者','Last updated by','last_updated_user',NULL,'14',90,NULL,NULL,NULL,NULL,'0',NULL,NULL,'LAST_UPDATE_USER',NULL,'1','1','1','0','1','0','0',NULL,NULL,NULL,NULL,'更新者。ログインユーザのIDが自動的に登録される。編集不可。','Updated by. Login user ID is automatically registered. Cannot edit.',NULL,'0',_____DATE_____,1);
INSERT INTO T_COMN_MENU_COLUMN_LINK (COLUMN_DEFINITION_ID,MENU_ID,COLUMN_NAME_JA,COLUMN_NAME_EN,COLUMN_NAME_REST,COL_GROUP_ID,COLUMN_CLASS,COLUMN_DISP_SEQ,REF_TABLE_NAME,REF_PKEY_NAME,REF_COL_NAME,REF_SORT_CONDITIONS,REF_MULTI_LANG,SENSITIVE_COL_NAME,FILE_UPLOAD_PLACE,COL_NAME,SAVE_TYPE,AUTO_INPUT,INPUT_ITEM,VIEW_ITEM,UNIQUE_ITEM,REQUIRED_ITEM,AUTOREG_HIDE_ITEM,AUTOREG_ONLY_ITEM,INITIAL_VALUE,VALIDATE_OPTION,BEFORE_VALIDATE_REGISTER,AFTER_VALIDATE_REGISTER,DESCRIPTION_JA,DESCRIPTION_EN,NOTE,DISUSE_FLAG,LAST_UPDATE_TIMESTAMP,LAST_UPDATE_USER) VALUES('2040601','20406','項番','Associated item No.','associated_item_no',NULL,'1',10,NULL,NULL,NULL,NULL,'0',NULL,NULL,'MVMT_VAR_LINK_ID',NULL,'1','1','1','1','1','0','0',NULL,NULL,NULL,NULL,'自動採番のため編集不可。実行処理種別が【登録】の場合、空白のみ可。','Cannot edit because of auto-numbering. Must be blank when execution process type is [Register].',NULL,'0',_____DATE_____,1);
INSERT INTO T_COMN_MENU_COLUMN_LINK_JNL (JOURNAL_SEQ_NO,JOURNAL_REG_DATETIME,JOURNAL_ACTION_CLASS,COLUMN_DEFINITION_ID,MENU_ID,COLUMN_NAME_JA,COLUMN_NAME_EN,COLUMN_NAME_REST,COL_GROUP_ID,COLUMN_CLASS,COLUMN_DISP_SEQ,REF_TABLE_NAME,REF_PKEY_NAME,REF_COL_NAME,REF_SORT_CONDITIONS,REF_MULTI_LANG,SENSITIVE_COL_NAME,FILE_UPLOAD_PLACE,COL_NAME,SAVE_TYPE,AUTO_INPUT,INPUT_ITEM,VIEW_ITEM,UNIQUE_ITEM,REQUIRED_ITEM,AUTOREG_HIDE_ITEM,AUTOREG_ONLY_ITEM,INITIAL_VALUE,VALIDATE_OPTION,BEFORE_VALIDATE_REGISTER,AFTER_VALIDATE_REGISTER,DESCRIPTION_JA,DESCRIPTION_EN,NOTE,DISUSE_FLAG,LAST_UPDATE_TIMESTAMP,LAST_UPDATE_USER) VALUES(2040601,_____DATE_____,'INSERT','2040601','20406','項番','Associated item No.','associated_item_no',NULL,'1',10,NULL,NULL,NULL,NULL,'0',NULL,NULL,'MVMT_VAR_LINK_ID',NULL,'1','1','1','1','1','0','0',NULL,NULL,NULL,NULL,'自動採番のため編集不可。実行処理種別が【登録】の場合、空白のみ可。','Cannot edit because of auto-numbering. Must be blank when execution process type is [Register].',NULL,'0',_____DATE_____,1);
INSERT INTO T_COMN_MENU_COLUMN_LINK (COLUMN_DEFINITION_ID,MENU_ID,COLUMN_NAME_JA,COLUMN_NAME_EN,COLUMN_NAME_REST,COL_GROUP_ID,COLUMN_CLASS,COLUMN_DISP_SEQ,REF_TABLE_NAME,REF_PKEY_NAME,REF_COL_NAME,REF_SORT_CONDITIONS,REF_MULTI_LANG,SENSITIVE_COL_NAME,FILE_UPLOAD_PLACE,COL_NAME,SAVE_TYPE,AUTO_INPUT,INPUT_ITEM,VIEW_ITEM,UNIQUE_ITEM,REQUIRED_ITEM,AUTOREG_HIDE_ITEM,AUTOREG_ONLY_ITEM,INITIAL_VALUE,VALIDATE_OPTION,BEFORE_VALIDATE_REGISTER,AFTER_VALIDATE_REGISTER,DESCRIPTION_JA,DESCRIPTION_EN,NOTE,DISUSE_FLAG,LAST_UPDATE_TIMESTAMP,LAST_UPDATE_USER) VALUES('2040602','20406','Movement','Movement','movement',NULL,'7',20,'V_ANSR_MOVEMENT','MOVEMENT_ID','MOVEMENT_NAME',NULL,'0',NULL,NULL,'MOVEMENT_ID',NULL,'0','1','1','0','1','0','0',NULL,NULL,NULL,NULL,'[元データ]Movement一覧','[Original data] Movement list',NULL,'0',_____DATE_____,1);
INSERT INTO T_COMN_MENU_COLUMN_LINK_JNL (JOURNAL_SEQ_NO,JOURNAL_REG_DATETIME,JOURNAL_ACTION_CLASS,COLUMN_DEFINITION_ID,MENU_ID,COLUMN_NAME_JA,COLUMN_NAME_EN,COLUMN_NAME_REST,COL_GROUP_ID,COLUMN_CLASS,COLUMN_DISP_SEQ,REF_TABLE_NAME,REF_PKEY_NAME,REF_COL_NAME,REF_SORT_CONDITIONS,REF_MULTI_LANG,SENSITIVE_COL_NAME,FILE_UPLOAD_PLACE,COL_NAME,SAVE_TYPE,AUTO_INPUT,INPUT_ITEM,VIEW_ITEM,UNIQUE_ITEM,REQUIRED_ITEM,AUTOREG_HIDE_ITEM,AUTOREG_ONLY_ITEM,INITIAL_VALUE,VALIDATE_OPTION,BEFORE_VALIDATE_REGISTER,AFTER_VALIDATE_REGISTER,DESCRIPTION_JA,DESCRIPTION_EN,NOTE,DISUSE_FLAG,LAST_UPDATE_TIMESTAMP,LAST_UPDATE_USER) VALUES(2040602,_____DATE_____,'INSERT','2040602','20406','Movement','Movement','movement',NULL,'7',20,'V_ANSR_MOVEMENT','MOVEMENT_ID','MOVEMENT_NAME',NULL,'0',NULL,NULL,'MOVEMENT_ID',NULL,'0','1','1','0','1','0','0',NULL,NULL,NULL,NULL,'[元データ]Movement一覧','[Original data] Movement list',NULL,'0',_____DATE_____,1);
INSERT INTO T_COMN_MENU_COLUMN_LINK (COLUMN_DEFINITION_ID,MENU_ID,COLUMN_NAME_JA,COLUMN_NAME_EN,COLUMN_NAME_REST,COL_GROUP_ID,COLUMN_CLASS,COLUMN_DISP_SEQ,REF_TABLE_NAME,REF_PKEY_NAME,REF_COL_NAME,REF_SORT_CONDITIONS,REF_MULTI_LANG,SENSITIVE_COL_NAME,FILE_UPLOAD_PLACE,COL_NAME,SAVE_TYPE,AUTO_INPUT,INPUT_ITEM,VIEW_ITEM,UNIQUE_ITEM,REQUIRED_ITEM,AUTOREG_HIDE_ITEM,AUTOREG_ONLY_ITEM,INITIAL_VALUE,VALIDATE_OPTION,BEFORE_VALIDATE_REGISTER,AFTER_VALIDATE_REGISTER,DESCRIPTION_JA,DESCRIPTION_EN,NOTE,DISUSE_FLAG,LAST_UPDATE_TIMESTAMP,LAST_UPDATE_USER) VALUES('2040603','20406','変数名','Variable name','variable_name',NULL,'7',30,'T_ANSR_ROLE_VAR','VARS_NAME_ID','VARS_NAME',NULL,'0',NULL,NULL,'VARS_NAME_ID',NULL,'0','1','1','0','1','0','0',NULL,NULL,NULL,NULL,'[元データ]変数名一覧','[Original data] Variable name list',NULL,'0',_____DATE_____,1);
INSERT INTO T_COMN_MENU_COLUMN_LINK_JNL (JOURNAL_SEQ_NO,JOURNAL_REG_DATETIME,JOURNAL_ACTION_CLASS,COLUMN_DEFINITION_ID,MENU_ID,COLUMN_NAME_JA,COLUMN_NAME_EN,COLUMN_NAME_REST,COL_GROUP_ID,COLUMN_CLASS,COLUMN_DISP_SEQ,REF_TABLE_NAME,REF_PKEY_NAME,REF_COL_NAME,REF_SORT_CONDITIONS,REF_MULTI_LANG,SENSITIVE_COL_NAME,FILE_UPLOAD_PLACE,COL_NAME,SAVE_TYPE,AUTO_INPUT,INPUT_ITEM,VIEW_ITEM,UNIQUE_ITEM,REQUIRED_ITEM,AUTOREG_HIDE_ITEM,AUTOREG_ONLY_ITEM,INITIAL_VALUE,VALIDATE_OPTION,BEFORE_VALIDATE_REGISTER,AFTER_VALIDATE_REGISTER,DESCRIPTION_JA,DESCRIPTION_EN,NOTE,DISUSE_FLAG,LAST_UPDATE_TIMESTAMP,LAST_UPDATE_USER) VALUES(2040603,_____DATE_____,'INSERT','2040603','20406','変数名','Variable name','variable_name',NULL,'7',30,'T_ANSR_ROLE_VAR','VARS_NAME_ID','VARS_NAME',NULL,'0',NULL,NULL,'VARS_NAME_ID',NULL,'0','1','1','0','1','0','0',NULL,NULL,NULL,NULL,'[元データ]変数名一覧','[Original data] Variable name list',NULL,'0',_____DATE_____,1);
INSERT INTO T_COMN_MENU_COLUMN_LINK (COLUMN_DEFINITION_ID,MENU_ID,COLUMN_NAME_JA,COLUMN_NAME_EN,COLUMN_NAME_REST,COL_GROUP_ID,COLUMN_CLASS,COLUMN_DISP_SEQ,REF_TABLE_NAME,REF_PKEY_NAME,REF_COL_NAME,REF_SORT_CONDITIONS,REF_MULTI_LANG,SENSITIVE_COL_NAME,FILE_UPLOAD_PLACE,COL_NAME,SAVE_TYPE,AUTO_INPUT,INPUT_ITEM,VIEW_ITEM,UNIQUE_ITEM,REQUIRED_ITEM,AUTOREG_HIDE_ITEM,AUTOREG_ONLY_ITEM,INITIAL_VALUE,VALIDATE_OPTION,BEFORE_VALIDATE_REGISTER,AFTER_VALIDATE_REGISTER,DESCRIPTION_JA,DESCRIPTION_EN,NOTE,DISUSE_FLAG,LAST_UPDATE_TIMESTAMP,LAST_UPDATE_USER) VALUES('2040604','20406','変数タイプ','Variable type','variable_type',NULL,'7',40,'T_ANSC_VAR_TYPE','TYPE_ID','VARS_TYPE_NAME',NULL,'1',NULL,NULL,'VARS_ATTRIBUTE_01',NULL,'0','1','1','0','1','0','0',NULL,NULL,NULL,NULL,'配列変数の場合は１を設定します。配列変数以外はブランクを設定します。\n','In case of array variable, set 1. In cases other than array variable, set as blank.\n',NULL,'0',_____DATE_____,1);
INSERT INTO T_COMN_MENU_COLUMN_LINK_JNL (JOURNAL_SEQ_NO,JOURNAL_REG_DATETIME,JOURNAL_ACTION_CLASS,COLUMN_DEFINITION_ID,MENU_ID,COLUMN_NAME_JA,COLUMN_NAME_EN,COLUMN_NAME_REST,COL_GROUP_ID,COLUMN_CLASS,COLUMN_DISP_SEQ,REF_TABLE_NAME,REF_PKEY_NAME,REF_COL_NAME,REF_SORT_CONDITIONS,REF_MULTI_LANG,SENSITIVE_COL_NAME,FILE_UPLOAD_PLACE,COL_NAME,SAVE_TYPE,AUTO_INPUT,INPUT_ITEM,VIEW_ITEM,UNIQUE_ITEM,REQUIRED_ITEM,AUTOREG_HIDE_ITEM,AUTOREG_ONLY_ITEM,INITIAL_VALUE,VALIDATE_OPTION,BEFORE_VALIDATE_REGISTER,AFTER_VALIDATE_REGISTER,DESCRIPTION_JA,DESCRIPTION_EN,NOTE,DISUSE_FLAG,LAST_UPDATE_TIMESTAMP,LAST_UPDATE_USER) VALUES(2040604,_____DATE_____,'INSERT','2040604','20406','変数タイプ','Variable type','variable_type',NULL,'7',40,'T_ANSC_VAR_TYPE','TYPE_ID','VARS_TYPE_NAME',NULL,'1',NULL,NULL,'VARS_ATTRIBUTE_01',NULL,'0','1','1','0','1','0','0',NULL,NULL,NULL,NULL,'配列変数の場合は１を設定します。配列変数以外はブランクを設定します。\n','In case of array variable, set 1. In cases other than array variable, set as blank.\n',NULL,'0',_____DATE_____,1);
INSERT INTO T_COMN_MENU_COLUMN_LINK (COLUMN_DEFINITION_ID,MENU_ID,COLUMN_NAME_JA,COLUMN_NAME_EN,COLUMN_NAME_REST,COL_GROUP_ID,COLUMN_CLASS,COLUMN_DISP_SEQ,REF_TABLE_NAME,REF_PKEY_NAME,REF_COL_NAME,REF_SORT_CONDITIONS,REF_MULTI_LANG,SENSITIVE_COL_NAME,FILE_UPLOAD_PLACE,COL_NAME,SAVE_TYPE,AUTO_INPUT,INPUT_ITEM,VIEW_ITEM,UNIQUE_ITEM,REQUIRED_ITEM,AUTOREG_HIDE_ITEM,AUTOREG_ONLY_ITEM,INITIAL_VALUE,VALIDATE_OPTION,BEFORE_VALIDATE_REGISTER,AFTER_VALIDATE_REGISTER,DESCRIPTION_JA,DESCRIPTION_EN,NOTE,DISUSE_FLAG,LAST_UPDATE_TIMESTAMP,LAST_UPDATE_USER) VALUES('2040605','20406','備考','Remarks','remarks',NULL,'12',50,NULL,NULL,NULL,NULL,'0',NULL,NULL,'NOTE',NULL,'0','1','1','0','0','0','0',NULL,'{
"min_length": 0,
"max_length": 4000
}',NULL,NULL,'自由記述欄。レコードの廃止・復活時にも記載可能。','Comments section. Can comment when removing or restoring records.',NULL,'0',_____DATE_____,1);
INSERT INTO T_COMN_MENU_COLUMN_LINK_JNL (JOURNAL_SEQ_NO,JOURNAL_REG_DATETIME,JOURNAL_ACTION_CLASS,COLUMN_DEFINITION_ID,MENU_ID,COLUMN_NAME_JA,COLUMN_NAME_EN,COLUMN_NAME_REST,COL_GROUP_ID,COLUMN_CLASS,COLUMN_DISP_SEQ,REF_TABLE_NAME,REF_PKEY_NAME,REF_COL_NAME,REF_SORT_CONDITIONS,REF_MULTI_LANG,SENSITIVE_COL_NAME,FILE_UPLOAD_PLACE,COL_NAME,SAVE_TYPE,AUTO_INPUT,INPUT_ITEM,VIEW_ITEM,UNIQUE_ITEM,REQUIRED_ITEM,AUTOREG_HIDE_ITEM,AUTOREG_ONLY_ITEM,INITIAL_VALUE,VALIDATE_OPTION,BEFORE_VALIDATE_REGISTER,AFTER_VALIDATE_REGISTER,DESCRIPTION_JA,DESCRIPTION_EN,NOTE,DISUSE_FLAG,LAST_UPDATE_TIMESTAMP,LAST_UPDATE_USER) VALUES(2040605,_____DATE_____,'INSERT','2040605','20406','備考','Remarks','remarks',NULL,'12',50,NULL,NULL,NULL,NULL,'0',NULL,NULL,'NOTE',NULL,'0','1','1','0','0','0','0',NULL,'{
"min_length": 0,
"max_length": 4000
}',NULL,NULL,'自由記述欄。レコードの廃止・復活時にも記載可能。','Comments section. Can comment when removing or restoring records.',NULL,'0',_____DATE_____,1);
INSERT INTO T_COMN_MENU_COLUMN_LINK (COLUMN_DEFINITION_ID,MENU_ID,COLUMN_NAME_JA,COLUMN_NAME_EN,COLUMN_NAME_REST,COL_GROUP_ID,COLUMN_CLASS,COLUMN_DISP_SEQ,REF_TABLE_NAME,REF_PKEY_NAME,REF_COL_NAME,REF_SORT_CONDITIONS,REF_MULTI_LANG,SENSITIVE_COL_NAME,FILE_UPLOAD_PLACE,COL_NAME,SAVE_TYPE,AUTO_INPUT,INPUT_ITEM,VIEW_ITEM,UNIQUE_ITEM,REQUIRED_ITEM,AUTOREG_HIDE_ITEM,AUTOREG_ONLY_ITEM,INITIAL_VALUE,VALIDATE_OPTION,BEFORE_VALIDATE_REGISTER,AFTER_VALIDATE_REGISTER,DESCRIPTION_JA,DESCRIPTION_EN,NOTE,DISUSE_FLAG,LAST_UPDATE_TIMESTAMP,LAST_UPDATE_USER) VALUES('2040606','20406','廃止フラグ','Discard','discard',NULL,'1',60,NULL,NULL,NULL,NULL,'0',NULL,NULL,'DISUSE_FLAG',NULL,'1','1','1','0','1','0','0',NULL,NULL,NULL,NULL,'廃止フラグ。復活以外のオペレーションは不可','Discard flag. Cannot do operation other than restore.',NULL,'0',_____DATE_____,1);
INSERT INTO T_COMN_MENU_COLUMN_LINK_JNL (JOURNAL_SEQ_NO,JOURNAL_REG_DATETIME,JOURNAL_ACTION_CLASS,COLUMN_DEFINITION_ID,MENU_ID,COLUMN_NAME_JA,COLUMN_NAME_EN,COLUMN_NAME_REST,COL_GROUP_ID,COLUMN_CLASS,COLUMN_DISP_SEQ,REF_TABLE_NAME,REF_PKEY_NAME,REF_COL_NAME,REF_SORT_CONDITIONS,REF_MULTI_LANG,SENSITIVE_COL_NAME,FILE_UPLOAD_PLACE,COL_NAME,SAVE_TYPE,AUTO_INPUT,INPUT_ITEM,VIEW_ITEM,UNIQUE_ITEM,REQUIRED_ITEM,AUTOREG_HIDE_ITEM,AUTOREG_ONLY_ITEM,INITIAL_VALUE,VALIDATE_OPTION,BEFORE_VALIDATE_REGISTER,AFTER_VALIDATE_REGISTER,DESCRIPTION_JA,DESCRIPTION_EN,NOTE,DISUSE_FLAG,LAST_UPDATE_TIMESTAMP,LAST_UPDATE_USER) VALUES(2040606,_____DATE_____,'INSERT','2040606','20406','廃止フラグ','Discard','discard',NULL,'1',60,NULL,NULL,NULL,NULL,'0',NULL,NULL,'DISUSE_FLAG',NULL,'1','1','1','0','1','0','0',NULL,NULL,NULL,NULL,'廃止フラグ。復活以外のオペレーションは不可','Discard flag. Cannot do operation other than restore.',NULL,'0',_____DATE_____,1);
INSERT INTO T_COMN_MENU_COLUMN_LINK (COLUMN_DEFINITION_ID,MENU_ID,COLUMN_NAME_JA,COLUMN_NAME_EN,COLUMN_NAME_REST,COL_GROUP_ID,COLUMN_CLASS,COLUMN_DISP_SEQ,REF_TABLE_NAME,REF_PKEY_NAME,REF_COL_NAME,REF_SORT_CONDITIONS,REF_MULTI_LANG,SENSITIVE_COL_NAME,FILE_UPLOAD_PLACE,COL_NAME,SAVE_TYPE,AUTO_INPUT,INPUT_ITEM,VIEW_ITEM,UNIQUE_ITEM,REQUIRED_ITEM,AUTOREG_HIDE_ITEM,AUTOREG_ONLY_ITEM,INITIAL_VALUE,VALIDATE_OPTION,BEFORE_VALIDATE_REGISTER,AFTER_VALIDATE_REGISTER,DESCRIPTION_JA,DESCRIPTION_EN,NOTE,DISUSE_FLAG,LAST_UPDATE_TIMESTAMP,LAST_UPDATE_USER) VALUES('2040607','20406','最終更新日時','Last update date/time','last_update_date_time',NULL,'13',70,NULL,NULL,NULL,NULL,'0',NULL,NULL,'LAST_UPDATE_TIMESTAMP',NULL,'1','1','1','0','1','0','0',NULL,NULL,NULL,NULL,'レコードの最終更新日。更新可否判定に使用。自動登録のため編集不可。','Last update date of record. Useful for judging the possibility of an update. Cannot edit because of auto-numbering.',NULL,'0',_____DATE_____,1);
INSERT INTO T_COMN_MENU_COLUMN_LINK_JNL (JOURNAL_SEQ_NO,JOURNAL_REG_DATETIME,JOURNAL_ACTION_CLASS,COLUMN_DEFINITION_ID,MENU_ID,COLUMN_NAME_JA,COLUMN_NAME_EN,COLUMN_NAME_REST,COL_GROUP_ID,COLUMN_CLASS,COLUMN_DISP_SEQ,REF_TABLE_NAME,REF_PKEY_NAME,REF_COL_NAME,REF_SORT_CONDITIONS,REF_MULTI_LANG,SENSITIVE_COL_NAME,FILE_UPLOAD_PLACE,COL_NAME,SAVE_TYPE,AUTO_INPUT,INPUT_ITEM,VIEW_ITEM,UNIQUE_ITEM,REQUIRED_ITEM,AUTOREG_HIDE_ITEM,AUTOREG_ONLY_ITEM,INITIAL_VALUE,VALIDATE_OPTION,BEFORE_VALIDATE_REGISTER,AFTER_VALIDATE_REGISTER,DESCRIPTION_JA,DESCRIPTION_EN,NOTE,DISUSE_FLAG,LAST_UPDATE_TIMESTAMP,LAST_UPDATE_USER) VALUES(2040607,_____DATE_____,'INSERT','2040607','20406','最終更新日時','Last update date/time','last_update_date_time',NULL,'13',70,NULL,NULL,NULL,NULL,'0',NULL,NULL,'LAST_UPDATE_TIMESTAMP',NULL,'1','1','1','0','1','0','0',NULL,NULL,NULL,NULL,'レコードの最終更新日。更新可否判定に使用。自動登録のため編集不可。','Last update date of record. Useful for judging the possibility of an update. Cannot edit because of auto-numbering.',NULL,'0',_____DATE_____,1);
INSERT INTO T_COMN_MENU_COLUMN_LINK (COLUMN_DEFINITION_ID,MENU_ID,COLUMN_NAME_JA,COLUMN_NAME_EN,COLUMN_NAME_REST,COL_GROUP_ID,COLUMN_CLASS,COLUMN_DISP_SEQ,REF_TABLE_NAME,REF_PKEY_NAME,REF_COL_NAME,REF_SORT_CONDITIONS,REF_MULTI_LANG,SENSITIVE_COL_NAME,FILE_UPLOAD_PLACE,COL_NAME,SAVE_TYPE,AUTO_INPUT,INPUT_ITEM,VIEW_ITEM,UNIQUE_ITEM,REQUIRED_ITEM,AUTOREG_HIDE_ITEM,AUTOREG_ONLY_ITEM,INITIAL_VALUE,VALIDATE_OPTION,BEFORE_VALIDATE_REGISTER,AFTER_VALIDATE_REGISTER,DESCRIPTION_JA,DESCRIPTION_EN,NOTE,DISUSE_FLAG,LAST_UPDATE_TIMESTAMP,LAST_UPDATE_USER) VALUES('2040608','20406','最終更新者','Last updated by','last_updated_user',NULL,'14',80,NULL,NULL,NULL,NULL,'0',NULL,NULL,'LAST_UPDATE_USER',NULL,'1','1','1','0','1','0','0',NULL,NULL,NULL,NULL,'更新者。ログインユーザのIDが自動的に登録される。編集不可。','Updated by. Login user ID is automatically registered. Cannot edit.',NULL,'0',_____DATE_____,1);
INSERT INTO T_COMN_MENU_COLUMN_LINK_JNL (JOURNAL_SEQ_NO,JOURNAL_REG_DATETIME,JOURNAL_ACTION_CLASS,COLUMN_DEFINITION_ID,MENU_ID,COLUMN_NAME_JA,COLUMN_NAME_EN,COLUMN_NAME_REST,COL_GROUP_ID,COLUMN_CLASS,COLUMN_DISP_SEQ,REF_TABLE_NAME,REF_PKEY_NAME,REF_COL_NAME,REF_SORT_CONDITIONS,REF_MULTI_LANG,SENSITIVE_COL_NAME,FILE_UPLOAD_PLACE,COL_NAME,SAVE_TYPE,AUTO_INPUT,INPUT_ITEM,VIEW_ITEM,UNIQUE_ITEM,REQUIRED_ITEM,AUTOREG_HIDE_ITEM,AUTOREG_ONLY_ITEM,INITIAL_VALUE,VALIDATE_OPTION,BEFORE_VALIDATE_REGISTER,AFTER_VALIDATE_REGISTER,DESCRIPTION_JA,DESCRIPTION_EN,NOTE,DISUSE_FLAG,LAST_UPDATE_TIMESTAMP,LAST_UPDATE_USER) VALUES(2040608,_____DATE_____,'INSERT','2040608','20406','最終更新者','Last updated by','last_updated_user',NULL,'14',80,NULL,NULL,NULL,NULL,'0',NULL,NULL,'LAST_UPDATE_USER',NULL,'1','1','1','0','1','0','0',NULL,NULL,NULL,NULL,'更新者。ログインユーザのIDが自動的に登録される。編集不可。','Updated by. Login user ID is automatically registered. Cannot edit.',NULL,'0',_____DATE_____,1);
INSERT INTO T_COMN_MENU_COLUMN_LINK (COLUMN_DEFINITION_ID,MENU_ID,COLUMN_NAME_JA,COLUMN_NAME_EN,COLUMN_NAME_REST,COL_GROUP_ID,COLUMN_CLASS,COLUMN_DISP_SEQ,REF_TABLE_NAME,REF_PKEY_NAME,REF_COL_NAME,REF_SORT_CONDITIONS,REF_MULTI_LANG,SENSITIVE_COL_NAME,FILE_UPLOAD_PLACE,COL_NAME,SAVE_TYPE,AUTO_INPUT,INPUT_ITEM,VIEW_ITEM,UNIQUE_ITEM,REQUIRED_ITEM,AUTOREG_HIDE_ITEM,AUTOREG_ONLY_ITEM,INITIAL_VALUE,VALIDATE_OPTION,BEFORE_VALIDATE_REGISTER,AFTER_VALIDATE_REGISTER,DESCRIPTION_JA,DESCRIPTION_EN,NOTE,DISUSE_FLAG,LAST_UPDATE_TIMESTAMP,LAST_UPDATE_USER) VALUES('2040701','20407','項番','Item No.','item_no',NULL,'1',10,NULL,NULL,NULL,NULL,'0',NULL,NULL,'MAX_COL_SEQ_ID',NULL,'1','1','1','1','1','0','0',NULL,NULL,NULL,NULL,'自動採番のため編集不可。実行処理種別が【登録】の場合、空白のみ可。','Cannot edit because of auto-numbering. Must be blank when execution process type is [Register].',NULL,'0',_____DATE_____,1);
INSERT INTO T_COMN_MENU_COLUMN_LINK_JNL (JOURNAL_SEQ_NO,JOURNAL_REG_DATETIME,JOURNAL_ACTION_CLASS,COLUMN_DEFINITION_ID,MENU_ID,COLUMN_NAME_JA,COLUMN_NAME_EN,COLUMN_NAME_REST,COL_GROUP_ID,COLUMN_CLASS,COLUMN_DISP_SEQ,REF_TABLE_NAME,REF_PKEY_NAME,REF_COL_NAME,REF_SORT_CONDITIONS,REF_MULTI_LANG,SENSITIVE_COL_NAME,FILE_UPLOAD_PLACE,COL_NAME,SAVE_TYPE,AUTO_INPUT,INPUT_ITEM,VIEW_ITEM,UNIQUE_ITEM,REQUIRED_ITEM,AUTOREG_HIDE_ITEM,AUTOREG_ONLY_ITEM,INITIAL_VALUE,VALIDATE_OPTION,BEFORE_VALIDATE_REGISTER,AFTER_VALIDATE_REGISTER,DESCRIPTION_JA,DESCRIPTION_EN,NOTE,DISUSE_FLAG,LAST_UPDATE_TIMESTAMP,LAST_UPDATE_USER) VALUES(2040701,_____DATE_____,'INSERT','2040701','20407','項番','Item No.','item_no',NULL,'1',10,NULL,NULL,NULL,NULL,'0',NULL,NULL,'MAX_COL_SEQ_ID',NULL,'1','1','1','1','1','0','0',NULL,NULL,NULL,NULL,'自動採番のため編集不可。実行処理種別が【登録】の場合、空白のみ可。','Cannot edit because of auto-numbering. Must be blank when execution process type is [Register].',NULL,'0',_____DATE_____,1);
INSERT INTO T_COMN_MENU_COLUMN_LINK (COLUMN_DEFINITION_ID,MENU_ID,COLUMN_NAME_JA,COLUMN_NAME_EN,COLUMN_NAME_REST,COL_GROUP_ID,COLUMN_CLASS,COLUMN_DISP_SEQ,REF_TABLE_NAME,REF_PKEY_NAME,REF_COL_NAME,REF_SORT_CONDITIONS,REF_MULTI_LANG,SENSITIVE_COL_NAME,FILE_UPLOAD_PLACE,COL_NAME,SAVE_TYPE,AUTO_INPUT,INPUT_ITEM,VIEW_ITEM,UNIQUE_ITEM,REQUIRED_ITEM,AUTOREG_HIDE_ITEM,AUTOREG_ONLY_ITEM,INITIAL_VALUE,VALIDATE_OPTION,BEFORE_VALIDATE_REGISTER,AFTER_VALIDATE_REGISTER,DESCRIPTION_JA,DESCRIPTION_EN,NOTE,DISUSE_FLAG,LAST_UPDATE_TIMESTAMP,LAST_UPDATE_USER) VALUES('2040702','20407','Movement ID','Movement ID','movement_id',NULL,'7',20,'V_ANSR_NESTVAR_MOVEMENT','MVMT_VAR_LINK_ID','MOVEMENT_ID',NULL,'0',NULL,NULL,'MOVEMENT_ID',NULL,'0','1','1','0','1','0','0',NULL,NULL,NULL,NULL,'[元データ]Movement一覧','[Original data] Movement list',NULL,'0',_____DATE_____,1);
INSERT INTO T_COMN_MENU_COLUMN_LINK_JNL (JOURNAL_SEQ_NO,JOURNAL_REG_DATETIME,JOURNAL_ACTION_CLASS,COLUMN_DEFINITION_ID,MENU_ID,COLUMN_NAME_JA,COLUMN_NAME_EN,COLUMN_NAME_REST,COL_GROUP_ID,COLUMN_CLASS,COLUMN_DISP_SEQ,REF_TABLE_NAME,REF_PKEY_NAME,REF_COL_NAME,REF_SORT_CONDITIONS,REF_MULTI_LANG,SENSITIVE_COL_NAME,FILE_UPLOAD_PLACE,COL_NAME,SAVE_TYPE,AUTO_INPUT,INPUT_ITEM,VIEW_ITEM,UNIQUE_ITEM,REQUIRED_ITEM,AUTOREG_HIDE_ITEM,AUTOREG_ONLY_ITEM,INITIAL_VALUE,VALIDATE_OPTION,BEFORE_VALIDATE_REGISTER,AFTER_VALIDATE_REGISTER,DESCRIPTION_JA,DESCRIPTION_EN,NOTE,DISUSE_FLAG,LAST_UPDATE_TIMESTAMP,LAST_UPDATE_USER) VALUES(2040702,_____DATE_____,'INSERT','2040702','20407','Movement ID','Movement ID','movement_id',NULL,'7',20,'V_ANSR_NESTVAR_MOVEMENT','MVMT_VAR_LINK_ID','MOVEMENT_ID',NULL,'0',NULL,NULL,'MOVEMENT_ID',NULL,'0','1','1','0','1','0','0',NULL,NULL,NULL,NULL,'[元データ]Movement一覧','[Original data] Movement list',NULL,'0',_____DATE_____,1);
INSERT INTO T_COMN_MENU_COLUMN_LINK (COLUMN_DEFINITION_ID,MENU_ID,COLUMN_NAME_JA,COLUMN_NAME_EN,COLUMN_NAME_REST,COL_GROUP_ID,COLUMN_CLASS,COLUMN_DISP_SEQ,REF_TABLE_NAME,REF_PKEY_NAME,REF_COL_NAME,REF_SORT_CONDITIONS,REF_MULTI_LANG,SENSITIVE_COL_NAME,FILE_UPLOAD_PLACE,COL_NAME,SAVE_TYPE,AUTO_INPUT,INPUT_ITEM,VIEW_ITEM,UNIQUE_ITEM,REQUIRED_ITEM,AUTOREG_HIDE_ITEM,AUTOREG_ONLY_ITEM,INITIAL_VALUE,VALIDATE_OPTION,BEFORE_VALIDATE_REGISTER,AFTER_VALIDATE_REGISTER,DESCRIPTION_JA,DESCRIPTION_EN,NOTE,DISUSE_FLAG,LAST_UPDATE_TIMESTAMP,LAST_UPDATE_USER) VALUES('2040703','20407','変数名','Variable name','variable_name',NULL,'7',30,'V_ANSR_NESTVAR_VARS_NAME','MVMT_VAR_LINK_ID','VARS_NAME',NULL,'0',NULL,NULL,'MVMT_VAR_LINK_ID',NULL,'0','1','1','0','1','0','0',NULL,NULL,NULL,NULL,'yyy(元が空)','?',NULL,'0',_____DATE_____,1);
INSERT INTO T_COMN_MENU_COLUMN_LINK_JNL (JOURNAL_SEQ_NO,JOURNAL_REG_DATETIME,JOURNAL_ACTION_CLASS,COLUMN_DEFINITION_ID,MENU_ID,COLUMN_NAME_JA,COLUMN_NAME_EN,COLUMN_NAME_REST,COL_GROUP_ID,COLUMN_CLASS,COLUMN_DISP_SEQ,REF_TABLE_NAME,REF_PKEY_NAME,REF_COL_NAME,REF_SORT_CONDITIONS,REF_MULTI_LANG,SENSITIVE_COL_NAME,FILE_UPLOAD_PLACE,COL_NAME,SAVE_TYPE,AUTO_INPUT,INPUT_ITEM,VIEW_ITEM,UNIQUE_ITEM,REQUIRED_ITEM,AUTOREG_HIDE_ITEM,AUTOREG_ONLY_ITEM,INITIAL_VALUE,VALIDATE_OPTION,BEFORE_VALIDATE_REGISTER,AFTER_VALIDATE_REGISTER,DESCRIPTION_JA,DESCRIPTION_EN,NOTE,DISUSE_FLAG,LAST_UPDATE_TIMESTAMP,LAST_UPDATE_USER) VALUES(2040703,_____DATE_____,'INSERT','2040703','20407','変数名','Variable name','variable_name',NULL,'7',30,'V_ANSR_NESTVAR_VARS_NAME','MVMT_VAR_LINK_ID','VARS_NAME',NULL,'0',NULL,NULL,'MVMT_VAR_LINK_ID',NULL,'0','1','1','0','1','0','0',NULL,NULL,NULL,NULL,'yyy(元が空)','?',NULL,'0',_____DATE_____,1);
INSERT INTO T_COMN_MENU_COLUMN_LINK (COLUMN_DEFINITION_ID,MENU_ID,COLUMN_NAME_JA,COLUMN_NAME_EN,COLUMN_NAME_REST,COL_GROUP_ID,COLUMN_CLASS,COLUMN_DISP_SEQ,REF_TABLE_NAME,REF_PKEY_NAME,REF_COL_NAME,REF_SORT_CONDITIONS,REF_MULTI_LANG,SENSITIVE_COL_NAME,FILE_UPLOAD_PLACE,COL_NAME,SAVE_TYPE,AUTO_INPUT,INPUT_ITEM,VIEW_ITEM,UNIQUE_ITEM,REQUIRED_ITEM,AUTOREG_HIDE_ITEM,AUTOREG_ONLY_ITEM,INITIAL_VALUE,VALIDATE_OPTION,BEFORE_VALIDATE_REGISTER,AFTER_VALIDATE_REGISTER,DESCRIPTION_JA,DESCRIPTION_EN,NOTE,DISUSE_FLAG,LAST_UPDATE_TIMESTAMP,LAST_UPDATE_USER) VALUES('2040704','20407','メンバー変数名（繰返し有）','Member variable name (iteration)','iteration_member_variable_name',NULL,'7',40,'V_ANSR_ARRAY_MEMBER','ARRAY_MEMBER_ID','VARS_NAME',NULL,'0',NULL,NULL,'ARRAY_MEMBER_ID',NULL,'0','1','1','0','1','0','0',NULL,NULL,NULL,NULL,'yyy(元が空)','?',NULL,'0',_____DATE_____,1);
INSERT INTO T_COMN_MENU_COLUMN_LINK_JNL (JOURNAL_SEQ_NO,JOURNAL_REG_DATETIME,JOURNAL_ACTION_CLASS,COLUMN_DEFINITION_ID,MENU_ID,COLUMN_NAME_JA,COLUMN_NAME_EN,COLUMN_NAME_REST,COL_GROUP_ID,COLUMN_CLASS,COLUMN_DISP_SEQ,REF_TABLE_NAME,REF_PKEY_NAME,REF_COL_NAME,REF_SORT_CONDITIONS,REF_MULTI_LANG,SENSITIVE_COL_NAME,FILE_UPLOAD_PLACE,COL_NAME,SAVE_TYPE,AUTO_INPUT,INPUT_ITEM,VIEW_ITEM,UNIQUE_ITEM,REQUIRED_ITEM,AUTOREG_HIDE_ITEM,AUTOREG_ONLY_ITEM,INITIAL_VALUE,VALIDATE_OPTION,BEFORE_VALIDATE_REGISTER,AFTER_VALIDATE_REGISTER,DESCRIPTION_JA,DESCRIPTION_EN,NOTE,DISUSE_FLAG,LAST_UPDATE_TIMESTAMP,LAST_UPDATE_USER) VALUES(2040704,_____DATE_____,'INSERT','2040704','20407','メンバー変数名（繰返し有）','Member variable name (iteration)','iteration_member_variable_name',NULL,'7',40,'V_ANSR_ARRAY_MEMBER','ARRAY_MEMBER_ID','VARS_NAME',NULL,'0',NULL,NULL,'ARRAY_MEMBER_ID',NULL,'0','1','1','0','1','0','0',NULL,NULL,NULL,NULL,'yyy(元が空)','?',NULL,'0',_____DATE_____,1);
INSERT INTO T_COMN_MENU_COLUMN_LINK (COLUMN_DEFINITION_ID,MENU_ID,COLUMN_NAME_JA,COLUMN_NAME_EN,COLUMN_NAME_REST,COL_GROUP_ID,COLUMN_CLASS,COLUMN_DISP_SEQ,REF_TABLE_NAME,REF_PKEY_NAME,REF_COL_NAME,REF_SORT_CONDITIONS,REF_MULTI_LANG,SENSITIVE_COL_NAME,FILE_UPLOAD_PLACE,COL_NAME,SAVE_TYPE,AUTO_INPUT,INPUT_ITEM,VIEW_ITEM,UNIQUE_ITEM,REQUIRED_ITEM,AUTOREG_HIDE_ITEM,AUTOREG_ONLY_ITEM,INITIAL_VALUE,VALIDATE_OPTION,BEFORE_VALIDATE_REGISTER,AFTER_VALIDATE_REGISTER,DESCRIPTION_JA,DESCRIPTION_EN,NOTE,DISUSE_FLAG,LAST_UPDATE_TIMESTAMP,LAST_UPDATE_USER) VALUES('2040705','20407','最大繰返数','maximum iteration count','maximum_iteration_count',NULL,'3',50,NULL,NULL,NULL,NULL,'0',NULL,NULL,'MAX_COL_SEQ',NULL,'0','1','1','0','1','0','0',NULL,'{
"int_min": 1,
"int_max": 99999999
}',NULL,NULL,'yyy(元が空)','?',NULL,'0',_____DATE_____,1);
INSERT INTO T_COMN_MENU_COLUMN_LINK_JNL (JOURNAL_SEQ_NO,JOURNAL_REG_DATETIME,JOURNAL_ACTION_CLASS,COLUMN_DEFINITION_ID,MENU_ID,COLUMN_NAME_JA,COLUMN_NAME_EN,COLUMN_NAME_REST,COL_GROUP_ID,COLUMN_CLASS,COLUMN_DISP_SEQ,REF_TABLE_NAME,REF_PKEY_NAME,REF_COL_NAME,REF_SORT_CONDITIONS,REF_MULTI_LANG,SENSITIVE_COL_NAME,FILE_UPLOAD_PLACE,COL_NAME,SAVE_TYPE,AUTO_INPUT,INPUT_ITEM,VIEW_ITEM,UNIQUE_ITEM,REQUIRED_ITEM,AUTOREG_HIDE_ITEM,AUTOREG_ONLY_ITEM,INITIAL_VALUE,VALIDATE_OPTION,BEFORE_VALIDATE_REGISTER,AFTER_VALIDATE_REGISTER,DESCRIPTION_JA,DESCRIPTION_EN,NOTE,DISUSE_FLAG,LAST_UPDATE_TIMESTAMP,LAST_UPDATE_USER) VALUES(2040705,_____DATE_____,'INSERT','2040705','20407','最大繰返数','maximum iteration count','maximum_iteration_count',NULL,'3',50,NULL,NULL,NULL,NULL,'0',NULL,NULL,'MAX_COL_SEQ',NULL,'0','1','1','0','1','0','0',NULL,'{
"int_min": 1,
"int_max": 99999999
}',NULL,NULL,'yyy(元が空)','?',NULL,'0',_____DATE_____,1);
INSERT INTO T_COMN_MENU_COLUMN_LINK (COLUMN_DEFINITION_ID,MENU_ID,COLUMN_NAME_JA,COLUMN_NAME_EN,COLUMN_NAME_REST,COL_GROUP_ID,COLUMN_CLASS,COLUMN_DISP_SEQ,REF_TABLE_NAME,REF_PKEY_NAME,REF_COL_NAME,REF_SORT_CONDITIONS,REF_MULTI_LANG,SENSITIVE_COL_NAME,FILE_UPLOAD_PLACE,COL_NAME,SAVE_TYPE,AUTO_INPUT,INPUT_ITEM,VIEW_ITEM,UNIQUE_ITEM,REQUIRED_ITEM,AUTOREG_HIDE_ITEM,AUTOREG_ONLY_ITEM,INITIAL_VALUE,VALIDATE_OPTION,BEFORE_VALIDATE_REGISTER,AFTER_VALIDATE_REGISTER,DESCRIPTION_JA,DESCRIPTION_EN,NOTE,DISUSE_FLAG,LAST_UPDATE_TIMESTAMP,LAST_UPDATE_USER) VALUES('2040706','20407','備考','Remarks','remarks',NULL,'12',60,NULL,NULL,NULL,NULL,'0',NULL,NULL,'NOTE',NULL,'0','1','1','0','0','0','0',NULL,'{
"min_length": 0,
"max_length": 4000
}',NULL,NULL,'自由記述欄。レコードの廃止・復活時にも記載可能。','Comments section. Can comment when removing or restoring records.',NULL,'0',_____DATE_____,1);
INSERT INTO T_COMN_MENU_COLUMN_LINK_JNL (JOURNAL_SEQ_NO,JOURNAL_REG_DATETIME,JOURNAL_ACTION_CLASS,COLUMN_DEFINITION_ID,MENU_ID,COLUMN_NAME_JA,COLUMN_NAME_EN,COLUMN_NAME_REST,COL_GROUP_ID,COLUMN_CLASS,COLUMN_DISP_SEQ,REF_TABLE_NAME,REF_PKEY_NAME,REF_COL_NAME,REF_SORT_CONDITIONS,REF_MULTI_LANG,SENSITIVE_COL_NAME,FILE_UPLOAD_PLACE,COL_NAME,SAVE_TYPE,AUTO_INPUT,INPUT_ITEM,VIEW_ITEM,UNIQUE_ITEM,REQUIRED_ITEM,AUTOREG_HIDE_ITEM,AUTOREG_ONLY_ITEM,INITIAL_VALUE,VALIDATE_OPTION,BEFORE_VALIDATE_REGISTER,AFTER_VALIDATE_REGISTER,DESCRIPTION_JA,DESCRIPTION_EN,NOTE,DISUSE_FLAG,LAST_UPDATE_TIMESTAMP,LAST_UPDATE_USER) VALUES(2040706,_____DATE_____,'INSERT','2040706','20407','備考','Remarks','remarks',NULL,'12',60,NULL,NULL,NULL,NULL,'0',NULL,NULL,'NOTE',NULL,'0','1','1','0','0','0','0',NULL,'{
"min_length": 0,
"max_length": 4000
}',NULL,NULL,'自由記述欄。レコードの廃止・復活時にも記載可能。','Comments section. Can comment when removing or restoring records.',NULL,'0',_____DATE_____,1);
INSERT INTO T_COMN_MENU_COLUMN_LINK (COLUMN_DEFINITION_ID,MENU_ID,COLUMN_NAME_JA,COLUMN_NAME_EN,COLUMN_NAME_REST,COL_GROUP_ID,COLUMN_CLASS,COLUMN_DISP_SEQ,REF_TABLE_NAME,REF_PKEY_NAME,REF_COL_NAME,REF_SORT_CONDITIONS,REF_MULTI_LANG,SENSITIVE_COL_NAME,FILE_UPLOAD_PLACE,COL_NAME,SAVE_TYPE,AUTO_INPUT,INPUT_ITEM,VIEW_ITEM,UNIQUE_ITEM,REQUIRED_ITEM,AUTOREG_HIDE_ITEM,AUTOREG_ONLY_ITEM,INITIAL_VALUE,VALIDATE_OPTION,BEFORE_VALIDATE_REGISTER,AFTER_VALIDATE_REGISTER,DESCRIPTION_JA,DESCRIPTION_EN,NOTE,DISUSE_FLAG,LAST_UPDATE_TIMESTAMP,LAST_UPDATE_USER) VALUES('2040707','20407','廃止フラグ','Discard','discard',NULL,'1',70,NULL,NULL,NULL,NULL,'0',NULL,NULL,'DISUSE_FLAG',NULL,'1','1','1','0','1','0','0',NULL,NULL,NULL,NULL,'廃止フラグ。復活以外のオペレーションは不可','Discard flag. Cannot do operation other than restore.',NULL,'0',_____DATE_____,1);
INSERT INTO T_COMN_MENU_COLUMN_LINK_JNL (JOURNAL_SEQ_NO,JOURNAL_REG_DATETIME,JOURNAL_ACTION_CLASS,COLUMN_DEFINITION_ID,MENU_ID,COLUMN_NAME_JA,COLUMN_NAME_EN,COLUMN_NAME_REST,COL_GROUP_ID,COLUMN_CLASS,COLUMN_DISP_SEQ,REF_TABLE_NAME,REF_PKEY_NAME,REF_COL_NAME,REF_SORT_CONDITIONS,REF_MULTI_LANG,SENSITIVE_COL_NAME,FILE_UPLOAD_PLACE,COL_NAME,SAVE_TYPE,AUTO_INPUT,INPUT_ITEM,VIEW_ITEM,UNIQUE_ITEM,REQUIRED_ITEM,AUTOREG_HIDE_ITEM,AUTOREG_ONLY_ITEM,INITIAL_VALUE,VALIDATE_OPTION,BEFORE_VALIDATE_REGISTER,AFTER_VALIDATE_REGISTER,DESCRIPTION_JA,DESCRIPTION_EN,NOTE,DISUSE_FLAG,LAST_UPDATE_TIMESTAMP,LAST_UPDATE_USER) VALUES(2040707,_____DATE_____,'INSERT','2040707','20407','廃止フラグ','Discard','discard',NULL,'1',70,NULL,NULL,NULL,NULL,'0',NULL,NULL,'DISUSE_FLAG',NULL,'1','1','1','0','1','0','0',NULL,NULL,NULL,NULL,'廃止フラグ。復活以外のオペレーションは不可','Discard flag. Cannot do operation other than restore.',NULL,'0',_____DATE_____,1);
INSERT INTO T_COMN_MENU_COLUMN_LINK (COLUMN_DEFINITION_ID,MENU_ID,COLUMN_NAME_JA,COLUMN_NAME_EN,COLUMN_NAME_REST,COL_GROUP_ID,COLUMN_CLASS,COLUMN_DISP_SEQ,REF_TABLE_NAME,REF_PKEY_NAME,REF_COL_NAME,REF_SORT_CONDITIONS,REF_MULTI_LANG,SENSITIVE_COL_NAME,FILE_UPLOAD_PLACE,COL_NAME,SAVE_TYPE,AUTO_INPUT,INPUT_ITEM,VIEW_ITEM,UNIQUE_ITEM,REQUIRED_ITEM,AUTOREG_HIDE_ITEM,AUTOREG_ONLY_ITEM,INITIAL_VALUE,VALIDATE_OPTION,BEFORE_VALIDATE_REGISTER,AFTER_VALIDATE_REGISTER,DESCRIPTION_JA,DESCRIPTION_EN,NOTE,DISUSE_FLAG,LAST_UPDATE_TIMESTAMP,LAST_UPDATE_USER) VALUES('2040708','20407','最終更新日時','Last update date/time','last_update_date_time',NULL,'13',80,NULL,NULL,NULL,NULL,'0',NULL,NULL,'LAST_UPDATE_TIMESTAMP',NULL,'1','1','1','0','1','0','0',NULL,NULL,NULL,NULL,'レコードの最終更新日。更新可否判定に使用。自動登録のため編集不可。','Last update date of record. Useful for judging the possibility of an update. Cannot edit because of auto-numbering.',NULL,'0',_____DATE_____,1);
INSERT INTO T_COMN_MENU_COLUMN_LINK_JNL (JOURNAL_SEQ_NO,JOURNAL_REG_DATETIME,JOURNAL_ACTION_CLASS,COLUMN_DEFINITION_ID,MENU_ID,COLUMN_NAME_JA,COLUMN_NAME_EN,COLUMN_NAME_REST,COL_GROUP_ID,COLUMN_CLASS,COLUMN_DISP_SEQ,REF_TABLE_NAME,REF_PKEY_NAME,REF_COL_NAME,REF_SORT_CONDITIONS,REF_MULTI_LANG,SENSITIVE_COL_NAME,FILE_UPLOAD_PLACE,COL_NAME,SAVE_TYPE,AUTO_INPUT,INPUT_ITEM,VIEW_ITEM,UNIQUE_ITEM,REQUIRED_ITEM,AUTOREG_HIDE_ITEM,AUTOREG_ONLY_ITEM,INITIAL_VALUE,VALIDATE_OPTION,BEFORE_VALIDATE_REGISTER,AFTER_VALIDATE_REGISTER,DESCRIPTION_JA,DESCRIPTION_EN,NOTE,DISUSE_FLAG,LAST_UPDATE_TIMESTAMP,LAST_UPDATE_USER) VALUES(2040708,_____DATE_____,'INSERT','2040708','20407','最終更新日時','Last update date/time','last_update_date_time',NULL,'13',80,NULL,NULL,NULL,NULL,'0',NULL,NULL,'LAST_UPDATE_TIMESTAMP',NULL,'1','1','1','0','1','0','0',NULL,NULL,NULL,NULL,'レコードの最終更新日。更新可否判定に使用。自動登録のため編集不可。','Last update date of record. Useful for judging the possibility of an update. Cannot edit because of auto-numbering.',NULL,'0',_____DATE_____,1);
INSERT INTO T_COMN_MENU_COLUMN_LINK (COLUMN_DEFINITION_ID,MENU_ID,COLUMN_NAME_JA,COLUMN_NAME_EN,COLUMN_NAME_REST,COL_GROUP_ID,COLUMN_CLASS,COLUMN_DISP_SEQ,REF_TABLE_NAME,REF_PKEY_NAME,REF_COL_NAME,REF_SORT_CONDITIONS,REF_MULTI_LANG,SENSITIVE_COL_NAME,FILE_UPLOAD_PLACE,COL_NAME,SAVE_TYPE,AUTO_INPUT,INPUT_ITEM,VIEW_ITEM,UNIQUE_ITEM,REQUIRED_ITEM,AUTOREG_HIDE_ITEM,AUTOREG_ONLY_ITEM,INITIAL_VALUE,VALIDATE_OPTION,BEFORE_VALIDATE_REGISTER,AFTER_VALIDATE_REGISTER,DESCRIPTION_JA,DESCRIPTION_EN,NOTE,DISUSE_FLAG,LAST_UPDATE_TIMESTAMP,LAST_UPDATE_USER) VALUES('2040709','20407','最終更新者','Last updated by','last_updated_user',NULL,'14',90,NULL,NULL,NULL,NULL,'0',NULL,NULL,'LAST_UPDATE_USER',NULL,'1','1','1','0','1','0','0',NULL,NULL,NULL,NULL,'更新者。ログインユーザのIDが自動的に登録される。編集不可。','Updated by. Login user ID is automatically registered. Cannot edit.',NULL,'0',_____DATE_____,1);
INSERT INTO T_COMN_MENU_COLUMN_LINK_JNL (JOURNAL_SEQ_NO,JOURNAL_REG_DATETIME,JOURNAL_ACTION_CLASS,COLUMN_DEFINITION_ID,MENU_ID,COLUMN_NAME_JA,COLUMN_NAME_EN,COLUMN_NAME_REST,COL_GROUP_ID,COLUMN_CLASS,COLUMN_DISP_SEQ,REF_TABLE_NAME,REF_PKEY_NAME,REF_COL_NAME,REF_SORT_CONDITIONS,REF_MULTI_LANG,SENSITIVE_COL_NAME,FILE_UPLOAD_PLACE,COL_NAME,SAVE_TYPE,AUTO_INPUT,INPUT_ITEM,VIEW_ITEM,UNIQUE_ITEM,REQUIRED_ITEM,AUTOREG_HIDE_ITEM,AUTOREG_ONLY_ITEM,INITIAL_VALUE,VALIDATE_OPTION,BEFORE_VALIDATE_REGISTER,AFTER_VALIDATE_REGISTER,DESCRIPTION_JA,DESCRIPTION_EN,NOTE,DISUSE_FLAG,LAST_UPDATE_TIMESTAMP,LAST_UPDATE_USER) VALUES(2040709,_____DATE_____,'INSERT','2040709','20407','最終更新者','Last updated by','last_updated_user',NULL,'14',90,NULL,NULL,NULL,NULL,'0',NULL,NULL,'LAST_UPDATE_USER',NULL,'1','1','1','0','1','0','0',NULL,NULL,NULL,NULL,'更新者。ログインユーザのIDが自動的に登録される。編集不可。','Updated by. Login user ID is automatically registered. Cannot edit.',NULL,'0',_____DATE_____,1);
INSERT INTO T_COMN_MENU_COLUMN_LINK (COLUMN_DEFINITION_ID,MENU_ID,COLUMN_NAME_JA,COLUMN_NAME_EN,COLUMN_NAME_REST,COL_GROUP_ID,COLUMN_CLASS,COLUMN_DISP_SEQ,REF_TABLE_NAME,REF_PKEY_NAME,REF_COL_NAME,REF_SORT_CONDITIONS,REF_MULTI_LANG,SENSITIVE_COL_NAME,FILE_UPLOAD_PLACE,COL_NAME,SAVE_TYPE,AUTO_INPUT,INPUT_ITEM,VIEW_ITEM,UNIQUE_ITEM,REQUIRED_ITEM,AUTOREG_HIDE_ITEM,AUTOREG_ONLY_ITEM,INITIAL_VALUE,VALIDATE_OPTION,BEFORE_VALIDATE_REGISTER,AFTER_VALIDATE_REGISTER,DESCRIPTION_JA,DESCRIPTION_EN,NOTE,DISUSE_FLAG,LAST_UPDATE_TIMESTAMP,LAST_UPDATE_USER) VALUES('2040801','20408','項番','Item No.','item_no',NULL,'1',10,NULL,NULL,NULL,NULL,'0',NULL,NULL,'COLUMN_ID',NULL,'1','1','1','1','1','0','0',NULL,NULL,NULL,NULL,'自動採番のため編集不可。実行処理種別が【登録】の場合、空白のみ可。','Cannot edit because of auto-numbering. Must be blank when execution process type is [Register].',NULL,'0',_____DATE_____,1);
INSERT INTO T_COMN_MENU_COLUMN_LINK_JNL (JOURNAL_SEQ_NO,JOURNAL_REG_DATETIME,JOURNAL_ACTION_CLASS,COLUMN_DEFINITION_ID,MENU_ID,COLUMN_NAME_JA,COLUMN_NAME_EN,COLUMN_NAME_REST,COL_GROUP_ID,COLUMN_CLASS,COLUMN_DISP_SEQ,REF_TABLE_NAME,REF_PKEY_NAME,REF_COL_NAME,REF_SORT_CONDITIONS,REF_MULTI_LANG,SENSITIVE_COL_NAME,FILE_UPLOAD_PLACE,COL_NAME,SAVE_TYPE,AUTO_INPUT,INPUT_ITEM,VIEW_ITEM,UNIQUE_ITEM,REQUIRED_ITEM,AUTOREG_HIDE_ITEM,AUTOREG_ONLY_ITEM,INITIAL_VALUE,VALIDATE_OPTION,BEFORE_VALIDATE_REGISTER,AFTER_VALIDATE_REGISTER,DESCRIPTION_JA,DESCRIPTION_EN,NOTE,DISUSE_FLAG,LAST_UPDATE_TIMESTAMP,LAST_UPDATE_USER) VALUES(2040801,_____DATE_____,'INSERT','2040801','20408','項番','Item No.','item_no',NULL,'1',10,NULL,NULL,NULL,NULL,'0',NULL,NULL,'COLUMN_ID',NULL,'1','1','1','1','1','0','0',NULL,NULL,NULL,NULL,'自動採番のため編集不可。実行処理種別が【登録】の場合、空白のみ可。','Cannot edit because of auto-numbering. Must be blank when execution process type is [Register].',NULL,'0',_____DATE_____,1);
INSERT INTO T_COMN_MENU_COLUMN_LINK (COLUMN_DEFINITION_ID,MENU_ID,COLUMN_NAME_JA,COLUMN_NAME_EN,COLUMN_NAME_REST,COL_GROUP_ID,COLUMN_CLASS,COLUMN_DISP_SEQ,REF_TABLE_NAME,REF_PKEY_NAME,REF_COL_NAME,REF_SORT_CONDITIONS,REF_MULTI_LANG,SENSITIVE_COL_NAME,FILE_UPLOAD_PLACE,COL_NAME,SAVE_TYPE,AUTO_INPUT,INPUT_ITEM,VIEW_ITEM,UNIQUE_ITEM,REQUIRED_ITEM,AUTOREG_HIDE_ITEM,AUTOREG_ONLY_ITEM,INITIAL_VALUE,VALIDATE_OPTION,BEFORE_VALIDATE_REGISTER,AFTER_VALIDATE_REGISTER,DESCRIPTION_JA,DESCRIPTION_EN,NOTE,DISUSE_FLAG,LAST_UPDATE_TIMESTAMP,LAST_UPDATE_USER) VALUES('2040802','20408','メニュー名','Menu name','menu_name','2040801','7',20,'V_ANSC_MENU','COLUMN_DEFINITION_ID','MENU_NAME_JA,MENU_NAME_EN',NULL,'0',NULL,NULL,'MENU_ID',NULL,'0','0','0','0','0','0','0',NULL,NULL,NULL,NULL,'登録・更新時は当該項目は更新対象ではない。','This item is not subject to updates when registering/updating.',NULL,'0',_____DATE_____,1);
INSERT INTO T_COMN_MENU_COLUMN_LINK_JNL (JOURNAL_SEQ_NO,JOURNAL_REG_DATETIME,JOURNAL_ACTION_CLASS,COLUMN_DEFINITION_ID,MENU_ID,COLUMN_NAME_JA,COLUMN_NAME_EN,COLUMN_NAME_REST,COL_GROUP_ID,COLUMN_CLASS,COLUMN_DISP_SEQ,REF_TABLE_NAME,REF_PKEY_NAME,REF_COL_NAME,REF_SORT_CONDITIONS,REF_MULTI_LANG,SENSITIVE_COL_NAME,FILE_UPLOAD_PLACE,COL_NAME,SAVE_TYPE,AUTO_INPUT,INPUT_ITEM,VIEW_ITEM,UNIQUE_ITEM,REQUIRED_ITEM,AUTOREG_HIDE_ITEM,AUTOREG_ONLY_ITEM,INITIAL_VALUE,VALIDATE_OPTION,BEFORE_VALIDATE_REGISTER,AFTER_VALIDATE_REGISTER,DESCRIPTION_JA,DESCRIPTION_EN,NOTE,DISUSE_FLAG,LAST_UPDATE_TIMESTAMP,LAST_UPDATE_USER) VALUES(2040802,_____DATE_____,'INSERT','2040802','20408','メニュー名','Menu name','menu_name','2040801','7',20,'V_ANSC_MENU','COLUMN_DEFINITION_ID','MENU_NAME_JA,MENU_NAME_EN',NULL,'0',NULL,NULL,'MENU_ID',NULL,'0','0','0','0','0','0','0',NULL,NULL,NULL,NULL,'登録・更新時は当該項目は更新対象ではない。','This item is not subject to updates when registering/updating.',NULL,'0',_____DATE_____,1);
INSERT INTO T_COMN_MENU_COLUMN_LINK (COLUMN_DEFINITION_ID,MENU_ID,COLUMN_NAME_JA,COLUMN_NAME_EN,COLUMN_NAME_REST,COL_GROUP_ID,COLUMN_CLASS,COLUMN_DISP_SEQ,REF_TABLE_NAME,REF_PKEY_NAME,REF_COL_NAME,REF_SORT_CONDITIONS,REF_MULTI_LANG,SENSITIVE_COL_NAME,FILE_UPLOAD_PLACE,COL_NAME,SAVE_TYPE,AUTO_INPUT,INPUT_ITEM,VIEW_ITEM,UNIQUE_ITEM,REQUIRED_ITEM,AUTOREG_HIDE_ITEM,AUTOREG_ONLY_ITEM,INITIAL_VALUE,VALIDATE_OPTION,BEFORE_VALIDATE_REGISTER,AFTER_VALIDATE_REGISTER,DESCRIPTION_JA,DESCRIPTION_EN,NOTE,DISUSE_FLAG,LAST_UPDATE_TIMESTAMP,LAST_UPDATE_USER) VALUES('2040803','20408','メニューグループ:メニュー:項目','Menu group:Menu:Item','Menu group_Menu_Item','2040801','7',30,'V_ANSC_COLUMN_LIST','COLUMN_DEFINITION_ID','V_ANSC_COLUMN_LIST_JA,V_ANSC_COLUMN_LIST_EN',NULL,'0',NULL,NULL,'COLUMN_LIST_ID',NULL,'0','1','1','0','1','0','0',NULL,NULL,NULL,NULL,'[元データ]紐付対象メニュー','[Original data] Associated menu',NULL,'0',_____DATE_____,1);
INSERT INTO T_COMN_MENU_COLUMN_LINK_JNL (JOURNAL_SEQ_NO,JOURNAL_REG_DATETIME,JOURNAL_ACTION_CLASS,COLUMN_DEFINITION_ID,MENU_ID,COLUMN_NAME_JA,COLUMN_NAME_EN,COLUMN_NAME_REST,COL_GROUP_ID,COLUMN_CLASS,COLUMN_DISP_SEQ,REF_TABLE_NAME,REF_PKEY_NAME,REF_COL_NAME,REF_SORT_CONDITIONS,REF_MULTI_LANG,SENSITIVE_COL_NAME,FILE_UPLOAD_PLACE,COL_NAME,SAVE_TYPE,AUTO_INPUT,INPUT_ITEM,VIEW_ITEM,UNIQUE_ITEM,REQUIRED_ITEM,AUTOREG_HIDE_ITEM,AUTOREG_ONLY_ITEM,INITIAL_VALUE,VALIDATE_OPTION,BEFORE_VALIDATE_REGISTER,AFTER_VALIDATE_REGISTER,DESCRIPTION_JA,DESCRIPTION_EN,NOTE,DISUSE_FLAG,LAST_UPDATE_TIMESTAMP,LAST_UPDATE_USER) VALUES(2040803,_____DATE_____,'INSERT','2040803','20408','メニューグループ:メニュー:項目','Menu group:Menu:Item','Menu group_Menu_Item','2040801','7',30,'V_ANSC_COLUMN_LIST','COLUMN_DEFINITION_ID','V_ANSC_COLUMN_LIST_JA,V_ANSC_COLUMN_LIST_EN',NULL,'0',NULL,NULL,'COLUMN_LIST_ID',NULL,'0','1','1','0','1','0','0',NULL,NULL,NULL,NULL,'[元データ]紐付対象メニュー','[Original data] Associated menu',NULL,'0',_____DATE_____,1);
INSERT INTO T_COMN_MENU_COLUMN_LINK (COLUMN_DEFINITION_ID,MENU_ID,COLUMN_NAME_JA,COLUMN_NAME_EN,COLUMN_NAME_REST,COL_GROUP_ID,COLUMN_CLASS,COLUMN_DISP_SEQ,REF_TABLE_NAME,REF_PKEY_NAME,REF_COL_NAME,REF_SORT_CONDITIONS,REF_MULTI_LANG,SENSITIVE_COL_NAME,FILE_UPLOAD_PLACE,COL_NAME,SAVE_TYPE,AUTO_INPUT,INPUT_ITEM,VIEW_ITEM,UNIQUE_ITEM,REQUIRED_ITEM,AUTOREG_HIDE_ITEM,AUTOREG_ONLY_ITEM,INITIAL_VALUE,VALIDATE_OPTION,BEFORE_VALIDATE_REGISTER,AFTER_VALIDATE_REGISTER,DESCRIPTION_JA,DESCRIPTION_EN,NOTE,DISUSE_FLAG,LAST_UPDATE_TIMESTAMP,LAST_UPDATE_USER) VALUES('2040804','20408','代入順序','Substitution order','column_substitution_order','2040801','3',40,NULL,NULL,NULL,NULL,'0',NULL,NULL,'COLUMN_ASSIGN_SEQ',NULL,'0','1','1','0','0','0','0',NULL,'{
"int_min": 1,
"int_max": 4294967296
}',NULL,NULL,'yyy（新規追加）','?',NULL,'0',_____DATE_____,1);
INSERT INTO T_COMN_MENU_COLUMN_LINK_JNL (JOURNAL_SEQ_NO,JOURNAL_REG_DATETIME,JOURNAL_ACTION_CLASS,COLUMN_DEFINITION_ID,MENU_ID,COLUMN_NAME_JA,COLUMN_NAME_EN,COLUMN_NAME_REST,COL_GROUP_ID,COLUMN_CLASS,COLUMN_DISP_SEQ,REF_TABLE_NAME,REF_PKEY_NAME,REF_COL_NAME,REF_SORT_CONDITIONS,REF_MULTI_LANG,SENSITIVE_COL_NAME,FILE_UPLOAD_PLACE,COL_NAME,SAVE_TYPE,AUTO_INPUT,INPUT_ITEM,VIEW_ITEM,UNIQUE_ITEM,REQUIRED_ITEM,AUTOREG_HIDE_ITEM,AUTOREG_ONLY_ITEM,INITIAL_VALUE,VALIDATE_OPTION,BEFORE_VALIDATE_REGISTER,AFTER_VALIDATE_REGISTER,DESCRIPTION_JA,DESCRIPTION_EN,NOTE,DISUSE_FLAG,LAST_UPDATE_TIMESTAMP,LAST_UPDATE_USER) VALUES(2040804,_____DATE_____,'INSERT','2040804','20408','代入順序','Substitution order','column_substitution_order','2040801','3',40,NULL,NULL,NULL,NULL,'0',NULL,NULL,'COLUMN_ASSIGN_SEQ',NULL,'0','1','1','0','0','0','0',NULL,'{
"int_min": 1,
"int_max": 4294967296
}',NULL,NULL,'yyy（新規追加）','?',NULL,'0',_____DATE_____,1);
INSERT INTO T_COMN_MENU_COLUMN_LINK (COLUMN_DEFINITION_ID,MENU_ID,COLUMN_NAME_JA,COLUMN_NAME_EN,COLUMN_NAME_REST,COL_GROUP_ID,COLUMN_CLASS,COLUMN_DISP_SEQ,REF_TABLE_NAME,REF_PKEY_NAME,REF_COL_NAME,REF_SORT_CONDITIONS,REF_MULTI_LANG,SENSITIVE_COL_NAME,FILE_UPLOAD_PLACE,COL_NAME,SAVE_TYPE,AUTO_INPUT,INPUT_ITEM,VIEW_ITEM,UNIQUE_ITEM,REQUIRED_ITEM,AUTOREG_HIDE_ITEM,AUTOREG_ONLY_ITEM,INITIAL_VALUE,VALIDATE_OPTION,BEFORE_VALIDATE_REGISTER,AFTER_VALIDATE_REGISTER,DESCRIPTION_JA,DESCRIPTION_EN,NOTE,DISUSE_FLAG,LAST_UPDATE_TIMESTAMP,LAST_UPDATE_USER) VALUES('2040805','20408','登録方式','Registration method','registration_method',NULL,'7',50,'T_ANSC_AUTOREG_REG_TYPE','TYPE_ID','TYPE_NAME',NULL,'1',NULL,NULL,'COL_TYPE',NULL,'0','1','1','0','1','0','0',NULL,NULL,NULL,NULL,'Value型:紐付対象メニューの項目の設定値を紐付けたValue型変数の具体値として代入値管理に登録されます。
Key-Value型:紐付対象メニューの項目の名称(Key)と設定値(Value)を紐付けた各変数の具体値として代入値管理に登録されます。
Key型:紐付対象メニューの項目の名称を紐付けたKey変数の具体値として代入値管理に登録されます。項目の設定値が空白の場合に代入値管理に登録されません','Value type: Setting value of item of associated menu is registered in the substitution value list as a specific value of associated Value type variable. 
Key-Value: Name (Key) and setting value (Value) of associated menu are registered in the substitution value list as a specific value of associated variable name. 
Key type: Item name of associated menu is registered in the substitution value list as a specific value of associated Key variable. When the setting value of the item is blank, it is not registered in the substitution value list',NULL,'0',_____DATE_____,1);
INSERT INTO T_COMN_MENU_COLUMN_LINK_JNL (JOURNAL_SEQ_NO,JOURNAL_REG_DATETIME,JOURNAL_ACTION_CLASS,COLUMN_DEFINITION_ID,MENU_ID,COLUMN_NAME_JA,COLUMN_NAME_EN,COLUMN_NAME_REST,COL_GROUP_ID,COLUMN_CLASS,COLUMN_DISP_SEQ,REF_TABLE_NAME,REF_PKEY_NAME,REF_COL_NAME,REF_SORT_CONDITIONS,REF_MULTI_LANG,SENSITIVE_COL_NAME,FILE_UPLOAD_PLACE,COL_NAME,SAVE_TYPE,AUTO_INPUT,INPUT_ITEM,VIEW_ITEM,UNIQUE_ITEM,REQUIRED_ITEM,AUTOREG_HIDE_ITEM,AUTOREG_ONLY_ITEM,INITIAL_VALUE,VALIDATE_OPTION,BEFORE_VALIDATE_REGISTER,AFTER_VALIDATE_REGISTER,DESCRIPTION_JA,DESCRIPTION_EN,NOTE,DISUSE_FLAG,LAST_UPDATE_TIMESTAMP,LAST_UPDATE_USER) VALUES(2040805,_____DATE_____,'INSERT','2040805','20408','登録方式','Registration method','registration_method',NULL,'7',50,'T_ANSC_AUTOREG_REG_TYPE','TYPE_ID','TYPE_NAME',NULL,'1',NULL,NULL,'COL_TYPE',NULL,'0','1','1','0','1','0','0',NULL,NULL,NULL,NULL,'Value型:紐付対象メニューの項目の設定値を紐付けたValue型変数の具体値として代入値管理に登録されます。
Key-Value型:紐付対象メニューの項目の名称(Key)と設定値(Value)を紐付けた各変数の具体値として代入値管理に登録されます。
Key型:紐付対象メニューの項目の名称を紐付けたKey変数の具体値として代入値管理に登録されます。項目の設定値が空白の場合に代入値管理に登録されません','Value type: Setting value of item of associated menu is registered in the substitution value list as a specific value of associated Value type variable. 
Key-Value: Name (Key) and setting value (Value) of associated menu are registered in the substitution value list as a specific value of associated variable name. 
Key type: Item name of associated menu is registered in the substitution value list as a specific value of associated Key variable. When the setting value of the item is blank, it is not registered in the substitution value list',NULL,'0',_____DATE_____,1);
INSERT INTO T_COMN_MENU_COLUMN_LINK (COLUMN_DEFINITION_ID,MENU_ID,COLUMN_NAME_JA,COLUMN_NAME_EN,COLUMN_NAME_REST,COL_GROUP_ID,COLUMN_CLASS,COLUMN_DISP_SEQ,REF_TABLE_NAME,REF_PKEY_NAME,REF_COL_NAME,REF_SORT_CONDITIONS,REF_MULTI_LANG,SENSITIVE_COL_NAME,FILE_UPLOAD_PLACE,COL_NAME,SAVE_TYPE,AUTO_INPUT,INPUT_ITEM,VIEW_ITEM,UNIQUE_ITEM,REQUIRED_ITEM,AUTOREG_HIDE_ITEM,AUTOREG_ONLY_ITEM,INITIAL_VALUE,VALIDATE_OPTION,BEFORE_VALIDATE_REGISTER,AFTER_VALIDATE_REGISTER,DESCRIPTION_JA,DESCRIPTION_EN,NOTE,DISUSE_FLAG,LAST_UPDATE_TIMESTAMP,LAST_UPDATE_USER) VALUES('2040806','20408','Movement','Movement','movement',NULL,'7',60,'V_ANSR_MOVEMENT','MOVEMENT_ID','MOVEMENT_NAME',NULL,'0',NULL,NULL,'MOVEMENT_ID',NULL,'0','1','1','0','1','0','0',NULL,NULL,NULL,NULL,'[元データ]Movement一覧','[Original data] Movement list',NULL,'0',_____DATE_____,1);
INSERT INTO T_COMN_MENU_COLUMN_LINK_JNL (JOURNAL_SEQ_NO,JOURNAL_REG_DATETIME,JOURNAL_ACTION_CLASS,COLUMN_DEFINITION_ID,MENU_ID,COLUMN_NAME_JA,COLUMN_NAME_EN,COLUMN_NAME_REST,COL_GROUP_ID,COLUMN_CLASS,COLUMN_DISP_SEQ,REF_TABLE_NAME,REF_PKEY_NAME,REF_COL_NAME,REF_SORT_CONDITIONS,REF_MULTI_LANG,SENSITIVE_COL_NAME,FILE_UPLOAD_PLACE,COL_NAME,SAVE_TYPE,AUTO_INPUT,INPUT_ITEM,VIEW_ITEM,UNIQUE_ITEM,REQUIRED_ITEM,AUTOREG_HIDE_ITEM,AUTOREG_ONLY_ITEM,INITIAL_VALUE,VALIDATE_OPTION,BEFORE_VALIDATE_REGISTER,AFTER_VALIDATE_REGISTER,DESCRIPTION_JA,DESCRIPTION_EN,NOTE,DISUSE_FLAG,LAST_UPDATE_TIMESTAMP,LAST_UPDATE_USER) VALUES(2040806,_____DATE_____,'INSERT','2040806','20408','Movement','Movement','movement',NULL,'7',60,'V_ANSR_MOVEMENT','MOVEMENT_ID','MOVEMENT_NAME',NULL,'0',NULL,NULL,'MOVEMENT_ID',NULL,'0','1','1','0','1','0','0',NULL,NULL,NULL,NULL,'[元データ]Movement一覧','[Original data] Movement list',NULL,'0',_____DATE_____,1);
INSERT INTO T_COMN_MENU_COLUMN_LINK (COLUMN_DEFINITION_ID,MENU_ID,COLUMN_NAME_JA,COLUMN_NAME_EN,COLUMN_NAME_REST,COL_GROUP_ID,COLUMN_CLASS,COLUMN_DISP_SEQ,REF_TABLE_NAME,REF_PKEY_NAME,REF_COL_NAME,REF_SORT_CONDITIONS,REF_MULTI_LANG,SENSITIVE_COL_NAME,FILE_UPLOAD_PLACE,COL_NAME,SAVE_TYPE,AUTO_INPUT,INPUT_ITEM,VIEW_ITEM,UNIQUE_ITEM,REQUIRED_ITEM,AUTOREG_HIDE_ITEM,AUTOREG_ONLY_ITEM,INITIAL_VALUE,VALIDATE_OPTION,BEFORE_VALIDATE_REGISTER,AFTER_VALIDATE_REGISTER,DESCRIPTION_JA,DESCRIPTION_EN,NOTE,DISUSE_FLAG,LAST_UPDATE_TIMESTAMP,LAST_UPDATE_USER) VALUES('2040807','20408','Movement名：変数名','Movement Name:Variable name','key_variable_name','2040803','7',70,'V_ANSR_VAL_VARS_LINK','MVMT_VAR_LINK_ID','MOVEMENT_VARS_NAME',NULL,'0',NULL,NULL,'VAL_VARS_LINK_ID',NULL,'0','1','1','0','0','0','0',NULL,NULL,NULL,NULL,'対話ファイル及びテンプレートから自動取得','Auto acquire from Dialog file and template',NULL,'0',_____DATE_____,1);
INSERT INTO T_COMN_MENU_COLUMN_LINK_JNL (JOURNAL_SEQ_NO,JOURNAL_REG_DATETIME,JOURNAL_ACTION_CLASS,COLUMN_DEFINITION_ID,MENU_ID,COLUMN_NAME_JA,COLUMN_NAME_EN,COLUMN_NAME_REST,COL_GROUP_ID,COLUMN_CLASS,COLUMN_DISP_SEQ,REF_TABLE_NAME,REF_PKEY_NAME,REF_COL_NAME,REF_SORT_CONDITIONS,REF_MULTI_LANG,SENSITIVE_COL_NAME,FILE_UPLOAD_PLACE,COL_NAME,SAVE_TYPE,AUTO_INPUT,INPUT_ITEM,VIEW_ITEM,UNIQUE_ITEM,REQUIRED_ITEM,AUTOREG_HIDE_ITEM,AUTOREG_ONLY_ITEM,INITIAL_VALUE,VALIDATE_OPTION,BEFORE_VALIDATE_REGISTER,AFTER_VALIDATE_REGISTER,DESCRIPTION_JA,DESCRIPTION_EN,NOTE,DISUSE_FLAG,LAST_UPDATE_TIMESTAMP,LAST_UPDATE_USER) VALUES(2040807,_____DATE_____,'INSERT','2040807','20408','Movement名：変数名','Movement Name:Variable name','key_variable_name','2040803','7',70,'V_ANSR_VAL_VARS_LINK','MVMT_VAR_LINK_ID','MOVEMENT_VARS_NAME',NULL,'0',NULL,NULL,'VAL_VARS_LINK_ID',NULL,'0','1','1','0','0','0','0',NULL,NULL,NULL,NULL,'対話ファイル及びテンプレートから自動取得','Auto acquire from Dialog file and template',NULL,'0',_____DATE_____,1);
INSERT INTO T_COMN_MENU_COLUMN_LINK (COLUMN_DEFINITION_ID,MENU_ID,COLUMN_NAME_JA,COLUMN_NAME_EN,COLUMN_NAME_REST,COL_GROUP_ID,COLUMN_CLASS,COLUMN_DISP_SEQ,REF_TABLE_NAME,REF_PKEY_NAME,REF_COL_NAME,REF_SORT_CONDITIONS,REF_MULTI_LANG,SENSITIVE_COL_NAME,FILE_UPLOAD_PLACE,COL_NAME,SAVE_TYPE,AUTO_INPUT,INPUT_ITEM,VIEW_ITEM,UNIQUE_ITEM,REQUIRED_ITEM,AUTOREG_HIDE_ITEM,AUTOREG_ONLY_ITEM,INITIAL_VALUE,VALIDATE_OPTION,BEFORE_VALIDATE_REGISTER,AFTER_VALIDATE_REGISTER,DESCRIPTION_JA,DESCRIPTION_EN,NOTE,DISUSE_FLAG,LAST_UPDATE_TIMESTAMP,LAST_UPDATE_USER) VALUES('2040808','20408','Movement名：変数名:メンバー変数','Movement Name:Member variable name','key_member_variable_name','2040803','7',80,'V_ANSR_VAL_COL_SEQ_COMBINATION','COL_SEQ_COMBINATION_ID','MOVEMENT_VARS_COL_COMBINATION_MEMBER',NULL,'0',NULL,NULL,'VAL_COL_SEQ_COMBINATION_ID',NULL,'0','1','1','0',NULL,'0','0',NULL,NULL,NULL,NULL,'変数名で配列変数を指定した場合は入力必須。その他の場合は入力不可。','If array variable is specified in the variable name, input is required. Otherwise, input is not allowed.',NULL,'0',_____DATE_____,1);
INSERT INTO T_COMN_MENU_COLUMN_LINK_JNL (JOURNAL_SEQ_NO,JOURNAL_REG_DATETIME,JOURNAL_ACTION_CLASS,COLUMN_DEFINITION_ID,MENU_ID,COLUMN_NAME_JA,COLUMN_NAME_EN,COLUMN_NAME_REST,COL_GROUP_ID,COLUMN_CLASS,COLUMN_DISP_SEQ,REF_TABLE_NAME,REF_PKEY_NAME,REF_COL_NAME,REF_SORT_CONDITIONS,REF_MULTI_LANG,SENSITIVE_COL_NAME,FILE_UPLOAD_PLACE,COL_NAME,SAVE_TYPE,AUTO_INPUT,INPUT_ITEM,VIEW_ITEM,UNIQUE_ITEM,REQUIRED_ITEM,AUTOREG_HIDE_ITEM,AUTOREG_ONLY_ITEM,INITIAL_VALUE,VALIDATE_OPTION,BEFORE_VALIDATE_REGISTER,AFTER_VALIDATE_REGISTER,DESCRIPTION_JA,DESCRIPTION_EN,NOTE,DISUSE_FLAG,LAST_UPDATE_TIMESTAMP,LAST_UPDATE_USER) VALUES(2040808,_____DATE_____,'INSERT','2040808','20408','Movement名：変数名:メンバー変数','Movement Name:Member variable name','key_member_variable_name','2040803','7',80,'V_ANSR_VAL_COL_SEQ_COMBINATION','COL_SEQ_COMBINATION_ID','MOVEMENT_VARS_COL_COMBINATION_MEMBER',NULL,'0',NULL,NULL,'VAL_COL_SEQ_COMBINATION_ID',NULL,'0','1','1','0',NULL,'0','0',NULL,NULL,NULL,NULL,'変数名で配列変数を指定した場合は入力必須。その他の場合は入力不可。','If array variable is specified in the variable name, input is required. Otherwise, input is not allowed.',NULL,'0',_____DATE_____,1);
INSERT INTO T_COMN_MENU_COLUMN_LINK (COLUMN_DEFINITION_ID,MENU_ID,COLUMN_NAME_JA,COLUMN_NAME_EN,COLUMN_NAME_REST,COL_GROUP_ID,COLUMN_CLASS,COLUMN_DISP_SEQ,REF_TABLE_NAME,REF_PKEY_NAME,REF_COL_NAME,REF_SORT_CONDITIONS,REF_MULTI_LANG,SENSITIVE_COL_NAME,FILE_UPLOAD_PLACE,COL_NAME,SAVE_TYPE,AUTO_INPUT,INPUT_ITEM,VIEW_ITEM,UNIQUE_ITEM,REQUIRED_ITEM,AUTOREG_HIDE_ITEM,AUTOREG_ONLY_ITEM,INITIAL_VALUE,VALIDATE_OPTION,BEFORE_VALIDATE_REGISTER,AFTER_VALIDATE_REGISTER,DESCRIPTION_JA,DESCRIPTION_EN,NOTE,DISUSE_FLAG,LAST_UPDATE_TIMESTAMP,LAST_UPDATE_USER) VALUES('2040809','20408','代入順序','Substitution order','key_substitution_order','2040903','3',90,NULL,NULL,NULL,NULL,'0',NULL,NULL,'VAL_ASSIGN_SEQ',NULL,'0','1','1','0','0','0','0',NULL,'{
"int_min": 1,
"int_max": 4294967296
}',NULL,NULL,'変数名で配列変数を指定した場合は入力不可。
その他の場合は正の整数を入力。入力値が昇順で代入されます。
具体値が複数ない場合でも正の整数を入力して下さい。','If array variable is specified in the variable name, input is not allowed. 
 Otherwise, enter positive integer. Input value is substituted in ascending order. 
 Enter positive integer even if there are no multiple specific values.',NULL,'0',_____DATE_____,1);
INSERT INTO T_COMN_MENU_COLUMN_LINK_JNL (JOURNAL_SEQ_NO,JOURNAL_REG_DATETIME,JOURNAL_ACTION_CLASS,COLUMN_DEFINITION_ID,MENU_ID,COLUMN_NAME_JA,COLUMN_NAME_EN,COLUMN_NAME_REST,COL_GROUP_ID,COLUMN_CLASS,COLUMN_DISP_SEQ,REF_TABLE_NAME,REF_PKEY_NAME,REF_COL_NAME,REF_SORT_CONDITIONS,REF_MULTI_LANG,SENSITIVE_COL_NAME,FILE_UPLOAD_PLACE,COL_NAME,SAVE_TYPE,AUTO_INPUT,INPUT_ITEM,VIEW_ITEM,UNIQUE_ITEM,REQUIRED_ITEM,AUTOREG_HIDE_ITEM,AUTOREG_ONLY_ITEM,INITIAL_VALUE,VALIDATE_OPTION,BEFORE_VALIDATE_REGISTER,AFTER_VALIDATE_REGISTER,DESCRIPTION_JA,DESCRIPTION_EN,NOTE,DISUSE_FLAG,LAST_UPDATE_TIMESTAMP,LAST_UPDATE_USER) VALUES(2040809,_____DATE_____,'INSERT','2040809','20408','代入順序','Substitution order','key_substitution_order','2040903','3',90,NULL,NULL,NULL,NULL,'0',NULL,NULL,'VAL_ASSIGN_SEQ',NULL,'0','1','1','0','0','0','0',NULL,'{
"int_min": 1,
"int_max": 4294967296
}',NULL,NULL,'変数名で配列変数を指定した場合は入力不可。
その他の場合は正の整数を入力。入力値が昇順で代入されます。
具体値が複数ない場合でも正の整数を入力して下さい。','If array variable is specified in the variable name, input is not allowed. 
 Otherwise, enter positive integer. Input value is substituted in ascending order. 
 Enter positive integer even if there are no multiple specific values.',NULL,'0',_____DATE_____,1);
INSERT INTO T_COMN_MENU_COLUMN_LINK (COLUMN_DEFINITION_ID,MENU_ID,COLUMN_NAME_JA,COLUMN_NAME_EN,COLUMN_NAME_REST,COL_GROUP_ID,COLUMN_CLASS,COLUMN_DISP_SEQ,REF_TABLE_NAME,REF_PKEY_NAME,REF_COL_NAME,REF_SORT_CONDITIONS,REF_MULTI_LANG,SENSITIVE_COL_NAME,FILE_UPLOAD_PLACE,COL_NAME,SAVE_TYPE,AUTO_INPUT,INPUT_ITEM,VIEW_ITEM,UNIQUE_ITEM,REQUIRED_ITEM,AUTOREG_HIDE_ITEM,AUTOREG_ONLY_ITEM,INITIAL_VALUE,VALIDATE_OPTION,BEFORE_VALIDATE_REGISTER,AFTER_VALIDATE_REGISTER,DESCRIPTION_JA,DESCRIPTION_EN,NOTE,DISUSE_FLAG,LAST_UPDATE_TIMESTAMP,LAST_UPDATE_USER) VALUES('2040810','20408','Movement名：変数名','Movement Name:Variable name','val_variable_name','2040804','7',100,'V_ANSR_VAL_VARS_LINK','MVMT_VAR_LINK_ID','MOVEMENT_VARS_NAME',NULL,'0',NULL,NULL,'KEY_VARS_LINK_ID',NULL,'0','1','1','0','0','0','0',NULL,NULL,NULL,NULL,'対話ファイル及びテンプレートから自動取得','Auto acquire from Dialog file and template',NULL,'0',_____DATE_____,1);
INSERT INTO T_COMN_MENU_COLUMN_LINK_JNL (JOURNAL_SEQ_NO,JOURNAL_REG_DATETIME,JOURNAL_ACTION_CLASS,COLUMN_DEFINITION_ID,MENU_ID,COLUMN_NAME_JA,COLUMN_NAME_EN,COLUMN_NAME_REST,COL_GROUP_ID,COLUMN_CLASS,COLUMN_DISP_SEQ,REF_TABLE_NAME,REF_PKEY_NAME,REF_COL_NAME,REF_SORT_CONDITIONS,REF_MULTI_LANG,SENSITIVE_COL_NAME,FILE_UPLOAD_PLACE,COL_NAME,SAVE_TYPE,AUTO_INPUT,INPUT_ITEM,VIEW_ITEM,UNIQUE_ITEM,REQUIRED_ITEM,AUTOREG_HIDE_ITEM,AUTOREG_ONLY_ITEM,INITIAL_VALUE,VALIDATE_OPTION,BEFORE_VALIDATE_REGISTER,AFTER_VALIDATE_REGISTER,DESCRIPTION_JA,DESCRIPTION_EN,NOTE,DISUSE_FLAG,LAST_UPDATE_TIMESTAMP,LAST_UPDATE_USER) VALUES(2040810,_____DATE_____,'INSERT','2040810','20408','Movement名：変数名','Movement Name:Variable name','val_variable_name','2040804','7',100,'V_ANSR_VAL_VARS_LINK','MVMT_VAR_LINK_ID','MOVEMENT_VARS_NAME',NULL,'0',NULL,NULL,'KEY_VARS_LINK_ID',NULL,'0','1','1','0','0','0','0',NULL,NULL,NULL,NULL,'対話ファイル及びテンプレートから自動取得','Auto acquire from Dialog file and template',NULL,'0',_____DATE_____,1);
INSERT INTO T_COMN_MENU_COLUMN_LINK (COLUMN_DEFINITION_ID,MENU_ID,COLUMN_NAME_JA,COLUMN_NAME_EN,COLUMN_NAME_REST,COL_GROUP_ID,COLUMN_CLASS,COLUMN_DISP_SEQ,REF_TABLE_NAME,REF_PKEY_NAME,REF_COL_NAME,REF_SORT_CONDITIONS,REF_MULTI_LANG,SENSITIVE_COL_NAME,FILE_UPLOAD_PLACE,COL_NAME,SAVE_TYPE,AUTO_INPUT,INPUT_ITEM,VIEW_ITEM,UNIQUE_ITEM,REQUIRED_ITEM,AUTOREG_HIDE_ITEM,AUTOREG_ONLY_ITEM,INITIAL_VALUE,VALIDATE_OPTION,BEFORE_VALIDATE_REGISTER,AFTER_VALIDATE_REGISTER,DESCRIPTION_JA,DESCRIPTION_EN,NOTE,DISUSE_FLAG,LAST_UPDATE_TIMESTAMP,LAST_UPDATE_USER) VALUES('2040811','20408','Movement名：変数名:メンバー変数','Movement Name:Member variable name','val_member_variable_name','2040804','7',110,'V_ANSR_VAL_COL_SEQ_COMBINATION','COL_SEQ_COMBINATION_ID','MOVEMENT_VARS_COL_COMBINATION_MEMBER',NULL,'0',NULL,NULL,'KEY_COL_SEQ_COMBINATION_ID',NULL,'0','1','1','0','0','0','0',NULL,NULL,NULL,NULL,'変数名で配列変数を指定した場合は入力必須。その他の場合は入力不可。','If array variable is specified in the variable name, input is required. Otherwise, input is not allowed.',NULL,'0',_____DATE_____,1);
INSERT INTO T_COMN_MENU_COLUMN_LINK_JNL (JOURNAL_SEQ_NO,JOURNAL_REG_DATETIME,JOURNAL_ACTION_CLASS,COLUMN_DEFINITION_ID,MENU_ID,COLUMN_NAME_JA,COLUMN_NAME_EN,COLUMN_NAME_REST,COL_GROUP_ID,COLUMN_CLASS,COLUMN_DISP_SEQ,REF_TABLE_NAME,REF_PKEY_NAME,REF_COL_NAME,REF_SORT_CONDITIONS,REF_MULTI_LANG,SENSITIVE_COL_NAME,FILE_UPLOAD_PLACE,COL_NAME,SAVE_TYPE,AUTO_INPUT,INPUT_ITEM,VIEW_ITEM,UNIQUE_ITEM,REQUIRED_ITEM,AUTOREG_HIDE_ITEM,AUTOREG_ONLY_ITEM,INITIAL_VALUE,VALIDATE_OPTION,BEFORE_VALIDATE_REGISTER,AFTER_VALIDATE_REGISTER,DESCRIPTION_JA,DESCRIPTION_EN,NOTE,DISUSE_FLAG,LAST_UPDATE_TIMESTAMP,LAST_UPDATE_USER) VALUES(2040811,_____DATE_____,'INSERT','2040811','20408','Movement名：変数名:メンバー変数','Movement Name:Member variable name','val_member_variable_name','2040804','7',110,'V_ANSR_VAL_COL_SEQ_COMBINATION','COL_SEQ_COMBINATION_ID','MOVEMENT_VARS_COL_COMBINATION_MEMBER',NULL,'0',NULL,NULL,'KEY_COL_SEQ_COMBINATION_ID',NULL,'0','1','1','0','0','0','0',NULL,NULL,NULL,NULL,'変数名で配列変数を指定した場合は入力必須。その他の場合は入力不可。','If array variable is specified in the variable name, input is required. Otherwise, input is not allowed.',NULL,'0',_____DATE_____,1);
INSERT INTO T_COMN_MENU_COLUMN_LINK (COLUMN_DEFINITION_ID,MENU_ID,COLUMN_NAME_JA,COLUMN_NAME_EN,COLUMN_NAME_REST,COL_GROUP_ID,COLUMN_CLASS,COLUMN_DISP_SEQ,REF_TABLE_NAME,REF_PKEY_NAME,REF_COL_NAME,REF_SORT_CONDITIONS,REF_MULTI_LANG,SENSITIVE_COL_NAME,FILE_UPLOAD_PLACE,COL_NAME,SAVE_TYPE,AUTO_INPUT,INPUT_ITEM,VIEW_ITEM,UNIQUE_ITEM,REQUIRED_ITEM,AUTOREG_HIDE_ITEM,AUTOREG_ONLY_ITEM,INITIAL_VALUE,VALIDATE_OPTION,BEFORE_VALIDATE_REGISTER,AFTER_VALIDATE_REGISTER,DESCRIPTION_JA,DESCRIPTION_EN,NOTE,DISUSE_FLAG,LAST_UPDATE_TIMESTAMP,LAST_UPDATE_USER) VALUES('2040812','20408','代入順序','Substitution order','val_substitution_order','2040904','3',120,NULL,NULL,NULL,NULL,'0',NULL,NULL,'KEY_ASSIGN_SEQ',NULL,'0','1','1','0','0','0','0',NULL,'{
"int_min": 1,
"int_max": 4294967296
}',NULL,NULL,'変数名で配列変数を指定した場合は入力不可。
その他の場合は正の整数を入力。入力値が昇順で代入されます。
具体値が複数ない場合でも正の整数を入力して下さい。','If array variable is specified in the variable name, input is not allowed. 
 Otherwise, enter positive integer. Input value is substituted in ascending order. 
 Enter positive integer even if there are no multiple specific values.',NULL,'0',_____DATE_____,1);
INSERT INTO T_COMN_MENU_COLUMN_LINK_JNL (JOURNAL_SEQ_NO,JOURNAL_REG_DATETIME,JOURNAL_ACTION_CLASS,COLUMN_DEFINITION_ID,MENU_ID,COLUMN_NAME_JA,COLUMN_NAME_EN,COLUMN_NAME_REST,COL_GROUP_ID,COLUMN_CLASS,COLUMN_DISP_SEQ,REF_TABLE_NAME,REF_PKEY_NAME,REF_COL_NAME,REF_SORT_CONDITIONS,REF_MULTI_LANG,SENSITIVE_COL_NAME,FILE_UPLOAD_PLACE,COL_NAME,SAVE_TYPE,AUTO_INPUT,INPUT_ITEM,VIEW_ITEM,UNIQUE_ITEM,REQUIRED_ITEM,AUTOREG_HIDE_ITEM,AUTOREG_ONLY_ITEM,INITIAL_VALUE,VALIDATE_OPTION,BEFORE_VALIDATE_REGISTER,AFTER_VALIDATE_REGISTER,DESCRIPTION_JA,DESCRIPTION_EN,NOTE,DISUSE_FLAG,LAST_UPDATE_TIMESTAMP,LAST_UPDATE_USER) VALUES(2040812,_____DATE_____,'INSERT','2040812','20408','代入順序','Substitution order','val_substitution_order','2040904','3',120,NULL,NULL,NULL,NULL,'0',NULL,NULL,'KEY_ASSIGN_SEQ',NULL,'0','1','1','0','0','0','0',NULL,'{
"int_min": 1,
"int_max": 4294967296
}',NULL,NULL,'変数名で配列変数を指定した場合は入力不可。
その他の場合は正の整数を入力。入力値が昇順で代入されます。
具体値が複数ない場合でも正の整数を入力して下さい。','If array variable is specified in the variable name, input is not allowed. 
 Otherwise, enter positive integer. Input value is substituted in ascending order. 
 Enter positive integer even if there are no multiple specific values.',NULL,'0',_____DATE_____,1);
INSERT INTO T_COMN_MENU_COLUMN_LINK (COLUMN_DEFINITION_ID,MENU_ID,COLUMN_NAME_JA,COLUMN_NAME_EN,COLUMN_NAME_REST,COL_GROUP_ID,COLUMN_CLASS,COLUMN_DISP_SEQ,REF_TABLE_NAME,REF_PKEY_NAME,REF_COL_NAME,REF_SORT_CONDITIONS,REF_MULTI_LANG,SENSITIVE_COL_NAME,FILE_UPLOAD_PLACE,COL_NAME,SAVE_TYPE,AUTO_INPUT,INPUT_ITEM,VIEW_ITEM,UNIQUE_ITEM,REQUIRED_ITEM,AUTOREG_HIDE_ITEM,AUTOREG_ONLY_ITEM,INITIAL_VALUE,VALIDATE_OPTION,BEFORE_VALIDATE_REGISTER,AFTER_VALIDATE_REGISTER,DESCRIPTION_JA,DESCRIPTION_EN,NOTE,DISUSE_FLAG,LAST_UPDATE_TIMESTAMP,LAST_UPDATE_USER) VALUES('2040813','20408','NULL連携','NULL link','null_link',NULL,'7',130,'T_COMN_BOOLEAN_FLAG','FLAG_ID','FLAG_NAME',NULL,'0',NULL,NULL,'NULL_DATA_HANDLING_FLG',NULL,'0','1','1','0','0','0','0',NULL,NULL,NULL,NULL,'パラメータシートの具体値がNULL(空白)の場合、代入値管理への登録を有効にするかを設定します。
空白:Ansible共通インターフェース情報のNULL連携に従う。
有効:NULLデータを登録する。
無効:NULLデータは登録しない。','If specific value of parameter sheet is NULL, set whether to enable Substitution value list registration.
Blank: Follow Null linkage of Ansible common interface information.
valid: Register NULL data.
Invalid: Do not register null data.',NULL,'0',_____DATE_____,1);
INSERT INTO T_COMN_MENU_COLUMN_LINK_JNL (JOURNAL_SEQ_NO,JOURNAL_REG_DATETIME,JOURNAL_ACTION_CLASS,COLUMN_DEFINITION_ID,MENU_ID,COLUMN_NAME_JA,COLUMN_NAME_EN,COLUMN_NAME_REST,COL_GROUP_ID,COLUMN_CLASS,COLUMN_DISP_SEQ,REF_TABLE_NAME,REF_PKEY_NAME,REF_COL_NAME,REF_SORT_CONDITIONS,REF_MULTI_LANG,SENSITIVE_COL_NAME,FILE_UPLOAD_PLACE,COL_NAME,SAVE_TYPE,AUTO_INPUT,INPUT_ITEM,VIEW_ITEM,UNIQUE_ITEM,REQUIRED_ITEM,AUTOREG_HIDE_ITEM,AUTOREG_ONLY_ITEM,INITIAL_VALUE,VALIDATE_OPTION,BEFORE_VALIDATE_REGISTER,AFTER_VALIDATE_REGISTER,DESCRIPTION_JA,DESCRIPTION_EN,NOTE,DISUSE_FLAG,LAST_UPDATE_TIMESTAMP,LAST_UPDATE_USER) VALUES(2040813,_____DATE_____,'INSERT','2040813','20408','NULL連携','NULL link','null_link',NULL,'7',130,'T_COMN_BOOLEAN_FLAG','FLAG_ID','FLAG_NAME',NULL,'0',NULL,NULL,'NULL_DATA_HANDLING_FLG',NULL,'0','1','1','0','0','0','0',NULL,NULL,NULL,NULL,'パラメータシートの具体値がNULL(空白)の場合、代入値管理への登録を有効にするかを設定します。
空白:Ansible共通インターフェース情報のNULL連携に従う。
有効:NULLデータを登録する。
無効:NULLデータは登録しない。','If specific value of parameter sheet is NULL, set whether to enable Substitution value list registration.
Blank: Follow Null linkage of Ansible common interface information.
valid: Register NULL data.
Invalid: Do not register null data.',NULL,'0',_____DATE_____,1);
INSERT INTO T_COMN_MENU_COLUMN_LINK (COLUMN_DEFINITION_ID,MENU_ID,COLUMN_NAME_JA,COLUMN_NAME_EN,COLUMN_NAME_REST,COL_GROUP_ID,COLUMN_CLASS,COLUMN_DISP_SEQ,REF_TABLE_NAME,REF_PKEY_NAME,REF_COL_NAME,REF_SORT_CONDITIONS,REF_MULTI_LANG,SENSITIVE_COL_NAME,FILE_UPLOAD_PLACE,COL_NAME,SAVE_TYPE,AUTO_INPUT,INPUT_ITEM,VIEW_ITEM,UNIQUE_ITEM,REQUIRED_ITEM,AUTOREG_HIDE_ITEM,AUTOREG_ONLY_ITEM,INITIAL_VALUE,VALIDATE_OPTION,BEFORE_VALIDATE_REGISTER,AFTER_VALIDATE_REGISTER,DESCRIPTION_JA,DESCRIPTION_EN,NOTE,DISUSE_FLAG,LAST_UPDATE_TIMESTAMP,LAST_UPDATE_USER) VALUES('2040814','20408','備考','Remarks','remarks',NULL,'12',140,NULL,NULL,NULL,NULL,'0',NULL,NULL,'NOTE',NULL,'0','1','1','0','0','0','0',NULL,'{
"min_length": 0,
"max_length": 4000
}',NULL,NULL,'自由記述欄。レコードの廃止・復活時にも記載可能。','Comments section. Can comment when removing or restoring records.',NULL,'0',_____DATE_____,1);
INSERT INTO T_COMN_MENU_COLUMN_LINK_JNL (JOURNAL_SEQ_NO,JOURNAL_REG_DATETIME,JOURNAL_ACTION_CLASS,COLUMN_DEFINITION_ID,MENU_ID,COLUMN_NAME_JA,COLUMN_NAME_EN,COLUMN_NAME_REST,COL_GROUP_ID,COLUMN_CLASS,COLUMN_DISP_SEQ,REF_TABLE_NAME,REF_PKEY_NAME,REF_COL_NAME,REF_SORT_CONDITIONS,REF_MULTI_LANG,SENSITIVE_COL_NAME,FILE_UPLOAD_PLACE,COL_NAME,SAVE_TYPE,AUTO_INPUT,INPUT_ITEM,VIEW_ITEM,UNIQUE_ITEM,REQUIRED_ITEM,AUTOREG_HIDE_ITEM,AUTOREG_ONLY_ITEM,INITIAL_VALUE,VALIDATE_OPTION,BEFORE_VALIDATE_REGISTER,AFTER_VALIDATE_REGISTER,DESCRIPTION_JA,DESCRIPTION_EN,NOTE,DISUSE_FLAG,LAST_UPDATE_TIMESTAMP,LAST_UPDATE_USER) VALUES(2040814,_____DATE_____,'INSERT','2040814','20408','備考','Remarks','remarks',NULL,'12',140,NULL,NULL,NULL,NULL,'0',NULL,NULL,'NOTE',NULL,'0','1','1','0','0','0','0',NULL,'{
"min_length": 0,
"max_length": 4000
}',NULL,NULL,'自由記述欄。レコードの廃止・復活時にも記載可能。','Comments section. Can comment when removing or restoring records.',NULL,'0',_____DATE_____,1);
INSERT INTO T_COMN_MENU_COLUMN_LINK (COLUMN_DEFINITION_ID,MENU_ID,COLUMN_NAME_JA,COLUMN_NAME_EN,COLUMN_NAME_REST,COL_GROUP_ID,COLUMN_CLASS,COLUMN_DISP_SEQ,REF_TABLE_NAME,REF_PKEY_NAME,REF_COL_NAME,REF_SORT_CONDITIONS,REF_MULTI_LANG,SENSITIVE_COL_NAME,FILE_UPLOAD_PLACE,COL_NAME,SAVE_TYPE,AUTO_INPUT,INPUT_ITEM,VIEW_ITEM,UNIQUE_ITEM,REQUIRED_ITEM,AUTOREG_HIDE_ITEM,AUTOREG_ONLY_ITEM,INITIAL_VALUE,VALIDATE_OPTION,BEFORE_VALIDATE_REGISTER,AFTER_VALIDATE_REGISTER,DESCRIPTION_JA,DESCRIPTION_EN,NOTE,DISUSE_FLAG,LAST_UPDATE_TIMESTAMP,LAST_UPDATE_USER) VALUES('2040815','20408','廃止フラグ','Discard','discard',NULL,'1',150,NULL,NULL,NULL,NULL,'0',NULL,NULL,'DISUSE_FLAG',NULL,'1','1','1','0','1','0','0',NULL,NULL,NULL,NULL,'廃止フラグ。復活以外のオペレーションは不可','Discard flag. Cannot do operation other than restore.',NULL,'0',_____DATE_____,1);
INSERT INTO T_COMN_MENU_COLUMN_LINK_JNL (JOURNAL_SEQ_NO,JOURNAL_REG_DATETIME,JOURNAL_ACTION_CLASS,COLUMN_DEFINITION_ID,MENU_ID,COLUMN_NAME_JA,COLUMN_NAME_EN,COLUMN_NAME_REST,COL_GROUP_ID,COLUMN_CLASS,COLUMN_DISP_SEQ,REF_TABLE_NAME,REF_PKEY_NAME,REF_COL_NAME,REF_SORT_CONDITIONS,REF_MULTI_LANG,SENSITIVE_COL_NAME,FILE_UPLOAD_PLACE,COL_NAME,SAVE_TYPE,AUTO_INPUT,INPUT_ITEM,VIEW_ITEM,UNIQUE_ITEM,REQUIRED_ITEM,AUTOREG_HIDE_ITEM,AUTOREG_ONLY_ITEM,INITIAL_VALUE,VALIDATE_OPTION,BEFORE_VALIDATE_REGISTER,AFTER_VALIDATE_REGISTER,DESCRIPTION_JA,DESCRIPTION_EN,NOTE,DISUSE_FLAG,LAST_UPDATE_TIMESTAMP,LAST_UPDATE_USER) VALUES(2040815,_____DATE_____,'INSERT','2040815','20408','廃止フラグ','Discard','discard',NULL,'1',150,NULL,NULL,NULL,NULL,'0',NULL,NULL,'DISUSE_FLAG',NULL,'1','1','1','0','1','0','0',NULL,NULL,NULL,NULL,'廃止フラグ。復活以外のオペレーションは不可','Discard flag. Cannot do operation other than restore.',NULL,'0',_____DATE_____,1);
INSERT INTO T_COMN_MENU_COLUMN_LINK (COLUMN_DEFINITION_ID,MENU_ID,COLUMN_NAME_JA,COLUMN_NAME_EN,COLUMN_NAME_REST,COL_GROUP_ID,COLUMN_CLASS,COLUMN_DISP_SEQ,REF_TABLE_NAME,REF_PKEY_NAME,REF_COL_NAME,REF_SORT_CONDITIONS,REF_MULTI_LANG,SENSITIVE_COL_NAME,FILE_UPLOAD_PLACE,COL_NAME,SAVE_TYPE,AUTO_INPUT,INPUT_ITEM,VIEW_ITEM,UNIQUE_ITEM,REQUIRED_ITEM,AUTOREG_HIDE_ITEM,AUTOREG_ONLY_ITEM,INITIAL_VALUE,VALIDATE_OPTION,BEFORE_VALIDATE_REGISTER,AFTER_VALIDATE_REGISTER,DESCRIPTION_JA,DESCRIPTION_EN,NOTE,DISUSE_FLAG,LAST_UPDATE_TIMESTAMP,LAST_UPDATE_USER) VALUES('2040816','20408','最終更新日時','Last update date/time','last_update_date_time',NULL,'13',160,NULL,NULL,NULL,NULL,'0',NULL,NULL,'LAST_UPDATE_TIMESTAMP',NULL,'1','1','1','0','1','0','0',NULL,NULL,NULL,NULL,'レコードの最終更新日。更新可否判定に使用。自動登録のため編集不可。','Last update date of record. Useful for judging the possibility of an update. Cannot edit because of auto-numbering.',NULL,'0',_____DATE_____,1);
INSERT INTO T_COMN_MENU_COLUMN_LINK_JNL (JOURNAL_SEQ_NO,JOURNAL_REG_DATETIME,JOURNAL_ACTION_CLASS,COLUMN_DEFINITION_ID,MENU_ID,COLUMN_NAME_JA,COLUMN_NAME_EN,COLUMN_NAME_REST,COL_GROUP_ID,COLUMN_CLASS,COLUMN_DISP_SEQ,REF_TABLE_NAME,REF_PKEY_NAME,REF_COL_NAME,REF_SORT_CONDITIONS,REF_MULTI_LANG,SENSITIVE_COL_NAME,FILE_UPLOAD_PLACE,COL_NAME,SAVE_TYPE,AUTO_INPUT,INPUT_ITEM,VIEW_ITEM,UNIQUE_ITEM,REQUIRED_ITEM,AUTOREG_HIDE_ITEM,AUTOREG_ONLY_ITEM,INITIAL_VALUE,VALIDATE_OPTION,BEFORE_VALIDATE_REGISTER,AFTER_VALIDATE_REGISTER,DESCRIPTION_JA,DESCRIPTION_EN,NOTE,DISUSE_FLAG,LAST_UPDATE_TIMESTAMP,LAST_UPDATE_USER) VALUES(2040816,_____DATE_____,'INSERT','2040816','20408','最終更新日時','Last update date/time','last_update_date_time',NULL,'13',160,NULL,NULL,NULL,NULL,'0',NULL,NULL,'LAST_UPDATE_TIMESTAMP',NULL,'1','1','1','0','1','0','0',NULL,NULL,NULL,NULL,'レコードの最終更新日。更新可否判定に使用。自動登録のため編集不可。','Last update date of record. Useful for judging the possibility of an update. Cannot edit because of auto-numbering.',NULL,'0',_____DATE_____,1);
INSERT INTO T_COMN_MENU_COLUMN_LINK (COLUMN_DEFINITION_ID,MENU_ID,COLUMN_NAME_JA,COLUMN_NAME_EN,COLUMN_NAME_REST,COL_GROUP_ID,COLUMN_CLASS,COLUMN_DISP_SEQ,REF_TABLE_NAME,REF_PKEY_NAME,REF_COL_NAME,REF_SORT_CONDITIONS,REF_MULTI_LANG,SENSITIVE_COL_NAME,FILE_UPLOAD_PLACE,COL_NAME,SAVE_TYPE,AUTO_INPUT,INPUT_ITEM,VIEW_ITEM,UNIQUE_ITEM,REQUIRED_ITEM,AUTOREG_HIDE_ITEM,AUTOREG_ONLY_ITEM,INITIAL_VALUE,VALIDATE_OPTION,BEFORE_VALIDATE_REGISTER,AFTER_VALIDATE_REGISTER,DESCRIPTION_JA,DESCRIPTION_EN,NOTE,DISUSE_FLAG,LAST_UPDATE_TIMESTAMP,LAST_UPDATE_USER) VALUES('2040817','20408','最終更新者','Last updated by','last_updated_user',NULL,'14',170,NULL,NULL,NULL,NULL,'0',NULL,NULL,'LAST_UPDATE_USER',NULL,'1','1','1','0','1','0','0',NULL,NULL,NULL,NULL,'更新者。ログインユーザのIDが自動的に登録される。編集不可。','Updated by. Login user ID is automatically registered. Cannot edit.',NULL,'0',_____DATE_____,1);
INSERT INTO T_COMN_MENU_COLUMN_LINK_JNL (JOURNAL_SEQ_NO,JOURNAL_REG_DATETIME,JOURNAL_ACTION_CLASS,COLUMN_DEFINITION_ID,MENU_ID,COLUMN_NAME_JA,COLUMN_NAME_EN,COLUMN_NAME_REST,COL_GROUP_ID,COLUMN_CLASS,COLUMN_DISP_SEQ,REF_TABLE_NAME,REF_PKEY_NAME,REF_COL_NAME,REF_SORT_CONDITIONS,REF_MULTI_LANG,SENSITIVE_COL_NAME,FILE_UPLOAD_PLACE,COL_NAME,SAVE_TYPE,AUTO_INPUT,INPUT_ITEM,VIEW_ITEM,UNIQUE_ITEM,REQUIRED_ITEM,AUTOREG_HIDE_ITEM,AUTOREG_ONLY_ITEM,INITIAL_VALUE,VALIDATE_OPTION,BEFORE_VALIDATE_REGISTER,AFTER_VALIDATE_REGISTER,DESCRIPTION_JA,DESCRIPTION_EN,NOTE,DISUSE_FLAG,LAST_UPDATE_TIMESTAMP,LAST_UPDATE_USER) VALUES(2040817,_____DATE_____,'INSERT','2040817','20408','最終更新者','Last updated by','last_updated_user',NULL,'14',170,NULL,NULL,NULL,NULL,'0',NULL,NULL,'LAST_UPDATE_USER',NULL,'1','1','1','0','1','0','0',NULL,NULL,NULL,NULL,'更新者。ログインユーザのIDが自動的に登録される。編集不可。','Updated by. Login user ID is automatically registered. Cannot edit.',NULL,'0',_____DATE_____,1);
INSERT INTO T_COMN_MENU_COLUMN_LINK (COLUMN_DEFINITION_ID,MENU_ID,COLUMN_NAME_JA,COLUMN_NAME_EN,COLUMN_NAME_REST,COL_GROUP_ID,COLUMN_CLASS,COLUMN_DISP_SEQ,REF_TABLE_NAME,REF_PKEY_NAME,REF_COL_NAME,REF_SORT_CONDITIONS,REF_MULTI_LANG,SENSITIVE_COL_NAME,FILE_UPLOAD_PLACE,COL_NAME,SAVE_TYPE,AUTO_INPUT,INPUT_ITEM,VIEW_ITEM,UNIQUE_ITEM,REQUIRED_ITEM,AUTOREG_HIDE_ITEM,AUTOREG_ONLY_ITEM,INITIAL_VALUE,VALIDATE_OPTION,BEFORE_VALIDATE_REGISTER,AFTER_VALIDATE_REGISTER,DESCRIPTION_JA,DESCRIPTION_EN,NOTE,DISUSE_FLAG,LAST_UPDATE_TIMESTAMP,LAST_UPDATE_USER) VALUES('2040901','20409','項番','Item No.','item_no',NULL,'1',10,NULL,NULL,NULL,NULL,'0',NULL,NULL,'PHO_LINK_ID',NULL,'1','1','1','1','1','0','0',NULL,NULL,NULL,NULL,'自動採番のため編集不可。実行処理種別が【登録】の場合、空白のみ可。','Cannot edit because of auto-numbering. Must be blank when execution process type is [Register].',NULL,'0',_____DATE_____,1);
INSERT INTO T_COMN_MENU_COLUMN_LINK_JNL (JOURNAL_SEQ_NO,JOURNAL_REG_DATETIME,JOURNAL_ACTION_CLASS,COLUMN_DEFINITION_ID,MENU_ID,COLUMN_NAME_JA,COLUMN_NAME_EN,COLUMN_NAME_REST,COL_GROUP_ID,COLUMN_CLASS,COLUMN_DISP_SEQ,REF_TABLE_NAME,REF_PKEY_NAME,REF_COL_NAME,REF_SORT_CONDITIONS,REF_MULTI_LANG,SENSITIVE_COL_NAME,FILE_UPLOAD_PLACE,COL_NAME,SAVE_TYPE,AUTO_INPUT,INPUT_ITEM,VIEW_ITEM,UNIQUE_ITEM,REQUIRED_ITEM,AUTOREG_HIDE_ITEM,AUTOREG_ONLY_ITEM,INITIAL_VALUE,VALIDATE_OPTION,BEFORE_VALIDATE_REGISTER,AFTER_VALIDATE_REGISTER,DESCRIPTION_JA,DESCRIPTION_EN,NOTE,DISUSE_FLAG,LAST_UPDATE_TIMESTAMP,LAST_UPDATE_USER) VALUES(2040901,_____DATE_____,'INSERT','2040901','20409','項番','Item No.','item_no',NULL,'1',10,NULL,NULL,NULL,NULL,'0',NULL,NULL,'PHO_LINK_ID',NULL,'1','1','1','1','1','0','0',NULL,NULL,NULL,NULL,'自動採番のため編集不可。実行処理種別が【登録】の場合、空白のみ可。','Cannot edit because of auto-numbering. Must be blank when execution process type is [Register].',NULL,'0',_____DATE_____,1);
INSERT INTO T_COMN_MENU_COLUMN_LINK (COLUMN_DEFINITION_ID,MENU_ID,COLUMN_NAME_JA,COLUMN_NAME_EN,COLUMN_NAME_REST,COL_GROUP_ID,COLUMN_CLASS,COLUMN_DISP_SEQ,REF_TABLE_NAME,REF_PKEY_NAME,REF_COL_NAME,REF_SORT_CONDITIONS,REF_MULTI_LANG,SENSITIVE_COL_NAME,FILE_UPLOAD_PLACE,COL_NAME,SAVE_TYPE,AUTO_INPUT,INPUT_ITEM,VIEW_ITEM,UNIQUE_ITEM,REQUIRED_ITEM,AUTOREG_HIDE_ITEM,AUTOREG_ONLY_ITEM,INITIAL_VALUE,VALIDATE_OPTION,BEFORE_VALIDATE_REGISTER,AFTER_VALIDATE_REGISTER,DESCRIPTION_JA,DESCRIPTION_EN,NOTE,DISUSE_FLAG,LAST_UPDATE_TIMESTAMP,LAST_UPDATE_USER) VALUES('2040902','20409','作業No','Execution No.','execution_no',NULL,'1',20,'T_ANSR_EXEC_STS_INST','EXECUTION_NO','EXECUTION_NO',NULL,'0',NULL,NULL,'EXECUTION_NO',NULL,'0','1','1','0','1','0','0',NULL,NULL,NULL,NULL,'[元データ]作業管理','[Original data]execution list',NULL,'0',_____DATE_____,1);
INSERT INTO T_COMN_MENU_COLUMN_LINK_JNL (JOURNAL_SEQ_NO,JOURNAL_REG_DATETIME,JOURNAL_ACTION_CLASS,COLUMN_DEFINITION_ID,MENU_ID,COLUMN_NAME_JA,COLUMN_NAME_EN,COLUMN_NAME_REST,COL_GROUP_ID,COLUMN_CLASS,COLUMN_DISP_SEQ,REF_TABLE_NAME,REF_PKEY_NAME,REF_COL_NAME,REF_SORT_CONDITIONS,REF_MULTI_LANG,SENSITIVE_COL_NAME,FILE_UPLOAD_PLACE,COL_NAME,SAVE_TYPE,AUTO_INPUT,INPUT_ITEM,VIEW_ITEM,UNIQUE_ITEM,REQUIRED_ITEM,AUTOREG_HIDE_ITEM,AUTOREG_ONLY_ITEM,INITIAL_VALUE,VALIDATE_OPTION,BEFORE_VALIDATE_REGISTER,AFTER_VALIDATE_REGISTER,DESCRIPTION_JA,DESCRIPTION_EN,NOTE,DISUSE_FLAG,LAST_UPDATE_TIMESTAMP,LAST_UPDATE_USER) VALUES(2040902,_____DATE_____,'INSERT','2040902','20409','作業No','Execution No.','execution_no',NULL,'1',20,'T_ANSR_EXEC_STS_INST','EXECUTION_NO','EXECUTION_NO',NULL,'0',NULL,NULL,'EXECUTION_NO',NULL,'0','1','1','0','1','0','0',NULL,NULL,NULL,NULL,'[元データ]作業管理','[Original data]execution list',NULL,'0',_____DATE_____,1);
INSERT INTO T_COMN_MENU_COLUMN_LINK (COLUMN_DEFINITION_ID,MENU_ID,COLUMN_NAME_JA,COLUMN_NAME_EN,COLUMN_NAME_REST,COL_GROUP_ID,COLUMN_CLASS,COLUMN_DISP_SEQ,REF_TABLE_NAME,REF_PKEY_NAME,REF_COL_NAME,REF_SORT_CONDITIONS,REF_MULTI_LANG,SENSITIVE_COL_NAME,FILE_UPLOAD_PLACE,COL_NAME,SAVE_TYPE,AUTO_INPUT,INPUT_ITEM,VIEW_ITEM,UNIQUE_ITEM,REQUIRED_ITEM,AUTOREG_HIDE_ITEM,AUTOREG_ONLY_ITEM,INITIAL_VALUE,VALIDATE_OPTION,BEFORE_VALIDATE_REGISTER,AFTER_VALIDATE_REGISTER,DESCRIPTION_JA,DESCRIPTION_EN,NOTE,DISUSE_FLAG,LAST_UPDATE_TIMESTAMP,LAST_UPDATE_USER) VALUES('2040903','20409','オペレーション','Operation','operation',NULL,'7',30,'T_COMN_OPERATION','OPERATION_ID','OPERATION_NAME',NULL,'0',NULL,NULL,'OPERATION_ID',NULL,'0','1','1','0','1','0','0',NULL,NULL,NULL,NULL,'[元データ]基本コンソール/オペレーション一覧','[Original data] Basic console/Operation list',NULL,'0',_____DATE_____,1);
INSERT INTO T_COMN_MENU_COLUMN_LINK_JNL (JOURNAL_SEQ_NO,JOURNAL_REG_DATETIME,JOURNAL_ACTION_CLASS,COLUMN_DEFINITION_ID,MENU_ID,COLUMN_NAME_JA,COLUMN_NAME_EN,COLUMN_NAME_REST,COL_GROUP_ID,COLUMN_CLASS,COLUMN_DISP_SEQ,REF_TABLE_NAME,REF_PKEY_NAME,REF_COL_NAME,REF_SORT_CONDITIONS,REF_MULTI_LANG,SENSITIVE_COL_NAME,FILE_UPLOAD_PLACE,COL_NAME,SAVE_TYPE,AUTO_INPUT,INPUT_ITEM,VIEW_ITEM,UNIQUE_ITEM,REQUIRED_ITEM,AUTOREG_HIDE_ITEM,AUTOREG_ONLY_ITEM,INITIAL_VALUE,VALIDATE_OPTION,BEFORE_VALIDATE_REGISTER,AFTER_VALIDATE_REGISTER,DESCRIPTION_JA,DESCRIPTION_EN,NOTE,DISUSE_FLAG,LAST_UPDATE_TIMESTAMP,LAST_UPDATE_USER) VALUES(2040903,_____DATE_____,'INSERT','2040903','20409','オペレーション','Operation','operation',NULL,'7',30,'T_COMN_OPERATION','OPERATION_ID','OPERATION_NAME',NULL,'0',NULL,NULL,'OPERATION_ID',NULL,'0','1','1','0','1','0','0',NULL,NULL,NULL,NULL,'[元データ]基本コンソール/オペレーション一覧','[Original data] Basic console/Operation list',NULL,'0',_____DATE_____,1);
INSERT INTO T_COMN_MENU_COLUMN_LINK (COLUMN_DEFINITION_ID,MENU_ID,COLUMN_NAME_JA,COLUMN_NAME_EN,COLUMN_NAME_REST,COL_GROUP_ID,COLUMN_CLASS,COLUMN_DISP_SEQ,REF_TABLE_NAME,REF_PKEY_NAME,REF_COL_NAME,REF_SORT_CONDITIONS,REF_MULTI_LANG,SENSITIVE_COL_NAME,FILE_UPLOAD_PLACE,COL_NAME,SAVE_TYPE,AUTO_INPUT,INPUT_ITEM,VIEW_ITEM,UNIQUE_ITEM,REQUIRED_ITEM,AUTOREG_HIDE_ITEM,AUTOREG_ONLY_ITEM,INITIAL_VALUE,VALIDATE_OPTION,BEFORE_VALIDATE_REGISTER,AFTER_VALIDATE_REGISTER,DESCRIPTION_JA,DESCRIPTION_EN,NOTE,DISUSE_FLAG,LAST_UPDATE_TIMESTAMP,LAST_UPDATE_USER) VALUES('2040904','20409','Movement','Movement','movement',NULL,'7',40,'V_ANSR_MOVEMENT','MOVEMENT_ID','MOVEMENT_NAME',NULL,'0',NULL,NULL,'MOVEMENT_ID',NULL,'0','1','1','0','1','0','0',NULL,NULL,NULL,NULL,'[元データ]Movement一覧','[Original data] Movement list',NULL,'0',_____DATE_____,1);
INSERT INTO T_COMN_MENU_COLUMN_LINK_JNL (JOURNAL_SEQ_NO,JOURNAL_REG_DATETIME,JOURNAL_ACTION_CLASS,COLUMN_DEFINITION_ID,MENU_ID,COLUMN_NAME_JA,COLUMN_NAME_EN,COLUMN_NAME_REST,COL_GROUP_ID,COLUMN_CLASS,COLUMN_DISP_SEQ,REF_TABLE_NAME,REF_PKEY_NAME,REF_COL_NAME,REF_SORT_CONDITIONS,REF_MULTI_LANG,SENSITIVE_COL_NAME,FILE_UPLOAD_PLACE,COL_NAME,SAVE_TYPE,AUTO_INPUT,INPUT_ITEM,VIEW_ITEM,UNIQUE_ITEM,REQUIRED_ITEM,AUTOREG_HIDE_ITEM,AUTOREG_ONLY_ITEM,INITIAL_VALUE,VALIDATE_OPTION,BEFORE_VALIDATE_REGISTER,AFTER_VALIDATE_REGISTER,DESCRIPTION_JA,DESCRIPTION_EN,NOTE,DISUSE_FLAG,LAST_UPDATE_TIMESTAMP,LAST_UPDATE_USER) VALUES(2040904,_____DATE_____,'INSERT','2040904','20409','Movement','Movement','movement',NULL,'7',40,'V_ANSR_MOVEMENT','MOVEMENT_ID','MOVEMENT_NAME',NULL,'0',NULL,NULL,'MOVEMENT_ID',NULL,'0','1','1','0','1','0','0',NULL,NULL,NULL,NULL,'[元データ]Movement一覧','[Original data] Movement list',NULL,'0',_____DATE_____,1);
INSERT INTO T_COMN_MENU_COLUMN_LINK (COLUMN_DEFINITION_ID,MENU_ID,COLUMN_NAME_JA,COLUMN_NAME_EN,COLUMN_NAME_REST,COL_GROUP_ID,COLUMN_CLASS,COLUMN_DISP_SEQ,REF_TABLE_NAME,REF_PKEY_NAME,REF_COL_NAME,REF_SORT_CONDITIONS,REF_MULTI_LANG,SENSITIVE_COL_NAME,FILE_UPLOAD_PLACE,COL_NAME,SAVE_TYPE,AUTO_INPUT,INPUT_ITEM,VIEW_ITEM,UNIQUE_ITEM,REQUIRED_ITEM,AUTOREG_HIDE_ITEM,AUTOREG_ONLY_ITEM,INITIAL_VALUE,VALIDATE_OPTION,BEFORE_VALIDATE_REGISTER,AFTER_VALIDATE_REGISTER,DESCRIPTION_JA,DESCRIPTION_EN,NOTE,DISUSE_FLAG,LAST_UPDATE_TIMESTAMP,LAST_UPDATE_USER) VALUES('2040905','20409','ホスト','Host','host',NULL,'7',50,'T_ANSC_DEVICE','SYSTEM_ID','HOST_NAME',NULL,'0',NULL,NULL,'SYSTEM_ID',NULL,'0','1','1','0','1','0','0',NULL,NULL,NULL,NULL,'[元データ]基本コンソール/機器一覧','[Original data] Basic console/device list',NULL,'0',_____DATE_____,1);
INSERT INTO T_COMN_MENU_COLUMN_LINK_JNL (JOURNAL_SEQ_NO,JOURNAL_REG_DATETIME,JOURNAL_ACTION_CLASS,COLUMN_DEFINITION_ID,MENU_ID,COLUMN_NAME_JA,COLUMN_NAME_EN,COLUMN_NAME_REST,COL_GROUP_ID,COLUMN_CLASS,COLUMN_DISP_SEQ,REF_TABLE_NAME,REF_PKEY_NAME,REF_COL_NAME,REF_SORT_CONDITIONS,REF_MULTI_LANG,SENSITIVE_COL_NAME,FILE_UPLOAD_PLACE,COL_NAME,SAVE_TYPE,AUTO_INPUT,INPUT_ITEM,VIEW_ITEM,UNIQUE_ITEM,REQUIRED_ITEM,AUTOREG_HIDE_ITEM,AUTOREG_ONLY_ITEM,INITIAL_VALUE,VALIDATE_OPTION,BEFORE_VALIDATE_REGISTER,AFTER_VALIDATE_REGISTER,DESCRIPTION_JA,DESCRIPTION_EN,NOTE,DISUSE_FLAG,LAST_UPDATE_TIMESTAMP,LAST_UPDATE_USER) VALUES(2040905,_____DATE_____,'INSERT','2040905','20409','ホスト','Host','host',NULL,'7',50,'T_ANSC_DEVICE','SYSTEM_ID','HOST_NAME',NULL,'0',NULL,NULL,'SYSTEM_ID',NULL,'0','1','1','0','1','0','0',NULL,NULL,NULL,NULL,'[元データ]基本コンソール/機器一覧','[Original data] Basic console/device list',NULL,'0',_____DATE_____,1);
INSERT INTO T_COMN_MENU_COLUMN_LINK (COLUMN_DEFINITION_ID,MENU_ID,COLUMN_NAME_JA,COLUMN_NAME_EN,COLUMN_NAME_REST,COL_GROUP_ID,COLUMN_CLASS,COLUMN_DISP_SEQ,REF_TABLE_NAME,REF_PKEY_NAME,REF_COL_NAME,REF_SORT_CONDITIONS,REF_MULTI_LANG,SENSITIVE_COL_NAME,FILE_UPLOAD_PLACE,COL_NAME,SAVE_TYPE,AUTO_INPUT,INPUT_ITEM,VIEW_ITEM,UNIQUE_ITEM,REQUIRED_ITEM,AUTOREG_HIDE_ITEM,AUTOREG_ONLY_ITEM,INITIAL_VALUE,VALIDATE_OPTION,BEFORE_VALIDATE_REGISTER,AFTER_VALIDATE_REGISTER,DESCRIPTION_JA,DESCRIPTION_EN,NOTE,DISUSE_FLAG,LAST_UPDATE_TIMESTAMP,LAST_UPDATE_USER) VALUES('2040906','20409','備考','Remarks','remarks',NULL,'12',60,NULL,NULL,NULL,NULL,'0',NULL,NULL,'NOTE',NULL,'0','1','1','0','0','0','0',NULL,'{
"min_length": 0,
"max_length": 4000
}',NULL,NULL,'自由記述欄。レコードの廃止・復活時にも記載可能。','Comments section. Can comment when removing or restoring records.',NULL,'0',_____DATE_____,1);
INSERT INTO T_COMN_MENU_COLUMN_LINK_JNL (JOURNAL_SEQ_NO,JOURNAL_REG_DATETIME,JOURNAL_ACTION_CLASS,COLUMN_DEFINITION_ID,MENU_ID,COLUMN_NAME_JA,COLUMN_NAME_EN,COLUMN_NAME_REST,COL_GROUP_ID,COLUMN_CLASS,COLUMN_DISP_SEQ,REF_TABLE_NAME,REF_PKEY_NAME,REF_COL_NAME,REF_SORT_CONDITIONS,REF_MULTI_LANG,SENSITIVE_COL_NAME,FILE_UPLOAD_PLACE,COL_NAME,SAVE_TYPE,AUTO_INPUT,INPUT_ITEM,VIEW_ITEM,UNIQUE_ITEM,REQUIRED_ITEM,AUTOREG_HIDE_ITEM,AUTOREG_ONLY_ITEM,INITIAL_VALUE,VALIDATE_OPTION,BEFORE_VALIDATE_REGISTER,AFTER_VALIDATE_REGISTER,DESCRIPTION_JA,DESCRIPTION_EN,NOTE,DISUSE_FLAG,LAST_UPDATE_TIMESTAMP,LAST_UPDATE_USER) VALUES(2040906,_____DATE_____,'INSERT','2040906','20409','備考','Remarks','remarks',NULL,'12',60,NULL,NULL,NULL,NULL,'0',NULL,NULL,'NOTE',NULL,'0','1','1','0','0','0','0',NULL,'{
"min_length": 0,
"max_length": 4000
}',NULL,NULL,'自由記述欄。レコードの廃止・復活時にも記載可能。','Comments section. Can comment when removing or restoring records.',NULL,'0',_____DATE_____,1);
INSERT INTO T_COMN_MENU_COLUMN_LINK (COLUMN_DEFINITION_ID,MENU_ID,COLUMN_NAME_JA,COLUMN_NAME_EN,COLUMN_NAME_REST,COL_GROUP_ID,COLUMN_CLASS,COLUMN_DISP_SEQ,REF_TABLE_NAME,REF_PKEY_NAME,REF_COL_NAME,REF_SORT_CONDITIONS,REF_MULTI_LANG,SENSITIVE_COL_NAME,FILE_UPLOAD_PLACE,COL_NAME,SAVE_TYPE,AUTO_INPUT,INPUT_ITEM,VIEW_ITEM,UNIQUE_ITEM,REQUIRED_ITEM,AUTOREG_HIDE_ITEM,AUTOREG_ONLY_ITEM,INITIAL_VALUE,VALIDATE_OPTION,BEFORE_VALIDATE_REGISTER,AFTER_VALIDATE_REGISTER,DESCRIPTION_JA,DESCRIPTION_EN,NOTE,DISUSE_FLAG,LAST_UPDATE_TIMESTAMP,LAST_UPDATE_USER) VALUES('2040907','20409','廃止フラグ','Discard','discard',NULL,'1',70,NULL,NULL,NULL,NULL,'0',NULL,NULL,'DISUSE_FLAG',NULL,'1','1','1','0','1','0','0',NULL,NULL,NULL,NULL,'廃止フラグ。復活以外のオペレーションは不可','Discard flag. Cannot do operation other than restore.',NULL,'0',_____DATE_____,1);
INSERT INTO T_COMN_MENU_COLUMN_LINK_JNL (JOURNAL_SEQ_NO,JOURNAL_REG_DATETIME,JOURNAL_ACTION_CLASS,COLUMN_DEFINITION_ID,MENU_ID,COLUMN_NAME_JA,COLUMN_NAME_EN,COLUMN_NAME_REST,COL_GROUP_ID,COLUMN_CLASS,COLUMN_DISP_SEQ,REF_TABLE_NAME,REF_PKEY_NAME,REF_COL_NAME,REF_SORT_CONDITIONS,REF_MULTI_LANG,SENSITIVE_COL_NAME,FILE_UPLOAD_PLACE,COL_NAME,SAVE_TYPE,AUTO_INPUT,INPUT_ITEM,VIEW_ITEM,UNIQUE_ITEM,REQUIRED_ITEM,AUTOREG_HIDE_ITEM,AUTOREG_ONLY_ITEM,INITIAL_VALUE,VALIDATE_OPTION,BEFORE_VALIDATE_REGISTER,AFTER_VALIDATE_REGISTER,DESCRIPTION_JA,DESCRIPTION_EN,NOTE,DISUSE_FLAG,LAST_UPDATE_TIMESTAMP,LAST_UPDATE_USER) VALUES(2040907,_____DATE_____,'INSERT','2040907','20409','廃止フラグ','Discard','discard',NULL,'1',70,NULL,NULL,NULL,NULL,'0',NULL,NULL,'DISUSE_FLAG',NULL,'1','1','1','0','1','0','0',NULL,NULL,NULL,NULL,'廃止フラグ。復活以外のオペレーションは不可','Discard flag. Cannot do operation other than restore.',NULL,'0',_____DATE_____,1);
INSERT INTO T_COMN_MENU_COLUMN_LINK (COLUMN_DEFINITION_ID,MENU_ID,COLUMN_NAME_JA,COLUMN_NAME_EN,COLUMN_NAME_REST,COL_GROUP_ID,COLUMN_CLASS,COLUMN_DISP_SEQ,REF_TABLE_NAME,REF_PKEY_NAME,REF_COL_NAME,REF_SORT_CONDITIONS,REF_MULTI_LANG,SENSITIVE_COL_NAME,FILE_UPLOAD_PLACE,COL_NAME,SAVE_TYPE,AUTO_INPUT,INPUT_ITEM,VIEW_ITEM,UNIQUE_ITEM,REQUIRED_ITEM,AUTOREG_HIDE_ITEM,AUTOREG_ONLY_ITEM,INITIAL_VALUE,VALIDATE_OPTION,BEFORE_VALIDATE_REGISTER,AFTER_VALIDATE_REGISTER,DESCRIPTION_JA,DESCRIPTION_EN,NOTE,DISUSE_FLAG,LAST_UPDATE_TIMESTAMP,LAST_UPDATE_USER) VALUES('2040908','20409','最終更新日時','Last update date/time','last_update_date_time',NULL,'13',80,NULL,NULL,NULL,NULL,'0',NULL,NULL,'LAST_UPDATE_TIMESTAMP',NULL,'1','1','1','0','1','0','0',NULL,NULL,NULL,NULL,'レコードの最終更新日。更新可否判定に使用。自動登録のため編集不可。','Last update date of record. Useful for judging the possibility of an update. Cannot edit because of auto-numbering.',NULL,'0',_____DATE_____,1);
INSERT INTO T_COMN_MENU_COLUMN_LINK_JNL (JOURNAL_SEQ_NO,JOURNAL_REG_DATETIME,JOURNAL_ACTION_CLASS,COLUMN_DEFINITION_ID,MENU_ID,COLUMN_NAME_JA,COLUMN_NAME_EN,COLUMN_NAME_REST,COL_GROUP_ID,COLUMN_CLASS,COLUMN_DISP_SEQ,REF_TABLE_NAME,REF_PKEY_NAME,REF_COL_NAME,REF_SORT_CONDITIONS,REF_MULTI_LANG,SENSITIVE_COL_NAME,FILE_UPLOAD_PLACE,COL_NAME,SAVE_TYPE,AUTO_INPUT,INPUT_ITEM,VIEW_ITEM,UNIQUE_ITEM,REQUIRED_ITEM,AUTOREG_HIDE_ITEM,AUTOREG_ONLY_ITEM,INITIAL_VALUE,VALIDATE_OPTION,BEFORE_VALIDATE_REGISTER,AFTER_VALIDATE_REGISTER,DESCRIPTION_JA,DESCRIPTION_EN,NOTE,DISUSE_FLAG,LAST_UPDATE_TIMESTAMP,LAST_UPDATE_USER) VALUES(2040908,_____DATE_____,'INSERT','2040908','20409','最終更新日時','Last update date/time','last_update_date_time',NULL,'13',80,NULL,NULL,NULL,NULL,'0',NULL,NULL,'LAST_UPDATE_TIMESTAMP',NULL,'1','1','1','0','1','0','0',NULL,NULL,NULL,NULL,'レコードの最終更新日。更新可否判定に使用。自動登録のため編集不可。','Last update date of record. Useful for judging the possibility of an update. Cannot edit because of auto-numbering.',NULL,'0',_____DATE_____,1);
INSERT INTO T_COMN_MENU_COLUMN_LINK (COLUMN_DEFINITION_ID,MENU_ID,COLUMN_NAME_JA,COLUMN_NAME_EN,COLUMN_NAME_REST,COL_GROUP_ID,COLUMN_CLASS,COLUMN_DISP_SEQ,REF_TABLE_NAME,REF_PKEY_NAME,REF_COL_NAME,REF_SORT_CONDITIONS,REF_MULTI_LANG,SENSITIVE_COL_NAME,FILE_UPLOAD_PLACE,COL_NAME,SAVE_TYPE,AUTO_INPUT,INPUT_ITEM,VIEW_ITEM,UNIQUE_ITEM,REQUIRED_ITEM,AUTOREG_HIDE_ITEM,AUTOREG_ONLY_ITEM,INITIAL_VALUE,VALIDATE_OPTION,BEFORE_VALIDATE_REGISTER,AFTER_VALIDATE_REGISTER,DESCRIPTION_JA,DESCRIPTION_EN,NOTE,DISUSE_FLAG,LAST_UPDATE_TIMESTAMP,LAST_UPDATE_USER) VALUES('2040909','20409','最終更新者','Last updated by','last_updated_user',NULL,'14',90,NULL,NULL,NULL,NULL,'0',NULL,NULL,'LAST_UPDATE_USER',NULL,'1','1','1','0','1','0','0',NULL,NULL,NULL,NULL,'更新者。ログインユーザのIDが自動的に登録される。編集不可。','Updated by. Login user ID is automatically registered. Cannot edit.',NULL,'0',_____DATE_____,1);
INSERT INTO T_COMN_MENU_COLUMN_LINK_JNL (JOURNAL_SEQ_NO,JOURNAL_REG_DATETIME,JOURNAL_ACTION_CLASS,COLUMN_DEFINITION_ID,MENU_ID,COLUMN_NAME_JA,COLUMN_NAME_EN,COLUMN_NAME_REST,COL_GROUP_ID,COLUMN_CLASS,COLUMN_DISP_SEQ,REF_TABLE_NAME,REF_PKEY_NAME,REF_COL_NAME,REF_SORT_CONDITIONS,REF_MULTI_LANG,SENSITIVE_COL_NAME,FILE_UPLOAD_PLACE,COL_NAME,SAVE_TYPE,AUTO_INPUT,INPUT_ITEM,VIEW_ITEM,UNIQUE_ITEM,REQUIRED_ITEM,AUTOREG_HIDE_ITEM,AUTOREG_ONLY_ITEM,INITIAL_VALUE,VALIDATE_OPTION,BEFORE_VALIDATE_REGISTER,AFTER_VALIDATE_REGISTER,DESCRIPTION_JA,DESCRIPTION_EN,NOTE,DISUSE_FLAG,LAST_UPDATE_TIMESTAMP,LAST_UPDATE_USER) VALUES(2040909,_____DATE_____,'INSERT','2040909','20409','最終更新者','Last updated by','last_updated_user',NULL,'14',90,NULL,NULL,NULL,NULL,'0',NULL,NULL,'LAST_UPDATE_USER',NULL,'1','1','1','0','1','0','0',NULL,NULL,NULL,NULL,'更新者。ログインユーザのIDが自動的に登録される。編集不可。','Updated by. Login user ID is automatically registered. Cannot edit.',NULL,'0',_____DATE_____,1);
INSERT INTO T_COMN_MENU_COLUMN_LINK (COLUMN_DEFINITION_ID,MENU_ID,COLUMN_NAME_JA,COLUMN_NAME_EN,COLUMN_NAME_REST,COL_GROUP_ID,COLUMN_CLASS,COLUMN_DISP_SEQ,REF_TABLE_NAME,REF_PKEY_NAME,REF_COL_NAME,REF_SORT_CONDITIONS,REF_MULTI_LANG,SENSITIVE_COL_NAME,FILE_UPLOAD_PLACE,COL_NAME,SAVE_TYPE,AUTO_INPUT,INPUT_ITEM,VIEW_ITEM,UNIQUE_ITEM,REQUIRED_ITEM,AUTOREG_HIDE_ITEM,AUTOREG_ONLY_ITEM,INITIAL_VALUE,VALIDATE_OPTION,BEFORE_VALIDATE_REGISTER,AFTER_VALIDATE_REGISTER,DESCRIPTION_JA,DESCRIPTION_EN,NOTE,DISUSE_FLAG,LAST_UPDATE_TIMESTAMP,LAST_UPDATE_USER) VALUES('2041001','20410','項番','Item No.','item_no',NULL,'1',10,NULL,NULL,NULL,NULL,'0',NULL,NULL,'ASSIGN_ID',NULL,'1','1','1','1','1','0','0',NULL,NULL,NULL,NULL,'自動採番のため編集不可。実行処理種別が【登録】の場合、空白のみ可。','Cannot edit because of auto-numbering. Must be blank when execution process type is [Register].',NULL,'0',_____DATE_____,1);
INSERT INTO T_COMN_MENU_COLUMN_LINK_JNL (JOURNAL_SEQ_NO,JOURNAL_REG_DATETIME,JOURNAL_ACTION_CLASS,COLUMN_DEFINITION_ID,MENU_ID,COLUMN_NAME_JA,COLUMN_NAME_EN,COLUMN_NAME_REST,COL_GROUP_ID,COLUMN_CLASS,COLUMN_DISP_SEQ,REF_TABLE_NAME,REF_PKEY_NAME,REF_COL_NAME,REF_SORT_CONDITIONS,REF_MULTI_LANG,SENSITIVE_COL_NAME,FILE_UPLOAD_PLACE,COL_NAME,SAVE_TYPE,AUTO_INPUT,INPUT_ITEM,VIEW_ITEM,UNIQUE_ITEM,REQUIRED_ITEM,AUTOREG_HIDE_ITEM,AUTOREG_ONLY_ITEM,INITIAL_VALUE,VALIDATE_OPTION,BEFORE_VALIDATE_REGISTER,AFTER_VALIDATE_REGISTER,DESCRIPTION_JA,DESCRIPTION_EN,NOTE,DISUSE_FLAG,LAST_UPDATE_TIMESTAMP,LAST_UPDATE_USER) VALUES(2041001,_____DATE_____,'INSERT','2041001','20410','項番','Item No.','item_no',NULL,'1',10,NULL,NULL,NULL,NULL,'0',NULL,NULL,'ASSIGN_ID',NULL,'1','1','1','1','1','0','0',NULL,NULL,NULL,NULL,'自動採番のため編集不可。実行処理種別が【登録】の場合、空白のみ可。','Cannot edit because of auto-numbering. Must be blank when execution process type is [Register].',NULL,'0',_____DATE_____,1);
INSERT INTO T_COMN_MENU_COLUMN_LINK (COLUMN_DEFINITION_ID,MENU_ID,COLUMN_NAME_JA,COLUMN_NAME_EN,COLUMN_NAME_REST,COL_GROUP_ID,COLUMN_CLASS,COLUMN_DISP_SEQ,REF_TABLE_NAME,REF_PKEY_NAME,REF_COL_NAME,REF_SORT_CONDITIONS,REF_MULTI_LANG,SENSITIVE_COL_NAME,FILE_UPLOAD_PLACE,COL_NAME,SAVE_TYPE,AUTO_INPUT,INPUT_ITEM,VIEW_ITEM,UNIQUE_ITEM,REQUIRED_ITEM,AUTOREG_HIDE_ITEM,AUTOREG_ONLY_ITEM,INITIAL_VALUE,VALIDATE_OPTION,BEFORE_VALIDATE_REGISTER,AFTER_VALIDATE_REGISTER,DESCRIPTION_JA,DESCRIPTION_EN,NOTE,DISUSE_FLAG,LAST_UPDATE_TIMESTAMP,LAST_UPDATE_USER) VALUES('2041002','20410','作業No.','Execution No.','execution_no',NULL,'1',20,'T_ANSR_EXEC_STS_INST','EXECUTION_NO','EXECUTION_NO',NULL,'0',NULL,NULL,'EXECUTION_NO',NULL,'0','1','1','0','0','0','0',NULL,'{
"min_length": 0,
}',NULL,NULL,'[元データ]作業管理','[Original data]execution list',NULL,'0',_____DATE_____,1);
INSERT INTO T_COMN_MENU_COLUMN_LINK_JNL (JOURNAL_SEQ_NO,JOURNAL_REG_DATETIME,JOURNAL_ACTION_CLASS,COLUMN_DEFINITION_ID,MENU_ID,COLUMN_NAME_JA,COLUMN_NAME_EN,COLUMN_NAME_REST,COL_GROUP_ID,COLUMN_CLASS,COLUMN_DISP_SEQ,REF_TABLE_NAME,REF_PKEY_NAME,REF_COL_NAME,REF_SORT_CONDITIONS,REF_MULTI_LANG,SENSITIVE_COL_NAME,FILE_UPLOAD_PLACE,COL_NAME,SAVE_TYPE,AUTO_INPUT,INPUT_ITEM,VIEW_ITEM,UNIQUE_ITEM,REQUIRED_ITEM,AUTOREG_HIDE_ITEM,AUTOREG_ONLY_ITEM,INITIAL_VALUE,VALIDATE_OPTION,BEFORE_VALIDATE_REGISTER,AFTER_VALIDATE_REGISTER,DESCRIPTION_JA,DESCRIPTION_EN,NOTE,DISUSE_FLAG,LAST_UPDATE_TIMESTAMP,LAST_UPDATE_USER) VALUES(2041002,_____DATE_____,'INSERT','2041002','20410','作業No.','Execution No.','execution_no',NULL,'1',20,'T_ANSR_EXEC_STS_INST','EXECUTION_NO','EXECUTION_NO',NULL,'0',NULL,NULL,'EXECUTION_NO',NULL,'0','1','1','0','0','0','0',NULL,'{
"min_length": 0,
}',NULL,NULL,'[元データ]作業管理','[Original data]execution list',NULL,'0',_____DATE_____,1);
INSERT INTO T_COMN_MENU_COLUMN_LINK (COLUMN_DEFINITION_ID,MENU_ID,COLUMN_NAME_JA,COLUMN_NAME_EN,COLUMN_NAME_REST,COL_GROUP_ID,COLUMN_CLASS,COLUMN_DISP_SEQ,REF_TABLE_NAME,REF_PKEY_NAME,REF_COL_NAME,REF_SORT_CONDITIONS,REF_MULTI_LANG,SENSITIVE_COL_NAME,FILE_UPLOAD_PLACE,COL_NAME,SAVE_TYPE,AUTO_INPUT,INPUT_ITEM,VIEW_ITEM,UNIQUE_ITEM,REQUIRED_ITEM,AUTOREG_HIDE_ITEM,AUTOREG_ONLY_ITEM,INITIAL_VALUE,VALIDATE_OPTION,BEFORE_VALIDATE_REGISTER,AFTER_VALIDATE_REGISTER,DESCRIPTION_JA,DESCRIPTION_EN,NOTE,DISUSE_FLAG,LAST_UPDATE_TIMESTAMP,LAST_UPDATE_USER) VALUES('2041003','20410','オペレーション','Operation','operation',NULL,'7',30,'T_COMN_OPERATION','OPERATION_ID','OPERATION_NAME',NULL,'0',NULL,NULL,'OPERATION_ID',NULL,'0','1','1','0','1','0','0',NULL,NULL,NULL,NULL,'[元データ]基本コンソール/オペレーション一覧','[Original data] Basic console/Operation list',NULL,'0',_____DATE_____,1);
INSERT INTO T_COMN_MENU_COLUMN_LINK_JNL (JOURNAL_SEQ_NO,JOURNAL_REG_DATETIME,JOURNAL_ACTION_CLASS,COLUMN_DEFINITION_ID,MENU_ID,COLUMN_NAME_JA,COLUMN_NAME_EN,COLUMN_NAME_REST,COL_GROUP_ID,COLUMN_CLASS,COLUMN_DISP_SEQ,REF_TABLE_NAME,REF_PKEY_NAME,REF_COL_NAME,REF_SORT_CONDITIONS,REF_MULTI_LANG,SENSITIVE_COL_NAME,FILE_UPLOAD_PLACE,COL_NAME,SAVE_TYPE,AUTO_INPUT,INPUT_ITEM,VIEW_ITEM,UNIQUE_ITEM,REQUIRED_ITEM,AUTOREG_HIDE_ITEM,AUTOREG_ONLY_ITEM,INITIAL_VALUE,VALIDATE_OPTION,BEFORE_VALIDATE_REGISTER,AFTER_VALIDATE_REGISTER,DESCRIPTION_JA,DESCRIPTION_EN,NOTE,DISUSE_FLAG,LAST_UPDATE_TIMESTAMP,LAST_UPDATE_USER) VALUES(2041003,_____DATE_____,'INSERT','2041003','20410','オペレーション','Operation','operation',NULL,'7',30,'T_COMN_OPERATION','OPERATION_ID','OPERATION_NAME',NULL,'0',NULL,NULL,'OPERATION_ID',NULL,'0','1','1','0','1','0','0',NULL,NULL,NULL,NULL,'[元データ]基本コンソール/オペレーション一覧','[Original data] Basic console/Operation list',NULL,'0',_____DATE_____,1);
INSERT INTO T_COMN_MENU_COLUMN_LINK (COLUMN_DEFINITION_ID,MENU_ID,COLUMN_NAME_JA,COLUMN_NAME_EN,COLUMN_NAME_REST,COL_GROUP_ID,COLUMN_CLASS,COLUMN_DISP_SEQ,REF_TABLE_NAME,REF_PKEY_NAME,REF_COL_NAME,REF_SORT_CONDITIONS,REF_MULTI_LANG,SENSITIVE_COL_NAME,FILE_UPLOAD_PLACE,COL_NAME,SAVE_TYPE,AUTO_INPUT,INPUT_ITEM,VIEW_ITEM,UNIQUE_ITEM,REQUIRED_ITEM,AUTOREG_HIDE_ITEM,AUTOREG_ONLY_ITEM,INITIAL_VALUE,VALIDATE_OPTION,BEFORE_VALIDATE_REGISTER,AFTER_VALIDATE_REGISTER,DESCRIPTION_JA,DESCRIPTION_EN,NOTE,DISUSE_FLAG,LAST_UPDATE_TIMESTAMP,LAST_UPDATE_USER) VALUES('2041004','20410','Movement','Movement','movement',NULL,'7',40,'V_ANSR_MOVEMENT','MOVEMENT_ID','MOVEMENT_NAME',NULL,'0',NULL,NULL,'MOVEMENT_ID',NULL,'0','0','0','0','0','0','0',NULL,NULL,NULL,NULL,'Role内のPlaybook、テンプレート、及びデフォルト定義ファイルから自動取得','Auto acquire from Playbook and template of Role, and default vars file',NULL,'0',_____DATE_____,1);
INSERT INTO T_COMN_MENU_COLUMN_LINK_JNL (JOURNAL_SEQ_NO,JOURNAL_REG_DATETIME,JOURNAL_ACTION_CLASS,COLUMN_DEFINITION_ID,MENU_ID,COLUMN_NAME_JA,COLUMN_NAME_EN,COLUMN_NAME_REST,COL_GROUP_ID,COLUMN_CLASS,COLUMN_DISP_SEQ,REF_TABLE_NAME,REF_PKEY_NAME,REF_COL_NAME,REF_SORT_CONDITIONS,REF_MULTI_LANG,SENSITIVE_COL_NAME,FILE_UPLOAD_PLACE,COL_NAME,SAVE_TYPE,AUTO_INPUT,INPUT_ITEM,VIEW_ITEM,UNIQUE_ITEM,REQUIRED_ITEM,AUTOREG_HIDE_ITEM,AUTOREG_ONLY_ITEM,INITIAL_VALUE,VALIDATE_OPTION,BEFORE_VALIDATE_REGISTER,AFTER_VALIDATE_REGISTER,DESCRIPTION_JA,DESCRIPTION_EN,NOTE,DISUSE_FLAG,LAST_UPDATE_TIMESTAMP,LAST_UPDATE_USER) VALUES(2041004,_____DATE_____,'INSERT','2041004','20410','Movement','Movement','movement',NULL,'7',40,'V_ANSR_MOVEMENT','MOVEMENT_ID','MOVEMENT_NAME',NULL,'0',NULL,NULL,'MOVEMENT_ID',NULL,'0','0','0','0','0','0','0',NULL,NULL,NULL,NULL,'Role内のPlaybook、テンプレート、及びデフォルト定義ファイルから自動取得','Auto acquire from Playbook and template of Role, and default vars file',NULL,'0',_____DATE_____,1);
INSERT INTO T_COMN_MENU_COLUMN_LINK (COLUMN_DEFINITION_ID,MENU_ID,COLUMN_NAME_JA,COLUMN_NAME_EN,COLUMN_NAME_REST,COL_GROUP_ID,COLUMN_CLASS,COLUMN_DISP_SEQ,REF_TABLE_NAME,REF_PKEY_NAME,REF_COL_NAME,REF_SORT_CONDITIONS,REF_MULTI_LANG,SENSITIVE_COL_NAME,FILE_UPLOAD_PLACE,COL_NAME,SAVE_TYPE,AUTO_INPUT,INPUT_ITEM,VIEW_ITEM,UNIQUE_ITEM,REQUIRED_ITEM,AUTOREG_HIDE_ITEM,AUTOREG_ONLY_ITEM,INITIAL_VALUE,VALIDATE_OPTION,BEFORE_VALIDATE_REGISTER,AFTER_VALIDATE_REGISTER,DESCRIPTION_JA,DESCRIPTION_EN,NOTE,DISUSE_FLAG,LAST_UPDATE_TIMESTAMP,LAST_UPDATE_USER) VALUES('2041005','20410','ホスト','Host','host',NULL,'7',50,'T_ANSC_DEVICE','SYSTEM_ID','HOST_NAME',NULL,'0',NULL,NULL,'SYSTEM_ID',NULL,'0','1','1','0','0','0','0',NULL,NULL,NULL,NULL,'[元データ]基本コンソール/機器一覧','[Original data] Basic console/device list',NULL,'0',_____DATE_____,1);
INSERT INTO T_COMN_MENU_COLUMN_LINK_JNL (JOURNAL_SEQ_NO,JOURNAL_REG_DATETIME,JOURNAL_ACTION_CLASS,COLUMN_DEFINITION_ID,MENU_ID,COLUMN_NAME_JA,COLUMN_NAME_EN,COLUMN_NAME_REST,COL_GROUP_ID,COLUMN_CLASS,COLUMN_DISP_SEQ,REF_TABLE_NAME,REF_PKEY_NAME,REF_COL_NAME,REF_SORT_CONDITIONS,REF_MULTI_LANG,SENSITIVE_COL_NAME,FILE_UPLOAD_PLACE,COL_NAME,SAVE_TYPE,AUTO_INPUT,INPUT_ITEM,VIEW_ITEM,UNIQUE_ITEM,REQUIRED_ITEM,AUTOREG_HIDE_ITEM,AUTOREG_ONLY_ITEM,INITIAL_VALUE,VALIDATE_OPTION,BEFORE_VALIDATE_REGISTER,AFTER_VALIDATE_REGISTER,DESCRIPTION_JA,DESCRIPTION_EN,NOTE,DISUSE_FLAG,LAST_UPDATE_TIMESTAMP,LAST_UPDATE_USER) VALUES(2041005,_____DATE_____,'INSERT','2041005','20410','ホスト','Host','host',NULL,'7',50,'T_ANSC_DEVICE','SYSTEM_ID','HOST_NAME',NULL,'0',NULL,NULL,'SYSTEM_ID',NULL,'0','1','1','0','0','0','0',NULL,NULL,NULL,NULL,'[元データ]基本コンソール/機器一覧','[Original data] Basic console/device list',NULL,'0',_____DATE_____,1);
INSERT INTO T_COMN_MENU_COLUMN_LINK (COLUMN_DEFINITION_ID,MENU_ID,COLUMN_NAME_JA,COLUMN_NAME_EN,COLUMN_NAME_REST,COL_GROUP_ID,COLUMN_CLASS,COLUMN_DISP_SEQ,REF_TABLE_NAME,REF_PKEY_NAME,REF_COL_NAME,REF_SORT_CONDITIONS,REF_MULTI_LANG,SENSITIVE_COL_NAME,FILE_UPLOAD_PLACE,COL_NAME,SAVE_TYPE,AUTO_INPUT,INPUT_ITEM,VIEW_ITEM,UNIQUE_ITEM,REQUIRED_ITEM,AUTOREG_HIDE_ITEM,AUTOREG_ONLY_ITEM,INITIAL_VALUE,VALIDATE_OPTION,BEFORE_VALIDATE_REGISTER,AFTER_VALIDATE_REGISTER,DESCRIPTION_JA,DESCRIPTION_EN,NOTE,DISUSE_FLAG,LAST_UPDATE_TIMESTAMP,LAST_UPDATE_USER) VALUES('2041006','20410','変数名','Variable name','variable_name',NULL,'7',60,'V_ANSR_MVMT_VAR_LINK','MVMT_VAR_LINK_ID','VARS_NAME',NULL,'0',NULL,NULL,'MVMT_VAR_LINK_ID',NULL,'0','1','1','0','0','0','0',NULL,NULL,NULL,NULL,'Role内のPlaybook、テンプレート、及びデフォルト定義ファイルから自動取得','Auto acquire from Playbook and template of Role, and default vars file',NULL,'0',_____DATE_____,1);
INSERT INTO T_COMN_MENU_COLUMN_LINK_JNL (JOURNAL_SEQ_NO,JOURNAL_REG_DATETIME,JOURNAL_ACTION_CLASS,COLUMN_DEFINITION_ID,MENU_ID,COLUMN_NAME_JA,COLUMN_NAME_EN,COLUMN_NAME_REST,COL_GROUP_ID,COLUMN_CLASS,COLUMN_DISP_SEQ,REF_TABLE_NAME,REF_PKEY_NAME,REF_COL_NAME,REF_SORT_CONDITIONS,REF_MULTI_LANG,SENSITIVE_COL_NAME,FILE_UPLOAD_PLACE,COL_NAME,SAVE_TYPE,AUTO_INPUT,INPUT_ITEM,VIEW_ITEM,UNIQUE_ITEM,REQUIRED_ITEM,AUTOREG_HIDE_ITEM,AUTOREG_ONLY_ITEM,INITIAL_VALUE,VALIDATE_OPTION,BEFORE_VALIDATE_REGISTER,AFTER_VALIDATE_REGISTER,DESCRIPTION_JA,DESCRIPTION_EN,NOTE,DISUSE_FLAG,LAST_UPDATE_TIMESTAMP,LAST_UPDATE_USER) VALUES(2041006,_____DATE_____,'INSERT','2041006','20410','変数名','Variable name','variable_name',NULL,'7',60,'V_ANSR_MVMT_VAR_LINK','MVMT_VAR_LINK_ID','VARS_NAME',NULL,'0',NULL,NULL,'MVMT_VAR_LINK_ID',NULL,'0','1','1','0','0','0','0',NULL,NULL,NULL,NULL,'Role内のPlaybook、テンプレート、及びデフォルト定義ファイルから自動取得','Auto acquire from Playbook and template of Role, and default vars file',NULL,'0',_____DATE_____,1);
INSERT INTO T_COMN_MENU_COLUMN_LINK (COLUMN_DEFINITION_ID,MENU_ID,COLUMN_NAME_JA,COLUMN_NAME_EN,COLUMN_NAME_REST,COL_GROUP_ID,COLUMN_CLASS,COLUMN_DISP_SEQ,REF_TABLE_NAME,REF_PKEY_NAME,REF_COL_NAME,REF_SORT_CONDITIONS,REF_MULTI_LANG,SENSITIVE_COL_NAME,FILE_UPLOAD_PLACE,COL_NAME,SAVE_TYPE,AUTO_INPUT,INPUT_ITEM,VIEW_ITEM,UNIQUE_ITEM,REQUIRED_ITEM,AUTOREG_HIDE_ITEM,AUTOREG_ONLY_ITEM,INITIAL_VALUE,VALIDATE_OPTION,BEFORE_VALIDATE_REGISTER,AFTER_VALIDATE_REGISTER,DESCRIPTION_JA,DESCRIPTION_EN,NOTE,DISUSE_FLAG,LAST_UPDATE_TIMESTAMP,LAST_UPDATE_USER) VALUES('2041007','20410','メンバー変数名','Member variable name','member_variable_name',NULL,'7',70,'V_ANSR_COL_SEQ_COMBINATION','COL_SEQ_COMBINATION_ID','COL_COMBINATION_MEMBER_ALIAS',NULL,'0',NULL,NULL,'COL_SEQ_COMBINATION_ID',NULL,'0','1','1','0','0','0','0',NULL,NULL,NULL,NULL,'変数名で多段変数を指定した場合は入力必須。その他の場合は入力不可。','If a nested variable is specified in the variable name, input is required. Otherwise, input is not allowed.',NULL,'0',_____DATE_____,1);
INSERT INTO T_COMN_MENU_COLUMN_LINK_JNL (JOURNAL_SEQ_NO,JOURNAL_REG_DATETIME,JOURNAL_ACTION_CLASS,COLUMN_DEFINITION_ID,MENU_ID,COLUMN_NAME_JA,COLUMN_NAME_EN,COLUMN_NAME_REST,COL_GROUP_ID,COLUMN_CLASS,COLUMN_DISP_SEQ,REF_TABLE_NAME,REF_PKEY_NAME,REF_COL_NAME,REF_SORT_CONDITIONS,REF_MULTI_LANG,SENSITIVE_COL_NAME,FILE_UPLOAD_PLACE,COL_NAME,SAVE_TYPE,AUTO_INPUT,INPUT_ITEM,VIEW_ITEM,UNIQUE_ITEM,REQUIRED_ITEM,AUTOREG_HIDE_ITEM,AUTOREG_ONLY_ITEM,INITIAL_VALUE,VALIDATE_OPTION,BEFORE_VALIDATE_REGISTER,AFTER_VALIDATE_REGISTER,DESCRIPTION_JA,DESCRIPTION_EN,NOTE,DISUSE_FLAG,LAST_UPDATE_TIMESTAMP,LAST_UPDATE_USER) VALUES(2041007,_____DATE_____,'INSERT','2041007','20410','メンバー変数名','Member variable name','member_variable_name',NULL,'7',70,'V_ANSR_COL_SEQ_COMBINATION','COL_SEQ_COMBINATION_ID','COL_COMBINATION_MEMBER_ALIAS',NULL,'0',NULL,NULL,'COL_SEQ_COMBINATION_ID',NULL,'0','1','1','0','0','0','0',NULL,NULL,NULL,NULL,'変数名で多段変数を指定した場合は入力必須。その他の場合は入力不可。','If a nested variable is specified in the variable name, input is required. Otherwise, input is not allowed.',NULL,'0',_____DATE_____,1);
INSERT INTO T_COMN_MENU_COLUMN_LINK (COLUMN_DEFINITION_ID,MENU_ID,COLUMN_NAME_JA,COLUMN_NAME_EN,COLUMN_NAME_REST,COL_GROUP_ID,COLUMN_CLASS,COLUMN_DISP_SEQ,REF_TABLE_NAME,REF_PKEY_NAME,REF_COL_NAME,REF_SORT_CONDITIONS,REF_MULTI_LANG,SENSITIVE_COL_NAME,FILE_UPLOAD_PLACE,COL_NAME,SAVE_TYPE,AUTO_INPUT,INPUT_ITEM,VIEW_ITEM,UNIQUE_ITEM,REQUIRED_ITEM,AUTOREG_HIDE_ITEM,AUTOREG_ONLY_ITEM,INITIAL_VALUE,VALIDATE_OPTION,BEFORE_VALIDATE_REGISTER,AFTER_VALIDATE_REGISTER,DESCRIPTION_JA,DESCRIPTION_EN,NOTE,DISUSE_FLAG,LAST_UPDATE_TIMESTAMP,LAST_UPDATE_USER) VALUES('2041008','20410','Sensitive設定','Sensitive setting','sensitive_setting','2041002','7',80,'T_COMN_BOOLEAN_FLAG','FLAG_ID','FLAG_NAME',NULL,'0','SENSITIVE_FLAG',NULL,'SENSITIVE_FLAG',NULL,'0','1','1','0','1','0','0',NULL,NULL,NULL,NULL,'「ON」の場合、登録後に具体値が表示されなくなります。','If \"ON\", the specific value will not be displayed after registration.',NULL,'0',_____DATE_____,1);
INSERT INTO T_COMN_MENU_COLUMN_LINK_JNL (JOURNAL_SEQ_NO,JOURNAL_REG_DATETIME,JOURNAL_ACTION_CLASS,COLUMN_DEFINITION_ID,MENU_ID,COLUMN_NAME_JA,COLUMN_NAME_EN,COLUMN_NAME_REST,COL_GROUP_ID,COLUMN_CLASS,COLUMN_DISP_SEQ,REF_TABLE_NAME,REF_PKEY_NAME,REF_COL_NAME,REF_SORT_CONDITIONS,REF_MULTI_LANG,SENSITIVE_COL_NAME,FILE_UPLOAD_PLACE,COL_NAME,SAVE_TYPE,AUTO_INPUT,INPUT_ITEM,VIEW_ITEM,UNIQUE_ITEM,REQUIRED_ITEM,AUTOREG_HIDE_ITEM,AUTOREG_ONLY_ITEM,INITIAL_VALUE,VALIDATE_OPTION,BEFORE_VALIDATE_REGISTER,AFTER_VALIDATE_REGISTER,DESCRIPTION_JA,DESCRIPTION_EN,NOTE,DISUSE_FLAG,LAST_UPDATE_TIMESTAMP,LAST_UPDATE_USER) VALUES(2041008,_____DATE_____,'INSERT','2041008','20410','Sensitive設定','Sensitive setting','sensitive_setting','2041002','7',80,'T_COMN_BOOLEAN_FLAG','FLAG_ID','FLAG_NAME',NULL,'0','SENSITIVE_FLAG',NULL,'SENSITIVE_FLAG',NULL,'0','1','1','0','1','0','0',NULL,NULL,NULL,NULL,'「ON」の場合、登録後に具体値が表示されなくなります。','If \"ON\", the specific value will not be displayed after registration.',NULL,'0',_____DATE_____,1);
INSERT INTO T_COMN_MENU_COLUMN_LINK (COLUMN_DEFINITION_ID,MENU_ID,COLUMN_NAME_JA,COLUMN_NAME_EN,COLUMN_NAME_REST,COL_GROUP_ID,COLUMN_CLASS,COLUMN_DISP_SEQ,REF_TABLE_NAME,REF_PKEY_NAME,REF_COL_NAME,REF_SORT_CONDITIONS,REF_MULTI_LANG,SENSITIVE_COL_NAME,FILE_UPLOAD_PLACE,COL_NAME,SAVE_TYPE,AUTO_INPUT,INPUT_ITEM,VIEW_ITEM,UNIQUE_ITEM,REQUIRED_ITEM,AUTOREG_HIDE_ITEM,AUTOREG_ONLY_ITEM,INITIAL_VALUE,VALIDATE_OPTION,BEFORE_VALIDATE_REGISTER,AFTER_VALIDATE_REGISTER,DESCRIPTION_JA,DESCRIPTION_EN,NOTE,DISUSE_FLAG,LAST_UPDATE_TIMESTAMP,LAST_UPDATE_USER) VALUES('2041009','20410','値','Value','value','2041002','17',90,NULL,NULL,NULL,NULL,'0',NULL,NULL,'VARS_ENTRY',NULL,'0','1','1','0','0','0','0',NULL,'{
"min_length": 0,
"max_length": 8192
}',NULL,NULL,'[最大長]8192バイト','[Maximum length] 8192 byte',NULL,'0',_____DATE_____,1);
INSERT INTO T_COMN_MENU_COLUMN_LINK_JNL (JOURNAL_SEQ_NO,JOURNAL_REG_DATETIME,JOURNAL_ACTION_CLASS,COLUMN_DEFINITION_ID,MENU_ID,COLUMN_NAME_JA,COLUMN_NAME_EN,COLUMN_NAME_REST,COL_GROUP_ID,COLUMN_CLASS,COLUMN_DISP_SEQ,REF_TABLE_NAME,REF_PKEY_NAME,REF_COL_NAME,REF_SORT_CONDITIONS,REF_MULTI_LANG,SENSITIVE_COL_NAME,FILE_UPLOAD_PLACE,COL_NAME,SAVE_TYPE,AUTO_INPUT,INPUT_ITEM,VIEW_ITEM,UNIQUE_ITEM,REQUIRED_ITEM,AUTOREG_HIDE_ITEM,AUTOREG_ONLY_ITEM,INITIAL_VALUE,VALIDATE_OPTION,BEFORE_VALIDATE_REGISTER,AFTER_VALIDATE_REGISTER,DESCRIPTION_JA,DESCRIPTION_EN,NOTE,DISUSE_FLAG,LAST_UPDATE_TIMESTAMP,LAST_UPDATE_USER) VALUES(2041009,_____DATE_____,'INSERT','2041009','20410','値','Value','value','2041002','17',90,NULL,NULL,NULL,NULL,'0',NULL,NULL,'VARS_ENTRY',NULL,'0','1','1','0','0','0','0',NULL,'{
"min_length": 0,
"max_length": 8192
}',NULL,NULL,'[最大長]8192バイト','[Maximum length] 8192 byte',NULL,'0',_____DATE_____,1);
INSERT INTO T_COMN_MENU_COLUMN_LINK (COLUMN_DEFINITION_ID,MENU_ID,COLUMN_NAME_JA,COLUMN_NAME_EN,COLUMN_NAME_REST,COL_GROUP_ID,COLUMN_CLASS,COLUMN_DISP_SEQ,REF_TABLE_NAME,REF_PKEY_NAME,REF_COL_NAME,REF_SORT_CONDITIONS,REF_MULTI_LANG,SENSITIVE_COL_NAME,FILE_UPLOAD_PLACE,COL_NAME,SAVE_TYPE,AUTO_INPUT,INPUT_ITEM,VIEW_ITEM,UNIQUE_ITEM,REQUIRED_ITEM,AUTOREG_HIDE_ITEM,AUTOREG_ONLY_ITEM,INITIAL_VALUE,VALIDATE_OPTION,BEFORE_VALIDATE_REGISTER,AFTER_VALIDATE_REGISTER,DESCRIPTION_JA,DESCRIPTION_EN,NOTE,DISUSE_FLAG,LAST_UPDATE_TIMESTAMP,LAST_UPDATE_USER) VALUES('2041010','20410','ファイル','File','file','2041001','9',100,NULL,NULL,NULL,NULL,'0',NULL,NULL,'VARS_ENTRY_FILE',NULL,'0','1','1','0','0','0','0',NULL,'{
"upload_max_size": 4294967296
}',NULL,NULL,'[最大サイズ]4GB','[Maximum size]4GB',NULL,'0',_____DATE_____,1);
INSERT INTO T_COMN_MENU_COLUMN_LINK_JNL (JOURNAL_SEQ_NO,JOURNAL_REG_DATETIME,JOURNAL_ACTION_CLASS,COLUMN_DEFINITION_ID,MENU_ID,COLUMN_NAME_JA,COLUMN_NAME_EN,COLUMN_NAME_REST,COL_GROUP_ID,COLUMN_CLASS,COLUMN_DISP_SEQ,REF_TABLE_NAME,REF_PKEY_NAME,REF_COL_NAME,REF_SORT_CONDITIONS,REF_MULTI_LANG,SENSITIVE_COL_NAME,FILE_UPLOAD_PLACE,COL_NAME,SAVE_TYPE,AUTO_INPUT,INPUT_ITEM,VIEW_ITEM,UNIQUE_ITEM,REQUIRED_ITEM,AUTOREG_HIDE_ITEM,AUTOREG_ONLY_ITEM,INITIAL_VALUE,VALIDATE_OPTION,BEFORE_VALIDATE_REGISTER,AFTER_VALIDATE_REGISTER,DESCRIPTION_JA,DESCRIPTION_EN,NOTE,DISUSE_FLAG,LAST_UPDATE_TIMESTAMP,LAST_UPDATE_USER) VALUES(2041010,_____DATE_____,'INSERT','2041010','20410','ファイル','File','file','2041001','9',100,NULL,NULL,NULL,NULL,'0',NULL,NULL,'VARS_ENTRY_FILE',NULL,'0','1','1','0','0','0','0',NULL,'{
"upload_max_size": 4294967296
}',NULL,NULL,'[最大サイズ]4GB','[Maximum size]4GB',NULL,'0',_____DATE_____,1);
INSERT INTO T_COMN_MENU_COLUMN_LINK (COLUMN_DEFINITION_ID,MENU_ID,COLUMN_NAME_JA,COLUMN_NAME_EN,COLUMN_NAME_REST,COL_GROUP_ID,COLUMN_CLASS,COLUMN_DISP_SEQ,REF_TABLE_NAME,REF_PKEY_NAME,REF_COL_NAME,REF_SORT_CONDITIONS,REF_MULTI_LANG,SENSITIVE_COL_NAME,FILE_UPLOAD_PLACE,COL_NAME,SAVE_TYPE,AUTO_INPUT,INPUT_ITEM,VIEW_ITEM,UNIQUE_ITEM,REQUIRED_ITEM,AUTOREG_HIDE_ITEM,AUTOREG_ONLY_ITEM,INITIAL_VALUE,VALIDATE_OPTION,BEFORE_VALIDATE_REGISTER,AFTER_VALIDATE_REGISTER,DESCRIPTION_JA,DESCRIPTION_EN,NOTE,DISUSE_FLAG,LAST_UPDATE_TIMESTAMP,LAST_UPDATE_USER) VALUES('2041011','20410','代入順序','Substitution order','substitution_order',NULL,'3',110,NULL,NULL,NULL,NULL,'0',NULL,NULL,'ASSIGN_SEQ',NULL,'0','1','1','0','0','0','0',NULL,'{
"int_min": 1,
"int_max": 4294967296
}',NULL,NULL,'変数名で多段変数を指定した場合は入力不可。
その他の場合は正の整数を入力。入力値が昇順で代入されます。
具体値が複数ない場合でも正の整数を入力して下さい。','If nested variable is specified in the variable name, input is not allowed. 
 Otherwise, enter positive integer. Input value is substituted in ascending order. 
 Enter positive integer even if there are no multiple specific values.',NULL,'0',_____DATE_____,1);
INSERT INTO T_COMN_MENU_COLUMN_LINK_JNL (JOURNAL_SEQ_NO,JOURNAL_REG_DATETIME,JOURNAL_ACTION_CLASS,COLUMN_DEFINITION_ID,MENU_ID,COLUMN_NAME_JA,COLUMN_NAME_EN,COLUMN_NAME_REST,COL_GROUP_ID,COLUMN_CLASS,COLUMN_DISP_SEQ,REF_TABLE_NAME,REF_PKEY_NAME,REF_COL_NAME,REF_SORT_CONDITIONS,REF_MULTI_LANG,SENSITIVE_COL_NAME,FILE_UPLOAD_PLACE,COL_NAME,SAVE_TYPE,AUTO_INPUT,INPUT_ITEM,VIEW_ITEM,UNIQUE_ITEM,REQUIRED_ITEM,AUTOREG_HIDE_ITEM,AUTOREG_ONLY_ITEM,INITIAL_VALUE,VALIDATE_OPTION,BEFORE_VALIDATE_REGISTER,AFTER_VALIDATE_REGISTER,DESCRIPTION_JA,DESCRIPTION_EN,NOTE,DISUSE_FLAG,LAST_UPDATE_TIMESTAMP,LAST_UPDATE_USER) VALUES(2041011,_____DATE_____,'INSERT','2041011','20410','代入順序','Substitution order','substitution_order',NULL,'3',110,NULL,NULL,NULL,NULL,'0',NULL,NULL,'ASSIGN_SEQ',NULL,'0','1','1','0','0','0','0',NULL,'{
"int_min": 1,
"int_max": 4294967296
}',NULL,NULL,'変数名で多段変数を指定した場合は入力不可。
その他の場合は正の整数を入力。入力値が昇順で代入されます。
具体値が複数ない場合でも正の整数を入力して下さい。','If nested variable is specified in the variable name, input is not allowed. 
 Otherwise, enter positive integer. Input value is substituted in ascending order. 
 Enter positive integer even if there are no multiple specific values.',NULL,'0',_____DATE_____,1);
INSERT INTO T_COMN_MENU_COLUMN_LINK (COLUMN_DEFINITION_ID,MENU_ID,COLUMN_NAME_JA,COLUMN_NAME_EN,COLUMN_NAME_REST,COL_GROUP_ID,COLUMN_CLASS,COLUMN_DISP_SEQ,REF_TABLE_NAME,REF_PKEY_NAME,REF_COL_NAME,REF_SORT_CONDITIONS,REF_MULTI_LANG,SENSITIVE_COL_NAME,FILE_UPLOAD_PLACE,COL_NAME,SAVE_TYPE,AUTO_INPUT,INPUT_ITEM,VIEW_ITEM,UNIQUE_ITEM,REQUIRED_ITEM,AUTOREG_HIDE_ITEM,AUTOREG_ONLY_ITEM,INITIAL_VALUE,VALIDATE_OPTION,BEFORE_VALIDATE_REGISTER,AFTER_VALIDATE_REGISTER,DESCRIPTION_JA,DESCRIPTION_EN,NOTE,DISUSE_FLAG,LAST_UPDATE_TIMESTAMP,LAST_UPDATE_USER) VALUES('2041012','20410','テンプレート変数使用有無','Template variables used','template_variables_used',NULL,'1',120,NULL,NULL,NULL,NULL,'0',NULL,NULL,'VARS_ENTRY_USE_TPFVARS',NULL,'0','0','0','0','0','0','0',NULL,NULL,NULL,NULL,'具体値に テンプレート変数設定有無','Template variables used for Specific value',NULL,'0',_____DATE_____,1);
INSERT INTO T_COMN_MENU_COLUMN_LINK_JNL (JOURNAL_SEQ_NO,JOURNAL_REG_DATETIME,JOURNAL_ACTION_CLASS,COLUMN_DEFINITION_ID,MENU_ID,COLUMN_NAME_JA,COLUMN_NAME_EN,COLUMN_NAME_REST,COL_GROUP_ID,COLUMN_CLASS,COLUMN_DISP_SEQ,REF_TABLE_NAME,REF_PKEY_NAME,REF_COL_NAME,REF_SORT_CONDITIONS,REF_MULTI_LANG,SENSITIVE_COL_NAME,FILE_UPLOAD_PLACE,COL_NAME,SAVE_TYPE,AUTO_INPUT,INPUT_ITEM,VIEW_ITEM,UNIQUE_ITEM,REQUIRED_ITEM,AUTOREG_HIDE_ITEM,AUTOREG_ONLY_ITEM,INITIAL_VALUE,VALIDATE_OPTION,BEFORE_VALIDATE_REGISTER,AFTER_VALIDATE_REGISTER,DESCRIPTION_JA,DESCRIPTION_EN,NOTE,DISUSE_FLAG,LAST_UPDATE_TIMESTAMP,LAST_UPDATE_USER) VALUES(2041012,_____DATE_____,'INSERT','2041012','20410','テンプレート変数使用有無','Template variables used','template_variables_used',NULL,'1',120,NULL,NULL,NULL,NULL,'0',NULL,NULL,'VARS_ENTRY_USE_TPFVARS',NULL,'0','0','0','0','0','0','0',NULL,NULL,NULL,NULL,'具体値に テンプレート変数設定有無','Template variables used for Specific value',NULL,'0',_____DATE_____,1);
INSERT INTO T_COMN_MENU_COLUMN_LINK (COLUMN_DEFINITION_ID,MENU_ID,COLUMN_NAME_JA,COLUMN_NAME_EN,COLUMN_NAME_REST,COL_GROUP_ID,COLUMN_CLASS,COLUMN_DISP_SEQ,REF_TABLE_NAME,REF_PKEY_NAME,REF_COL_NAME,REF_SORT_CONDITIONS,REF_MULTI_LANG,SENSITIVE_COL_NAME,FILE_UPLOAD_PLACE,COL_NAME,SAVE_TYPE,AUTO_INPUT,INPUT_ITEM,VIEW_ITEM,UNIQUE_ITEM,REQUIRED_ITEM,AUTOREG_HIDE_ITEM,AUTOREG_ONLY_ITEM,INITIAL_VALUE,VALIDATE_OPTION,BEFORE_VALIDATE_REGISTER,AFTER_VALIDATE_REGISTER,DESCRIPTION_JA,DESCRIPTION_EN,NOTE,DISUSE_FLAG,LAST_UPDATE_TIMESTAMP,LAST_UPDATE_USER) VALUES('2041013','20410','備考','Remarks','remarks',NULL,'12',130,NULL,NULL,NULL,NULL,'0',NULL,NULL,'NOTE',NULL,'0','1','1','0','0','0','0',NULL,'{
"min_length": 0,
"max_length": 4000
}',NULL,NULL,'自由記述欄。レコードの廃止・復活時にも記載可能。','Comments section. Can comment when removing or restoring records.',NULL,'0',_____DATE_____,1);
INSERT INTO T_COMN_MENU_COLUMN_LINK_JNL (JOURNAL_SEQ_NO,JOURNAL_REG_DATETIME,JOURNAL_ACTION_CLASS,COLUMN_DEFINITION_ID,MENU_ID,COLUMN_NAME_JA,COLUMN_NAME_EN,COLUMN_NAME_REST,COL_GROUP_ID,COLUMN_CLASS,COLUMN_DISP_SEQ,REF_TABLE_NAME,REF_PKEY_NAME,REF_COL_NAME,REF_SORT_CONDITIONS,REF_MULTI_LANG,SENSITIVE_COL_NAME,FILE_UPLOAD_PLACE,COL_NAME,SAVE_TYPE,AUTO_INPUT,INPUT_ITEM,VIEW_ITEM,UNIQUE_ITEM,REQUIRED_ITEM,AUTOREG_HIDE_ITEM,AUTOREG_ONLY_ITEM,INITIAL_VALUE,VALIDATE_OPTION,BEFORE_VALIDATE_REGISTER,AFTER_VALIDATE_REGISTER,DESCRIPTION_JA,DESCRIPTION_EN,NOTE,DISUSE_FLAG,LAST_UPDATE_TIMESTAMP,LAST_UPDATE_USER) VALUES(2041013,_____DATE_____,'INSERT','2041013','20410','備考','Remarks','remarks',NULL,'12',130,NULL,NULL,NULL,NULL,'0',NULL,NULL,'NOTE',NULL,'0','1','1','0','0','0','0',NULL,'{
"min_length": 0,
"max_length": 4000
}',NULL,NULL,'自由記述欄。レコードの廃止・復活時にも記載可能。','Comments section. Can comment when removing or restoring records.',NULL,'0',_____DATE_____,1);
INSERT INTO T_COMN_MENU_COLUMN_LINK (COLUMN_DEFINITION_ID,MENU_ID,COLUMN_NAME_JA,COLUMN_NAME_EN,COLUMN_NAME_REST,COL_GROUP_ID,COLUMN_CLASS,COLUMN_DISP_SEQ,REF_TABLE_NAME,REF_PKEY_NAME,REF_COL_NAME,REF_SORT_CONDITIONS,REF_MULTI_LANG,SENSITIVE_COL_NAME,FILE_UPLOAD_PLACE,COL_NAME,SAVE_TYPE,AUTO_INPUT,INPUT_ITEM,VIEW_ITEM,UNIQUE_ITEM,REQUIRED_ITEM,AUTOREG_HIDE_ITEM,AUTOREG_ONLY_ITEM,INITIAL_VALUE,VALIDATE_OPTION,BEFORE_VALIDATE_REGISTER,AFTER_VALIDATE_REGISTER,DESCRIPTION_JA,DESCRIPTION_EN,NOTE,DISUSE_FLAG,LAST_UPDATE_TIMESTAMP,LAST_UPDATE_USER) VALUES('2041014','20410','廃止フラグ','Discard','discard',NULL,'1',140,NULL,NULL,NULL,NULL,'0',NULL,NULL,'DISUSE_FLAG',NULL,'1','1','1','0','1','0','0',NULL,NULL,NULL,NULL,'廃止フラグ。復活以外のオペレーションは不可','Discard flag. Cannot do operation other than restore.',NULL,'0',_____DATE_____,1);
INSERT INTO T_COMN_MENU_COLUMN_LINK_JNL (JOURNAL_SEQ_NO,JOURNAL_REG_DATETIME,JOURNAL_ACTION_CLASS,COLUMN_DEFINITION_ID,MENU_ID,COLUMN_NAME_JA,COLUMN_NAME_EN,COLUMN_NAME_REST,COL_GROUP_ID,COLUMN_CLASS,COLUMN_DISP_SEQ,REF_TABLE_NAME,REF_PKEY_NAME,REF_COL_NAME,REF_SORT_CONDITIONS,REF_MULTI_LANG,SENSITIVE_COL_NAME,FILE_UPLOAD_PLACE,COL_NAME,SAVE_TYPE,AUTO_INPUT,INPUT_ITEM,VIEW_ITEM,UNIQUE_ITEM,REQUIRED_ITEM,AUTOREG_HIDE_ITEM,AUTOREG_ONLY_ITEM,INITIAL_VALUE,VALIDATE_OPTION,BEFORE_VALIDATE_REGISTER,AFTER_VALIDATE_REGISTER,DESCRIPTION_JA,DESCRIPTION_EN,NOTE,DISUSE_FLAG,LAST_UPDATE_TIMESTAMP,LAST_UPDATE_USER) VALUES(2041014,_____DATE_____,'INSERT','2041014','20410','廃止フラグ','Discard','discard',NULL,'1',140,NULL,NULL,NULL,NULL,'0',NULL,NULL,'DISUSE_FLAG',NULL,'1','1','1','0','1','0','0',NULL,NULL,NULL,NULL,'廃止フラグ。復活以外のオペレーションは不可','Discard flag. Cannot do operation other than restore.',NULL,'0',_____DATE_____,1);
INSERT INTO T_COMN_MENU_COLUMN_LINK (COLUMN_DEFINITION_ID,MENU_ID,COLUMN_NAME_JA,COLUMN_NAME_EN,COLUMN_NAME_REST,COL_GROUP_ID,COLUMN_CLASS,COLUMN_DISP_SEQ,REF_TABLE_NAME,REF_PKEY_NAME,REF_COL_NAME,REF_SORT_CONDITIONS,REF_MULTI_LANG,SENSITIVE_COL_NAME,FILE_UPLOAD_PLACE,COL_NAME,SAVE_TYPE,AUTO_INPUT,INPUT_ITEM,VIEW_ITEM,UNIQUE_ITEM,REQUIRED_ITEM,AUTOREG_HIDE_ITEM,AUTOREG_ONLY_ITEM,INITIAL_VALUE,VALIDATE_OPTION,BEFORE_VALIDATE_REGISTER,AFTER_VALIDATE_REGISTER,DESCRIPTION_JA,DESCRIPTION_EN,NOTE,DISUSE_FLAG,LAST_UPDATE_TIMESTAMP,LAST_UPDATE_USER) VALUES('2041015','20410','最終更新日時','Last update date/time','last_update_date_time',NULL,'13',150,NULL,NULL,NULL,NULL,'0',NULL,NULL,'LAST_UPDATE_TIMESTAMP',NULL,'1','1','1','0','1','0','0',NULL,NULL,NULL,NULL,'レコードの最終更新日。更新可否判定に使用。自動登録のため編集不可。','Last update date of record. Useful for judging the possibility of an update. Cannot edit because of auto-numbering.',NULL,'0',_____DATE_____,1);
INSERT INTO T_COMN_MENU_COLUMN_LINK_JNL (JOURNAL_SEQ_NO,JOURNAL_REG_DATETIME,JOURNAL_ACTION_CLASS,COLUMN_DEFINITION_ID,MENU_ID,COLUMN_NAME_JA,COLUMN_NAME_EN,COLUMN_NAME_REST,COL_GROUP_ID,COLUMN_CLASS,COLUMN_DISP_SEQ,REF_TABLE_NAME,REF_PKEY_NAME,REF_COL_NAME,REF_SORT_CONDITIONS,REF_MULTI_LANG,SENSITIVE_COL_NAME,FILE_UPLOAD_PLACE,COL_NAME,SAVE_TYPE,AUTO_INPUT,INPUT_ITEM,VIEW_ITEM,UNIQUE_ITEM,REQUIRED_ITEM,AUTOREG_HIDE_ITEM,AUTOREG_ONLY_ITEM,INITIAL_VALUE,VALIDATE_OPTION,BEFORE_VALIDATE_REGISTER,AFTER_VALIDATE_REGISTER,DESCRIPTION_JA,DESCRIPTION_EN,NOTE,DISUSE_FLAG,LAST_UPDATE_TIMESTAMP,LAST_UPDATE_USER) VALUES(2041015,_____DATE_____,'INSERT','2041015','20410','最終更新日時','Last update date/time','last_update_date_time',NULL,'13',150,NULL,NULL,NULL,NULL,'0',NULL,NULL,'LAST_UPDATE_TIMESTAMP',NULL,'1','1','1','0','1','0','0',NULL,NULL,NULL,NULL,'レコードの最終更新日。更新可否判定に使用。自動登録のため編集不可。','Last update date of record. Useful for judging the possibility of an update. Cannot edit because of auto-numbering.',NULL,'0',_____DATE_____,1);
INSERT INTO T_COMN_MENU_COLUMN_LINK (COLUMN_DEFINITION_ID,MENU_ID,COLUMN_NAME_JA,COLUMN_NAME_EN,COLUMN_NAME_REST,COL_GROUP_ID,COLUMN_CLASS,COLUMN_DISP_SEQ,REF_TABLE_NAME,REF_PKEY_NAME,REF_COL_NAME,REF_SORT_CONDITIONS,REF_MULTI_LANG,SENSITIVE_COL_NAME,FILE_UPLOAD_PLACE,COL_NAME,SAVE_TYPE,AUTO_INPUT,INPUT_ITEM,VIEW_ITEM,UNIQUE_ITEM,REQUIRED_ITEM,AUTOREG_HIDE_ITEM,AUTOREG_ONLY_ITEM,INITIAL_VALUE,VALIDATE_OPTION,BEFORE_VALIDATE_REGISTER,AFTER_VALIDATE_REGISTER,DESCRIPTION_JA,DESCRIPTION_EN,NOTE,DISUSE_FLAG,LAST_UPDATE_TIMESTAMP,LAST_UPDATE_USER) VALUES('2041016','20410','最終更新者','Last updated by','last_updated_user',NULL,'14',160,NULL,NULL,NULL,NULL,'0',NULL,NULL,'LAST_UPDATE_USER',NULL,'1','1','1','0','1','0','0',NULL,NULL,NULL,NULL,'更新者。ログインユーザのIDが自動的に登録される。編集不可。','Updated by. Login user ID is automatically registered. Cannot edit.',NULL,'0',_____DATE_____,1);
INSERT INTO T_COMN_MENU_COLUMN_LINK_JNL (JOURNAL_SEQ_NO,JOURNAL_REG_DATETIME,JOURNAL_ACTION_CLASS,COLUMN_DEFINITION_ID,MENU_ID,COLUMN_NAME_JA,COLUMN_NAME_EN,COLUMN_NAME_REST,COL_GROUP_ID,COLUMN_CLASS,COLUMN_DISP_SEQ,REF_TABLE_NAME,REF_PKEY_NAME,REF_COL_NAME,REF_SORT_CONDITIONS,REF_MULTI_LANG,SENSITIVE_COL_NAME,FILE_UPLOAD_PLACE,COL_NAME,SAVE_TYPE,AUTO_INPUT,INPUT_ITEM,VIEW_ITEM,UNIQUE_ITEM,REQUIRED_ITEM,AUTOREG_HIDE_ITEM,AUTOREG_ONLY_ITEM,INITIAL_VALUE,VALIDATE_OPTION,BEFORE_VALIDATE_REGISTER,AFTER_VALIDATE_REGISTER,DESCRIPTION_JA,DESCRIPTION_EN,NOTE,DISUSE_FLAG,LAST_UPDATE_TIMESTAMP,LAST_UPDATE_USER) VALUES(2041016,_____DATE_____,'INSERT','2041016','20410','最終更新者','Last updated by','last_updated_user',NULL,'14',160,NULL,NULL,NULL,NULL,'0',NULL,NULL,'LAST_UPDATE_USER',NULL,'1','1','1','0','1','0','0',NULL,NULL,NULL,NULL,'更新者。ログインユーザのIDが自動的に登録される。編集不可。','Updated by. Login user ID is automatically registered. Cannot edit.',NULL,'0',_____DATE_____,1);
INSERT INTO T_COMN_MENU_COLUMN_LINK (COLUMN_DEFINITION_ID,MENU_ID,COLUMN_NAME_JA,COLUMN_NAME_EN,COLUMN_NAME_REST,COL_GROUP_ID,COLUMN_CLASS,COLUMN_DISP_SEQ,REF_TABLE_NAME,REF_PKEY_NAME,REF_COL_NAME,REF_SORT_CONDITIONS,REF_MULTI_LANG,SENSITIVE_COL_NAME,FILE_UPLOAD_PLACE,COL_NAME,SAVE_TYPE,AUTO_INPUT,INPUT_ITEM,VIEW_ITEM,UNIQUE_ITEM,REQUIRED_ITEM,AUTOREG_HIDE_ITEM,AUTOREG_ONLY_ITEM,INITIAL_VALUE,VALIDATE_OPTION,BEFORE_VALIDATE_REGISTER,AFTER_VALIDATE_REGISTER,DESCRIPTION_JA,DESCRIPTION_EN,NOTE,DISUSE_FLAG,LAST_UPDATE_TIMESTAMP,LAST_UPDATE_USER) VALUES('2041301','20413','作業No.','Execution No.','execution_no',NULL,'1',10,NULL,NULL,NULL,NULL,'0',NULL,NULL,'EXECUTION_NO',NULL,'1','1','1','1','1','0','0',NULL,NULL,NULL,NULL,'自動採番のため編集不可。実行処理種別が【登録】の場合、空白のみ可。','Cannot edit because of auto-numbering. Must be blank when execution process type is [Register].',NULL,'0',_____DATE_____,1);
INSERT INTO T_COMN_MENU_COLUMN_LINK_JNL (JOURNAL_SEQ_NO,JOURNAL_REG_DATETIME,JOURNAL_ACTION_CLASS,COLUMN_DEFINITION_ID,MENU_ID,COLUMN_NAME_JA,COLUMN_NAME_EN,COLUMN_NAME_REST,COL_GROUP_ID,COLUMN_CLASS,COLUMN_DISP_SEQ,REF_TABLE_NAME,REF_PKEY_NAME,REF_COL_NAME,REF_SORT_CONDITIONS,REF_MULTI_LANG,SENSITIVE_COL_NAME,FILE_UPLOAD_PLACE,COL_NAME,SAVE_TYPE,AUTO_INPUT,INPUT_ITEM,VIEW_ITEM,UNIQUE_ITEM,REQUIRED_ITEM,AUTOREG_HIDE_ITEM,AUTOREG_ONLY_ITEM,INITIAL_VALUE,VALIDATE_OPTION,BEFORE_VALIDATE_REGISTER,AFTER_VALIDATE_REGISTER,DESCRIPTION_JA,DESCRIPTION_EN,NOTE,DISUSE_FLAG,LAST_UPDATE_TIMESTAMP,LAST_UPDATE_USER) VALUES(2041301,_____DATE_____,'INSERT','2041301','20413','作業No.','Execution No.','execution_no',NULL,'1',10,NULL,NULL,NULL,NULL,'0',NULL,NULL,'EXECUTION_NO',NULL,'1','1','1','1','1','0','0',NULL,NULL,NULL,NULL,'自動採番のため編集不可。実行処理種別が【登録】の場合、空白のみ可。','Cannot edit because of auto-numbering. Must be blank when execution process type is [Register].',NULL,'0',_____DATE_____,1);
INSERT INTO T_COMN_MENU_COLUMN_LINK (COLUMN_DEFINITION_ID,MENU_ID,COLUMN_NAME_JA,COLUMN_NAME_EN,COLUMN_NAME_REST,COL_GROUP_ID,COLUMN_CLASS,COLUMN_DISP_SEQ,REF_TABLE_NAME,REF_PKEY_NAME,REF_COL_NAME,REF_SORT_CONDITIONS,REF_MULTI_LANG,SENSITIVE_COL_NAME,FILE_UPLOAD_PLACE,COL_NAME,SAVE_TYPE,AUTO_INPUT,INPUT_ITEM,VIEW_ITEM,UNIQUE_ITEM,REQUIRED_ITEM,AUTOREG_HIDE_ITEM,AUTOREG_ONLY_ITEM,INITIAL_VALUE,VALIDATE_OPTION,BEFORE_VALIDATE_REGISTER,AFTER_VALIDATE_REGISTER,DESCRIPTION_JA,DESCRIPTION_EN,NOTE,DISUSE_FLAG,LAST_UPDATE_TIMESTAMP,LAST_UPDATE_USER) VALUES('2041302','20413','実行種別','Execution type','execution_type',NULL,'7',20,'T_ANSC_EXEC_ENGINE','ID','NAME',NULL,'0',NULL,NULL,'RUN_MODE',NULL,'0','1','1','0','0','0','0',NULL,NULL,NULL,NULL,'実行種別には以下の状態が存在します。
・通常
・ドライラン','The following execution type states exist.
・Normal
・Dry run',NULL,'0',_____DATE_____,1);
INSERT INTO T_COMN_MENU_COLUMN_LINK_JNL (JOURNAL_SEQ_NO,JOURNAL_REG_DATETIME,JOURNAL_ACTION_CLASS,COLUMN_DEFINITION_ID,MENU_ID,COLUMN_NAME_JA,COLUMN_NAME_EN,COLUMN_NAME_REST,COL_GROUP_ID,COLUMN_CLASS,COLUMN_DISP_SEQ,REF_TABLE_NAME,REF_PKEY_NAME,REF_COL_NAME,REF_SORT_CONDITIONS,REF_MULTI_LANG,SENSITIVE_COL_NAME,FILE_UPLOAD_PLACE,COL_NAME,SAVE_TYPE,AUTO_INPUT,INPUT_ITEM,VIEW_ITEM,UNIQUE_ITEM,REQUIRED_ITEM,AUTOREG_HIDE_ITEM,AUTOREG_ONLY_ITEM,INITIAL_VALUE,VALIDATE_OPTION,BEFORE_VALIDATE_REGISTER,AFTER_VALIDATE_REGISTER,DESCRIPTION_JA,DESCRIPTION_EN,NOTE,DISUSE_FLAG,LAST_UPDATE_TIMESTAMP,LAST_UPDATE_USER) VALUES(2041302,_____DATE_____,'INSERT','2041302','20413','実行種別','Execution type','execution_type',NULL,'7',20,'T_ANSC_EXEC_ENGINE','ID','NAME',NULL,'0',NULL,NULL,'RUN_MODE',NULL,'0','1','1','0','0','0','0',NULL,NULL,NULL,NULL,'実行種別には以下の状態が存在します。
・通常
・ドライラン','The following execution type states exist.
・Normal
・Dry run',NULL,'0',_____DATE_____,1);
INSERT INTO T_COMN_MENU_COLUMN_LINK (COLUMN_DEFINITION_ID,MENU_ID,COLUMN_NAME_JA,COLUMN_NAME_EN,COLUMN_NAME_REST,COL_GROUP_ID,COLUMN_CLASS,COLUMN_DISP_SEQ,REF_TABLE_NAME,REF_PKEY_NAME,REF_COL_NAME,REF_SORT_CONDITIONS,REF_MULTI_LANG,SENSITIVE_COL_NAME,FILE_UPLOAD_PLACE,COL_NAME,SAVE_TYPE,AUTO_INPUT,INPUT_ITEM,VIEW_ITEM,UNIQUE_ITEM,REQUIRED_ITEM,AUTOREG_HIDE_ITEM,AUTOREG_ONLY_ITEM,INITIAL_VALUE,VALIDATE_OPTION,BEFORE_VALIDATE_REGISTER,AFTER_VALIDATE_REGISTER,DESCRIPTION_JA,DESCRIPTION_EN,NOTE,DISUSE_FLAG,LAST_UPDATE_TIMESTAMP,LAST_UPDATE_USER) VALUES('2041303','20413','ステータス','Status','status',NULL,'7',30,'T_ANSC_EXEC_STATUS','EXEC_STATUS_ID','EXEC_STATUS_NAME',NULL,'1',NULL,NULL,'STATUS_ID',NULL,'0','1','1','0','0','0','0',NULL,NULL,NULL,NULL,'ステータスには以下の状態が存在します。
・未実行
・準備中
・実行中
・実行中(遅延)
・完了
・完了(異常)
・想定外エラー
・緊急停止
・未実行(予約)
・予約取消','The following status states exist. 
・Not executed
・Preparing
・Executing
・Executing (delayed)
・Completed
・Completed (error)
・Unexpected error
・Emergency stop
・d
・Schedule canceled',NULL,'0',_____DATE_____,1);
INSERT INTO T_COMN_MENU_COLUMN_LINK_JNL (JOURNAL_SEQ_NO,JOURNAL_REG_DATETIME,JOURNAL_ACTION_CLASS,COLUMN_DEFINITION_ID,MENU_ID,COLUMN_NAME_JA,COLUMN_NAME_EN,COLUMN_NAME_REST,COL_GROUP_ID,COLUMN_CLASS,COLUMN_DISP_SEQ,REF_TABLE_NAME,REF_PKEY_NAME,REF_COL_NAME,REF_SORT_CONDITIONS,REF_MULTI_LANG,SENSITIVE_COL_NAME,FILE_UPLOAD_PLACE,COL_NAME,SAVE_TYPE,AUTO_INPUT,INPUT_ITEM,VIEW_ITEM,UNIQUE_ITEM,REQUIRED_ITEM,AUTOREG_HIDE_ITEM,AUTOREG_ONLY_ITEM,INITIAL_VALUE,VALIDATE_OPTION,BEFORE_VALIDATE_REGISTER,AFTER_VALIDATE_REGISTER,DESCRIPTION_JA,DESCRIPTION_EN,NOTE,DISUSE_FLAG,LAST_UPDATE_TIMESTAMP,LAST_UPDATE_USER) VALUES(2041303,_____DATE_____,'INSERT','2041303','20413','ステータス','Status','status',NULL,'7',30,'T_ANSC_EXEC_STATUS','EXEC_STATUS_ID','EXEC_STATUS_NAME',NULL,'1',NULL,NULL,'STATUS_ID',NULL,'0','1','1','0','0','0','0',NULL,NULL,NULL,NULL,'ステータスには以下の状態が存在します。
・未実行
・準備中
・実行中
・実行中(遅延)
・完了
・完了(異常)
・想定外エラー
・緊急停止
・未実行(予約)
・予約取消','The following status states exist. 
・Not executed
・Preparing
・Executing
・Executing (delayed)
・Completed
・Completed (error)
・Unexpected error
・Emergency stop
・d
・Schedule canceled',NULL,'0',_____DATE_____,1);
INSERT INTO T_COMN_MENU_COLUMN_LINK (COLUMN_DEFINITION_ID,MENU_ID,COLUMN_NAME_JA,COLUMN_NAME_EN,COLUMN_NAME_REST,COL_GROUP_ID,COLUMN_CLASS,COLUMN_DISP_SEQ,REF_TABLE_NAME,REF_PKEY_NAME,REF_COL_NAME,REF_SORT_CONDITIONS,REF_MULTI_LANG,SENSITIVE_COL_NAME,FILE_UPLOAD_PLACE,COL_NAME,SAVE_TYPE,AUTO_INPUT,INPUT_ITEM,VIEW_ITEM,UNIQUE_ITEM,REQUIRED_ITEM,AUTOREG_HIDE_ITEM,AUTOREG_ONLY_ITEM,INITIAL_VALUE,VALIDATE_OPTION,BEFORE_VALIDATE_REGISTER,AFTER_VALIDATE_REGISTER,DESCRIPTION_JA,DESCRIPTION_EN,NOTE,DISUSE_FLAG,LAST_UPDATE_TIMESTAMP,LAST_UPDATE_USER) VALUES('2041304','20413','実行エンジン','execution engine','execution_engine',NULL,'7',40,'T_ANSC_EXEC_MODE','EXEC_MODE_ID','EXEC_MODE_NAME',NULL,'1',NULL,NULL,'EXEC_MODE',NULL,'0','1','1','0','0','0','0',NULL,NULL,NULL,NULL,'実行するエンジンを3種類から選択します。
・Ansible Core
・Ansible Tower
・Ansible Automation Controller
※Ansible TowerはAnsible Automation Pratform2.0以降でAnsible Automation Controllerに変更になりました。
Ansible Core以外を選択した場合もansible-vaultコマンドを実行するAnsible Coreインターフェースの設定が必要です。','Select the execution engine.
・Ansible Core
・Ansible Tower
・Ansible Automation Controller
※Ansible Tower changed to Ansible Automation Controller in Ansible Automation Platform 2.0.
Configuring the Ansible Core interface is required in order to use ansible-vault commands, even if Ansible Core is not selected as the execution engine.',NULL,'0',_____DATE_____,1);
INSERT INTO T_COMN_MENU_COLUMN_LINK_JNL (JOURNAL_SEQ_NO,JOURNAL_REG_DATETIME,JOURNAL_ACTION_CLASS,COLUMN_DEFINITION_ID,MENU_ID,COLUMN_NAME_JA,COLUMN_NAME_EN,COLUMN_NAME_REST,COL_GROUP_ID,COLUMN_CLASS,COLUMN_DISP_SEQ,REF_TABLE_NAME,REF_PKEY_NAME,REF_COL_NAME,REF_SORT_CONDITIONS,REF_MULTI_LANG,SENSITIVE_COL_NAME,FILE_UPLOAD_PLACE,COL_NAME,SAVE_TYPE,AUTO_INPUT,INPUT_ITEM,VIEW_ITEM,UNIQUE_ITEM,REQUIRED_ITEM,AUTOREG_HIDE_ITEM,AUTOREG_ONLY_ITEM,INITIAL_VALUE,VALIDATE_OPTION,BEFORE_VALIDATE_REGISTER,AFTER_VALIDATE_REGISTER,DESCRIPTION_JA,DESCRIPTION_EN,NOTE,DISUSE_FLAG,LAST_UPDATE_TIMESTAMP,LAST_UPDATE_USER) VALUES(2041304,_____DATE_____,'INSERT','2041304','20413','実行エンジン','execution engine','execution_engine',NULL,'7',40,'T_ANSC_EXEC_MODE','EXEC_MODE_ID','EXEC_MODE_NAME',NULL,'1',NULL,NULL,'EXEC_MODE',NULL,'0','1','1','0','0','0','0',NULL,NULL,NULL,NULL,'実行するエンジンを3種類から選択します。
・Ansible Core
・Ansible Tower
・Ansible Automation Controller
※Ansible TowerはAnsible Automation Pratform2.0以降でAnsible Automation Controllerに変更になりました。
Ansible Core以外を選択した場合もansible-vaultコマンドを実行するAnsible Coreインターフェースの設定が必要です。','Select the execution engine.
・Ansible Core
・Ansible Tower
・Ansible Automation Controller
※Ansible Tower changed to Ansible Automation Controller in Ansible Automation Platform 2.0.
Configuring the Ansible Core interface is required in order to use ansible-vault commands, even if Ansible Core is not selected as the execution engine.',NULL,'0',_____DATE_____,1);
INSERT INTO T_COMN_MENU_COLUMN_LINK (COLUMN_DEFINITION_ID,MENU_ID,COLUMN_NAME_JA,COLUMN_NAME_EN,COLUMN_NAME_REST,COL_GROUP_ID,COLUMN_CLASS,COLUMN_DISP_SEQ,REF_TABLE_NAME,REF_PKEY_NAME,REF_COL_NAME,REF_SORT_CONDITIONS,REF_MULTI_LANG,SENSITIVE_COL_NAME,FILE_UPLOAD_PLACE,COL_NAME,SAVE_TYPE,AUTO_INPUT,INPUT_ITEM,VIEW_ITEM,UNIQUE_ITEM,REQUIRED_ITEM,AUTOREG_HIDE_ITEM,AUTOREG_ONLY_ITEM,INITIAL_VALUE,VALIDATE_OPTION,BEFORE_VALIDATE_REGISTER,AFTER_VALIDATE_REGISTER,DESCRIPTION_JA,DESCRIPTION_EN,NOTE,DISUSE_FLAG,LAST_UPDATE_TIMESTAMP,LAST_UPDATE_USER) VALUES('2041305','20413','呼出元Symphony','Caller symphony','caller_symphony',NULL,'1',50,NULL,NULL,NULL,NULL,'0',NULL,NULL,'SYMPHONY_NAME',NULL,'0','1','1','0','0','0','0',NULL,'{
"min_length": 0,
"max_length": 255
}',NULL,NULL,'[元データ]Symphonyクラス一覧','[Original data] Symphony class list',NULL,'0',_____DATE_____,1);
INSERT INTO T_COMN_MENU_COLUMN_LINK_JNL (JOURNAL_SEQ_NO,JOURNAL_REG_DATETIME,JOURNAL_ACTION_CLASS,COLUMN_DEFINITION_ID,MENU_ID,COLUMN_NAME_JA,COLUMN_NAME_EN,COLUMN_NAME_REST,COL_GROUP_ID,COLUMN_CLASS,COLUMN_DISP_SEQ,REF_TABLE_NAME,REF_PKEY_NAME,REF_COL_NAME,REF_SORT_CONDITIONS,REF_MULTI_LANG,SENSITIVE_COL_NAME,FILE_UPLOAD_PLACE,COL_NAME,SAVE_TYPE,AUTO_INPUT,INPUT_ITEM,VIEW_ITEM,UNIQUE_ITEM,REQUIRED_ITEM,AUTOREG_HIDE_ITEM,AUTOREG_ONLY_ITEM,INITIAL_VALUE,VALIDATE_OPTION,BEFORE_VALIDATE_REGISTER,AFTER_VALIDATE_REGISTER,DESCRIPTION_JA,DESCRIPTION_EN,NOTE,DISUSE_FLAG,LAST_UPDATE_TIMESTAMP,LAST_UPDATE_USER) VALUES(2041305,_____DATE_____,'INSERT','2041305','20413','呼出元Symphony','Caller symphony','caller_symphony',NULL,'1',50,NULL,NULL,NULL,NULL,'0',NULL,NULL,'SYMPHONY_NAME',NULL,'0','1','1','0','0','0','0',NULL,'{
"min_length": 0,
"max_length": 255
}',NULL,NULL,'[元データ]Symphonyクラス一覧','[Original data] Symphony class list',NULL,'0',_____DATE_____,1);
INSERT INTO T_COMN_MENU_COLUMN_LINK (COLUMN_DEFINITION_ID,MENU_ID,COLUMN_NAME_JA,COLUMN_NAME_EN,COLUMN_NAME_REST,COL_GROUP_ID,COLUMN_CLASS,COLUMN_DISP_SEQ,REF_TABLE_NAME,REF_PKEY_NAME,REF_COL_NAME,REF_SORT_CONDITIONS,REF_MULTI_LANG,SENSITIVE_COL_NAME,FILE_UPLOAD_PLACE,COL_NAME,SAVE_TYPE,AUTO_INPUT,INPUT_ITEM,VIEW_ITEM,UNIQUE_ITEM,REQUIRED_ITEM,AUTOREG_HIDE_ITEM,AUTOREG_ONLY_ITEM,INITIAL_VALUE,VALIDATE_OPTION,BEFORE_VALIDATE_REGISTER,AFTER_VALIDATE_REGISTER,DESCRIPTION_JA,DESCRIPTION_EN,NOTE,DISUSE_FLAG,LAST_UPDATE_TIMESTAMP,LAST_UPDATE_USER) VALUES('2041306','20413','呼出元Conductor','Caller conductor','caller_conductor',NULL,'1',60,NULL,NULL,NULL,NULL,'0',NULL,NULL,'CONDUCTOR_NAME',NULL,'0','1','1','0','0','0','0',NULL,'{
"min_length": 0,
"max_length": 255
}',NULL,NULL,'[元データ]Conductorクラス一覧','[Original data] Conductor class list',NULL,'0',_____DATE_____,1);
INSERT INTO T_COMN_MENU_COLUMN_LINK_JNL (JOURNAL_SEQ_NO,JOURNAL_REG_DATETIME,JOURNAL_ACTION_CLASS,COLUMN_DEFINITION_ID,MENU_ID,COLUMN_NAME_JA,COLUMN_NAME_EN,COLUMN_NAME_REST,COL_GROUP_ID,COLUMN_CLASS,COLUMN_DISP_SEQ,REF_TABLE_NAME,REF_PKEY_NAME,REF_COL_NAME,REF_SORT_CONDITIONS,REF_MULTI_LANG,SENSITIVE_COL_NAME,FILE_UPLOAD_PLACE,COL_NAME,SAVE_TYPE,AUTO_INPUT,INPUT_ITEM,VIEW_ITEM,UNIQUE_ITEM,REQUIRED_ITEM,AUTOREG_HIDE_ITEM,AUTOREG_ONLY_ITEM,INITIAL_VALUE,VALIDATE_OPTION,BEFORE_VALIDATE_REGISTER,AFTER_VALIDATE_REGISTER,DESCRIPTION_JA,DESCRIPTION_EN,NOTE,DISUSE_FLAG,LAST_UPDATE_TIMESTAMP,LAST_UPDATE_USER) VALUES(2041306,_____DATE_____,'INSERT','2041306','20413','呼出元Conductor','Caller conductor','caller_conductor',NULL,'1',60,NULL,NULL,NULL,NULL,'0',NULL,NULL,'CONDUCTOR_NAME',NULL,'0','1','1','0','0','0','0',NULL,'{
"min_length": 0,
"max_length": 255
}',NULL,NULL,'[元データ]Conductorクラス一覧','[Original data] Conductor class list',NULL,'0',_____DATE_____,1);
INSERT INTO T_COMN_MENU_COLUMN_LINK (COLUMN_DEFINITION_ID,MENU_ID,COLUMN_NAME_JA,COLUMN_NAME_EN,COLUMN_NAME_REST,COL_GROUP_ID,COLUMN_CLASS,COLUMN_DISP_SEQ,REF_TABLE_NAME,REF_PKEY_NAME,REF_COL_NAME,REF_SORT_CONDITIONS,REF_MULTI_LANG,SENSITIVE_COL_NAME,FILE_UPLOAD_PLACE,COL_NAME,SAVE_TYPE,AUTO_INPUT,INPUT_ITEM,VIEW_ITEM,UNIQUE_ITEM,REQUIRED_ITEM,AUTOREG_HIDE_ITEM,AUTOREG_ONLY_ITEM,INITIAL_VALUE,VALIDATE_OPTION,BEFORE_VALIDATE_REGISTER,AFTER_VALIDATE_REGISTER,DESCRIPTION_JA,DESCRIPTION_EN,NOTE,DISUSE_FLAG,LAST_UPDATE_TIMESTAMP,LAST_UPDATE_USER) VALUES('2041307','20413','実行ユーザ','Execution user','execution_user',NULL,'1',70,NULL,NULL,NULL,NULL,'0',NULL,NULL,'EXECUTION_USER',NULL,'0','1','1','0','0','0','0',NULL,'{
"min_length": 0,
"max_length": 255
}',NULL,NULL,'[元データ]ユーザ管理','[Original data] User list',NULL,'0',_____DATE_____,1);
INSERT INTO T_COMN_MENU_COLUMN_LINK_JNL (JOURNAL_SEQ_NO,JOURNAL_REG_DATETIME,JOURNAL_ACTION_CLASS,COLUMN_DEFINITION_ID,MENU_ID,COLUMN_NAME_JA,COLUMN_NAME_EN,COLUMN_NAME_REST,COL_GROUP_ID,COLUMN_CLASS,COLUMN_DISP_SEQ,REF_TABLE_NAME,REF_PKEY_NAME,REF_COL_NAME,REF_SORT_CONDITIONS,REF_MULTI_LANG,SENSITIVE_COL_NAME,FILE_UPLOAD_PLACE,COL_NAME,SAVE_TYPE,AUTO_INPUT,INPUT_ITEM,VIEW_ITEM,UNIQUE_ITEM,REQUIRED_ITEM,AUTOREG_HIDE_ITEM,AUTOREG_ONLY_ITEM,INITIAL_VALUE,VALIDATE_OPTION,BEFORE_VALIDATE_REGISTER,AFTER_VALIDATE_REGISTER,DESCRIPTION_JA,DESCRIPTION_EN,NOTE,DISUSE_FLAG,LAST_UPDATE_TIMESTAMP,LAST_UPDATE_USER) VALUES(2041307,_____DATE_____,'INSERT','2041307','20413','実行ユーザ','Execution user','execution_user',NULL,'1',70,NULL,NULL,NULL,NULL,'0',NULL,NULL,'EXECUTION_USER',NULL,'0','1','1','0','0','0','0',NULL,'{
"min_length": 0,
"max_length": 255
}',NULL,NULL,'[元データ]ユーザ管理','[Original data] User list',NULL,'0',_____DATE_____,1);
INSERT INTO T_COMN_MENU_COLUMN_LINK (COLUMN_DEFINITION_ID,MENU_ID,COLUMN_NAME_JA,COLUMN_NAME_EN,COLUMN_NAME_REST,COL_GROUP_ID,COLUMN_CLASS,COLUMN_DISP_SEQ,REF_TABLE_NAME,REF_PKEY_NAME,REF_COL_NAME,REF_SORT_CONDITIONS,REF_MULTI_LANG,SENSITIVE_COL_NAME,FILE_UPLOAD_PLACE,COL_NAME,SAVE_TYPE,AUTO_INPUT,INPUT_ITEM,VIEW_ITEM,UNIQUE_ITEM,REQUIRED_ITEM,AUTOREG_HIDE_ITEM,AUTOREG_ONLY_ITEM,INITIAL_VALUE,VALIDATE_OPTION,BEFORE_VALIDATE_REGISTER,AFTER_VALIDATE_REGISTER,DESCRIPTION_JA,DESCRIPTION_EN,NOTE,DISUSE_FLAG,LAST_UPDATE_TIMESTAMP,LAST_UPDATE_USER) VALUES('2041308','20413','ID','ID','movement_id','2041301','1',80,NULL,NULL,NULL,NULL,'0',NULL,NULL,'MOVEMENT_ID',NULL,'0','1','1','0','0','0','0',NULL,'{
"min_length": 0,
"max_length": 40
}',NULL,NULL,'[元データ]Movement一覧','[Original data] Movement list',NULL,'0',_____DATE_____,1);
INSERT INTO T_COMN_MENU_COLUMN_LINK_JNL (JOURNAL_SEQ_NO,JOURNAL_REG_DATETIME,JOURNAL_ACTION_CLASS,COLUMN_DEFINITION_ID,MENU_ID,COLUMN_NAME_JA,COLUMN_NAME_EN,COLUMN_NAME_REST,COL_GROUP_ID,COLUMN_CLASS,COLUMN_DISP_SEQ,REF_TABLE_NAME,REF_PKEY_NAME,REF_COL_NAME,REF_SORT_CONDITIONS,REF_MULTI_LANG,SENSITIVE_COL_NAME,FILE_UPLOAD_PLACE,COL_NAME,SAVE_TYPE,AUTO_INPUT,INPUT_ITEM,VIEW_ITEM,UNIQUE_ITEM,REQUIRED_ITEM,AUTOREG_HIDE_ITEM,AUTOREG_ONLY_ITEM,INITIAL_VALUE,VALIDATE_OPTION,BEFORE_VALIDATE_REGISTER,AFTER_VALIDATE_REGISTER,DESCRIPTION_JA,DESCRIPTION_EN,NOTE,DISUSE_FLAG,LAST_UPDATE_TIMESTAMP,LAST_UPDATE_USER) VALUES(2041308,_____DATE_____,'INSERT','2041308','20413','ID','ID','movement_id','2041301','1',80,NULL,NULL,NULL,NULL,'0',NULL,NULL,'MOVEMENT_ID',NULL,'0','1','1','0','0','0','0',NULL,'{
"min_length": 0,
"max_length": 40
}',NULL,NULL,'[元データ]Movement一覧','[Original data] Movement list',NULL,'0',_____DATE_____,1);
INSERT INTO T_COMN_MENU_COLUMN_LINK (COLUMN_DEFINITION_ID,MENU_ID,COLUMN_NAME_JA,COLUMN_NAME_EN,COLUMN_NAME_REST,COL_GROUP_ID,COLUMN_CLASS,COLUMN_DISP_SEQ,REF_TABLE_NAME,REF_PKEY_NAME,REF_COL_NAME,REF_SORT_CONDITIONS,REF_MULTI_LANG,SENSITIVE_COL_NAME,FILE_UPLOAD_PLACE,COL_NAME,SAVE_TYPE,AUTO_INPUT,INPUT_ITEM,VIEW_ITEM,UNIQUE_ITEM,REQUIRED_ITEM,AUTOREG_HIDE_ITEM,AUTOREG_ONLY_ITEM,INITIAL_VALUE,VALIDATE_OPTION,BEFORE_VALIDATE_REGISTER,AFTER_VALIDATE_REGISTER,DESCRIPTION_JA,DESCRIPTION_EN,NOTE,DISUSE_FLAG,LAST_UPDATE_TIMESTAMP,LAST_UPDATE_USER) VALUES('2041309','20413','名称','Name','movement_name','2041301','1',90,NULL,NULL,NULL,NULL,'0',NULL,NULL,'I_MOVEMENT_NAME',NULL,'0','1','1','0','0','0','0',NULL,'{
"min_length": 0,
"max_length": 255
}',NULL,NULL,'[元データ]Movement一覧','[Original data] Movement list',NULL,'0',_____DATE_____,1);
INSERT INTO T_COMN_MENU_COLUMN_LINK_JNL (JOURNAL_SEQ_NO,JOURNAL_REG_DATETIME,JOURNAL_ACTION_CLASS,COLUMN_DEFINITION_ID,MENU_ID,COLUMN_NAME_JA,COLUMN_NAME_EN,COLUMN_NAME_REST,COL_GROUP_ID,COLUMN_CLASS,COLUMN_DISP_SEQ,REF_TABLE_NAME,REF_PKEY_NAME,REF_COL_NAME,REF_SORT_CONDITIONS,REF_MULTI_LANG,SENSITIVE_COL_NAME,FILE_UPLOAD_PLACE,COL_NAME,SAVE_TYPE,AUTO_INPUT,INPUT_ITEM,VIEW_ITEM,UNIQUE_ITEM,REQUIRED_ITEM,AUTOREG_HIDE_ITEM,AUTOREG_ONLY_ITEM,INITIAL_VALUE,VALIDATE_OPTION,BEFORE_VALIDATE_REGISTER,AFTER_VALIDATE_REGISTER,DESCRIPTION_JA,DESCRIPTION_EN,NOTE,DISUSE_FLAG,LAST_UPDATE_TIMESTAMP,LAST_UPDATE_USER) VALUES(2041309,_____DATE_____,'INSERT','2041309','20413','名称','Name','movement_name','2041301','1',90,NULL,NULL,NULL,NULL,'0',NULL,NULL,'I_MOVEMENT_NAME',NULL,'0','1','1','0','0','0','0',NULL,'{
"min_length": 0,
"max_length": 255
}',NULL,NULL,'[元データ]Movement一覧','[Original data] Movement list',NULL,'0',_____DATE_____,1);
INSERT INTO T_COMN_MENU_COLUMN_LINK (COLUMN_DEFINITION_ID,MENU_ID,COLUMN_NAME_JA,COLUMN_NAME_EN,COLUMN_NAME_REST,COL_GROUP_ID,COLUMN_CLASS,COLUMN_DISP_SEQ,REF_TABLE_NAME,REF_PKEY_NAME,REF_COL_NAME,REF_SORT_CONDITIONS,REF_MULTI_LANG,SENSITIVE_COL_NAME,FILE_UPLOAD_PLACE,COL_NAME,SAVE_TYPE,AUTO_INPUT,INPUT_ITEM,VIEW_ITEM,UNIQUE_ITEM,REQUIRED_ITEM,AUTOREG_HIDE_ITEM,AUTOREG_ONLY_ITEM,INITIAL_VALUE,VALIDATE_OPTION,BEFORE_VALIDATE_REGISTER,AFTER_VALIDATE_REGISTER,DESCRIPTION_JA,DESCRIPTION_EN,NOTE,DISUSE_FLAG,LAST_UPDATE_TIMESTAMP,LAST_UPDATE_USER) VALUES('2041310','20413','遅延タイマー','Delay timer','delay_timer','2041301','3',100,NULL,NULL,NULL,NULL,'0',NULL,NULL,'I_TIME_LIMIT',NULL,'0','1','1','0','0','0','0',NULL,'{
"int_min": 0,
"int_max": 4294967296
}',NULL,NULL,'[元データ]Movement一覧','[Original data] Movement list',NULL,'0',_____DATE_____,1);
INSERT INTO T_COMN_MENU_COLUMN_LINK_JNL (JOURNAL_SEQ_NO,JOURNAL_REG_DATETIME,JOURNAL_ACTION_CLASS,COLUMN_DEFINITION_ID,MENU_ID,COLUMN_NAME_JA,COLUMN_NAME_EN,COLUMN_NAME_REST,COL_GROUP_ID,COLUMN_CLASS,COLUMN_DISP_SEQ,REF_TABLE_NAME,REF_PKEY_NAME,REF_COL_NAME,REF_SORT_CONDITIONS,REF_MULTI_LANG,SENSITIVE_COL_NAME,FILE_UPLOAD_PLACE,COL_NAME,SAVE_TYPE,AUTO_INPUT,INPUT_ITEM,VIEW_ITEM,UNIQUE_ITEM,REQUIRED_ITEM,AUTOREG_HIDE_ITEM,AUTOREG_ONLY_ITEM,INITIAL_VALUE,VALIDATE_OPTION,BEFORE_VALIDATE_REGISTER,AFTER_VALIDATE_REGISTER,DESCRIPTION_JA,DESCRIPTION_EN,NOTE,DISUSE_FLAG,LAST_UPDATE_TIMESTAMP,LAST_UPDATE_USER) VALUES(2041310,_____DATE_____,'INSERT','2041310','20413','遅延タイマー','Delay timer','delay_timer','2041301','3',100,NULL,NULL,NULL,NULL,'0',NULL,NULL,'I_TIME_LIMIT',NULL,'0','1','1','0','0','0','0',NULL,'{
"int_min": 0,
"int_max": 4294967296
}',NULL,NULL,'[元データ]Movement一覧','[Original data] Movement list',NULL,'0',_____DATE_____,1);
INSERT INTO T_COMN_MENU_COLUMN_LINK (COLUMN_DEFINITION_ID,MENU_ID,COLUMN_NAME_JA,COLUMN_NAME_EN,COLUMN_NAME_REST,COL_GROUP_ID,COLUMN_CLASS,COLUMN_DISP_SEQ,REF_TABLE_NAME,REF_PKEY_NAME,REF_COL_NAME,REF_SORT_CONDITIONS,REF_MULTI_LANG,SENSITIVE_COL_NAME,FILE_UPLOAD_PLACE,COL_NAME,SAVE_TYPE,AUTO_INPUT,INPUT_ITEM,VIEW_ITEM,UNIQUE_ITEM,REQUIRED_ITEM,AUTOREG_HIDE_ITEM,AUTOREG_ONLY_ITEM,INITIAL_VALUE,VALIDATE_OPTION,BEFORE_VALIDATE_REGISTER,AFTER_VALIDATE_REGISTER,DESCRIPTION_JA,DESCRIPTION_EN,NOTE,DISUSE_FLAG,LAST_UPDATE_TIMESTAMP,LAST_UPDATE_USER) VALUES('2041311','20413','ホスト指定形式','Host specific format','host_specific_format','2041302','7',110,'T_COMN_HOST_DESIGNATE_TYPE','HOST_DESIGNATE_TYPE_ID','HOST_DESIGNATE_TYPE_NAME',NULL,'1',NULL,NULL,'I_ANS_HOST_DESIGNATE_TYPE_ID',NULL,'0','1','1','0','0','0','0',NULL,NULL,NULL,NULL,'[元データ]Movement一覧','[Original data] Movement list',NULL,'0',_____DATE_____,1);
INSERT INTO T_COMN_MENU_COLUMN_LINK_JNL (JOURNAL_SEQ_NO,JOURNAL_REG_DATETIME,JOURNAL_ACTION_CLASS,COLUMN_DEFINITION_ID,MENU_ID,COLUMN_NAME_JA,COLUMN_NAME_EN,COLUMN_NAME_REST,COL_GROUP_ID,COLUMN_CLASS,COLUMN_DISP_SEQ,REF_TABLE_NAME,REF_PKEY_NAME,REF_COL_NAME,REF_SORT_CONDITIONS,REF_MULTI_LANG,SENSITIVE_COL_NAME,FILE_UPLOAD_PLACE,COL_NAME,SAVE_TYPE,AUTO_INPUT,INPUT_ITEM,VIEW_ITEM,UNIQUE_ITEM,REQUIRED_ITEM,AUTOREG_HIDE_ITEM,AUTOREG_ONLY_ITEM,INITIAL_VALUE,VALIDATE_OPTION,BEFORE_VALIDATE_REGISTER,AFTER_VALIDATE_REGISTER,DESCRIPTION_JA,DESCRIPTION_EN,NOTE,DISUSE_FLAG,LAST_UPDATE_TIMESTAMP,LAST_UPDATE_USER) VALUES(2041311,_____DATE_____,'INSERT','2041311','20413','ホスト指定形式','Host specific format','host_specific_format','2041302','7',110,'T_COMN_HOST_DESIGNATE_TYPE','HOST_DESIGNATE_TYPE_ID','HOST_DESIGNATE_TYPE_NAME',NULL,'1',NULL,NULL,'I_ANS_HOST_DESIGNATE_TYPE_ID',NULL,'0','1','1','0','0','0','0',NULL,NULL,NULL,NULL,'[元データ]Movement一覧','[Original data] Movement list',NULL,'0',_____DATE_____,1);
INSERT INTO T_COMN_MENU_COLUMN_LINK (COLUMN_DEFINITION_ID,MENU_ID,COLUMN_NAME_JA,COLUMN_NAME_EN,COLUMN_NAME_REST,COL_GROUP_ID,COLUMN_CLASS,COLUMN_DISP_SEQ,REF_TABLE_NAME,REF_PKEY_NAME,REF_COL_NAME,REF_SORT_CONDITIONS,REF_MULTI_LANG,SENSITIVE_COL_NAME,FILE_UPLOAD_PLACE,COL_NAME,SAVE_TYPE,AUTO_INPUT,INPUT_ITEM,VIEW_ITEM,UNIQUE_ITEM,REQUIRED_ITEM,AUTOREG_HIDE_ITEM,AUTOREG_ONLY_ITEM,INITIAL_VALUE,VALIDATE_OPTION,BEFORE_VALIDATE_REGISTER,AFTER_VALIDATE_REGISTER,DESCRIPTION_JA,DESCRIPTION_EN,NOTE,DISUSE_FLAG,LAST_UPDATE_TIMESTAMP,LAST_UPDATE_USER) VALUES('2041312','20413','並列実行数','Number of parallel executions','number_of_parallel_executions','2041302','3',120,NULL,NULL,NULL,NULL,'0',NULL,NULL,'I_ANS_PARALLEL_EXE',NULL,'0','1','1','0','0','0','0',NULL,'{
"int_min": 0,
"int_max": 4294967296
}',NULL,NULL,'NULLまたは正の整数','NULL or positive integer',NULL,'0',_____DATE_____,1);
INSERT INTO T_COMN_MENU_COLUMN_LINK_JNL (JOURNAL_SEQ_NO,JOURNAL_REG_DATETIME,JOURNAL_ACTION_CLASS,COLUMN_DEFINITION_ID,MENU_ID,COLUMN_NAME_JA,COLUMN_NAME_EN,COLUMN_NAME_REST,COL_GROUP_ID,COLUMN_CLASS,COLUMN_DISP_SEQ,REF_TABLE_NAME,REF_PKEY_NAME,REF_COL_NAME,REF_SORT_CONDITIONS,REF_MULTI_LANG,SENSITIVE_COL_NAME,FILE_UPLOAD_PLACE,COL_NAME,SAVE_TYPE,AUTO_INPUT,INPUT_ITEM,VIEW_ITEM,UNIQUE_ITEM,REQUIRED_ITEM,AUTOREG_HIDE_ITEM,AUTOREG_ONLY_ITEM,INITIAL_VALUE,VALIDATE_OPTION,BEFORE_VALIDATE_REGISTER,AFTER_VALIDATE_REGISTER,DESCRIPTION_JA,DESCRIPTION_EN,NOTE,DISUSE_FLAG,LAST_UPDATE_TIMESTAMP,LAST_UPDATE_USER) VALUES(2041312,_____DATE_____,'INSERT','2041312','20413','並列実行数','Number of parallel executions','number_of_parallel_executions','2041302','3',120,NULL,NULL,NULL,NULL,'0',NULL,NULL,'I_ANS_PARALLEL_EXE',NULL,'0','1','1','0','0','0','0',NULL,'{
"int_min": 0,
"int_max": 4294967296
}',NULL,NULL,'NULLまたは正の整数','NULL or positive integer',NULL,'0',_____DATE_____,1);
INSERT INTO T_COMN_MENU_COLUMN_LINK (COLUMN_DEFINITION_ID,MENU_ID,COLUMN_NAME_JA,COLUMN_NAME_EN,COLUMN_NAME_REST,COL_GROUP_ID,COLUMN_CLASS,COLUMN_DISP_SEQ,REF_TABLE_NAME,REF_PKEY_NAME,REF_COL_NAME,REF_SORT_CONDITIONS,REF_MULTI_LANG,SENSITIVE_COL_NAME,FILE_UPLOAD_PLACE,COL_NAME,SAVE_TYPE,AUTO_INPUT,INPUT_ITEM,VIEW_ITEM,UNIQUE_ITEM,REQUIRED_ITEM,AUTOREG_HIDE_ITEM,AUTOREG_ONLY_ITEM,INITIAL_VALUE,VALIDATE_OPTION,BEFORE_VALIDATE_REGISTER,AFTER_VALIDATE_REGISTER,DESCRIPTION_JA,DESCRIPTION_EN,NOTE,DISUSE_FLAG,LAST_UPDATE_TIMESTAMP,LAST_UPDATE_USER) VALUES('2041313','20413','WinRM接続','WinRM connection','winrm_connection','2041302','7',130,'T_COMN_BOOLEAN_FLAG','FLAG_ID','FLAG_NAME',NULL,'0',NULL,NULL,'I_ANS_WINRM_ID',NULL,'0','1','1','0','0','0','0',NULL,NULL,NULL,NULL,'[元データ]Movement一覧','[Original data] Movement list',NULL,'0',_____DATE_____,1);
INSERT INTO T_COMN_MENU_COLUMN_LINK_JNL (JOURNAL_SEQ_NO,JOURNAL_REG_DATETIME,JOURNAL_ACTION_CLASS,COLUMN_DEFINITION_ID,MENU_ID,COLUMN_NAME_JA,COLUMN_NAME_EN,COLUMN_NAME_REST,COL_GROUP_ID,COLUMN_CLASS,COLUMN_DISP_SEQ,REF_TABLE_NAME,REF_PKEY_NAME,REF_COL_NAME,REF_SORT_CONDITIONS,REF_MULTI_LANG,SENSITIVE_COL_NAME,FILE_UPLOAD_PLACE,COL_NAME,SAVE_TYPE,AUTO_INPUT,INPUT_ITEM,VIEW_ITEM,UNIQUE_ITEM,REQUIRED_ITEM,AUTOREG_HIDE_ITEM,AUTOREG_ONLY_ITEM,INITIAL_VALUE,VALIDATE_OPTION,BEFORE_VALIDATE_REGISTER,AFTER_VALIDATE_REGISTER,DESCRIPTION_JA,DESCRIPTION_EN,NOTE,DISUSE_FLAG,LAST_UPDATE_TIMESTAMP,LAST_UPDATE_USER) VALUES(2041313,_____DATE_____,'INSERT','2041313','20413','WinRM接続','WinRM connection','winrm_connection','2041302','7',130,'T_COMN_BOOLEAN_FLAG','FLAG_ID','FLAG_NAME',NULL,'0',NULL,NULL,'I_ANS_WINRM_ID',NULL,'0','1','1','0','0','0','0',NULL,NULL,NULL,NULL,'[元データ]Movement一覧','[Original data] Movement list',NULL,'0',_____DATE_____,1);
INSERT INTO T_COMN_MENU_COLUMN_LINK (COLUMN_DEFINITION_ID,MENU_ID,COLUMN_NAME_JA,COLUMN_NAME_EN,COLUMN_NAME_REST,COL_GROUP_ID,COLUMN_CLASS,COLUMN_DISP_SEQ,REF_TABLE_NAME,REF_PKEY_NAME,REF_COL_NAME,REF_SORT_CONDITIONS,REF_MULTI_LANG,SENSITIVE_COL_NAME,FILE_UPLOAD_PLACE,COL_NAME,SAVE_TYPE,AUTO_INPUT,INPUT_ITEM,VIEW_ITEM,UNIQUE_ITEM,REQUIRED_ITEM,AUTOREG_HIDE_ITEM,AUTOREG_ONLY_ITEM,INITIAL_VALUE,VALIDATE_OPTION,BEFORE_VALIDATE_REGISTER,AFTER_VALIDATE_REGISTER,DESCRIPTION_JA,DESCRIPTION_EN,NOTE,DISUSE_FLAG,LAST_UPDATE_TIMESTAMP,LAST_UPDATE_USER) VALUES('2041314','20413','ヘッダーセクション','Header section','header_section','2041302','2',140,NULL,NULL,NULL,NULL,'0',NULL,NULL,'I_ANS_PLAYBOOK_HED_DEF',NULL,'0','1','1','0','0','0','0',NULL,'{
"min_length": 0,
"max_length": 4000
}',NULL,NULL,'ITAが自動生成する親Playbookの先頭からtasksセクションまでのセクションを編集します。
未入力の場合は、以下を適用します。
Ansible:
  - hosts: all
    remote_user: \"{{ __loginuser__ }}\"
    gather_facts: no
    become: yes

Ansible Automation Controller:
  - hosts: all
    gather_facts: no
    become: yes
winrm接続の場合は「become: yes」は省略されます。','Edit the section from the top of the parent Playbook automatically generated by ITA is executed to the tasks section.
Setting value when not enter.
Ansible:
  - hosts: all
    remote_user: \'{{ __loginuser__ }}\'
    gather_facts: no
    become: yes

Ansible Automation Controller:
  - hosts: all
    gather_facts: no
    become: yes
become is omitted for winrm connection.',NULL,'0',_____DATE_____,1);
INSERT INTO T_COMN_MENU_COLUMN_LINK_JNL (JOURNAL_SEQ_NO,JOURNAL_REG_DATETIME,JOURNAL_ACTION_CLASS,COLUMN_DEFINITION_ID,MENU_ID,COLUMN_NAME_JA,COLUMN_NAME_EN,COLUMN_NAME_REST,COL_GROUP_ID,COLUMN_CLASS,COLUMN_DISP_SEQ,REF_TABLE_NAME,REF_PKEY_NAME,REF_COL_NAME,REF_SORT_CONDITIONS,REF_MULTI_LANG,SENSITIVE_COL_NAME,FILE_UPLOAD_PLACE,COL_NAME,SAVE_TYPE,AUTO_INPUT,INPUT_ITEM,VIEW_ITEM,UNIQUE_ITEM,REQUIRED_ITEM,AUTOREG_HIDE_ITEM,AUTOREG_ONLY_ITEM,INITIAL_VALUE,VALIDATE_OPTION,BEFORE_VALIDATE_REGISTER,AFTER_VALIDATE_REGISTER,DESCRIPTION_JA,DESCRIPTION_EN,NOTE,DISUSE_FLAG,LAST_UPDATE_TIMESTAMP,LAST_UPDATE_USER) VALUES(2041314,_____DATE_____,'INSERT','2041314','20413','ヘッダーセクション','Header section','header_section','2041302','2',140,NULL,NULL,NULL,NULL,'0',NULL,NULL,'I_ANS_PLAYBOOK_HED_DEF',NULL,'0','1','1','0','0','0','0',NULL,'{
"min_length": 0,
"max_length": 4000
}',NULL,NULL,'ITAが自動生成する親Playbookの先頭からtasksセクションまでのセクションを編集します。
未入力の場合は、以下を適用します。
Ansible:
  - hosts: all
    remote_user: \"{{ __loginuser__ }}\"
    gather_facts: no
    become: yes

Ansible Automation Controller:
  - hosts: all
    gather_facts: no
    become: yes
winrm接続の場合は「become: yes」は省略されます。','Edit the section from the top of the parent Playbook automatically generated by ITA is executed to the tasks section.
Setting value when not enter.
Ansible:
  - hosts: all
    remote_user: \'{{ __loginuser__ }}\'
    gather_facts: no
    become: yes

Ansible Automation Controller:
  - hosts: all
    gather_facts: no
    become: yes
become is omitted for winrm connection.',NULL,'0',_____DATE_____,1);
INSERT INTO T_COMN_MENU_COLUMN_LINK (COLUMN_DEFINITION_ID,MENU_ID,COLUMN_NAME_JA,COLUMN_NAME_EN,COLUMN_NAME_REST,COL_GROUP_ID,COLUMN_CLASS,COLUMN_DISP_SEQ,REF_TABLE_NAME,REF_PKEY_NAME,REF_COL_NAME,REF_SORT_CONDITIONS,REF_MULTI_LANG,SENSITIVE_COL_NAME,FILE_UPLOAD_PLACE,COL_NAME,SAVE_TYPE,AUTO_INPUT,INPUT_ITEM,VIEW_ITEM,UNIQUE_ITEM,REQUIRED_ITEM,AUTOREG_HIDE_ITEM,AUTOREG_ONLY_ITEM,INITIAL_VALUE,VALIDATE_OPTION,BEFORE_VALIDATE_REGISTER,AFTER_VALIDATE_REGISTER,DESCRIPTION_JA,DESCRIPTION_EN,NOTE,DISUSE_FLAG,LAST_UPDATE_TIMESTAMP,LAST_UPDATE_USER) VALUES('2041315','20413','virtualenv','virtualenv','ansible_core_virtualenv','2041303','1',150,NULL,NULL,NULL,NULL,'0',NULL,NULL,'I_ENGINE_VIRTUALENV_NAME',NULL,'0','1','1','0','0','0','0',NULL,'{
"min_length": 0,
"max_length": 255
}',NULL,NULL,'Ansibleサーバー内にvirtualenvで構築したansible実行環境で作業実行したい場合、virtualenvのフルパスを入力して下さい。
virtualenv環境が存在しなかったりvirtualenv環境内にansibleがインストールされていない場合、作業実行時に\"想定外エラー\"となります。
未入力の場合はansibleサーバーにインストールされているansibleで作業実行を行います。
[最大長 512バイト]','f you want to run operations in the ansible execution environment created with the ansible server\'s virtualenv, input the full path for virtualenv.
If the virtualenv environment doesnt exist or does not have ansible installed, the operation will end with the status \"Unexpected error\".
If nothing is input, the operation will be run with the ansible installed in the ansible server.
[Max length 512 bytes]',NULL,'0',_____DATE_____,1);
INSERT INTO T_COMN_MENU_COLUMN_LINK_JNL (JOURNAL_SEQ_NO,JOURNAL_REG_DATETIME,JOURNAL_ACTION_CLASS,COLUMN_DEFINITION_ID,MENU_ID,COLUMN_NAME_JA,COLUMN_NAME_EN,COLUMN_NAME_REST,COL_GROUP_ID,COLUMN_CLASS,COLUMN_DISP_SEQ,REF_TABLE_NAME,REF_PKEY_NAME,REF_COL_NAME,REF_SORT_CONDITIONS,REF_MULTI_LANG,SENSITIVE_COL_NAME,FILE_UPLOAD_PLACE,COL_NAME,SAVE_TYPE,AUTO_INPUT,INPUT_ITEM,VIEW_ITEM,UNIQUE_ITEM,REQUIRED_ITEM,AUTOREG_HIDE_ITEM,AUTOREG_ONLY_ITEM,INITIAL_VALUE,VALIDATE_OPTION,BEFORE_VALIDATE_REGISTER,AFTER_VALIDATE_REGISTER,DESCRIPTION_JA,DESCRIPTION_EN,NOTE,DISUSE_FLAG,LAST_UPDATE_TIMESTAMP,LAST_UPDATE_USER) VALUES(2041315,_____DATE_____,'INSERT','2041315','20413','virtualenv','virtualenv','ansible_core_virtualenv','2041303','1',150,NULL,NULL,NULL,NULL,'0',NULL,NULL,'I_ENGINE_VIRTUALENV_NAME',NULL,'0','1','1','0','0','0','0',NULL,'{
"min_length": 0,
"max_length": 255
}',NULL,NULL,'Ansibleサーバー内にvirtualenvで構築したansible実行環境で作業実行したい場合、virtualenvのフルパスを入力して下さい。
virtualenv環境が存在しなかったりvirtualenv環境内にansibleがインストールされていない場合、作業実行時に\"想定外エラー\"となります。
未入力の場合はansibleサーバーにインストールされているansibleで作業実行を行います。
[最大長 512バイト]','f you want to run operations in the ansible execution environment created with the ansible server\'s virtualenv, input the full path for virtualenv.
If the virtualenv environment doesnt exist or does not have ansible installed, the operation will end with the status \"Unexpected error\".
If nothing is input, the operation will be run with the ansible installed in the ansible server.
[Max length 512 bytes]',NULL,'0',_____DATE_____,1);
INSERT INTO T_COMN_MENU_COLUMN_LINK (COLUMN_DEFINITION_ID,MENU_ID,COLUMN_NAME_JA,COLUMN_NAME_EN,COLUMN_NAME_REST,COL_GROUP_ID,COLUMN_CLASS,COLUMN_DISP_SEQ,REF_TABLE_NAME,REF_PKEY_NAME,REF_COL_NAME,REF_SORT_CONDITIONS,REF_MULTI_LANG,SENSITIVE_COL_NAME,FILE_UPLOAD_PLACE,COL_NAME,SAVE_TYPE,AUTO_INPUT,INPUT_ITEM,VIEW_ITEM,UNIQUE_ITEM,REQUIRED_ITEM,AUTOREG_HIDE_ITEM,AUTOREG_ONLY_ITEM,INITIAL_VALUE,VALIDATE_OPTION,BEFORE_VALIDATE_REGISTER,AFTER_VALIDATE_REGISTER,DESCRIPTION_JA,DESCRIPTION_EN,NOTE,DISUSE_FLAG,LAST_UPDATE_TIMESTAMP,LAST_UPDATE_USER) VALUES('2041316','20413','virtualenv','virtualenv','ansible_tower_virtualenv','2041304','1',160,NULL,NULL,NULL,NULL,'0',NULL,NULL,'I_VIRTUALENV_NAME',NULL,'0','1','1','0','0','0','0',NULL,'{
"min_length": 0,
"max_length": 255
}',NULL,NULL,'Ansible Automation Controllerサーバの/var/lib/awx/venv配下にvirtualenvで構築したansible実行環境のフルパスが表示されています。
virtualenvで構築したansible実行環境で作業実行したい場合に、virtualenvのフルパスを選択して下さい。
未選択の場合はAnsible Automation Controllerインストール時にインストールされたansible環境で作業実行を行います。','This item displays the full path of the ansible execution environment constructed with the virtualenv within the Ansible Automation Controller server\'s /var/lib/awx/venv.
If you want to run operations in the ansible execution environment constructed with virtualenv, please select the full path for \"virtualenv\".
If nothing is selelcted, the ansible environment that was installed when installing Ansible Automation Controller will be used.',NULL,'0',_____DATE_____,1);
INSERT INTO T_COMN_MENU_COLUMN_LINK_JNL (JOURNAL_SEQ_NO,JOURNAL_REG_DATETIME,JOURNAL_ACTION_CLASS,COLUMN_DEFINITION_ID,MENU_ID,COLUMN_NAME_JA,COLUMN_NAME_EN,COLUMN_NAME_REST,COL_GROUP_ID,COLUMN_CLASS,COLUMN_DISP_SEQ,REF_TABLE_NAME,REF_PKEY_NAME,REF_COL_NAME,REF_SORT_CONDITIONS,REF_MULTI_LANG,SENSITIVE_COL_NAME,FILE_UPLOAD_PLACE,COL_NAME,SAVE_TYPE,AUTO_INPUT,INPUT_ITEM,VIEW_ITEM,UNIQUE_ITEM,REQUIRED_ITEM,AUTOREG_HIDE_ITEM,AUTOREG_ONLY_ITEM,INITIAL_VALUE,VALIDATE_OPTION,BEFORE_VALIDATE_REGISTER,AFTER_VALIDATE_REGISTER,DESCRIPTION_JA,DESCRIPTION_EN,NOTE,DISUSE_FLAG,LAST_UPDATE_TIMESTAMP,LAST_UPDATE_USER) VALUES(2041316,_____DATE_____,'INSERT','2041316','20413','virtualenv','virtualenv','ansible_tower_virtualenv','2041304','1',160,NULL,NULL,NULL,NULL,'0',NULL,NULL,'I_VIRTUALENV_NAME',NULL,'0','1','1','0','0','0','0',NULL,'{
"min_length": 0,
"max_length": 255
}',NULL,NULL,'Ansible Automation Controllerサーバの/var/lib/awx/venv配下にvirtualenvで構築したansible実行環境のフルパスが表示されています。
virtualenvで構築したansible実行環境で作業実行したい場合に、virtualenvのフルパスを選択して下さい。
未選択の場合はAnsible Automation Controllerインストール時にインストールされたansible環境で作業実行を行います。','This item displays the full path of the ansible execution environment constructed with the virtualenv within the Ansible Automation Controller server\'s /var/lib/awx/venv.
If you want to run operations in the ansible execution environment constructed with virtualenv, please select the full path for \"virtualenv\".
If nothing is selelcted, the ansible environment that was installed when installing Ansible Automation Controller will be used.',NULL,'0',_____DATE_____,1);
INSERT INTO T_COMN_MENU_COLUMN_LINK (COLUMN_DEFINITION_ID,MENU_ID,COLUMN_NAME_JA,COLUMN_NAME_EN,COLUMN_NAME_REST,COL_GROUP_ID,COLUMN_CLASS,COLUMN_DISP_SEQ,REF_TABLE_NAME,REF_PKEY_NAME,REF_COL_NAME,REF_SORT_CONDITIONS,REF_MULTI_LANG,SENSITIVE_COL_NAME,FILE_UPLOAD_PLACE,COL_NAME,SAVE_TYPE,AUTO_INPUT,INPUT_ITEM,VIEW_ITEM,UNIQUE_ITEM,REQUIRED_ITEM,AUTOREG_HIDE_ITEM,AUTOREG_ONLY_ITEM,INITIAL_VALUE,VALIDATE_OPTION,BEFORE_VALIDATE_REGISTER,AFTER_VALIDATE_REGISTER,DESCRIPTION_JA,DESCRIPTION_EN,NOTE,DISUSE_FLAG,LAST_UPDATE_TIMESTAMP,LAST_UPDATE_USER) VALUES('2041317','20413','実行環境','Execution environment','execution_environment','2041305','1',170,NULL,NULL,NULL,NULL,'0',NULL,NULL,'I_EXECUTION_ENVIRONMENT_NAME',NULL,'0','1','1','0','0','0','0',NULL,'{
"min_length": 0,
"max_length": 255
}',NULL,NULL,'Ansible Automation Controllerサーバに構築されている実行環境が表示されています。
作業実行する実行環境を選択して下さい。
未選択の場合は、デフォルト「Default execution environment」が使用されます。','Displays the Execution environments constructed in the Ansible Automation Controller server.
Please select the Execution environment you want to operate.
If nothing is selected, \"Default execution environment\" will be selected by default.',NULL,'0',_____DATE_____,1);
INSERT INTO T_COMN_MENU_COLUMN_LINK_JNL (JOURNAL_SEQ_NO,JOURNAL_REG_DATETIME,JOURNAL_ACTION_CLASS,COLUMN_DEFINITION_ID,MENU_ID,COLUMN_NAME_JA,COLUMN_NAME_EN,COLUMN_NAME_REST,COL_GROUP_ID,COLUMN_CLASS,COLUMN_DISP_SEQ,REF_TABLE_NAME,REF_PKEY_NAME,REF_COL_NAME,REF_SORT_CONDITIONS,REF_MULTI_LANG,SENSITIVE_COL_NAME,FILE_UPLOAD_PLACE,COL_NAME,SAVE_TYPE,AUTO_INPUT,INPUT_ITEM,VIEW_ITEM,UNIQUE_ITEM,REQUIRED_ITEM,AUTOREG_HIDE_ITEM,AUTOREG_ONLY_ITEM,INITIAL_VALUE,VALIDATE_OPTION,BEFORE_VALIDATE_REGISTER,AFTER_VALIDATE_REGISTER,DESCRIPTION_JA,DESCRIPTION_EN,NOTE,DISUSE_FLAG,LAST_UPDATE_TIMESTAMP,LAST_UPDATE_USER) VALUES(2041317,_____DATE_____,'INSERT','2041317','20413','実行環境','Execution environment','execution_environment','2041305','1',170,NULL,NULL,NULL,NULL,'0',NULL,NULL,'I_EXECUTION_ENVIRONMENT_NAME',NULL,'0','1','1','0','0','0','0',NULL,'{
"min_length": 0,
"max_length": 255
}',NULL,NULL,'Ansible Automation Controllerサーバに構築されている実行環境が表示されています。
作業実行する実行環境を選択して下さい。
未選択の場合は、デフォルト「Default execution environment」が使用されます。','Displays the Execution environments constructed in the Ansible Automation Controller server.
Please select the Execution environment you want to operate.
If nothing is selected, \"Default execution environment\" will be selected by default.',NULL,'0',_____DATE_____,1);
INSERT INTO T_COMN_MENU_COLUMN_LINK (COLUMN_DEFINITION_ID,MENU_ID,COLUMN_NAME_JA,COLUMN_NAME_EN,COLUMN_NAME_REST,COL_GROUP_ID,COLUMN_CLASS,COLUMN_DISP_SEQ,REF_TABLE_NAME,REF_PKEY_NAME,REF_COL_NAME,REF_SORT_CONDITIONS,REF_MULTI_LANG,SENSITIVE_COL_NAME,FILE_UPLOAD_PLACE,COL_NAME,SAVE_TYPE,AUTO_INPUT,INPUT_ITEM,VIEW_ITEM,UNIQUE_ITEM,REQUIRED_ITEM,AUTOREG_HIDE_ITEM,AUTOREG_ONLY_ITEM,INITIAL_VALUE,VALIDATE_OPTION,BEFORE_VALIDATE_REGISTER,AFTER_VALIDATE_REGISTER,DESCRIPTION_JA,DESCRIPTION_EN,NOTE,DISUSE_FLAG,LAST_UPDATE_TIMESTAMP,LAST_UPDATE_USER) VALUES('2041318','20413','ansible.cfg','ansible.cfg','ansible_cfg','2041301','9',180,NULL,NULL,NULL,NULL,'0',NULL,NULL,'I_ANSIBLE_CONFIG_FILE',NULL,'0','1','1','0','0','0','0',NULL,'{
"upload_max_size": 4294967296
}',NULL,NULL,'作業実行時に使用するansible.cfgをアップロードします。
未アップロードの場合は、デフォルトが使用されます。
また、ロールパッケージ管理でアップロードされているzipファイルにansible.cfgが含まれている場合は、アップロードしたansible.cfgで上書きされます。','Uploads the ansible.cfg file.
If the file hasn\'t been uploaded, the default value will be used.
If a zip file containing ansible.cfg is uploaded to the role package list, the uploaded ansible.cfg will be overwritten.',NULL,'0',_____DATE_____,1);
INSERT INTO T_COMN_MENU_COLUMN_LINK_JNL (JOURNAL_SEQ_NO,JOURNAL_REG_DATETIME,JOURNAL_ACTION_CLASS,COLUMN_DEFINITION_ID,MENU_ID,COLUMN_NAME_JA,COLUMN_NAME_EN,COLUMN_NAME_REST,COL_GROUP_ID,COLUMN_CLASS,COLUMN_DISP_SEQ,REF_TABLE_NAME,REF_PKEY_NAME,REF_COL_NAME,REF_SORT_CONDITIONS,REF_MULTI_LANG,SENSITIVE_COL_NAME,FILE_UPLOAD_PLACE,COL_NAME,SAVE_TYPE,AUTO_INPUT,INPUT_ITEM,VIEW_ITEM,UNIQUE_ITEM,REQUIRED_ITEM,AUTOREG_HIDE_ITEM,AUTOREG_ONLY_ITEM,INITIAL_VALUE,VALIDATE_OPTION,BEFORE_VALIDATE_REGISTER,AFTER_VALIDATE_REGISTER,DESCRIPTION_JA,DESCRIPTION_EN,NOTE,DISUSE_FLAG,LAST_UPDATE_TIMESTAMP,LAST_UPDATE_USER) VALUES(2041318,_____DATE_____,'INSERT','2041318','20413','ansible.cfg','ansible.cfg','ansible_cfg','2041301','9',180,NULL,NULL,NULL,NULL,'0',NULL,NULL,'I_ANSIBLE_CONFIG_FILE',NULL,'0','1','1','0','0','0','0',NULL,'{
"upload_max_size": 4294967296
}',NULL,NULL,'作業実行時に使用するansible.cfgをアップロードします。
未アップロードの場合は、デフォルトが使用されます。
また、ロールパッケージ管理でアップロードされているzipファイルにansible.cfgが含まれている場合は、アップロードしたansible.cfgで上書きされます。','Uploads the ansible.cfg file.
If the file hasn\'t been uploaded, the default value will be used.
If a zip file containing ansible.cfg is uploaded to the role package list, the uploaded ansible.cfg will be overwritten.',NULL,'0',_____DATE_____,1);
INSERT INTO T_COMN_MENU_COLUMN_LINK (COLUMN_DEFINITION_ID,MENU_ID,COLUMN_NAME_JA,COLUMN_NAME_EN,COLUMN_NAME_REST,COL_GROUP_ID,COLUMN_CLASS,COLUMN_DISP_SEQ,REF_TABLE_NAME,REF_PKEY_NAME,REF_COL_NAME,REF_SORT_CONDITIONS,REF_MULTI_LANG,SENSITIVE_COL_NAME,FILE_UPLOAD_PLACE,COL_NAME,SAVE_TYPE,AUTO_INPUT,INPUT_ITEM,VIEW_ITEM,UNIQUE_ITEM,REQUIRED_ITEM,AUTOREG_HIDE_ITEM,AUTOREG_ONLY_ITEM,INITIAL_VALUE,VALIDATE_OPTION,BEFORE_VALIDATE_REGISTER,AFTER_VALIDATE_REGISTER,DESCRIPTION_JA,DESCRIPTION_EN,NOTE,DISUSE_FLAG,LAST_UPDATE_TIMESTAMP,LAST_UPDATE_USER) VALUES('2041319','20413','No.','No.','operation_no','2041306','1',190,NULL,NULL,NULL,NULL,'0',NULL,NULL,'OPERATION_NO_UAPK',NULL,'0','1','1','0','0','0','0',NULL,'{
"min_length": 0,
"max_length": 40
}',NULL,NULL,'[元データ]オペレーション一覧','[Original data] Operation list',NULL,'0',_____DATE_____,1);
INSERT INTO T_COMN_MENU_COLUMN_LINK_JNL (JOURNAL_SEQ_NO,JOURNAL_REG_DATETIME,JOURNAL_ACTION_CLASS,COLUMN_DEFINITION_ID,MENU_ID,COLUMN_NAME_JA,COLUMN_NAME_EN,COLUMN_NAME_REST,COL_GROUP_ID,COLUMN_CLASS,COLUMN_DISP_SEQ,REF_TABLE_NAME,REF_PKEY_NAME,REF_COL_NAME,REF_SORT_CONDITIONS,REF_MULTI_LANG,SENSITIVE_COL_NAME,FILE_UPLOAD_PLACE,COL_NAME,SAVE_TYPE,AUTO_INPUT,INPUT_ITEM,VIEW_ITEM,UNIQUE_ITEM,REQUIRED_ITEM,AUTOREG_HIDE_ITEM,AUTOREG_ONLY_ITEM,INITIAL_VALUE,VALIDATE_OPTION,BEFORE_VALIDATE_REGISTER,AFTER_VALIDATE_REGISTER,DESCRIPTION_JA,DESCRIPTION_EN,NOTE,DISUSE_FLAG,LAST_UPDATE_TIMESTAMP,LAST_UPDATE_USER) VALUES(2041319,_____DATE_____,'INSERT','2041319','20413','No.','No.','operation_no','2041306','1',190,NULL,NULL,NULL,NULL,'0',NULL,NULL,'OPERATION_NO_UAPK',NULL,'0','1','1','0','0','0','0',NULL,'{
"min_length": 0,
"max_length": 40
}',NULL,NULL,'[元データ]オペレーション一覧','[Original data] Operation list',NULL,'0',_____DATE_____,1);
INSERT INTO T_COMN_MENU_COLUMN_LINK (COLUMN_DEFINITION_ID,MENU_ID,COLUMN_NAME_JA,COLUMN_NAME_EN,COLUMN_NAME_REST,COL_GROUP_ID,COLUMN_CLASS,COLUMN_DISP_SEQ,REF_TABLE_NAME,REF_PKEY_NAME,REF_COL_NAME,REF_SORT_CONDITIONS,REF_MULTI_LANG,SENSITIVE_COL_NAME,FILE_UPLOAD_PLACE,COL_NAME,SAVE_TYPE,AUTO_INPUT,INPUT_ITEM,VIEW_ITEM,UNIQUE_ITEM,REQUIRED_ITEM,AUTOREG_HIDE_ITEM,AUTOREG_ONLY_ITEM,INITIAL_VALUE,VALIDATE_OPTION,BEFORE_VALIDATE_REGISTER,AFTER_VALIDATE_REGISTER,DESCRIPTION_JA,DESCRIPTION_EN,NOTE,DISUSE_FLAG,LAST_UPDATE_TIMESTAMP,LAST_UPDATE_USER) VALUES('2041320','20413','名称','Name','operation_name','2041306','1',200,NULL,NULL,NULL,NULL,'0',NULL,NULL,'I_OPERATION_NAME',NULL,'0','1','1','0','0','0','0',NULL,'0～255',NULL,NULL,'[元データ]オペレーション一覧','[Original data] Operation list',NULL,'0',_____DATE_____,1);
INSERT INTO T_COMN_MENU_COLUMN_LINK_JNL (JOURNAL_SEQ_NO,JOURNAL_REG_DATETIME,JOURNAL_ACTION_CLASS,COLUMN_DEFINITION_ID,MENU_ID,COLUMN_NAME_JA,COLUMN_NAME_EN,COLUMN_NAME_REST,COL_GROUP_ID,COLUMN_CLASS,COLUMN_DISP_SEQ,REF_TABLE_NAME,REF_PKEY_NAME,REF_COL_NAME,REF_SORT_CONDITIONS,REF_MULTI_LANG,SENSITIVE_COL_NAME,FILE_UPLOAD_PLACE,COL_NAME,SAVE_TYPE,AUTO_INPUT,INPUT_ITEM,VIEW_ITEM,UNIQUE_ITEM,REQUIRED_ITEM,AUTOREG_HIDE_ITEM,AUTOREG_ONLY_ITEM,INITIAL_VALUE,VALIDATE_OPTION,BEFORE_VALIDATE_REGISTER,AFTER_VALIDATE_REGISTER,DESCRIPTION_JA,DESCRIPTION_EN,NOTE,DISUSE_FLAG,LAST_UPDATE_TIMESTAMP,LAST_UPDATE_USER) VALUES(2041320,_____DATE_____,'INSERT','2041320','20413','名称','Name','operation_name','2041306','1',200,NULL,NULL,NULL,NULL,'0',NULL,NULL,'I_OPERATION_NAME',NULL,'0','1','1','0','0','0','0',NULL,'0～255',NULL,NULL,'[元データ]オペレーション一覧','[Original data] Operation list',NULL,'0',_____DATE_____,1);
INSERT INTO T_COMN_MENU_COLUMN_LINK (COLUMN_DEFINITION_ID,MENU_ID,COLUMN_NAME_JA,COLUMN_NAME_EN,COLUMN_NAME_REST,COL_GROUP_ID,COLUMN_CLASS,COLUMN_DISP_SEQ,REF_TABLE_NAME,REF_PKEY_NAME,REF_COL_NAME,REF_SORT_CONDITIONS,REF_MULTI_LANG,SENSITIVE_COL_NAME,FILE_UPLOAD_PLACE,COL_NAME,SAVE_TYPE,AUTO_INPUT,INPUT_ITEM,VIEW_ITEM,UNIQUE_ITEM,REQUIRED_ITEM,AUTOREG_HIDE_ITEM,AUTOREG_ONLY_ITEM,INITIAL_VALUE,VALIDATE_OPTION,BEFORE_VALIDATE_REGISTER,AFTER_VALIDATE_REGISTER,DESCRIPTION_JA,DESCRIPTION_EN,NOTE,DISUSE_FLAG,LAST_UPDATE_TIMESTAMP,LAST_UPDATE_USER) VALUES('2041321','20413','ID','ID','operation_id','2041306','1',210,NULL,NULL,NULL,NULL,'0',NULL,NULL,'I_OPERATION_NO_IDBH',NULL,'0','1','1','0','0','0','0',NULL,'{
"min_length": 0,
"max_length": 40
}',NULL,NULL,'[元データ]オペレーション一覧','[Original data] Operation list',NULL,'0',_____DATE_____,1);
INSERT INTO T_COMN_MENU_COLUMN_LINK_JNL (JOURNAL_SEQ_NO,JOURNAL_REG_DATETIME,JOURNAL_ACTION_CLASS,COLUMN_DEFINITION_ID,MENU_ID,COLUMN_NAME_JA,COLUMN_NAME_EN,COLUMN_NAME_REST,COL_GROUP_ID,COLUMN_CLASS,COLUMN_DISP_SEQ,REF_TABLE_NAME,REF_PKEY_NAME,REF_COL_NAME,REF_SORT_CONDITIONS,REF_MULTI_LANG,SENSITIVE_COL_NAME,FILE_UPLOAD_PLACE,COL_NAME,SAVE_TYPE,AUTO_INPUT,INPUT_ITEM,VIEW_ITEM,UNIQUE_ITEM,REQUIRED_ITEM,AUTOREG_HIDE_ITEM,AUTOREG_ONLY_ITEM,INITIAL_VALUE,VALIDATE_OPTION,BEFORE_VALIDATE_REGISTER,AFTER_VALIDATE_REGISTER,DESCRIPTION_JA,DESCRIPTION_EN,NOTE,DISUSE_FLAG,LAST_UPDATE_TIMESTAMP,LAST_UPDATE_USER) VALUES(2041321,_____DATE_____,'INSERT','2041321','20413','ID','ID','operation_id','2041306','1',210,NULL,NULL,NULL,NULL,'0',NULL,NULL,'I_OPERATION_NO_IDBH',NULL,'0','1','1','0','0','0','0',NULL,'{
"min_length": 0,
"max_length": 40
}',NULL,NULL,'[元データ]オペレーション一覧','[Original data] Operation list',NULL,'0',_____DATE_____,1);
INSERT INTO T_COMN_MENU_COLUMN_LINK (COLUMN_DEFINITION_ID,MENU_ID,COLUMN_NAME_JA,COLUMN_NAME_EN,COLUMN_NAME_REST,COL_GROUP_ID,COLUMN_CLASS,COLUMN_DISP_SEQ,REF_TABLE_NAME,REF_PKEY_NAME,REF_COL_NAME,REF_SORT_CONDITIONS,REF_MULTI_LANG,SENSITIVE_COL_NAME,FILE_UPLOAD_PLACE,COL_NAME,SAVE_TYPE,AUTO_INPUT,INPUT_ITEM,VIEW_ITEM,UNIQUE_ITEM,REQUIRED_ITEM,AUTOREG_HIDE_ITEM,AUTOREG_ONLY_ITEM,INITIAL_VALUE,VALIDATE_OPTION,BEFORE_VALIDATE_REGISTER,AFTER_VALIDATE_REGISTER,DESCRIPTION_JA,DESCRIPTION_EN,NOTE,DISUSE_FLAG,LAST_UPDATE_TIMESTAMP,LAST_UPDATE_USER) VALUES('2041322','20413','投入データ','Populated data','populated_data','2041307','9',220,NULL,NULL,NULL,NULL,'0',NULL,NULL,'FILE_INPUT',NULL,'0','1','1','0','0','0','0',NULL,'{
"upload_max_size": 4294967296
}',NULL,NULL,'投入データ一式(zip)です。','Populated data set (zip).',NULL,'0',_____DATE_____,1);
INSERT INTO T_COMN_MENU_COLUMN_LINK_JNL (JOURNAL_SEQ_NO,JOURNAL_REG_DATETIME,JOURNAL_ACTION_CLASS,COLUMN_DEFINITION_ID,MENU_ID,COLUMN_NAME_JA,COLUMN_NAME_EN,COLUMN_NAME_REST,COL_GROUP_ID,COLUMN_CLASS,COLUMN_DISP_SEQ,REF_TABLE_NAME,REF_PKEY_NAME,REF_COL_NAME,REF_SORT_CONDITIONS,REF_MULTI_LANG,SENSITIVE_COL_NAME,FILE_UPLOAD_PLACE,COL_NAME,SAVE_TYPE,AUTO_INPUT,INPUT_ITEM,VIEW_ITEM,UNIQUE_ITEM,REQUIRED_ITEM,AUTOREG_HIDE_ITEM,AUTOREG_ONLY_ITEM,INITIAL_VALUE,VALIDATE_OPTION,BEFORE_VALIDATE_REGISTER,AFTER_VALIDATE_REGISTER,DESCRIPTION_JA,DESCRIPTION_EN,NOTE,DISUSE_FLAG,LAST_UPDATE_TIMESTAMP,LAST_UPDATE_USER) VALUES(2041322,_____DATE_____,'INSERT','2041322','20413','投入データ','Populated data','populated_data','2041307','9',220,NULL,NULL,NULL,NULL,'0',NULL,NULL,'FILE_INPUT',NULL,'0','1','1','0','0','0','0',NULL,'{
"upload_max_size": 4294967296
}',NULL,NULL,'投入データ一式(zip)です。','Populated data set (zip).',NULL,'0',_____DATE_____,1);
INSERT INTO T_COMN_MENU_COLUMN_LINK (COLUMN_DEFINITION_ID,MENU_ID,COLUMN_NAME_JA,COLUMN_NAME_EN,COLUMN_NAME_REST,COL_GROUP_ID,COLUMN_CLASS,COLUMN_DISP_SEQ,REF_TABLE_NAME,REF_PKEY_NAME,REF_COL_NAME,REF_SORT_CONDITIONS,REF_MULTI_LANG,SENSITIVE_COL_NAME,FILE_UPLOAD_PLACE,COL_NAME,SAVE_TYPE,AUTO_INPUT,INPUT_ITEM,VIEW_ITEM,UNIQUE_ITEM,REQUIRED_ITEM,AUTOREG_HIDE_ITEM,AUTOREG_ONLY_ITEM,INITIAL_VALUE,VALIDATE_OPTION,BEFORE_VALIDATE_REGISTER,AFTER_VALIDATE_REGISTER,DESCRIPTION_JA,DESCRIPTION_EN,NOTE,DISUSE_FLAG,LAST_UPDATE_TIMESTAMP,LAST_UPDATE_USER) VALUES('2041323','20413','結果データ','Result data','result_data','2041308','9',230,NULL,NULL,NULL,NULL,'0',NULL,NULL,'FILE_RESULT',NULL,'0','1','1','0','0','0','0',NULL,'{
"upload_max_size": 4294967296
}',NULL,NULL,'結果データ一式(zip)です。','Result data set(zip).',NULL,'0',_____DATE_____,1);
INSERT INTO T_COMN_MENU_COLUMN_LINK_JNL (JOURNAL_SEQ_NO,JOURNAL_REG_DATETIME,JOURNAL_ACTION_CLASS,COLUMN_DEFINITION_ID,MENU_ID,COLUMN_NAME_JA,COLUMN_NAME_EN,COLUMN_NAME_REST,COL_GROUP_ID,COLUMN_CLASS,COLUMN_DISP_SEQ,REF_TABLE_NAME,REF_PKEY_NAME,REF_COL_NAME,REF_SORT_CONDITIONS,REF_MULTI_LANG,SENSITIVE_COL_NAME,FILE_UPLOAD_PLACE,COL_NAME,SAVE_TYPE,AUTO_INPUT,INPUT_ITEM,VIEW_ITEM,UNIQUE_ITEM,REQUIRED_ITEM,AUTOREG_HIDE_ITEM,AUTOREG_ONLY_ITEM,INITIAL_VALUE,VALIDATE_OPTION,BEFORE_VALIDATE_REGISTER,AFTER_VALIDATE_REGISTER,DESCRIPTION_JA,DESCRIPTION_EN,NOTE,DISUSE_FLAG,LAST_UPDATE_TIMESTAMP,LAST_UPDATE_USER) VALUES(2041323,_____DATE_____,'INSERT','2041323','20413','結果データ','Result data','result_data','2041308','9',230,NULL,NULL,NULL,NULL,'0',NULL,NULL,'FILE_RESULT',NULL,'0','1','1','0','0','0','0',NULL,'{
"upload_max_size": 4294967296
}',NULL,NULL,'結果データ一式(zip)です。','Result data set(zip).',NULL,'0',_____DATE_____,1);
INSERT INTO T_COMN_MENU_COLUMN_LINK (COLUMN_DEFINITION_ID,MENU_ID,COLUMN_NAME_JA,COLUMN_NAME_EN,COLUMN_NAME_REST,COL_GROUP_ID,COLUMN_CLASS,COLUMN_DISP_SEQ,REF_TABLE_NAME,REF_PKEY_NAME,REF_COL_NAME,REF_SORT_CONDITIONS,REF_MULTI_LANG,SENSITIVE_COL_NAME,FILE_UPLOAD_PLACE,COL_NAME,SAVE_TYPE,AUTO_INPUT,INPUT_ITEM,VIEW_ITEM,UNIQUE_ITEM,REQUIRED_ITEM,AUTOREG_HIDE_ITEM,AUTOREG_ONLY_ITEM,INITIAL_VALUE,VALIDATE_OPTION,BEFORE_VALIDATE_REGISTER,AFTER_VALIDATE_REGISTER,DESCRIPTION_JA,DESCRIPTION_EN,NOTE,DISUSE_FLAG,LAST_UPDATE_TIMESTAMP,LAST_UPDATE_USER) VALUES('2041324','20413','予約日時','Scheduled date/time','scheduled_date_time','2041309','5',240,NULL,NULL,NULL,NULL,'0',NULL,NULL,'TIME_BOOK',NULL,'0','1','1','0','0','0','0',NULL,NULL,NULL,NULL,'yyy(元が空)',NULL,NULL,'0',_____DATE_____,1);
INSERT INTO T_COMN_MENU_COLUMN_LINK_JNL (JOURNAL_SEQ_NO,JOURNAL_REG_DATETIME,JOURNAL_ACTION_CLASS,COLUMN_DEFINITION_ID,MENU_ID,COLUMN_NAME_JA,COLUMN_NAME_EN,COLUMN_NAME_REST,COL_GROUP_ID,COLUMN_CLASS,COLUMN_DISP_SEQ,REF_TABLE_NAME,REF_PKEY_NAME,REF_COL_NAME,REF_SORT_CONDITIONS,REF_MULTI_LANG,SENSITIVE_COL_NAME,FILE_UPLOAD_PLACE,COL_NAME,SAVE_TYPE,AUTO_INPUT,INPUT_ITEM,VIEW_ITEM,UNIQUE_ITEM,REQUIRED_ITEM,AUTOREG_HIDE_ITEM,AUTOREG_ONLY_ITEM,INITIAL_VALUE,VALIDATE_OPTION,BEFORE_VALIDATE_REGISTER,AFTER_VALIDATE_REGISTER,DESCRIPTION_JA,DESCRIPTION_EN,NOTE,DISUSE_FLAG,LAST_UPDATE_TIMESTAMP,LAST_UPDATE_USER) VALUES(2041324,_____DATE_____,'INSERT','2041324','20413','予約日時','Scheduled date/time','scheduled_date_time','2041309','5',240,NULL,NULL,NULL,NULL,'0',NULL,NULL,'TIME_BOOK',NULL,'0','1','1','0','0','0','0',NULL,NULL,NULL,NULL,'yyy(元が空)',NULL,NULL,'0',_____DATE_____,1);
INSERT INTO T_COMN_MENU_COLUMN_LINK (COLUMN_DEFINITION_ID,MENU_ID,COLUMN_NAME_JA,COLUMN_NAME_EN,COLUMN_NAME_REST,COL_GROUP_ID,COLUMN_CLASS,COLUMN_DISP_SEQ,REF_TABLE_NAME,REF_PKEY_NAME,REF_COL_NAME,REF_SORT_CONDITIONS,REF_MULTI_LANG,SENSITIVE_COL_NAME,FILE_UPLOAD_PLACE,COL_NAME,SAVE_TYPE,AUTO_INPUT,INPUT_ITEM,VIEW_ITEM,UNIQUE_ITEM,REQUIRED_ITEM,AUTOREG_HIDE_ITEM,AUTOREG_ONLY_ITEM,INITIAL_VALUE,VALIDATE_OPTION,BEFORE_VALIDATE_REGISTER,AFTER_VALIDATE_REGISTER,DESCRIPTION_JA,DESCRIPTION_EN,NOTE,DISUSE_FLAG,LAST_UPDATE_TIMESTAMP,LAST_UPDATE_USER) VALUES('2041325','20413','開始日時','Start date/time','start_date_time','2041309','5',250,NULL,NULL,NULL,NULL,'0',NULL,NULL,'TIME_START',NULL,'0','1','1','0','0','0','0',NULL,NULL,NULL,NULL,'yyy(元が空)',NULL,NULL,'0',_____DATE_____,1);
INSERT INTO T_COMN_MENU_COLUMN_LINK_JNL (JOURNAL_SEQ_NO,JOURNAL_REG_DATETIME,JOURNAL_ACTION_CLASS,COLUMN_DEFINITION_ID,MENU_ID,COLUMN_NAME_JA,COLUMN_NAME_EN,COLUMN_NAME_REST,COL_GROUP_ID,COLUMN_CLASS,COLUMN_DISP_SEQ,REF_TABLE_NAME,REF_PKEY_NAME,REF_COL_NAME,REF_SORT_CONDITIONS,REF_MULTI_LANG,SENSITIVE_COL_NAME,FILE_UPLOAD_PLACE,COL_NAME,SAVE_TYPE,AUTO_INPUT,INPUT_ITEM,VIEW_ITEM,UNIQUE_ITEM,REQUIRED_ITEM,AUTOREG_HIDE_ITEM,AUTOREG_ONLY_ITEM,INITIAL_VALUE,VALIDATE_OPTION,BEFORE_VALIDATE_REGISTER,AFTER_VALIDATE_REGISTER,DESCRIPTION_JA,DESCRIPTION_EN,NOTE,DISUSE_FLAG,LAST_UPDATE_TIMESTAMP,LAST_UPDATE_USER) VALUES(2041325,_____DATE_____,'INSERT','2041325','20413','開始日時','Start date/time','start_date_time','2041309','5',250,NULL,NULL,NULL,NULL,'0',NULL,NULL,'TIME_START',NULL,'0','1','1','0','0','0','0',NULL,NULL,NULL,NULL,'yyy(元が空)',NULL,NULL,'0',_____DATE_____,1);
INSERT INTO T_COMN_MENU_COLUMN_LINK (COLUMN_DEFINITION_ID,MENU_ID,COLUMN_NAME_JA,COLUMN_NAME_EN,COLUMN_NAME_REST,COL_GROUP_ID,COLUMN_CLASS,COLUMN_DISP_SEQ,REF_TABLE_NAME,REF_PKEY_NAME,REF_COL_NAME,REF_SORT_CONDITIONS,REF_MULTI_LANG,SENSITIVE_COL_NAME,FILE_UPLOAD_PLACE,COL_NAME,SAVE_TYPE,AUTO_INPUT,INPUT_ITEM,VIEW_ITEM,UNIQUE_ITEM,REQUIRED_ITEM,AUTOREG_HIDE_ITEM,AUTOREG_ONLY_ITEM,INITIAL_VALUE,VALIDATE_OPTION,BEFORE_VALIDATE_REGISTER,AFTER_VALIDATE_REGISTER,DESCRIPTION_JA,DESCRIPTION_EN,NOTE,DISUSE_FLAG,LAST_UPDATE_TIMESTAMP,LAST_UPDATE_USER) VALUES('2041326','20413','終了日時','End date/time','end_date_time','2041309','5',260,NULL,NULL,NULL,NULL,'0',NULL,NULL,'TIME_END',NULL,'0','1','1','0','0','0','0',NULL,NULL,NULL,NULL,'yyy(元が空)',NULL,NULL,'0',_____DATE_____,1);
INSERT INTO T_COMN_MENU_COLUMN_LINK_JNL (JOURNAL_SEQ_NO,JOURNAL_REG_DATETIME,JOURNAL_ACTION_CLASS,COLUMN_DEFINITION_ID,MENU_ID,COLUMN_NAME_JA,COLUMN_NAME_EN,COLUMN_NAME_REST,COL_GROUP_ID,COLUMN_CLASS,COLUMN_DISP_SEQ,REF_TABLE_NAME,REF_PKEY_NAME,REF_COL_NAME,REF_SORT_CONDITIONS,REF_MULTI_LANG,SENSITIVE_COL_NAME,FILE_UPLOAD_PLACE,COL_NAME,SAVE_TYPE,AUTO_INPUT,INPUT_ITEM,VIEW_ITEM,UNIQUE_ITEM,REQUIRED_ITEM,AUTOREG_HIDE_ITEM,AUTOREG_ONLY_ITEM,INITIAL_VALUE,VALIDATE_OPTION,BEFORE_VALIDATE_REGISTER,AFTER_VALIDATE_REGISTER,DESCRIPTION_JA,DESCRIPTION_EN,NOTE,DISUSE_FLAG,LAST_UPDATE_TIMESTAMP,LAST_UPDATE_USER) VALUES(2041326,_____DATE_____,'INSERT','2041326','20413','終了日時','End date/time','end_date_time','2041309','5',260,NULL,NULL,NULL,NULL,'0',NULL,NULL,'TIME_END',NULL,'0','1','1','0','0','0','0',NULL,NULL,NULL,NULL,'yyy(元が空)',NULL,NULL,'0',_____DATE_____,1);
INSERT INTO T_COMN_MENU_COLUMN_LINK (COLUMN_DEFINITION_ID,MENU_ID,COLUMN_NAME_JA,COLUMN_NAME_EN,COLUMN_NAME_REST,COL_GROUP_ID,COLUMN_CLASS,COLUMN_DISP_SEQ,REF_TABLE_NAME,REF_PKEY_NAME,REF_COL_NAME,REF_SORT_CONDITIONS,REF_MULTI_LANG,SENSITIVE_COL_NAME,FILE_UPLOAD_PLACE,COL_NAME,SAVE_TYPE,AUTO_INPUT,INPUT_ITEM,VIEW_ITEM,UNIQUE_ITEM,REQUIRED_ITEM,AUTOREG_HIDE_ITEM,AUTOREG_ONLY_ITEM,INITIAL_VALUE,VALIDATE_OPTION,BEFORE_VALIDATE_REGISTER,AFTER_VALIDATE_REGISTER,DESCRIPTION_JA,DESCRIPTION_EN,NOTE,DISUSE_FLAG,LAST_UPDATE_TIMESTAMP,LAST_UPDATE_USER) VALUES('2041327','20413','ステータス','status','status','2041310','7',270,'T_ANSC_COLLECT_STATUS','COLLECT_STATUS_ID','COLLECT_STATUS_NAME',NULL,'1',NULL,NULL,'COLLECT_STATUS',NULL,'0','1','1','0','0','0','0',NULL,NULL,NULL,NULL,'収集状況を表示します。','Displays the collection status.',NULL,'0',_____DATE_____,1);
INSERT INTO T_COMN_MENU_COLUMN_LINK_JNL (JOURNAL_SEQ_NO,JOURNAL_REG_DATETIME,JOURNAL_ACTION_CLASS,COLUMN_DEFINITION_ID,MENU_ID,COLUMN_NAME_JA,COLUMN_NAME_EN,COLUMN_NAME_REST,COL_GROUP_ID,COLUMN_CLASS,COLUMN_DISP_SEQ,REF_TABLE_NAME,REF_PKEY_NAME,REF_COL_NAME,REF_SORT_CONDITIONS,REF_MULTI_LANG,SENSITIVE_COL_NAME,FILE_UPLOAD_PLACE,COL_NAME,SAVE_TYPE,AUTO_INPUT,INPUT_ITEM,VIEW_ITEM,UNIQUE_ITEM,REQUIRED_ITEM,AUTOREG_HIDE_ITEM,AUTOREG_ONLY_ITEM,INITIAL_VALUE,VALIDATE_OPTION,BEFORE_VALIDATE_REGISTER,AFTER_VALIDATE_REGISTER,DESCRIPTION_JA,DESCRIPTION_EN,NOTE,DISUSE_FLAG,LAST_UPDATE_TIMESTAMP,LAST_UPDATE_USER) VALUES(2041327,_____DATE_____,'INSERT','2041327','20413','ステータス','status','status','2041310','7',270,'T_ANSC_COLLECT_STATUS','COLLECT_STATUS_ID','COLLECT_STATUS_NAME',NULL,'1',NULL,NULL,'COLLECT_STATUS',NULL,'0','1','1','0','0','0','0',NULL,NULL,NULL,NULL,'収集状況を表示します。','Displays the collection status.',NULL,'0',_____DATE_____,1);
INSERT INTO T_COMN_MENU_COLUMN_LINK (COLUMN_DEFINITION_ID,MENU_ID,COLUMN_NAME_JA,COLUMN_NAME_EN,COLUMN_NAME_REST,COL_GROUP_ID,COLUMN_CLASS,COLUMN_DISP_SEQ,REF_TABLE_NAME,REF_PKEY_NAME,REF_COL_NAME,REF_SORT_CONDITIONS,REF_MULTI_LANG,SENSITIVE_COL_NAME,FILE_UPLOAD_PLACE,COL_NAME,SAVE_TYPE,AUTO_INPUT,INPUT_ITEM,VIEW_ITEM,UNIQUE_ITEM,REQUIRED_ITEM,AUTOREG_HIDE_ITEM,AUTOREG_ONLY_ITEM,INITIAL_VALUE,VALIDATE_OPTION,BEFORE_VALIDATE_REGISTER,AFTER_VALIDATE_REGISTER,DESCRIPTION_JA,DESCRIPTION_EN,NOTE,DISUSE_FLAG,LAST_UPDATE_TIMESTAMP,LAST_UPDATE_USER) VALUES('2041328','20413','収集ログ','Collection log','collection_log','2041310','9',280,NULL,NULL,NULL,NULL,'0',NULL,NULL,'COLLECT_LOG',NULL,'0','1','1','0','0','0','0',NULL,'{
"upload_max_size": 4294967296
}',NULL,NULL,'収集時の実行時のログをDLできます。','You can download the run-time log at the time of collection.',NULL,'0',_____DATE_____,1);
INSERT INTO T_COMN_MENU_COLUMN_LINK_JNL (JOURNAL_SEQ_NO,JOURNAL_REG_DATETIME,JOURNAL_ACTION_CLASS,COLUMN_DEFINITION_ID,MENU_ID,COLUMN_NAME_JA,COLUMN_NAME_EN,COLUMN_NAME_REST,COL_GROUP_ID,COLUMN_CLASS,COLUMN_DISP_SEQ,REF_TABLE_NAME,REF_PKEY_NAME,REF_COL_NAME,REF_SORT_CONDITIONS,REF_MULTI_LANG,SENSITIVE_COL_NAME,FILE_UPLOAD_PLACE,COL_NAME,SAVE_TYPE,AUTO_INPUT,INPUT_ITEM,VIEW_ITEM,UNIQUE_ITEM,REQUIRED_ITEM,AUTOREG_HIDE_ITEM,AUTOREG_ONLY_ITEM,INITIAL_VALUE,VALIDATE_OPTION,BEFORE_VALIDATE_REGISTER,AFTER_VALIDATE_REGISTER,DESCRIPTION_JA,DESCRIPTION_EN,NOTE,DISUSE_FLAG,LAST_UPDATE_TIMESTAMP,LAST_UPDATE_USER) VALUES(2041328,_____DATE_____,'INSERT','2041328','20413','収集ログ','Collection log','collection_log','2041310','9',280,NULL,NULL,NULL,NULL,'0',NULL,NULL,'COLLECT_LOG',NULL,'0','1','1','0','0','0','0',NULL,'{
"upload_max_size": 4294967296
}',NULL,NULL,'収集時の実行時のログをDLできます。','You can download the run-time log at the time of collection.',NULL,'0',_____DATE_____,1);
INSERT INTO T_COMN_MENU_COLUMN_LINK (COLUMN_DEFINITION_ID,MENU_ID,COLUMN_NAME_JA,COLUMN_NAME_EN,COLUMN_NAME_REST,COL_GROUP_ID,COLUMN_CLASS,COLUMN_DISP_SEQ,REF_TABLE_NAME,REF_PKEY_NAME,REF_COL_NAME,REF_SORT_CONDITIONS,REF_MULTI_LANG,SENSITIVE_COL_NAME,FILE_UPLOAD_PLACE,COL_NAME,SAVE_TYPE,AUTO_INPUT,INPUT_ITEM,VIEW_ITEM,UNIQUE_ITEM,REQUIRED_ITEM,AUTOREG_HIDE_ITEM,AUTOREG_ONLY_ITEM,INITIAL_VALUE,VALIDATE_OPTION,BEFORE_VALIDATE_REGISTER,AFTER_VALIDATE_REGISTER,DESCRIPTION_JA,DESCRIPTION_EN,NOTE,DISUSE_FLAG,LAST_UPDATE_TIMESTAMP,LAST_UPDATE_USER) VALUES('2041329','20413','Symphonyインスタンス番号','Symphony instance ID','symphony_instance_id',NULL,'1',290,NULL,NULL,NULL,NULL,'0',NULL,NULL,'SYMPHONY_INSTANCE_NO',NULL,'0','0','0','0','0','0','0',NULL,'{
"min_length": 0,
"max_length": 40
}',NULL,NULL,'Symphonyインスタンス番号','Symphony instance ID',NULL,'0',_____DATE_____,1);
INSERT INTO T_COMN_MENU_COLUMN_LINK_JNL (JOURNAL_SEQ_NO,JOURNAL_REG_DATETIME,JOURNAL_ACTION_CLASS,COLUMN_DEFINITION_ID,MENU_ID,COLUMN_NAME_JA,COLUMN_NAME_EN,COLUMN_NAME_REST,COL_GROUP_ID,COLUMN_CLASS,COLUMN_DISP_SEQ,REF_TABLE_NAME,REF_PKEY_NAME,REF_COL_NAME,REF_SORT_CONDITIONS,REF_MULTI_LANG,SENSITIVE_COL_NAME,FILE_UPLOAD_PLACE,COL_NAME,SAVE_TYPE,AUTO_INPUT,INPUT_ITEM,VIEW_ITEM,UNIQUE_ITEM,REQUIRED_ITEM,AUTOREG_HIDE_ITEM,AUTOREG_ONLY_ITEM,INITIAL_VALUE,VALIDATE_OPTION,BEFORE_VALIDATE_REGISTER,AFTER_VALIDATE_REGISTER,DESCRIPTION_JA,DESCRIPTION_EN,NOTE,DISUSE_FLAG,LAST_UPDATE_TIMESTAMP,LAST_UPDATE_USER) VALUES(2041329,_____DATE_____,'INSERT','2041329','20413','Symphonyインスタンス番号','Symphony instance ID','symphony_instance_id',NULL,'1',290,NULL,NULL,NULL,NULL,'0',NULL,NULL,'SYMPHONY_INSTANCE_NO',NULL,'0','0','0','0','0','0','0',NULL,'{
"min_length": 0,
"max_length": 40
}',NULL,NULL,'Symphonyインスタンス番号','Symphony instance ID',NULL,'0',_____DATE_____,1);
INSERT INTO T_COMN_MENU_COLUMN_LINK (COLUMN_DEFINITION_ID,MENU_ID,COLUMN_NAME_JA,COLUMN_NAME_EN,COLUMN_NAME_REST,COL_GROUP_ID,COLUMN_CLASS,COLUMN_DISP_SEQ,REF_TABLE_NAME,REF_PKEY_NAME,REF_COL_NAME,REF_SORT_CONDITIONS,REF_MULTI_LANG,SENSITIVE_COL_NAME,FILE_UPLOAD_PLACE,COL_NAME,SAVE_TYPE,AUTO_INPUT,INPUT_ITEM,VIEW_ITEM,UNIQUE_ITEM,REQUIRED_ITEM,AUTOREG_HIDE_ITEM,AUTOREG_ONLY_ITEM,INITIAL_VALUE,VALIDATE_OPTION,BEFORE_VALIDATE_REGISTER,AFTER_VALIDATE_REGISTER,DESCRIPTION_JA,DESCRIPTION_EN,NOTE,DISUSE_FLAG,LAST_UPDATE_TIMESTAMP,LAST_UPDATE_USER) VALUES('2041330','20413','Conductorインスタンス番号','Conductor instance ID','conductor_instance_id',NULL,'1',300,NULL,NULL,NULL,NULL,'0',NULL,NULL,'CONDUCTOR_INSTANCE_NO',NULL,'0','0','0','0','0','0','0',NULL,'{
"min_length": 0,
"max_length": 40
}',NULL,NULL,'Conductorインスタンス番号','Conductor instance ID',NULL,'0',_____DATE_____,1);
INSERT INTO T_COMN_MENU_COLUMN_LINK_JNL (JOURNAL_SEQ_NO,JOURNAL_REG_DATETIME,JOURNAL_ACTION_CLASS,COLUMN_DEFINITION_ID,MENU_ID,COLUMN_NAME_JA,COLUMN_NAME_EN,COLUMN_NAME_REST,COL_GROUP_ID,COLUMN_CLASS,COLUMN_DISP_SEQ,REF_TABLE_NAME,REF_PKEY_NAME,REF_COL_NAME,REF_SORT_CONDITIONS,REF_MULTI_LANG,SENSITIVE_COL_NAME,FILE_UPLOAD_PLACE,COL_NAME,SAVE_TYPE,AUTO_INPUT,INPUT_ITEM,VIEW_ITEM,UNIQUE_ITEM,REQUIRED_ITEM,AUTOREG_HIDE_ITEM,AUTOREG_ONLY_ITEM,INITIAL_VALUE,VALIDATE_OPTION,BEFORE_VALIDATE_REGISTER,AFTER_VALIDATE_REGISTER,DESCRIPTION_JA,DESCRIPTION_EN,NOTE,DISUSE_FLAG,LAST_UPDATE_TIMESTAMP,LAST_UPDATE_USER) VALUES(2041330,_____DATE_____,'INSERT','2041330','20413','Conductorインスタンス番号','Conductor instance ID','conductor_instance_id',NULL,'1',300,NULL,NULL,NULL,NULL,'0',NULL,NULL,'CONDUCTOR_INSTANCE_NO',NULL,'0','0','0','0','0','0','0',NULL,'{
"min_length": 0,
"max_length": 40
}',NULL,NULL,'Conductorインスタンス番号','Conductor instance ID',NULL,'0',_____DATE_____,1);
INSERT INTO T_COMN_MENU_COLUMN_LINK (COLUMN_DEFINITION_ID,MENU_ID,COLUMN_NAME_JA,COLUMN_NAME_EN,COLUMN_NAME_REST,COL_GROUP_ID,COLUMN_CLASS,COLUMN_DISP_SEQ,REF_TABLE_NAME,REF_PKEY_NAME,REF_COL_NAME,REF_SORT_CONDITIONS,REF_MULTI_LANG,SENSITIVE_COL_NAME,FILE_UPLOAD_PLACE,COL_NAME,SAVE_TYPE,AUTO_INPUT,INPUT_ITEM,VIEW_ITEM,UNIQUE_ITEM,REQUIRED_ITEM,AUTOREG_HIDE_ITEM,AUTOREG_ONLY_ITEM,INITIAL_VALUE,VALIDATE_OPTION,BEFORE_VALIDATE_REGISTER,AFTER_VALIDATE_REGISTER,DESCRIPTION_JA,DESCRIPTION_EN,NOTE,DISUSE_FLAG,LAST_UPDATE_TIMESTAMP,LAST_UPDATE_USER) VALUES('2041331','20413','オプションパラメータ','Optional parameter','optional_parameter',NULL,'1',310,NULL,NULL,NULL,NULL,'0',NULL,NULL,'I_ANS_EXEC_OPTIONS',NULL,'0','0','0','0','0','0','0',NULL,'{
"min_length": 0,
"max_length": 4000
}',NULL,NULL,'Movement共通のansible-playbookコマンドのオプションパラメータを設定します。
Movement固有のオプションパラメータはMovement一覧で設定します。
Ansible:
ansible-playbookコマンドのパラメータを設定します。
　-i オプションはITAが設定します。

Ansible Automation Controller:
　以下のパラメータが設定できます。
　　-verbosity
　　-f FORKS,--forks=FORKS
　　-l SUBSET,--limit=SUBSET
　　-e EXTRA_VARS,--extra-vars=EXTRA_VARS
        EXTRA_VARS:  変数名=具体値 変数名=具体値 .....
　　-t TAGS,--tags=TAGS
　　-b,--become
　　-D,--diff
　　--skip-tags=SKIP_TAGS
　　--start-at-task=START_AT_TASK
　以下はAnsible Automation Controller独自のパラメータです。
　　-ufc,--use_fact_cache　　　ファクトのキャッシュの使用
　　-as,--allow_simultaneous　 同時実行ジョブの有効化
　　-jsc,--job_slice_count=　　JOB SLICING
　詳細はAnsible利用手順マニュアルを参照して下さい。','Optional parameter of ansible-playbook command.Movement-specific optional parameters are set in the Movement list.Ansible:Set the parameters of nible-playbook command.ITA sets -i option.Ansible Automation Controller:Options that can be set-verbosity-f FORKS,--forks=FORKS-l SUBSET,--limit=SUBSET-e EXTRA_VARS,--extra-vars=EXTRA_VARS-t TAGS,--tags=TAGS-b,--become-D,--diff--skip-tags=SKIP_TAGS--start-at-task=START_AT_TASKAnsible Automation Controller only parameters-ufc,--use_fact_cache-as,--allow_simultaneous-jsc,--job_slice_countRefer to the Ansible User Manual for details.',NULL,'0',_____DATE_____,1);
INSERT INTO T_COMN_MENU_COLUMN_LINK_JNL (JOURNAL_SEQ_NO,JOURNAL_REG_DATETIME,JOURNAL_ACTION_CLASS,COLUMN_DEFINITION_ID,MENU_ID,COLUMN_NAME_JA,COLUMN_NAME_EN,COLUMN_NAME_REST,COL_GROUP_ID,COLUMN_CLASS,COLUMN_DISP_SEQ,REF_TABLE_NAME,REF_PKEY_NAME,REF_COL_NAME,REF_SORT_CONDITIONS,REF_MULTI_LANG,SENSITIVE_COL_NAME,FILE_UPLOAD_PLACE,COL_NAME,SAVE_TYPE,AUTO_INPUT,INPUT_ITEM,VIEW_ITEM,UNIQUE_ITEM,REQUIRED_ITEM,AUTOREG_HIDE_ITEM,AUTOREG_ONLY_ITEM,INITIAL_VALUE,VALIDATE_OPTION,BEFORE_VALIDATE_REGISTER,AFTER_VALIDATE_REGISTER,DESCRIPTION_JA,DESCRIPTION_EN,NOTE,DISUSE_FLAG,LAST_UPDATE_TIMESTAMP,LAST_UPDATE_USER) VALUES(2041331,_____DATE_____,'INSERT','2041331','20413','オプションパラメータ','Optional parameter','optional_parameter',NULL,'1',310,NULL,NULL,NULL,NULL,'0',NULL,NULL,'I_ANS_EXEC_OPTIONS',NULL,'0','0','0','0','0','0','0',NULL,'{
"min_length": 0,
"max_length": 4000
}',NULL,NULL,'Movement共通のansible-playbookコマンドのオプションパラメータを設定します。
Movement固有のオプションパラメータはMovement一覧で設定します。
Ansible:
ansible-playbookコマンドのパラメータを設定します。
　-i オプションはITAが設定します。

Ansible Automation Controller:
　以下のパラメータが設定できます。
　　-verbosity
　　-f FORKS,--forks=FORKS
　　-l SUBSET,--limit=SUBSET
　　-e EXTRA_VARS,--extra-vars=EXTRA_VARS
        EXTRA_VARS:  変数名=具体値 変数名=具体値 .....
　　-t TAGS,--tags=TAGS
　　-b,--become
　　-D,--diff
　　--skip-tags=SKIP_TAGS
　　--start-at-task=START_AT_TASK
　以下はAnsible Automation Controller独自のパラメータです。
　　-ufc,--use_fact_cache　　　ファクトのキャッシュの使用
　　-as,--allow_simultaneous　 同時実行ジョブの有効化
　　-jsc,--job_slice_count=　　JOB SLICING
　詳細はAnsible利用手順マニュアルを参照して下さい。','Optional parameter of ansible-playbook command.Movement-specific optional parameters are set in the Movement list.Ansible:Set the parameters of nible-playbook command.ITA sets -i option.Ansible Automation Controller:Options that can be set-verbosity-f FORKS,--forks=FORKS-l SUBSET,--limit=SUBSET-e EXTRA_VARS,--extra-vars=EXTRA_VARS-t TAGS,--tags=TAGS-b,--become-D,--diff--skip-tags=SKIP_TAGS--start-at-task=START_AT_TASKAnsible Automation Controller only parameters-ufc,--use_fact_cache-as,--allow_simultaneous-jsc,--job_slice_countRefer to the Ansible User Manual for details.',NULL,'0',_____DATE_____,1);
INSERT INTO T_COMN_MENU_COLUMN_LINK (COLUMN_DEFINITION_ID,MENU_ID,COLUMN_NAME_JA,COLUMN_NAME_EN,COLUMN_NAME_REST,COL_GROUP_ID,COLUMN_CLASS,COLUMN_DISP_SEQ,REF_TABLE_NAME,REF_PKEY_NAME,REF_COL_NAME,REF_SORT_CONDITIONS,REF_MULTI_LANG,SENSITIVE_COL_NAME,FILE_UPLOAD_PLACE,COL_NAME,SAVE_TYPE,AUTO_INPUT,INPUT_ITEM,VIEW_ITEM,UNIQUE_ITEM,REQUIRED_ITEM,AUTOREG_HIDE_ITEM,AUTOREG_ONLY_ITEM,INITIAL_VALUE,VALIDATE_OPTION,BEFORE_VALIDATE_REGISTER,AFTER_VALIDATE_REGISTER,DESCRIPTION_JA,DESCRIPTION_EN,NOTE,DISUSE_FLAG,LAST_UPDATE_TIMESTAMP,LAST_UPDATE_USER) VALUES('2041332','20413','分割された実行ログ情報','Splited execution log','splited_execution_log',NULL,'2',320,NULL,NULL,NULL,NULL,'0',NULL,NULL,'LOGFILELIST_JSON',NULL,'0','0','0','0','0','0','0',NULL,'{
"min_length": 0,
"max_length": 8000
}',NULL,NULL,'分割された実行ログ情報','Splited execution log information',NULL,'0',_____DATE_____,1);
INSERT INTO T_COMN_MENU_COLUMN_LINK_JNL (JOURNAL_SEQ_NO,JOURNAL_REG_DATETIME,JOURNAL_ACTION_CLASS,COLUMN_DEFINITION_ID,MENU_ID,COLUMN_NAME_JA,COLUMN_NAME_EN,COLUMN_NAME_REST,COL_GROUP_ID,COLUMN_CLASS,COLUMN_DISP_SEQ,REF_TABLE_NAME,REF_PKEY_NAME,REF_COL_NAME,REF_SORT_CONDITIONS,REF_MULTI_LANG,SENSITIVE_COL_NAME,FILE_UPLOAD_PLACE,COL_NAME,SAVE_TYPE,AUTO_INPUT,INPUT_ITEM,VIEW_ITEM,UNIQUE_ITEM,REQUIRED_ITEM,AUTOREG_HIDE_ITEM,AUTOREG_ONLY_ITEM,INITIAL_VALUE,VALIDATE_OPTION,BEFORE_VALIDATE_REGISTER,AFTER_VALIDATE_REGISTER,DESCRIPTION_JA,DESCRIPTION_EN,NOTE,DISUSE_FLAG,LAST_UPDATE_TIMESTAMP,LAST_UPDATE_USER) VALUES(2041332,_____DATE_____,'INSERT','2041332','20413','分割された実行ログ情報','Splited execution log','splited_execution_log',NULL,'2',320,NULL,NULL,NULL,NULL,'0',NULL,NULL,'LOGFILELIST_JSON',NULL,'0','0','0','0','0','0','0',NULL,'{
"min_length": 0,
"max_length": 8000
}',NULL,NULL,'分割された実行ログ情報','Splited execution log information',NULL,'0',_____DATE_____,1);
INSERT INTO T_COMN_MENU_COLUMN_LINK (COLUMN_DEFINITION_ID,MENU_ID,COLUMN_NAME_JA,COLUMN_NAME_EN,COLUMN_NAME_REST,COL_GROUP_ID,COLUMN_CLASS,COLUMN_DISP_SEQ,REF_TABLE_NAME,REF_PKEY_NAME,REF_COL_NAME,REF_SORT_CONDITIONS,REF_MULTI_LANG,SENSITIVE_COL_NAME,FILE_UPLOAD_PLACE,COL_NAME,SAVE_TYPE,AUTO_INPUT,INPUT_ITEM,VIEW_ITEM,UNIQUE_ITEM,REQUIRED_ITEM,AUTOREG_HIDE_ITEM,AUTOREG_ONLY_ITEM,INITIAL_VALUE,VALIDATE_OPTION,BEFORE_VALIDATE_REGISTER,AFTER_VALIDATE_REGISTER,DESCRIPTION_JA,DESCRIPTION_EN,NOTE,DISUSE_FLAG,LAST_UPDATE_TIMESTAMP,LAST_UPDATE_USER) VALUES('2041333','20413','実行ログ分割フラグ','Splited execution log flag','splited_execution_log_flag',NULL,'3',330,NULL,NULL,NULL,NULL,'0',NULL,NULL,'MULTIPLELOG_MODE',NULL,'0','0','0','0','0','0','0',NULL,'{
"int_min": 0,
"int_max": 4294967296
}',NULL,NULL,'実行ログ分割フラグ','Splited execution log flag',NULL,'0',_____DATE_____,1);
INSERT INTO T_COMN_MENU_COLUMN_LINK_JNL (JOURNAL_SEQ_NO,JOURNAL_REG_DATETIME,JOURNAL_ACTION_CLASS,COLUMN_DEFINITION_ID,MENU_ID,COLUMN_NAME_JA,COLUMN_NAME_EN,COLUMN_NAME_REST,COL_GROUP_ID,COLUMN_CLASS,COLUMN_DISP_SEQ,REF_TABLE_NAME,REF_PKEY_NAME,REF_COL_NAME,REF_SORT_CONDITIONS,REF_MULTI_LANG,SENSITIVE_COL_NAME,FILE_UPLOAD_PLACE,COL_NAME,SAVE_TYPE,AUTO_INPUT,INPUT_ITEM,VIEW_ITEM,UNIQUE_ITEM,REQUIRED_ITEM,AUTOREG_HIDE_ITEM,AUTOREG_ONLY_ITEM,INITIAL_VALUE,VALIDATE_OPTION,BEFORE_VALIDATE_REGISTER,AFTER_VALIDATE_REGISTER,DESCRIPTION_JA,DESCRIPTION_EN,NOTE,DISUSE_FLAG,LAST_UPDATE_TIMESTAMP,LAST_UPDATE_USER) VALUES(2041333,_____DATE_____,'INSERT','2041333','20413','実行ログ分割フラグ','Splited execution log flag','splited_execution_log_flag',NULL,'3',330,NULL,NULL,NULL,NULL,'0',NULL,NULL,'MULTIPLELOG_MODE',NULL,'0','0','0','0','0','0','0',NULL,'{
"int_min": 0,
"int_max": 4294967296
}',NULL,NULL,'実行ログ分割フラグ','Splited execution log flag',NULL,'0',_____DATE_____,1);
INSERT INTO T_COMN_MENU_COLUMN_LINK (COLUMN_DEFINITION_ID,MENU_ID,COLUMN_NAME_JA,COLUMN_NAME_EN,COLUMN_NAME_REST,COL_GROUP_ID,COLUMN_CLASS,COLUMN_DISP_SEQ,REF_TABLE_NAME,REF_PKEY_NAME,REF_COL_NAME,REF_SORT_CONDITIONS,REF_MULTI_LANG,SENSITIVE_COL_NAME,FILE_UPLOAD_PLACE,COL_NAME,SAVE_TYPE,AUTO_INPUT,INPUT_ITEM,VIEW_ITEM,UNIQUE_ITEM,REQUIRED_ITEM,AUTOREG_HIDE_ITEM,AUTOREG_ONLY_ITEM,INITIAL_VALUE,VALIDATE_OPTION,BEFORE_VALIDATE_REGISTER,AFTER_VALIDATE_REGISTER,DESCRIPTION_JA,DESCRIPTION_EN,NOTE,DISUSE_FLAG,LAST_UPDATE_TIMESTAMP,LAST_UPDATE_USER) VALUES('2041334','20413','備考','Remarks','remarks',NULL,'12',340,NULL,NULL,NULL,NULL,'0',NULL,NULL,'NOTE',NULL,'0','1','1','0','0','0','0',NULL,'{
"min_length": 0,
"max_length": 4000
}',NULL,NULL,'自由記述欄。レコードの廃止・復活時にも記載可能。','Comments section. Can comment when removing or restoring records.',NULL,'0',_____DATE_____,1);
INSERT INTO T_COMN_MENU_COLUMN_LINK_JNL (JOURNAL_SEQ_NO,JOURNAL_REG_DATETIME,JOURNAL_ACTION_CLASS,COLUMN_DEFINITION_ID,MENU_ID,COLUMN_NAME_JA,COLUMN_NAME_EN,COLUMN_NAME_REST,COL_GROUP_ID,COLUMN_CLASS,COLUMN_DISP_SEQ,REF_TABLE_NAME,REF_PKEY_NAME,REF_COL_NAME,REF_SORT_CONDITIONS,REF_MULTI_LANG,SENSITIVE_COL_NAME,FILE_UPLOAD_PLACE,COL_NAME,SAVE_TYPE,AUTO_INPUT,INPUT_ITEM,VIEW_ITEM,UNIQUE_ITEM,REQUIRED_ITEM,AUTOREG_HIDE_ITEM,AUTOREG_ONLY_ITEM,INITIAL_VALUE,VALIDATE_OPTION,BEFORE_VALIDATE_REGISTER,AFTER_VALIDATE_REGISTER,DESCRIPTION_JA,DESCRIPTION_EN,NOTE,DISUSE_FLAG,LAST_UPDATE_TIMESTAMP,LAST_UPDATE_USER) VALUES(2041334,_____DATE_____,'INSERT','2041334','20413','備考','Remarks','remarks',NULL,'12',340,NULL,NULL,NULL,NULL,'0',NULL,NULL,'NOTE',NULL,'0','1','1','0','0','0','0',NULL,'{
"min_length": 0,
"max_length": 4000
}',NULL,NULL,'自由記述欄。レコードの廃止・復活時にも記載可能。','Comments section. Can comment when removing or restoring records.',NULL,'0',_____DATE_____,1);
INSERT INTO T_COMN_MENU_COLUMN_LINK (COLUMN_DEFINITION_ID,MENU_ID,COLUMN_NAME_JA,COLUMN_NAME_EN,COLUMN_NAME_REST,COL_GROUP_ID,COLUMN_CLASS,COLUMN_DISP_SEQ,REF_TABLE_NAME,REF_PKEY_NAME,REF_COL_NAME,REF_SORT_CONDITIONS,REF_MULTI_LANG,SENSITIVE_COL_NAME,FILE_UPLOAD_PLACE,COL_NAME,SAVE_TYPE,AUTO_INPUT,INPUT_ITEM,VIEW_ITEM,UNIQUE_ITEM,REQUIRED_ITEM,AUTOREG_HIDE_ITEM,AUTOREG_ONLY_ITEM,INITIAL_VALUE,VALIDATE_OPTION,BEFORE_VALIDATE_REGISTER,AFTER_VALIDATE_REGISTER,DESCRIPTION_JA,DESCRIPTION_EN,NOTE,DISUSE_FLAG,LAST_UPDATE_TIMESTAMP,LAST_UPDATE_USER) VALUES('2041335','20413','廃止フラグ','Discard','discard',NULL,'1',350,NULL,NULL,NULL,NULL,'0',NULL,NULL,'DISUSE_FLAG',NULL,'1','1','1','0','1','0','0',NULL,NULL,NULL,NULL,'廃止フラグ。復活以外のオペレーションは不可','Discard flag. Cannot do operation other than restore.',NULL,'0',_____DATE_____,1);
INSERT INTO T_COMN_MENU_COLUMN_LINK_JNL (JOURNAL_SEQ_NO,JOURNAL_REG_DATETIME,JOURNAL_ACTION_CLASS,COLUMN_DEFINITION_ID,MENU_ID,COLUMN_NAME_JA,COLUMN_NAME_EN,COLUMN_NAME_REST,COL_GROUP_ID,COLUMN_CLASS,COLUMN_DISP_SEQ,REF_TABLE_NAME,REF_PKEY_NAME,REF_COL_NAME,REF_SORT_CONDITIONS,REF_MULTI_LANG,SENSITIVE_COL_NAME,FILE_UPLOAD_PLACE,COL_NAME,SAVE_TYPE,AUTO_INPUT,INPUT_ITEM,VIEW_ITEM,UNIQUE_ITEM,REQUIRED_ITEM,AUTOREG_HIDE_ITEM,AUTOREG_ONLY_ITEM,INITIAL_VALUE,VALIDATE_OPTION,BEFORE_VALIDATE_REGISTER,AFTER_VALIDATE_REGISTER,DESCRIPTION_JA,DESCRIPTION_EN,NOTE,DISUSE_FLAG,LAST_UPDATE_TIMESTAMP,LAST_UPDATE_USER) VALUES(2041335,_____DATE_____,'INSERT','2041335','20413','廃止フラグ','Discard','discard',NULL,'1',350,NULL,NULL,NULL,NULL,'0',NULL,NULL,'DISUSE_FLAG',NULL,'1','1','1','0','1','0','0',NULL,NULL,NULL,NULL,'廃止フラグ。復活以外のオペレーションは不可','Discard flag. Cannot do operation other than restore.',NULL,'0',_____DATE_____,1);
INSERT INTO T_COMN_MENU_COLUMN_LINK (COLUMN_DEFINITION_ID,MENU_ID,COLUMN_NAME_JA,COLUMN_NAME_EN,COLUMN_NAME_REST,COL_GROUP_ID,COLUMN_CLASS,COLUMN_DISP_SEQ,REF_TABLE_NAME,REF_PKEY_NAME,REF_COL_NAME,REF_SORT_CONDITIONS,REF_MULTI_LANG,SENSITIVE_COL_NAME,FILE_UPLOAD_PLACE,COL_NAME,SAVE_TYPE,AUTO_INPUT,INPUT_ITEM,VIEW_ITEM,UNIQUE_ITEM,REQUIRED_ITEM,AUTOREG_HIDE_ITEM,AUTOREG_ONLY_ITEM,INITIAL_VALUE,VALIDATE_OPTION,BEFORE_VALIDATE_REGISTER,AFTER_VALIDATE_REGISTER,DESCRIPTION_JA,DESCRIPTION_EN,NOTE,DISUSE_FLAG,LAST_UPDATE_TIMESTAMP,LAST_UPDATE_USER) VALUES('2041336','20413','最終更新日時','Last update date/time','last_update_date_time',NULL,'13',360,NULL,NULL,NULL,NULL,'0',NULL,NULL,'LAST_UPDATE_TIMESTAMP',NULL,'1','1','1','0','1','0','0',NULL,NULL,NULL,NULL,'レコードの最終更新日。更新可否判定に使用。自動登録のため編集不可。','Last update date of record. Useful for judging the possibility of an update. Cannot edit because of auto-numbering.',NULL,'0',_____DATE_____,1);
INSERT INTO T_COMN_MENU_COLUMN_LINK_JNL (JOURNAL_SEQ_NO,JOURNAL_REG_DATETIME,JOURNAL_ACTION_CLASS,COLUMN_DEFINITION_ID,MENU_ID,COLUMN_NAME_JA,COLUMN_NAME_EN,COLUMN_NAME_REST,COL_GROUP_ID,COLUMN_CLASS,COLUMN_DISP_SEQ,REF_TABLE_NAME,REF_PKEY_NAME,REF_COL_NAME,REF_SORT_CONDITIONS,REF_MULTI_LANG,SENSITIVE_COL_NAME,FILE_UPLOAD_PLACE,COL_NAME,SAVE_TYPE,AUTO_INPUT,INPUT_ITEM,VIEW_ITEM,UNIQUE_ITEM,REQUIRED_ITEM,AUTOREG_HIDE_ITEM,AUTOREG_ONLY_ITEM,INITIAL_VALUE,VALIDATE_OPTION,BEFORE_VALIDATE_REGISTER,AFTER_VALIDATE_REGISTER,DESCRIPTION_JA,DESCRIPTION_EN,NOTE,DISUSE_FLAG,LAST_UPDATE_TIMESTAMP,LAST_UPDATE_USER) VALUES(2041336,_____DATE_____,'INSERT','2041336','20413','最終更新日時','Last update date/time','last_update_date_time',NULL,'13',360,NULL,NULL,NULL,NULL,'0',NULL,NULL,'LAST_UPDATE_TIMESTAMP',NULL,'1','1','1','0','1','0','0',NULL,NULL,NULL,NULL,'レコードの最終更新日。更新可否判定に使用。自動登録のため編集不可。','Last update date of record. Useful for judging the possibility of an update. Cannot edit because of auto-numbering.',NULL,'0',_____DATE_____,1);
INSERT INTO T_COMN_MENU_COLUMN_LINK (COLUMN_DEFINITION_ID,MENU_ID,COLUMN_NAME_JA,COLUMN_NAME_EN,COLUMN_NAME_REST,COL_GROUP_ID,COLUMN_CLASS,COLUMN_DISP_SEQ,REF_TABLE_NAME,REF_PKEY_NAME,REF_COL_NAME,REF_SORT_CONDITIONS,REF_MULTI_LANG,SENSITIVE_COL_NAME,FILE_UPLOAD_PLACE,COL_NAME,SAVE_TYPE,AUTO_INPUT,INPUT_ITEM,VIEW_ITEM,UNIQUE_ITEM,REQUIRED_ITEM,AUTOREG_HIDE_ITEM,AUTOREG_ONLY_ITEM,INITIAL_VALUE,VALIDATE_OPTION,BEFORE_VALIDATE_REGISTER,AFTER_VALIDATE_REGISTER,DESCRIPTION_JA,DESCRIPTION_EN,NOTE,DISUSE_FLAG,LAST_UPDATE_TIMESTAMP,LAST_UPDATE_USER) VALUES('2041337','20413','最終更新者','Last updated by','last_updated_user',NULL,'14',370,NULL,NULL,NULL,NULL,'0',NULL,NULL,'LAST_UPDATE_USER',NULL,'1','1','1','0','1','0','0',NULL,NULL,NULL,NULL,'更新者。ログインユーザのIDが自動的に登録される。編集不可。','Updated by. Login user ID is automatically registered. Cannot edit.',NULL,'0',_____DATE_____,1);
INSERT INTO T_COMN_MENU_COLUMN_LINK_JNL (JOURNAL_SEQ_NO,JOURNAL_REG_DATETIME,JOURNAL_ACTION_CLASS,COLUMN_DEFINITION_ID,MENU_ID,COLUMN_NAME_JA,COLUMN_NAME_EN,COLUMN_NAME_REST,COL_GROUP_ID,COLUMN_CLASS,COLUMN_DISP_SEQ,REF_TABLE_NAME,REF_PKEY_NAME,REF_COL_NAME,REF_SORT_CONDITIONS,REF_MULTI_LANG,SENSITIVE_COL_NAME,FILE_UPLOAD_PLACE,COL_NAME,SAVE_TYPE,AUTO_INPUT,INPUT_ITEM,VIEW_ITEM,UNIQUE_ITEM,REQUIRED_ITEM,AUTOREG_HIDE_ITEM,AUTOREG_ONLY_ITEM,INITIAL_VALUE,VALIDATE_OPTION,BEFORE_VALIDATE_REGISTER,AFTER_VALIDATE_REGISTER,DESCRIPTION_JA,DESCRIPTION_EN,NOTE,DISUSE_FLAG,LAST_UPDATE_TIMESTAMP,LAST_UPDATE_USER) VALUES(2041337,_____DATE_____,'INSERT','2041337','20413','最終更新者','Last updated by','last_updated_user',NULL,'14',370,NULL,NULL,NULL,NULL,'0',NULL,NULL,'LAST_UPDATE_USER',NULL,'1','1','1','0','1','0','0',NULL,NULL,NULL,NULL,'更新者。ログインユーザのIDが自動的に登録される。編集不可。','Updated by. Login user ID is automatically registered. Cannot edit.',NULL,'0',_____DATE_____,1);
INSERT INTO T_COMN_MENU_COLUMN_LINK (COLUMN_DEFINITION_ID,MENU_ID,COLUMN_NAME_JA,COLUMN_NAME_EN,COLUMN_NAME_REST,COL_GROUP_ID,COLUMN_CLASS,COLUMN_DISP_SEQ,REF_TABLE_NAME,REF_PKEY_NAME,REF_COL_NAME,REF_SORT_CONDITIONS,REF_MULTI_LANG,SENSITIVE_COL_NAME,FILE_UPLOAD_PLACE,COL_NAME,SAVE_TYPE,AUTO_INPUT,INPUT_ITEM,VIEW_ITEM,UNIQUE_ITEM,REQUIRED_ITEM,AUTOREG_HIDE_ITEM,AUTOREG_ONLY_ITEM,INITIAL_VALUE,VALIDATE_OPTION,BEFORE_VALIDATE_REGISTER,AFTER_VALIDATE_REGISTER,DESCRIPTION_JA,DESCRIPTION_EN,NOTE,DISUSE_FLAG,LAST_UPDATE_TIMESTAMP,LAST_UPDATE_USER) VALUES('2041401','20414','項番','Item No.','item_no',NULL,'1',10,NULL,NULL,NULL,NULL,'0',NULL,NULL,'ARRAY_MEMBER_ID',NULL,'1','1','1','1','1','0','0',NULL,NULL,NULL,NULL,'自動採番のため編集不可。実行処理種別が【登録】の場合、空白のみ可。','Cannot edit because of auto-numbering. Must be blank when execution process type is [Register].',NULL,'0',_____DATE_____,1);
INSERT INTO T_COMN_MENU_COLUMN_LINK_JNL (JOURNAL_SEQ_NO,JOURNAL_REG_DATETIME,JOURNAL_ACTION_CLASS,COLUMN_DEFINITION_ID,MENU_ID,COLUMN_NAME_JA,COLUMN_NAME_EN,COLUMN_NAME_REST,COL_GROUP_ID,COLUMN_CLASS,COLUMN_DISP_SEQ,REF_TABLE_NAME,REF_PKEY_NAME,REF_COL_NAME,REF_SORT_CONDITIONS,REF_MULTI_LANG,SENSITIVE_COL_NAME,FILE_UPLOAD_PLACE,COL_NAME,SAVE_TYPE,AUTO_INPUT,INPUT_ITEM,VIEW_ITEM,UNIQUE_ITEM,REQUIRED_ITEM,AUTOREG_HIDE_ITEM,AUTOREG_ONLY_ITEM,INITIAL_VALUE,VALIDATE_OPTION,BEFORE_VALIDATE_REGISTER,AFTER_VALIDATE_REGISTER,DESCRIPTION_JA,DESCRIPTION_EN,NOTE,DISUSE_FLAG,LAST_UPDATE_TIMESTAMP,LAST_UPDATE_USER) VALUES(2041401,_____DATE_____,'INSERT','2041401','20414','項番','Item No.','item_no',NULL,'1',10,NULL,NULL,NULL,NULL,'0',NULL,NULL,'ARRAY_MEMBER_ID',NULL,'1','1','1','1','1','0','0',NULL,NULL,NULL,NULL,'自動採番のため編集不可。実行処理種別が【登録】の場合、空白のみ可。','Cannot edit because of auto-numbering. Must be blank when execution process type is [Register].',NULL,'0',_____DATE_____,1);
INSERT INTO T_COMN_MENU_COLUMN_LINK (COLUMN_DEFINITION_ID,MENU_ID,COLUMN_NAME_JA,COLUMN_NAME_EN,COLUMN_NAME_REST,COL_GROUP_ID,COLUMN_CLASS,COLUMN_DISP_SEQ,REF_TABLE_NAME,REF_PKEY_NAME,REF_COL_NAME,REF_SORT_CONDITIONS,REF_MULTI_LANG,SENSITIVE_COL_NAME,FILE_UPLOAD_PLACE,COL_NAME,SAVE_TYPE,AUTO_INPUT,INPUT_ITEM,VIEW_ITEM,UNIQUE_ITEM,REQUIRED_ITEM,AUTOREG_HIDE_ITEM,AUTOREG_ONLY_ITEM,INITIAL_VALUE,VALIDATE_OPTION,BEFORE_VALIDATE_REGISTER,AFTER_VALIDATE_REGISTER,DESCRIPTION_JA,DESCRIPTION_EN,NOTE,DISUSE_FLAG,LAST_UPDATE_TIMESTAMP,LAST_UPDATE_USER) VALUES('2041402','20414','Movement ID','Movement ID','movement_id',NULL,'7',20,'V_ANSR_MOVEMENT','MOVEMENT_ID','MOVEMENT_ID',NULL,'0',NULL,NULL,'MOVEMENT_ID',NULL,'0','1','1','0','0','0','0',NULL,NULL,NULL,NULL,'yyy(元が空)',NULL,NULL,'0',_____DATE_____,1);
INSERT INTO T_COMN_MENU_COLUMN_LINK_JNL (JOURNAL_SEQ_NO,JOURNAL_REG_DATETIME,JOURNAL_ACTION_CLASS,COLUMN_DEFINITION_ID,MENU_ID,COLUMN_NAME_JA,COLUMN_NAME_EN,COLUMN_NAME_REST,COL_GROUP_ID,COLUMN_CLASS,COLUMN_DISP_SEQ,REF_TABLE_NAME,REF_PKEY_NAME,REF_COL_NAME,REF_SORT_CONDITIONS,REF_MULTI_LANG,SENSITIVE_COL_NAME,FILE_UPLOAD_PLACE,COL_NAME,SAVE_TYPE,AUTO_INPUT,INPUT_ITEM,VIEW_ITEM,UNIQUE_ITEM,REQUIRED_ITEM,AUTOREG_HIDE_ITEM,AUTOREG_ONLY_ITEM,INITIAL_VALUE,VALIDATE_OPTION,BEFORE_VALIDATE_REGISTER,AFTER_VALIDATE_REGISTER,DESCRIPTION_JA,DESCRIPTION_EN,NOTE,DISUSE_FLAG,LAST_UPDATE_TIMESTAMP,LAST_UPDATE_USER) VALUES(2041402,_____DATE_____,'INSERT','2041402','20414','Movement ID','Movement ID','movement_id',NULL,'7',20,'V_ANSR_MOVEMENT','MOVEMENT_ID','MOVEMENT_ID',NULL,'0',NULL,NULL,'MOVEMENT_ID',NULL,'0','1','1','0','0','0','0',NULL,NULL,NULL,NULL,'yyy(元が空)',NULL,NULL,'0',_____DATE_____,1);
INSERT INTO T_COMN_MENU_COLUMN_LINK (COLUMN_DEFINITION_ID,MENU_ID,COLUMN_NAME_JA,COLUMN_NAME_EN,COLUMN_NAME_REST,COL_GROUP_ID,COLUMN_CLASS,COLUMN_DISP_SEQ,REF_TABLE_NAME,REF_PKEY_NAME,REF_COL_NAME,REF_SORT_CONDITIONS,REF_MULTI_LANG,SENSITIVE_COL_NAME,FILE_UPLOAD_PLACE,COL_NAME,SAVE_TYPE,AUTO_INPUT,INPUT_ITEM,VIEW_ITEM,UNIQUE_ITEM,REQUIRED_ITEM,AUTOREG_HIDE_ITEM,AUTOREG_ONLY_ITEM,INITIAL_VALUE,VALIDATE_OPTION,BEFORE_VALIDATE_REGISTER,AFTER_VALIDATE_REGISTER,DESCRIPTION_JA,DESCRIPTION_EN,NOTE,DISUSE_FLAG,LAST_UPDATE_TIMESTAMP,LAST_UPDATE_USER) VALUES('2041403','20414','親変数名','Parent variable name','parent_variable_name',NULL,'7',30,'V_ANSR_PARENT_VARIABLE_NAME','MVMT_VAR_LINK_ID','VARS_NAME',NULL,'0',NULL,NULL,'MVMT_VAR_LINK_ID',NULL,'0','1','1','0','0','0','0',NULL,NULL,NULL,NULL,'yyy(元が空)',NULL,NULL,'0',_____DATE_____,1);
INSERT INTO T_COMN_MENU_COLUMN_LINK_JNL (JOURNAL_SEQ_NO,JOURNAL_REG_DATETIME,JOURNAL_ACTION_CLASS,COLUMN_DEFINITION_ID,MENU_ID,COLUMN_NAME_JA,COLUMN_NAME_EN,COLUMN_NAME_REST,COL_GROUP_ID,COLUMN_CLASS,COLUMN_DISP_SEQ,REF_TABLE_NAME,REF_PKEY_NAME,REF_COL_NAME,REF_SORT_CONDITIONS,REF_MULTI_LANG,SENSITIVE_COL_NAME,FILE_UPLOAD_PLACE,COL_NAME,SAVE_TYPE,AUTO_INPUT,INPUT_ITEM,VIEW_ITEM,UNIQUE_ITEM,REQUIRED_ITEM,AUTOREG_HIDE_ITEM,AUTOREG_ONLY_ITEM,INITIAL_VALUE,VALIDATE_OPTION,BEFORE_VALIDATE_REGISTER,AFTER_VALIDATE_REGISTER,DESCRIPTION_JA,DESCRIPTION_EN,NOTE,DISUSE_FLAG,LAST_UPDATE_TIMESTAMP,LAST_UPDATE_USER) VALUES(2041403,_____DATE_____,'INSERT','2041403','20414','親変数名','Parent variable name','parent_variable_name',NULL,'7',30,'V_ANSR_PARENT_VARIABLE_NAME','MVMT_VAR_LINK_ID','VARS_NAME',NULL,'0',NULL,NULL,'MVMT_VAR_LINK_ID',NULL,'0','1','1','0','0','0','0',NULL,NULL,NULL,NULL,'yyy(元が空)',NULL,NULL,'0',_____DATE_____,1);
INSERT INTO T_COMN_MENU_COLUMN_LINK (COLUMN_DEFINITION_ID,MENU_ID,COLUMN_NAME_JA,COLUMN_NAME_EN,COLUMN_NAME_REST,COL_GROUP_ID,COLUMN_CLASS,COLUMN_DISP_SEQ,REF_TABLE_NAME,REF_PKEY_NAME,REF_COL_NAME,REF_SORT_CONDITIONS,REF_MULTI_LANG,SENSITIVE_COL_NAME,FILE_UPLOAD_PLACE,COL_NAME,SAVE_TYPE,AUTO_INPUT,INPUT_ITEM,VIEW_ITEM,UNIQUE_ITEM,REQUIRED_ITEM,AUTOREG_HIDE_ITEM,AUTOREG_ONLY_ITEM,INITIAL_VALUE,VALIDATE_OPTION,BEFORE_VALIDATE_REGISTER,AFTER_VALIDATE_REGISTER,DESCRIPTION_JA,DESCRIPTION_EN,NOTE,DISUSE_FLAG,LAST_UPDATE_TIMESTAMP,LAST_UPDATE_USER) VALUES('2041404','20414','親メンバー変数へのキー','Key of parent member variable','key_of_parent_member_variable',NULL,'3',40,NULL,NULL,NULL,NULL,'0',NULL,NULL,'PARENT_VARS_KEY_ID',NULL,'0','1','1','0','0','0','0',NULL,NULL,NULL,NULL,'yyy(元が空)',NULL,NULL,'0',_____DATE_____,1);
INSERT INTO T_COMN_MENU_COLUMN_LINK_JNL (JOURNAL_SEQ_NO,JOURNAL_REG_DATETIME,JOURNAL_ACTION_CLASS,COLUMN_DEFINITION_ID,MENU_ID,COLUMN_NAME_JA,COLUMN_NAME_EN,COLUMN_NAME_REST,COL_GROUP_ID,COLUMN_CLASS,COLUMN_DISP_SEQ,REF_TABLE_NAME,REF_PKEY_NAME,REF_COL_NAME,REF_SORT_CONDITIONS,REF_MULTI_LANG,SENSITIVE_COL_NAME,FILE_UPLOAD_PLACE,COL_NAME,SAVE_TYPE,AUTO_INPUT,INPUT_ITEM,VIEW_ITEM,UNIQUE_ITEM,REQUIRED_ITEM,AUTOREG_HIDE_ITEM,AUTOREG_ONLY_ITEM,INITIAL_VALUE,VALIDATE_OPTION,BEFORE_VALIDATE_REGISTER,AFTER_VALIDATE_REGISTER,DESCRIPTION_JA,DESCRIPTION_EN,NOTE,DISUSE_FLAG,LAST_UPDATE_TIMESTAMP,LAST_UPDATE_USER) VALUES(2041404,_____DATE_____,'INSERT','2041404','20414','親メンバー変数へのキー','Key of parent member variable','key_of_parent_member_variable',NULL,'3',40,NULL,NULL,NULL,NULL,'0',NULL,NULL,'PARENT_VARS_KEY_ID',NULL,'0','1','1','0','0','0','0',NULL,NULL,NULL,NULL,'yyy(元が空)',NULL,NULL,'0',_____DATE_____,1);
INSERT INTO T_COMN_MENU_COLUMN_LINK (COLUMN_DEFINITION_ID,MENU_ID,COLUMN_NAME_JA,COLUMN_NAME_EN,COLUMN_NAME_REST,COL_GROUP_ID,COLUMN_CLASS,COLUMN_DISP_SEQ,REF_TABLE_NAME,REF_PKEY_NAME,REF_COL_NAME,REF_SORT_CONDITIONS,REF_MULTI_LANG,SENSITIVE_COL_NAME,FILE_UPLOAD_PLACE,COL_NAME,SAVE_TYPE,AUTO_INPUT,INPUT_ITEM,VIEW_ITEM,UNIQUE_ITEM,REQUIRED_ITEM,AUTOREG_HIDE_ITEM,AUTOREG_ONLY_ITEM,INITIAL_VALUE,VALIDATE_OPTION,BEFORE_VALIDATE_REGISTER,AFTER_VALIDATE_REGISTER,DESCRIPTION_JA,DESCRIPTION_EN,NOTE,DISUSE_FLAG,LAST_UPDATE_TIMESTAMP,LAST_UPDATE_USER) VALUES('2041405','20414','自メンバー変数のキー','Key of local member variable','key_of_local_member_variable',NULL,'3',50,NULL,NULL,NULL,NULL,'0',NULL,NULL,'VARS_KEY_ID',NULL,'0','1','1','0','0','0','0',NULL,NULL,NULL,NULL,'yyy(元が空)',NULL,NULL,'0',_____DATE_____,1);
INSERT INTO T_COMN_MENU_COLUMN_LINK_JNL (JOURNAL_SEQ_NO,JOURNAL_REG_DATETIME,JOURNAL_ACTION_CLASS,COLUMN_DEFINITION_ID,MENU_ID,COLUMN_NAME_JA,COLUMN_NAME_EN,COLUMN_NAME_REST,COL_GROUP_ID,COLUMN_CLASS,COLUMN_DISP_SEQ,REF_TABLE_NAME,REF_PKEY_NAME,REF_COL_NAME,REF_SORT_CONDITIONS,REF_MULTI_LANG,SENSITIVE_COL_NAME,FILE_UPLOAD_PLACE,COL_NAME,SAVE_TYPE,AUTO_INPUT,INPUT_ITEM,VIEW_ITEM,UNIQUE_ITEM,REQUIRED_ITEM,AUTOREG_HIDE_ITEM,AUTOREG_ONLY_ITEM,INITIAL_VALUE,VALIDATE_OPTION,BEFORE_VALIDATE_REGISTER,AFTER_VALIDATE_REGISTER,DESCRIPTION_JA,DESCRIPTION_EN,NOTE,DISUSE_FLAG,LAST_UPDATE_TIMESTAMP,LAST_UPDATE_USER) VALUES(2041405,_____DATE_____,'INSERT','2041405','20414','自メンバー変数のキー','Key of local member variable','key_of_local_member_variable',NULL,'3',50,NULL,NULL,NULL,NULL,'0',NULL,NULL,'VARS_KEY_ID',NULL,'0','1','1','0','0','0','0',NULL,NULL,NULL,NULL,'yyy(元が空)',NULL,NULL,'0',_____DATE_____,1);
INSERT INTO T_COMN_MENU_COLUMN_LINK (COLUMN_DEFINITION_ID,MENU_ID,COLUMN_NAME_JA,COLUMN_NAME_EN,COLUMN_NAME_REST,COL_GROUP_ID,COLUMN_CLASS,COLUMN_DISP_SEQ,REF_TABLE_NAME,REF_PKEY_NAME,REF_COL_NAME,REF_SORT_CONDITIONS,REF_MULTI_LANG,SENSITIVE_COL_NAME,FILE_UPLOAD_PLACE,COL_NAME,SAVE_TYPE,AUTO_INPUT,INPUT_ITEM,VIEW_ITEM,UNIQUE_ITEM,REQUIRED_ITEM,AUTOREG_HIDE_ITEM,AUTOREG_ONLY_ITEM,INITIAL_VALUE,VALIDATE_OPTION,BEFORE_VALIDATE_REGISTER,AFTER_VALIDATE_REGISTER,DESCRIPTION_JA,DESCRIPTION_EN,NOTE,DISUSE_FLAG,LAST_UPDATE_TIMESTAMP,LAST_UPDATE_USER) VALUES('2041406','20414','メンバー変数名','Member variable name','member_variable_name',NULL,'1',60,NULL,NULL,NULL,NULL,'0',NULL,NULL,'VARS_NAME',NULL,'0','1','1','0','0','0','0',NULL,NULL,NULL,NULL,'yyy(元が空)',NULL,NULL,'0',_____DATE_____,1);
INSERT INTO T_COMN_MENU_COLUMN_LINK_JNL (JOURNAL_SEQ_NO,JOURNAL_REG_DATETIME,JOURNAL_ACTION_CLASS,COLUMN_DEFINITION_ID,MENU_ID,COLUMN_NAME_JA,COLUMN_NAME_EN,COLUMN_NAME_REST,COL_GROUP_ID,COLUMN_CLASS,COLUMN_DISP_SEQ,REF_TABLE_NAME,REF_PKEY_NAME,REF_COL_NAME,REF_SORT_CONDITIONS,REF_MULTI_LANG,SENSITIVE_COL_NAME,FILE_UPLOAD_PLACE,COL_NAME,SAVE_TYPE,AUTO_INPUT,INPUT_ITEM,VIEW_ITEM,UNIQUE_ITEM,REQUIRED_ITEM,AUTOREG_HIDE_ITEM,AUTOREG_ONLY_ITEM,INITIAL_VALUE,VALIDATE_OPTION,BEFORE_VALIDATE_REGISTER,AFTER_VALIDATE_REGISTER,DESCRIPTION_JA,DESCRIPTION_EN,NOTE,DISUSE_FLAG,LAST_UPDATE_TIMESTAMP,LAST_UPDATE_USER) VALUES(2041406,_____DATE_____,'INSERT','2041406','20414','メンバー変数名','Member variable name','member_variable_name',NULL,'1',60,NULL,NULL,NULL,NULL,'0',NULL,NULL,'VARS_NAME',NULL,'0','1','1','0','0','0','0',NULL,NULL,NULL,NULL,'yyy(元が空)',NULL,NULL,'0',_____DATE_____,1);
INSERT INTO T_COMN_MENU_COLUMN_LINK (COLUMN_DEFINITION_ID,MENU_ID,COLUMN_NAME_JA,COLUMN_NAME_EN,COLUMN_NAME_REST,COL_GROUP_ID,COLUMN_CLASS,COLUMN_DISP_SEQ,REF_TABLE_NAME,REF_PKEY_NAME,REF_COL_NAME,REF_SORT_CONDITIONS,REF_MULTI_LANG,SENSITIVE_COL_NAME,FILE_UPLOAD_PLACE,COL_NAME,SAVE_TYPE,AUTO_INPUT,INPUT_ITEM,VIEW_ITEM,UNIQUE_ITEM,REQUIRED_ITEM,AUTOREG_HIDE_ITEM,AUTOREG_ONLY_ITEM,INITIAL_VALUE,VALIDATE_OPTION,BEFORE_VALIDATE_REGISTER,AFTER_VALIDATE_REGISTER,DESCRIPTION_JA,DESCRIPTION_EN,NOTE,DISUSE_FLAG,LAST_UPDATE_TIMESTAMP,LAST_UPDATE_USER) VALUES('2041407','20414','階層','Hierarchy','hierarchy',NULL,'3',70,NULL,NULL,NULL,NULL,'0',NULL,NULL,'ARRAY_NEST_LEVEL',NULL,'0','1','1','0','0','0','0',NULL,NULL,NULL,NULL,'yyy(元が空)',NULL,NULL,'0',_____DATE_____,1);
INSERT INTO T_COMN_MENU_COLUMN_LINK_JNL (JOURNAL_SEQ_NO,JOURNAL_REG_DATETIME,JOURNAL_ACTION_CLASS,COLUMN_DEFINITION_ID,MENU_ID,COLUMN_NAME_JA,COLUMN_NAME_EN,COLUMN_NAME_REST,COL_GROUP_ID,COLUMN_CLASS,COLUMN_DISP_SEQ,REF_TABLE_NAME,REF_PKEY_NAME,REF_COL_NAME,REF_SORT_CONDITIONS,REF_MULTI_LANG,SENSITIVE_COL_NAME,FILE_UPLOAD_PLACE,COL_NAME,SAVE_TYPE,AUTO_INPUT,INPUT_ITEM,VIEW_ITEM,UNIQUE_ITEM,REQUIRED_ITEM,AUTOREG_HIDE_ITEM,AUTOREG_ONLY_ITEM,INITIAL_VALUE,VALIDATE_OPTION,BEFORE_VALIDATE_REGISTER,AFTER_VALIDATE_REGISTER,DESCRIPTION_JA,DESCRIPTION_EN,NOTE,DISUSE_FLAG,LAST_UPDATE_TIMESTAMP,LAST_UPDATE_USER) VALUES(2041407,_____DATE_____,'INSERT','2041407','20414','階層','Hierarchy','hierarchy',NULL,'3',70,NULL,NULL,NULL,NULL,'0',NULL,NULL,'ARRAY_NEST_LEVEL',NULL,'0','1','1','0','0','0','0',NULL,NULL,NULL,NULL,'yyy(元が空)',NULL,NULL,'0',_____DATE_____,1);
INSERT INTO T_COMN_MENU_COLUMN_LINK (COLUMN_DEFINITION_ID,MENU_ID,COLUMN_NAME_JA,COLUMN_NAME_EN,COLUMN_NAME_REST,COL_GROUP_ID,COLUMN_CLASS,COLUMN_DISP_SEQ,REF_TABLE_NAME,REF_PKEY_NAME,REF_COL_NAME,REF_SORT_CONDITIONS,REF_MULTI_LANG,SENSITIVE_COL_NAME,FILE_UPLOAD_PLACE,COL_NAME,SAVE_TYPE,AUTO_INPUT,INPUT_ITEM,VIEW_ITEM,UNIQUE_ITEM,REQUIRED_ITEM,AUTOREG_HIDE_ITEM,AUTOREG_ONLY_ITEM,INITIAL_VALUE,VALIDATE_OPTION,BEFORE_VALIDATE_REGISTER,AFTER_VALIDATE_REGISTER,DESCRIPTION_JA,DESCRIPTION_EN,NOTE,DISUSE_FLAG,LAST_UPDATE_TIMESTAMP,LAST_UPDATE_USER) VALUES('2041408','20414','代入順序有無','Substitution order availability','substitution_order_availability',NULL,'3',80,NULL,NULL,NULL,NULL,'0',NULL,NULL,'ASSIGN_SEQ_NEED',NULL,'0','1','1','0','0','0','0',NULL,NULL,NULL,NULL,'yyy(元が空)',NULL,NULL,'0',_____DATE_____,1);
INSERT INTO T_COMN_MENU_COLUMN_LINK_JNL (JOURNAL_SEQ_NO,JOURNAL_REG_DATETIME,JOURNAL_ACTION_CLASS,COLUMN_DEFINITION_ID,MENU_ID,COLUMN_NAME_JA,COLUMN_NAME_EN,COLUMN_NAME_REST,COL_GROUP_ID,COLUMN_CLASS,COLUMN_DISP_SEQ,REF_TABLE_NAME,REF_PKEY_NAME,REF_COL_NAME,REF_SORT_CONDITIONS,REF_MULTI_LANG,SENSITIVE_COL_NAME,FILE_UPLOAD_PLACE,COL_NAME,SAVE_TYPE,AUTO_INPUT,INPUT_ITEM,VIEW_ITEM,UNIQUE_ITEM,REQUIRED_ITEM,AUTOREG_HIDE_ITEM,AUTOREG_ONLY_ITEM,INITIAL_VALUE,VALIDATE_OPTION,BEFORE_VALIDATE_REGISTER,AFTER_VALIDATE_REGISTER,DESCRIPTION_JA,DESCRIPTION_EN,NOTE,DISUSE_FLAG,LAST_UPDATE_TIMESTAMP,LAST_UPDATE_USER) VALUES(2041408,_____DATE_____,'INSERT','2041408','20414','代入順序有無','Substitution order availability','substitution_order_availability',NULL,'3',80,NULL,NULL,NULL,NULL,'0',NULL,NULL,'ASSIGN_SEQ_NEED',NULL,'0','1','1','0','0','0','0',NULL,NULL,NULL,NULL,'yyy(元が空)',NULL,NULL,'0',_____DATE_____,1);
INSERT INTO T_COMN_MENU_COLUMN_LINK (COLUMN_DEFINITION_ID,MENU_ID,COLUMN_NAME_JA,COLUMN_NAME_EN,COLUMN_NAME_REST,COL_GROUP_ID,COLUMN_CLASS,COLUMN_DISP_SEQ,REF_TABLE_NAME,REF_PKEY_NAME,REF_COL_NAME,REF_SORT_CONDITIONS,REF_MULTI_LANG,SENSITIVE_COL_NAME,FILE_UPLOAD_PLACE,COL_NAME,SAVE_TYPE,AUTO_INPUT,INPUT_ITEM,VIEW_ITEM,UNIQUE_ITEM,REQUIRED_ITEM,AUTOREG_HIDE_ITEM,AUTOREG_ONLY_ITEM,INITIAL_VALUE,VALIDATE_OPTION,BEFORE_VALIDATE_REGISTER,AFTER_VALIDATE_REGISTER,DESCRIPTION_JA,DESCRIPTION_EN,NOTE,DISUSE_FLAG,LAST_UPDATE_TIMESTAMP,LAST_UPDATE_USER) VALUES('2041409','20414','列順序有無','Column order availability','column_order_availability',NULL,'3',90,NULL,NULL,NULL,NULL,'0',NULL,NULL,'COL_SEQ_NEED',NULL,'0','1','1','0','0','0','0',NULL,NULL,NULL,NULL,'yyy(元が空)',NULL,NULL,'0',_____DATE_____,1);
INSERT INTO T_COMN_MENU_COLUMN_LINK_JNL (JOURNAL_SEQ_NO,JOURNAL_REG_DATETIME,JOURNAL_ACTION_CLASS,COLUMN_DEFINITION_ID,MENU_ID,COLUMN_NAME_JA,COLUMN_NAME_EN,COLUMN_NAME_REST,COL_GROUP_ID,COLUMN_CLASS,COLUMN_DISP_SEQ,REF_TABLE_NAME,REF_PKEY_NAME,REF_COL_NAME,REF_SORT_CONDITIONS,REF_MULTI_LANG,SENSITIVE_COL_NAME,FILE_UPLOAD_PLACE,COL_NAME,SAVE_TYPE,AUTO_INPUT,INPUT_ITEM,VIEW_ITEM,UNIQUE_ITEM,REQUIRED_ITEM,AUTOREG_HIDE_ITEM,AUTOREG_ONLY_ITEM,INITIAL_VALUE,VALIDATE_OPTION,BEFORE_VALIDATE_REGISTER,AFTER_VALIDATE_REGISTER,DESCRIPTION_JA,DESCRIPTION_EN,NOTE,DISUSE_FLAG,LAST_UPDATE_TIMESTAMP,LAST_UPDATE_USER) VALUES(2041409,_____DATE_____,'INSERT','2041409','20414','列順序有無','Column order availability','column_order_availability',NULL,'3',90,NULL,NULL,NULL,NULL,'0',NULL,NULL,'COL_SEQ_NEED',NULL,'0','1','1','0','0','0','0',NULL,NULL,NULL,NULL,'yyy(元が空)',NULL,NULL,'0',_____DATE_____,1);
INSERT INTO T_COMN_MENU_COLUMN_LINK (COLUMN_DEFINITION_ID,MENU_ID,COLUMN_NAME_JA,COLUMN_NAME_EN,COLUMN_NAME_REST,COL_GROUP_ID,COLUMN_CLASS,COLUMN_DISP_SEQ,REF_TABLE_NAME,REF_PKEY_NAME,REF_COL_NAME,REF_SORT_CONDITIONS,REF_MULTI_LANG,SENSITIVE_COL_NAME,FILE_UPLOAD_PLACE,COL_NAME,SAVE_TYPE,AUTO_INPUT,INPUT_ITEM,VIEW_ITEM,UNIQUE_ITEM,REQUIRED_ITEM,AUTOREG_HIDE_ITEM,AUTOREG_ONLY_ITEM,INITIAL_VALUE,VALIDATE_OPTION,BEFORE_VALIDATE_REGISTER,AFTER_VALIDATE_REGISTER,DESCRIPTION_JA,DESCRIPTION_EN,NOTE,DISUSE_FLAG,LAST_UPDATE_TIMESTAMP,LAST_UPDATE_USER) VALUES('2041410','20414','代入値管理系の表示有無','Display availability of substitution value list system','display_availability_of _substitution_value_list_system',NULL,'3',100,NULL,NULL,NULL,NULL,'0',NULL,NULL,'MEMBER_DISP',NULL,'0','1','1','0','0','0','0',NULL,NULL,NULL,NULL,'yyy(元が空)',NULL,NULL,'0',_____DATE_____,1);
INSERT INTO T_COMN_MENU_COLUMN_LINK_JNL (JOURNAL_SEQ_NO,JOURNAL_REG_DATETIME,JOURNAL_ACTION_CLASS,COLUMN_DEFINITION_ID,MENU_ID,COLUMN_NAME_JA,COLUMN_NAME_EN,COLUMN_NAME_REST,COL_GROUP_ID,COLUMN_CLASS,COLUMN_DISP_SEQ,REF_TABLE_NAME,REF_PKEY_NAME,REF_COL_NAME,REF_SORT_CONDITIONS,REF_MULTI_LANG,SENSITIVE_COL_NAME,FILE_UPLOAD_PLACE,COL_NAME,SAVE_TYPE,AUTO_INPUT,INPUT_ITEM,VIEW_ITEM,UNIQUE_ITEM,REQUIRED_ITEM,AUTOREG_HIDE_ITEM,AUTOREG_ONLY_ITEM,INITIAL_VALUE,VALIDATE_OPTION,BEFORE_VALIDATE_REGISTER,AFTER_VALIDATE_REGISTER,DESCRIPTION_JA,DESCRIPTION_EN,NOTE,DISUSE_FLAG,LAST_UPDATE_TIMESTAMP,LAST_UPDATE_USER) VALUES(2041410,_____DATE_____,'INSERT','2041410','20414','代入値管理系の表示有無','Display availability of substitution value list system','display_availability_of _substitution_value_list_system',NULL,'3',100,NULL,NULL,NULL,NULL,'0',NULL,NULL,'MEMBER_DISP',NULL,'0','1','1','0','0','0','0',NULL,NULL,NULL,NULL,'yyy(元が空)',NULL,NULL,'0',_____DATE_____,1);
INSERT INTO T_COMN_MENU_COLUMN_LINK (COLUMN_DEFINITION_ID,MENU_ID,COLUMN_NAME_JA,COLUMN_NAME_EN,COLUMN_NAME_REST,COL_GROUP_ID,COLUMN_CLASS,COLUMN_DISP_SEQ,REF_TABLE_NAME,REF_PKEY_NAME,REF_COL_NAME,REF_SORT_CONDITIONS,REF_MULTI_LANG,SENSITIVE_COL_NAME,FILE_UPLOAD_PLACE,COL_NAME,SAVE_TYPE,AUTO_INPUT,INPUT_ITEM,VIEW_ITEM,UNIQUE_ITEM,REQUIRED_ITEM,AUTOREG_HIDE_ITEM,AUTOREG_ONLY_ITEM,INITIAL_VALUE,VALIDATE_OPTION,BEFORE_VALIDATE_REGISTER,AFTER_VALIDATE_REGISTER,DESCRIPTION_JA,DESCRIPTION_EN,NOTE,DISUSE_FLAG,LAST_UPDATE_TIMESTAMP,LAST_UPDATE_USER) VALUES('2041411','20414','最大繰返数','Maximum iteration count','maximum_iteration_count',NULL,'3',110,NULL,NULL,NULL,NULL,'0',NULL,NULL,'MAX_COL_SEQ',NULL,'0','1','1','0','0','0','0',NULL,NULL,NULL,NULL,'yyy(元が空)',NULL,NULL,'0',_____DATE_____,1);
INSERT INTO T_COMN_MENU_COLUMN_LINK_JNL (JOURNAL_SEQ_NO,JOURNAL_REG_DATETIME,JOURNAL_ACTION_CLASS,COLUMN_DEFINITION_ID,MENU_ID,COLUMN_NAME_JA,COLUMN_NAME_EN,COLUMN_NAME_REST,COL_GROUP_ID,COLUMN_CLASS,COLUMN_DISP_SEQ,REF_TABLE_NAME,REF_PKEY_NAME,REF_COL_NAME,REF_SORT_CONDITIONS,REF_MULTI_LANG,SENSITIVE_COL_NAME,FILE_UPLOAD_PLACE,COL_NAME,SAVE_TYPE,AUTO_INPUT,INPUT_ITEM,VIEW_ITEM,UNIQUE_ITEM,REQUIRED_ITEM,AUTOREG_HIDE_ITEM,AUTOREG_ONLY_ITEM,INITIAL_VALUE,VALIDATE_OPTION,BEFORE_VALIDATE_REGISTER,AFTER_VALIDATE_REGISTER,DESCRIPTION_JA,DESCRIPTION_EN,NOTE,DISUSE_FLAG,LAST_UPDATE_TIMESTAMP,LAST_UPDATE_USER) VALUES(2041411,_____DATE_____,'INSERT','2041411','20414','最大繰返数','Maximum iteration count','maximum_iteration_count',NULL,'3',110,NULL,NULL,NULL,NULL,'0',NULL,NULL,'MAX_COL_SEQ',NULL,'0','1','1','0','0','0','0',NULL,NULL,NULL,NULL,'yyy(元が空)',NULL,NULL,'0',_____DATE_____,1);
INSERT INTO T_COMN_MENU_COLUMN_LINK (COLUMN_DEFINITION_ID,MENU_ID,COLUMN_NAME_JA,COLUMN_NAME_EN,COLUMN_NAME_REST,COL_GROUP_ID,COLUMN_CLASS,COLUMN_DISP_SEQ,REF_TABLE_NAME,REF_PKEY_NAME,REF_COL_NAME,REF_SORT_CONDITIONS,REF_MULTI_LANG,SENSITIVE_COL_NAME,FILE_UPLOAD_PLACE,COL_NAME,SAVE_TYPE,AUTO_INPUT,INPUT_ITEM,VIEW_ITEM,UNIQUE_ITEM,REQUIRED_ITEM,AUTOREG_HIDE_ITEM,AUTOREG_ONLY_ITEM,INITIAL_VALUE,VALIDATE_OPTION,BEFORE_VALIDATE_REGISTER,AFTER_VALIDATE_REGISTER,DESCRIPTION_JA,DESCRIPTION_EN,NOTE,DISUSE_FLAG,LAST_UPDATE_TIMESTAMP,LAST_UPDATE_USER) VALUES('2041412','20414','メンバー変数の階層パス','Hierarchical path of member variable','hierarchical_path_of_member_ variable',NULL,'1',120,NULL,NULL,NULL,NULL,'0',NULL,NULL,'VRAS_NAME_PATH',NULL,'0','1','1','0','0','0','0',NULL,NULL,NULL,NULL,'yyy(元が空)',NULL,NULL,'0',_____DATE_____,1);
INSERT INTO T_COMN_MENU_COLUMN_LINK_JNL (JOURNAL_SEQ_NO,JOURNAL_REG_DATETIME,JOURNAL_ACTION_CLASS,COLUMN_DEFINITION_ID,MENU_ID,COLUMN_NAME_JA,COLUMN_NAME_EN,COLUMN_NAME_REST,COL_GROUP_ID,COLUMN_CLASS,COLUMN_DISP_SEQ,REF_TABLE_NAME,REF_PKEY_NAME,REF_COL_NAME,REF_SORT_CONDITIONS,REF_MULTI_LANG,SENSITIVE_COL_NAME,FILE_UPLOAD_PLACE,COL_NAME,SAVE_TYPE,AUTO_INPUT,INPUT_ITEM,VIEW_ITEM,UNIQUE_ITEM,REQUIRED_ITEM,AUTOREG_HIDE_ITEM,AUTOREG_ONLY_ITEM,INITIAL_VALUE,VALIDATE_OPTION,BEFORE_VALIDATE_REGISTER,AFTER_VALIDATE_REGISTER,DESCRIPTION_JA,DESCRIPTION_EN,NOTE,DISUSE_FLAG,LAST_UPDATE_TIMESTAMP,LAST_UPDATE_USER) VALUES(2041412,_____DATE_____,'INSERT','2041412','20414','メンバー変数の階層パス','Hierarchical path of member variable','hierarchical_path_of_member_ variable',NULL,'1',120,NULL,NULL,NULL,NULL,'0',NULL,NULL,'VRAS_NAME_PATH',NULL,'0','1','1','0','0','0','0',NULL,NULL,NULL,NULL,'yyy(元が空)',NULL,NULL,'0',_____DATE_____,1);
INSERT INTO T_COMN_MENU_COLUMN_LINK (COLUMN_DEFINITION_ID,MENU_ID,COLUMN_NAME_JA,COLUMN_NAME_EN,COLUMN_NAME_REST,COL_GROUP_ID,COLUMN_CLASS,COLUMN_DISP_SEQ,REF_TABLE_NAME,REF_PKEY_NAME,REF_COL_NAME,REF_SORT_CONDITIONS,REF_MULTI_LANG,SENSITIVE_COL_NAME,FILE_UPLOAD_PLACE,COL_NAME,SAVE_TYPE,AUTO_INPUT,INPUT_ITEM,VIEW_ITEM,UNIQUE_ITEM,REQUIRED_ITEM,AUTOREG_HIDE_ITEM,AUTOREG_ONLY_ITEM,INITIAL_VALUE,VALIDATE_OPTION,BEFORE_VALIDATE_REGISTER,AFTER_VALIDATE_REGISTER,DESCRIPTION_JA,DESCRIPTION_EN,NOTE,DISUSE_FLAG,LAST_UPDATE_TIMESTAMP,LAST_UPDATE_USER) VALUES('2041413','20414','代入値管理系の表示メンバー変数名','Display member variable name of substitution value list system','display_member_variable_name_of_substitution_value_list_system',NULL,'1',130,NULL,NULL,NULL,NULL,'0',NULL,NULL,'VRAS_NAME_ALIAS',NULL,'0','1','1','0','0','0','0',NULL,NULL,NULL,NULL,'yyy(元が空)',NULL,NULL,'0',_____DATE_____,1);
INSERT INTO T_COMN_MENU_COLUMN_LINK_JNL (JOURNAL_SEQ_NO,JOURNAL_REG_DATETIME,JOURNAL_ACTION_CLASS,COLUMN_DEFINITION_ID,MENU_ID,COLUMN_NAME_JA,COLUMN_NAME_EN,COLUMN_NAME_REST,COL_GROUP_ID,COLUMN_CLASS,COLUMN_DISP_SEQ,REF_TABLE_NAME,REF_PKEY_NAME,REF_COL_NAME,REF_SORT_CONDITIONS,REF_MULTI_LANG,SENSITIVE_COL_NAME,FILE_UPLOAD_PLACE,COL_NAME,SAVE_TYPE,AUTO_INPUT,INPUT_ITEM,VIEW_ITEM,UNIQUE_ITEM,REQUIRED_ITEM,AUTOREG_HIDE_ITEM,AUTOREG_ONLY_ITEM,INITIAL_VALUE,VALIDATE_OPTION,BEFORE_VALIDATE_REGISTER,AFTER_VALIDATE_REGISTER,DESCRIPTION_JA,DESCRIPTION_EN,NOTE,DISUSE_FLAG,LAST_UPDATE_TIMESTAMP,LAST_UPDATE_USER) VALUES(2041413,_____DATE_____,'INSERT','2041413','20414','代入値管理系の表示メンバー変数名','Display member variable name of substitution value list system','display_member_variable_name_of_substitution_value_list_system',NULL,'1',130,NULL,NULL,NULL,NULL,'0',NULL,NULL,'VRAS_NAME_ALIAS',NULL,'0','1','1','0','0','0','0',NULL,NULL,NULL,NULL,'yyy(元が空)',NULL,NULL,'0',_____DATE_____,1);
INSERT INTO T_COMN_MENU_COLUMN_LINK (COLUMN_DEFINITION_ID,MENU_ID,COLUMN_NAME_JA,COLUMN_NAME_EN,COLUMN_NAME_REST,COL_GROUP_ID,COLUMN_CLASS,COLUMN_DISP_SEQ,REF_TABLE_NAME,REF_PKEY_NAME,REF_COL_NAME,REF_SORT_CONDITIONS,REF_MULTI_LANG,SENSITIVE_COL_NAME,FILE_UPLOAD_PLACE,COL_NAME,SAVE_TYPE,AUTO_INPUT,INPUT_ITEM,VIEW_ITEM,UNIQUE_ITEM,REQUIRED_ITEM,AUTOREG_HIDE_ITEM,AUTOREG_ONLY_ITEM,INITIAL_VALUE,VALIDATE_OPTION,BEFORE_VALIDATE_REGISTER,AFTER_VALIDATE_REGISTER,DESCRIPTION_JA,DESCRIPTION_EN,NOTE,DISUSE_FLAG,LAST_UPDATE_TIMESTAMP,LAST_UPDATE_USER) VALUES('2041414','20414','備考','Remarks','remarks',NULL,'12',140,NULL,NULL,NULL,NULL,'0',NULL,NULL,'NOTE',NULL,'0','1','1','0','0','0','0',NULL,'{
"min_length": 0,
"max_length": 4000
}',NULL,NULL,'自由記述欄。レコードの廃止・復活時にも記載可能。','Comments section. Can comment when removing or restoring records.',NULL,'0',_____DATE_____,1);
INSERT INTO T_COMN_MENU_COLUMN_LINK_JNL (JOURNAL_SEQ_NO,JOURNAL_REG_DATETIME,JOURNAL_ACTION_CLASS,COLUMN_DEFINITION_ID,MENU_ID,COLUMN_NAME_JA,COLUMN_NAME_EN,COLUMN_NAME_REST,COL_GROUP_ID,COLUMN_CLASS,COLUMN_DISP_SEQ,REF_TABLE_NAME,REF_PKEY_NAME,REF_COL_NAME,REF_SORT_CONDITIONS,REF_MULTI_LANG,SENSITIVE_COL_NAME,FILE_UPLOAD_PLACE,COL_NAME,SAVE_TYPE,AUTO_INPUT,INPUT_ITEM,VIEW_ITEM,UNIQUE_ITEM,REQUIRED_ITEM,AUTOREG_HIDE_ITEM,AUTOREG_ONLY_ITEM,INITIAL_VALUE,VALIDATE_OPTION,BEFORE_VALIDATE_REGISTER,AFTER_VALIDATE_REGISTER,DESCRIPTION_JA,DESCRIPTION_EN,NOTE,DISUSE_FLAG,LAST_UPDATE_TIMESTAMP,LAST_UPDATE_USER) VALUES(2041414,_____DATE_____,'INSERT','2041414','20414','備考','Remarks','remarks',NULL,'12',140,NULL,NULL,NULL,NULL,'0',NULL,NULL,'NOTE',NULL,'0','1','1','0','0','0','0',NULL,'{
"min_length": 0,
"max_length": 4000
}',NULL,NULL,'自由記述欄。レコードの廃止・復活時にも記載可能。','Comments section. Can comment when removing or restoring records.',NULL,'0',_____DATE_____,1);
INSERT INTO T_COMN_MENU_COLUMN_LINK (COLUMN_DEFINITION_ID,MENU_ID,COLUMN_NAME_JA,COLUMN_NAME_EN,COLUMN_NAME_REST,COL_GROUP_ID,COLUMN_CLASS,COLUMN_DISP_SEQ,REF_TABLE_NAME,REF_PKEY_NAME,REF_COL_NAME,REF_SORT_CONDITIONS,REF_MULTI_LANG,SENSITIVE_COL_NAME,FILE_UPLOAD_PLACE,COL_NAME,SAVE_TYPE,AUTO_INPUT,INPUT_ITEM,VIEW_ITEM,UNIQUE_ITEM,REQUIRED_ITEM,AUTOREG_HIDE_ITEM,AUTOREG_ONLY_ITEM,INITIAL_VALUE,VALIDATE_OPTION,BEFORE_VALIDATE_REGISTER,AFTER_VALIDATE_REGISTER,DESCRIPTION_JA,DESCRIPTION_EN,NOTE,DISUSE_FLAG,LAST_UPDATE_TIMESTAMP,LAST_UPDATE_USER) VALUES('2041415','20414','廃止フラグ','Discard','discard',NULL,'1',150,NULL,NULL,NULL,NULL,'0',NULL,NULL,'DISUSE_FLAG',NULL,'1','1','1','0','1','0','0',NULL,NULL,NULL,NULL,'廃止フラグ。復活以外のオペレーションは不可','Discard flag. Cannot do operation other than restore.',NULL,'0',_____DATE_____,1);
INSERT INTO T_COMN_MENU_COLUMN_LINK_JNL (JOURNAL_SEQ_NO,JOURNAL_REG_DATETIME,JOURNAL_ACTION_CLASS,COLUMN_DEFINITION_ID,MENU_ID,COLUMN_NAME_JA,COLUMN_NAME_EN,COLUMN_NAME_REST,COL_GROUP_ID,COLUMN_CLASS,COLUMN_DISP_SEQ,REF_TABLE_NAME,REF_PKEY_NAME,REF_COL_NAME,REF_SORT_CONDITIONS,REF_MULTI_LANG,SENSITIVE_COL_NAME,FILE_UPLOAD_PLACE,COL_NAME,SAVE_TYPE,AUTO_INPUT,INPUT_ITEM,VIEW_ITEM,UNIQUE_ITEM,REQUIRED_ITEM,AUTOREG_HIDE_ITEM,AUTOREG_ONLY_ITEM,INITIAL_VALUE,VALIDATE_OPTION,BEFORE_VALIDATE_REGISTER,AFTER_VALIDATE_REGISTER,DESCRIPTION_JA,DESCRIPTION_EN,NOTE,DISUSE_FLAG,LAST_UPDATE_TIMESTAMP,LAST_UPDATE_USER) VALUES(2041415,_____DATE_____,'INSERT','2041415','20414','廃止フラグ','Discard','discard',NULL,'1',150,NULL,NULL,NULL,NULL,'0',NULL,NULL,'DISUSE_FLAG',NULL,'1','1','1','0','1','0','0',NULL,NULL,NULL,NULL,'廃止フラグ。復活以外のオペレーションは不可','Discard flag. Cannot do operation other than restore.',NULL,'0',_____DATE_____,1);
INSERT INTO T_COMN_MENU_COLUMN_LINK (COLUMN_DEFINITION_ID,MENU_ID,COLUMN_NAME_JA,COLUMN_NAME_EN,COLUMN_NAME_REST,COL_GROUP_ID,COLUMN_CLASS,COLUMN_DISP_SEQ,REF_TABLE_NAME,REF_PKEY_NAME,REF_COL_NAME,REF_SORT_CONDITIONS,REF_MULTI_LANG,SENSITIVE_COL_NAME,FILE_UPLOAD_PLACE,COL_NAME,SAVE_TYPE,AUTO_INPUT,INPUT_ITEM,VIEW_ITEM,UNIQUE_ITEM,REQUIRED_ITEM,AUTOREG_HIDE_ITEM,AUTOREG_ONLY_ITEM,INITIAL_VALUE,VALIDATE_OPTION,BEFORE_VALIDATE_REGISTER,AFTER_VALIDATE_REGISTER,DESCRIPTION_JA,DESCRIPTION_EN,NOTE,DISUSE_FLAG,LAST_UPDATE_TIMESTAMP,LAST_UPDATE_USER) VALUES('2041416','20414','最終更新日時','Last update date/time','last_update_date_time',NULL,'13',160,NULL,NULL,NULL,NULL,'0',NULL,NULL,'LAST_UPDATE_TIMESTAMP',NULL,'1','1','1','0','1','0','0',NULL,NULL,NULL,NULL,'レコードの最終更新日。更新可否判定に使用。自動登録のため編集不可。','Last update date of record. Useful for judging the possibility of an update. Cannot edit because of auto-numbering.',NULL,'0',_____DATE_____,1);
INSERT INTO T_COMN_MENU_COLUMN_LINK_JNL (JOURNAL_SEQ_NO,JOURNAL_REG_DATETIME,JOURNAL_ACTION_CLASS,COLUMN_DEFINITION_ID,MENU_ID,COLUMN_NAME_JA,COLUMN_NAME_EN,COLUMN_NAME_REST,COL_GROUP_ID,COLUMN_CLASS,COLUMN_DISP_SEQ,REF_TABLE_NAME,REF_PKEY_NAME,REF_COL_NAME,REF_SORT_CONDITIONS,REF_MULTI_LANG,SENSITIVE_COL_NAME,FILE_UPLOAD_PLACE,COL_NAME,SAVE_TYPE,AUTO_INPUT,INPUT_ITEM,VIEW_ITEM,UNIQUE_ITEM,REQUIRED_ITEM,AUTOREG_HIDE_ITEM,AUTOREG_ONLY_ITEM,INITIAL_VALUE,VALIDATE_OPTION,BEFORE_VALIDATE_REGISTER,AFTER_VALIDATE_REGISTER,DESCRIPTION_JA,DESCRIPTION_EN,NOTE,DISUSE_FLAG,LAST_UPDATE_TIMESTAMP,LAST_UPDATE_USER) VALUES(2041416,_____DATE_____,'INSERT','2041416','20414','最終更新日時','Last update date/time','last_update_date_time',NULL,'13',160,NULL,NULL,NULL,NULL,'0',NULL,NULL,'LAST_UPDATE_TIMESTAMP',NULL,'1','1','1','0','1','0','0',NULL,NULL,NULL,NULL,'レコードの最終更新日。更新可否判定に使用。自動登録のため編集不可。','Last update date of record. Useful for judging the possibility of an update. Cannot edit because of auto-numbering.',NULL,'0',_____DATE_____,1);
INSERT INTO T_COMN_MENU_COLUMN_LINK (COLUMN_DEFINITION_ID,MENU_ID,COLUMN_NAME_JA,COLUMN_NAME_EN,COLUMN_NAME_REST,COL_GROUP_ID,COLUMN_CLASS,COLUMN_DISP_SEQ,REF_TABLE_NAME,REF_PKEY_NAME,REF_COL_NAME,REF_SORT_CONDITIONS,REF_MULTI_LANG,SENSITIVE_COL_NAME,FILE_UPLOAD_PLACE,COL_NAME,SAVE_TYPE,AUTO_INPUT,INPUT_ITEM,VIEW_ITEM,UNIQUE_ITEM,REQUIRED_ITEM,AUTOREG_HIDE_ITEM,AUTOREG_ONLY_ITEM,INITIAL_VALUE,VALIDATE_OPTION,BEFORE_VALIDATE_REGISTER,AFTER_VALIDATE_REGISTER,DESCRIPTION_JA,DESCRIPTION_EN,NOTE,DISUSE_FLAG,LAST_UPDATE_TIMESTAMP,LAST_UPDATE_USER) VALUES('2041417','20414','最終更新者','Last updated by','last_updated_user',NULL,'14',170,NULL,NULL,NULL,NULL,'0',NULL,NULL,'LAST_UPDATE_USER',NULL,'1','1','1','0','1','0','0',NULL,NULL,NULL,NULL,'更新者。ログインユーザのIDが自動的に登録される。編集不可。','Updated by. Login user ID is automatically registered. Cannot edit.',NULL,'0',_____DATE_____,1);
INSERT INTO T_COMN_MENU_COLUMN_LINK_JNL (JOURNAL_SEQ_NO,JOURNAL_REG_DATETIME,JOURNAL_ACTION_CLASS,COLUMN_DEFINITION_ID,MENU_ID,COLUMN_NAME_JA,COLUMN_NAME_EN,COLUMN_NAME_REST,COL_GROUP_ID,COLUMN_CLASS,COLUMN_DISP_SEQ,REF_TABLE_NAME,REF_PKEY_NAME,REF_COL_NAME,REF_SORT_CONDITIONS,REF_MULTI_LANG,SENSITIVE_COL_NAME,FILE_UPLOAD_PLACE,COL_NAME,SAVE_TYPE,AUTO_INPUT,INPUT_ITEM,VIEW_ITEM,UNIQUE_ITEM,REQUIRED_ITEM,AUTOREG_HIDE_ITEM,AUTOREG_ONLY_ITEM,INITIAL_VALUE,VALIDATE_OPTION,BEFORE_VALIDATE_REGISTER,AFTER_VALIDATE_REGISTER,DESCRIPTION_JA,DESCRIPTION_EN,NOTE,DISUSE_FLAG,LAST_UPDATE_TIMESTAMP,LAST_UPDATE_USER) VALUES(2041417,_____DATE_____,'INSERT','2041417','20414','最終更新者','Last updated by','last_updated_user',NULL,'14',170,NULL,NULL,NULL,NULL,'0',NULL,NULL,'LAST_UPDATE_USER',NULL,'1','1','1','0','1','0','0',NULL,NULL,NULL,NULL,'更新者。ログインユーザのIDが自動的に登録される。編集不可。','Updated by. Login user ID is automatically registered. Cannot edit.',NULL,'0',_____DATE_____,1);
INSERT INTO T_COMN_MENU_COLUMN_LINK (COLUMN_DEFINITION_ID,MENU_ID,COLUMN_NAME_JA,COLUMN_NAME_EN,COLUMN_NAME_REST,COL_GROUP_ID,COLUMN_CLASS,COLUMN_DISP_SEQ,REF_TABLE_NAME,REF_PKEY_NAME,REF_COL_NAME,REF_SORT_CONDITIONS,REF_MULTI_LANG,SENSITIVE_COL_NAME,FILE_UPLOAD_PLACE,COL_NAME,SAVE_TYPE,AUTO_INPUT,INPUT_ITEM,VIEW_ITEM,UNIQUE_ITEM,REQUIRED_ITEM,AUTOREG_HIDE_ITEM,AUTOREG_ONLY_ITEM,INITIAL_VALUE,VALIDATE_OPTION,BEFORE_VALIDATE_REGISTER,AFTER_VALIDATE_REGISTER,DESCRIPTION_JA,DESCRIPTION_EN,NOTE,DISUSE_FLAG,LAST_UPDATE_TIMESTAMP,LAST_UPDATE_USER) VALUES('2041501','20415','項番','Item No.','item_no',NULL,'1',10,NULL,NULL,NULL,NULL,'0',NULL,NULL,'COL_SEQ_COMBINATION_ID',NULL,'1','1','1','1','1','0','0',NULL,NULL,NULL,NULL,'自動採番のため編集不可。実行処理種別が【登録】の場合、空白のみ可。','Cannot edit because of auto-numbering. Must be blank when execution process type is [Register].',NULL,'0',_____DATE_____,1);
INSERT INTO T_COMN_MENU_COLUMN_LINK_JNL (JOURNAL_SEQ_NO,JOURNAL_REG_DATETIME,JOURNAL_ACTION_CLASS,COLUMN_DEFINITION_ID,MENU_ID,COLUMN_NAME_JA,COLUMN_NAME_EN,COLUMN_NAME_REST,COL_GROUP_ID,COLUMN_CLASS,COLUMN_DISP_SEQ,REF_TABLE_NAME,REF_PKEY_NAME,REF_COL_NAME,REF_SORT_CONDITIONS,REF_MULTI_LANG,SENSITIVE_COL_NAME,FILE_UPLOAD_PLACE,COL_NAME,SAVE_TYPE,AUTO_INPUT,INPUT_ITEM,VIEW_ITEM,UNIQUE_ITEM,REQUIRED_ITEM,AUTOREG_HIDE_ITEM,AUTOREG_ONLY_ITEM,INITIAL_VALUE,VALIDATE_OPTION,BEFORE_VALIDATE_REGISTER,AFTER_VALIDATE_REGISTER,DESCRIPTION_JA,DESCRIPTION_EN,NOTE,DISUSE_FLAG,LAST_UPDATE_TIMESTAMP,LAST_UPDATE_USER) VALUES(2041501,_____DATE_____,'INSERT','2041501','20415','項番','Item No.','item_no',NULL,'1',10,NULL,NULL,NULL,NULL,'0',NULL,NULL,'COL_SEQ_COMBINATION_ID',NULL,'1','1','1','1','1','0','0',NULL,NULL,NULL,NULL,'自動採番のため編集不可。実行処理種別が【登録】の場合、空白のみ可。','Cannot edit because of auto-numbering. Must be blank when execution process type is [Register].',NULL,'0',_____DATE_____,1);
INSERT INTO T_COMN_MENU_COLUMN_LINK (COLUMN_DEFINITION_ID,MENU_ID,COLUMN_NAME_JA,COLUMN_NAME_EN,COLUMN_NAME_REST,COL_GROUP_ID,COLUMN_CLASS,COLUMN_DISP_SEQ,REF_TABLE_NAME,REF_PKEY_NAME,REF_COL_NAME,REF_SORT_CONDITIONS,REF_MULTI_LANG,SENSITIVE_COL_NAME,FILE_UPLOAD_PLACE,COL_NAME,SAVE_TYPE,AUTO_INPUT,INPUT_ITEM,VIEW_ITEM,UNIQUE_ITEM,REQUIRED_ITEM,AUTOREG_HIDE_ITEM,AUTOREG_ONLY_ITEM,INITIAL_VALUE,VALIDATE_OPTION,BEFORE_VALIDATE_REGISTER,AFTER_VALIDATE_REGISTER,DESCRIPTION_JA,DESCRIPTION_EN,NOTE,DISUSE_FLAG,LAST_UPDATE_TIMESTAMP,LAST_UPDATE_USER) VALUES('2041502','20415','Movement ID','Movement ID','movement_id',NULL,'7',20,'V_ANSR_MOVEMENT','MOVEMENT_ID','MOVEMENT_ID',NULL,'0',NULL,NULL,'MOVEMENT_ID',NULL,'0','1','1','0','0','0','0',NULL,NULL,NULL,NULL,'[元データ]Movement一覧','[Original data] Movement list',NULL,'0',_____DATE_____,1);
INSERT INTO T_COMN_MENU_COLUMN_LINK_JNL (JOURNAL_SEQ_NO,JOURNAL_REG_DATETIME,JOURNAL_ACTION_CLASS,COLUMN_DEFINITION_ID,MENU_ID,COLUMN_NAME_JA,COLUMN_NAME_EN,COLUMN_NAME_REST,COL_GROUP_ID,COLUMN_CLASS,COLUMN_DISP_SEQ,REF_TABLE_NAME,REF_PKEY_NAME,REF_COL_NAME,REF_SORT_CONDITIONS,REF_MULTI_LANG,SENSITIVE_COL_NAME,FILE_UPLOAD_PLACE,COL_NAME,SAVE_TYPE,AUTO_INPUT,INPUT_ITEM,VIEW_ITEM,UNIQUE_ITEM,REQUIRED_ITEM,AUTOREG_HIDE_ITEM,AUTOREG_ONLY_ITEM,INITIAL_VALUE,VALIDATE_OPTION,BEFORE_VALIDATE_REGISTER,AFTER_VALIDATE_REGISTER,DESCRIPTION_JA,DESCRIPTION_EN,NOTE,DISUSE_FLAG,LAST_UPDATE_TIMESTAMP,LAST_UPDATE_USER) VALUES(2041502,_____DATE_____,'INSERT','2041502','20415','Movement ID','Movement ID','movement_id',NULL,'7',20,'V_ANSR_MOVEMENT','MOVEMENT_ID','MOVEMENT_ID',NULL,'0',NULL,NULL,'MOVEMENT_ID',NULL,'0','1','1','0','0','0','0',NULL,NULL,NULL,NULL,'[元データ]Movement一覧','[Original data] Movement list',NULL,'0',_____DATE_____,1);
INSERT INTO T_COMN_MENU_COLUMN_LINK (COLUMN_DEFINITION_ID,MENU_ID,COLUMN_NAME_JA,COLUMN_NAME_EN,COLUMN_NAME_REST,COL_GROUP_ID,COLUMN_CLASS,COLUMN_DISP_SEQ,REF_TABLE_NAME,REF_PKEY_NAME,REF_COL_NAME,REF_SORT_CONDITIONS,REF_MULTI_LANG,SENSITIVE_COL_NAME,FILE_UPLOAD_PLACE,COL_NAME,SAVE_TYPE,AUTO_INPUT,INPUT_ITEM,VIEW_ITEM,UNIQUE_ITEM,REQUIRED_ITEM,AUTOREG_HIDE_ITEM,AUTOREG_ONLY_ITEM,INITIAL_VALUE,VALIDATE_OPTION,BEFORE_VALIDATE_REGISTER,AFTER_VALIDATE_REGISTER,DESCRIPTION_JA,DESCRIPTION_EN,NOTE,DISUSE_FLAG,LAST_UPDATE_TIMESTAMP,LAST_UPDATE_USER) VALUES('2041503','20415','変数名','Variable name','variable_name',NULL,'7',30,'V_ANSR_NESTVAR_MEMBER_VARIABLE_NAME','MVMT_VAR_LINK_ID','VARS_NAME',NULL,'0',NULL,NULL,'MVMT_VAR_LINK_ID',NULL,'0','1','1','0','0','0','0',NULL,NULL,NULL,NULL,'yyy（元が空）',NULL,NULL,'0',_____DATE_____,1);
INSERT INTO T_COMN_MENU_COLUMN_LINK_JNL (JOURNAL_SEQ_NO,JOURNAL_REG_DATETIME,JOURNAL_ACTION_CLASS,COLUMN_DEFINITION_ID,MENU_ID,COLUMN_NAME_JA,COLUMN_NAME_EN,COLUMN_NAME_REST,COL_GROUP_ID,COLUMN_CLASS,COLUMN_DISP_SEQ,REF_TABLE_NAME,REF_PKEY_NAME,REF_COL_NAME,REF_SORT_CONDITIONS,REF_MULTI_LANG,SENSITIVE_COL_NAME,FILE_UPLOAD_PLACE,COL_NAME,SAVE_TYPE,AUTO_INPUT,INPUT_ITEM,VIEW_ITEM,UNIQUE_ITEM,REQUIRED_ITEM,AUTOREG_HIDE_ITEM,AUTOREG_ONLY_ITEM,INITIAL_VALUE,VALIDATE_OPTION,BEFORE_VALIDATE_REGISTER,AFTER_VALIDATE_REGISTER,DESCRIPTION_JA,DESCRIPTION_EN,NOTE,DISUSE_FLAG,LAST_UPDATE_TIMESTAMP,LAST_UPDATE_USER) VALUES(2041503,_____DATE_____,'INSERT','2041503','20415','変数名','Variable name','variable_name',NULL,'7',30,'V_ANSR_NESTVAR_MEMBER_VARIABLE_NAME','MVMT_VAR_LINK_ID','VARS_NAME',NULL,'0',NULL,NULL,'MVMT_VAR_LINK_ID',NULL,'0','1','1','0','0','0','0',NULL,NULL,NULL,NULL,'yyy（元が空）',NULL,NULL,'0',_____DATE_____,1);
INSERT INTO T_COMN_MENU_COLUMN_LINK (COLUMN_DEFINITION_ID,MENU_ID,COLUMN_NAME_JA,COLUMN_NAME_EN,COLUMN_NAME_REST,COL_GROUP_ID,COLUMN_CLASS,COLUMN_DISP_SEQ,REF_TABLE_NAME,REF_PKEY_NAME,REF_COL_NAME,REF_SORT_CONDITIONS,REF_MULTI_LANG,SENSITIVE_COL_NAME,FILE_UPLOAD_PLACE,COL_NAME,SAVE_TYPE,AUTO_INPUT,INPUT_ITEM,VIEW_ITEM,UNIQUE_ITEM,REQUIRED_ITEM,AUTOREG_HIDE_ITEM,AUTOREG_ONLY_ITEM,INITIAL_VALUE,VALIDATE_OPTION,BEFORE_VALIDATE_REGISTER,AFTER_VALIDATE_REGISTER,DESCRIPTION_JA,DESCRIPTION_EN,NOTE,DISUSE_FLAG,LAST_UPDATE_TIMESTAMP,LAST_UPDATE_USER) VALUES('2041504','20415','多段変数項番','Nested variable item No.','nested_variable_item_no',NULL,'7',40,'V_ANSR_NESTVAR_MEMBER_ARRAY_MEMBER','ARRAY_MEMBER_ID','ARRAY_MEMBER_ID',NULL,'0',NULL,NULL,'ARRAY_MEMBER_ID',NULL,'0','1','1','0','0','0','0',NULL,NULL,NULL,NULL,'yyy（元が空）',NULL,NULL,'0',_____DATE_____,1);
INSERT INTO T_COMN_MENU_COLUMN_LINK_JNL (JOURNAL_SEQ_NO,JOURNAL_REG_DATETIME,JOURNAL_ACTION_CLASS,COLUMN_DEFINITION_ID,MENU_ID,COLUMN_NAME_JA,COLUMN_NAME_EN,COLUMN_NAME_REST,COL_GROUP_ID,COLUMN_CLASS,COLUMN_DISP_SEQ,REF_TABLE_NAME,REF_PKEY_NAME,REF_COL_NAME,REF_SORT_CONDITIONS,REF_MULTI_LANG,SENSITIVE_COL_NAME,FILE_UPLOAD_PLACE,COL_NAME,SAVE_TYPE,AUTO_INPUT,INPUT_ITEM,VIEW_ITEM,UNIQUE_ITEM,REQUIRED_ITEM,AUTOREG_HIDE_ITEM,AUTOREG_ONLY_ITEM,INITIAL_VALUE,VALIDATE_OPTION,BEFORE_VALIDATE_REGISTER,AFTER_VALIDATE_REGISTER,DESCRIPTION_JA,DESCRIPTION_EN,NOTE,DISUSE_FLAG,LAST_UPDATE_TIMESTAMP,LAST_UPDATE_USER) VALUES(2041504,_____DATE_____,'INSERT','2041504','20415','多段変数項番','Nested variable item No.','nested_variable_item_no',NULL,'7',40,'V_ANSR_NESTVAR_MEMBER_ARRAY_MEMBER','ARRAY_MEMBER_ID','ARRAY_MEMBER_ID',NULL,'0',NULL,NULL,'ARRAY_MEMBER_ID',NULL,'0','1','1','0','0','0','0',NULL,NULL,NULL,NULL,'yyy（元が空）',NULL,NULL,'0',_____DATE_____,1);
INSERT INTO T_COMN_MENU_COLUMN_LINK (COLUMN_DEFINITION_ID,MENU_ID,COLUMN_NAME_JA,COLUMN_NAME_EN,COLUMN_NAME_REST,COL_GROUP_ID,COLUMN_CLASS,COLUMN_DISP_SEQ,REF_TABLE_NAME,REF_PKEY_NAME,REF_COL_NAME,REF_SORT_CONDITIONS,REF_MULTI_LANG,SENSITIVE_COL_NAME,FILE_UPLOAD_PLACE,COL_NAME,SAVE_TYPE,AUTO_INPUT,INPUT_ITEM,VIEW_ITEM,UNIQUE_ITEM,REQUIRED_ITEM,AUTOREG_HIDE_ITEM,AUTOREG_ONLY_ITEM,INITIAL_VALUE,VALIDATE_OPTION,BEFORE_VALIDATE_REGISTER,AFTER_VALIDATE_REGISTER,DESCRIPTION_JA,DESCRIPTION_EN,NOTE,DISUSE_FLAG,LAST_UPDATE_TIMESTAMP,LAST_UPDATE_USER) VALUES('2041505','20415','プルダウン表示メンバー変数','Dropdown display member variable','dropdown_display_member_variable',NULL,'1',50,NULL,NULL,NULL,NULL,'0',NULL,NULL,'COL_COMBINATION_MEMBER_ALIAS',NULL,'0','1','1','0','0','0','0',NULL,'{
"min_length": 0,
"max_length": 4000
}',NULL,NULL,'yyy（元が空）',NULL,NULL,'0',_____DATE_____,1);
INSERT INTO T_COMN_MENU_COLUMN_LINK_JNL (JOURNAL_SEQ_NO,JOURNAL_REG_DATETIME,JOURNAL_ACTION_CLASS,COLUMN_DEFINITION_ID,MENU_ID,COLUMN_NAME_JA,COLUMN_NAME_EN,COLUMN_NAME_REST,COL_GROUP_ID,COLUMN_CLASS,COLUMN_DISP_SEQ,REF_TABLE_NAME,REF_PKEY_NAME,REF_COL_NAME,REF_SORT_CONDITIONS,REF_MULTI_LANG,SENSITIVE_COL_NAME,FILE_UPLOAD_PLACE,COL_NAME,SAVE_TYPE,AUTO_INPUT,INPUT_ITEM,VIEW_ITEM,UNIQUE_ITEM,REQUIRED_ITEM,AUTOREG_HIDE_ITEM,AUTOREG_ONLY_ITEM,INITIAL_VALUE,VALIDATE_OPTION,BEFORE_VALIDATE_REGISTER,AFTER_VALIDATE_REGISTER,DESCRIPTION_JA,DESCRIPTION_EN,NOTE,DISUSE_FLAG,LAST_UPDATE_TIMESTAMP,LAST_UPDATE_USER) VALUES(2041505,_____DATE_____,'INSERT','2041505','20415','プルダウン表示メンバー変数','Dropdown display member variable','dropdown_display_member_variable',NULL,'1',50,NULL,NULL,NULL,NULL,'0',NULL,NULL,'COL_COMBINATION_MEMBER_ALIAS',NULL,'0','1','1','0','0','0','0',NULL,'{
"min_length": 0,
"max_length": 4000
}',NULL,NULL,'yyy（元が空）',NULL,NULL,'0',_____DATE_____,1);
INSERT INTO T_COMN_MENU_COLUMN_LINK (COLUMN_DEFINITION_ID,MENU_ID,COLUMN_NAME_JA,COLUMN_NAME_EN,COLUMN_NAME_REST,COL_GROUP_ID,COLUMN_CLASS,COLUMN_DISP_SEQ,REF_TABLE_NAME,REF_PKEY_NAME,REF_COL_NAME,REF_SORT_CONDITIONS,REF_MULTI_LANG,SENSITIVE_COL_NAME,FILE_UPLOAD_PLACE,COL_NAME,SAVE_TYPE,AUTO_INPUT,INPUT_ITEM,VIEW_ITEM,UNIQUE_ITEM,REQUIRED_ITEM,AUTOREG_HIDE_ITEM,AUTOREG_ONLY_ITEM,INITIAL_VALUE,VALIDATE_OPTION,BEFORE_VALIDATE_REGISTER,AFTER_VALIDATE_REGISTER,DESCRIPTION_JA,DESCRIPTION_EN,NOTE,DISUSE_FLAG,LAST_UPDATE_TIMESTAMP,LAST_UPDATE_USER) VALUES('2041506','20415','列順序','column order','column_order',NULL,'1',60,NULL,NULL,NULL,NULL,'0',NULL,NULL,'COL_SEQ_VALUE',NULL,'0','1','1','0','0','0','0',NULL,'{
"min_length": 0,
"max_length": 4000
}',NULL,NULL,'yyy（元が空）',NULL,NULL,'0',_____DATE_____,1);
INSERT INTO T_COMN_MENU_COLUMN_LINK_JNL (JOURNAL_SEQ_NO,JOURNAL_REG_DATETIME,JOURNAL_ACTION_CLASS,COLUMN_DEFINITION_ID,MENU_ID,COLUMN_NAME_JA,COLUMN_NAME_EN,COLUMN_NAME_REST,COL_GROUP_ID,COLUMN_CLASS,COLUMN_DISP_SEQ,REF_TABLE_NAME,REF_PKEY_NAME,REF_COL_NAME,REF_SORT_CONDITIONS,REF_MULTI_LANG,SENSITIVE_COL_NAME,FILE_UPLOAD_PLACE,COL_NAME,SAVE_TYPE,AUTO_INPUT,INPUT_ITEM,VIEW_ITEM,UNIQUE_ITEM,REQUIRED_ITEM,AUTOREG_HIDE_ITEM,AUTOREG_ONLY_ITEM,INITIAL_VALUE,VALIDATE_OPTION,BEFORE_VALIDATE_REGISTER,AFTER_VALIDATE_REGISTER,DESCRIPTION_JA,DESCRIPTION_EN,NOTE,DISUSE_FLAG,LAST_UPDATE_TIMESTAMP,LAST_UPDATE_USER) VALUES(2041506,_____DATE_____,'INSERT','2041506','20415','列順序','column order','column_order',NULL,'1',60,NULL,NULL,NULL,NULL,'0',NULL,NULL,'COL_SEQ_VALUE',NULL,'0','1','1','0','0','0','0',NULL,'{
"min_length": 0,
"max_length": 4000
}',NULL,NULL,'yyy（元が空）',NULL,NULL,'0',_____DATE_____,1);
INSERT INTO T_COMN_MENU_COLUMN_LINK (COLUMN_DEFINITION_ID,MENU_ID,COLUMN_NAME_JA,COLUMN_NAME_EN,COLUMN_NAME_REST,COL_GROUP_ID,COLUMN_CLASS,COLUMN_DISP_SEQ,REF_TABLE_NAME,REF_PKEY_NAME,REF_COL_NAME,REF_SORT_CONDITIONS,REF_MULTI_LANG,SENSITIVE_COL_NAME,FILE_UPLOAD_PLACE,COL_NAME,SAVE_TYPE,AUTO_INPUT,INPUT_ITEM,VIEW_ITEM,UNIQUE_ITEM,REQUIRED_ITEM,AUTOREG_HIDE_ITEM,AUTOREG_ONLY_ITEM,INITIAL_VALUE,VALIDATE_OPTION,BEFORE_VALIDATE_REGISTER,AFTER_VALIDATE_REGISTER,DESCRIPTION_JA,DESCRIPTION_EN,NOTE,DISUSE_FLAG,LAST_UPDATE_TIMESTAMP,LAST_UPDATE_USER) VALUES('2041507','20415','備考','Remarks','remarks',NULL,'12',70,NULL,NULL,NULL,NULL,'0',NULL,NULL,'NOTE',NULL,'0','1','1','0','0','0','0',NULL,'{
"min_length": 0,
"max_length": 4000
}',NULL,NULL,'自由記述欄。レコードの廃止・復活時にも記載可能。','Comments section. Can comment when removing or restoring records.',NULL,'0',_____DATE_____,1);
INSERT INTO T_COMN_MENU_COLUMN_LINK_JNL (JOURNAL_SEQ_NO,JOURNAL_REG_DATETIME,JOURNAL_ACTION_CLASS,COLUMN_DEFINITION_ID,MENU_ID,COLUMN_NAME_JA,COLUMN_NAME_EN,COLUMN_NAME_REST,COL_GROUP_ID,COLUMN_CLASS,COLUMN_DISP_SEQ,REF_TABLE_NAME,REF_PKEY_NAME,REF_COL_NAME,REF_SORT_CONDITIONS,REF_MULTI_LANG,SENSITIVE_COL_NAME,FILE_UPLOAD_PLACE,COL_NAME,SAVE_TYPE,AUTO_INPUT,INPUT_ITEM,VIEW_ITEM,UNIQUE_ITEM,REQUIRED_ITEM,AUTOREG_HIDE_ITEM,AUTOREG_ONLY_ITEM,INITIAL_VALUE,VALIDATE_OPTION,BEFORE_VALIDATE_REGISTER,AFTER_VALIDATE_REGISTER,DESCRIPTION_JA,DESCRIPTION_EN,NOTE,DISUSE_FLAG,LAST_UPDATE_TIMESTAMP,LAST_UPDATE_USER) VALUES(2041507,_____DATE_____,'INSERT','2041507','20415','備考','Remarks','remarks',NULL,'12',70,NULL,NULL,NULL,NULL,'0',NULL,NULL,'NOTE',NULL,'0','1','1','0','0','0','0',NULL,'{
"min_length": 0,
"max_length": 4000
}',NULL,NULL,'自由記述欄。レコードの廃止・復活時にも記載可能。','Comments section. Can comment when removing or restoring records.',NULL,'0',_____DATE_____,1);
INSERT INTO T_COMN_MENU_COLUMN_LINK (COLUMN_DEFINITION_ID,MENU_ID,COLUMN_NAME_JA,COLUMN_NAME_EN,COLUMN_NAME_REST,COL_GROUP_ID,COLUMN_CLASS,COLUMN_DISP_SEQ,REF_TABLE_NAME,REF_PKEY_NAME,REF_COL_NAME,REF_SORT_CONDITIONS,REF_MULTI_LANG,SENSITIVE_COL_NAME,FILE_UPLOAD_PLACE,COL_NAME,SAVE_TYPE,AUTO_INPUT,INPUT_ITEM,VIEW_ITEM,UNIQUE_ITEM,REQUIRED_ITEM,AUTOREG_HIDE_ITEM,AUTOREG_ONLY_ITEM,INITIAL_VALUE,VALIDATE_OPTION,BEFORE_VALIDATE_REGISTER,AFTER_VALIDATE_REGISTER,DESCRIPTION_JA,DESCRIPTION_EN,NOTE,DISUSE_FLAG,LAST_UPDATE_TIMESTAMP,LAST_UPDATE_USER) VALUES('2041508','20415','廃止フラグ','Discard','discard',NULL,'1',80,NULL,NULL,NULL,NULL,'0',NULL,NULL,'DISUSE_FLAG',NULL,'1','1','1','0','1','0','0',NULL,NULL,NULL,NULL,'廃止フラグ。復活以外のオペレーションは不可','Discard flag. Cannot do operation other than restore.',NULL,'0',_____DATE_____,1);
INSERT INTO T_COMN_MENU_COLUMN_LINK_JNL (JOURNAL_SEQ_NO,JOURNAL_REG_DATETIME,JOURNAL_ACTION_CLASS,COLUMN_DEFINITION_ID,MENU_ID,COLUMN_NAME_JA,COLUMN_NAME_EN,COLUMN_NAME_REST,COL_GROUP_ID,COLUMN_CLASS,COLUMN_DISP_SEQ,REF_TABLE_NAME,REF_PKEY_NAME,REF_COL_NAME,REF_SORT_CONDITIONS,REF_MULTI_LANG,SENSITIVE_COL_NAME,FILE_UPLOAD_PLACE,COL_NAME,SAVE_TYPE,AUTO_INPUT,INPUT_ITEM,VIEW_ITEM,UNIQUE_ITEM,REQUIRED_ITEM,AUTOREG_HIDE_ITEM,AUTOREG_ONLY_ITEM,INITIAL_VALUE,VALIDATE_OPTION,BEFORE_VALIDATE_REGISTER,AFTER_VALIDATE_REGISTER,DESCRIPTION_JA,DESCRIPTION_EN,NOTE,DISUSE_FLAG,LAST_UPDATE_TIMESTAMP,LAST_UPDATE_USER) VALUES(2041508,_____DATE_____,'INSERT','2041508','20415','廃止フラグ','Discard','discard',NULL,'1',80,NULL,NULL,NULL,NULL,'0',NULL,NULL,'DISUSE_FLAG',NULL,'1','1','1','0','1','0','0',NULL,NULL,NULL,NULL,'廃止フラグ。復活以外のオペレーションは不可','Discard flag. Cannot do operation other than restore.',NULL,'0',_____DATE_____,1);
INSERT INTO T_COMN_MENU_COLUMN_LINK (COLUMN_DEFINITION_ID,MENU_ID,COLUMN_NAME_JA,COLUMN_NAME_EN,COLUMN_NAME_REST,COL_GROUP_ID,COLUMN_CLASS,COLUMN_DISP_SEQ,REF_TABLE_NAME,REF_PKEY_NAME,REF_COL_NAME,REF_SORT_CONDITIONS,REF_MULTI_LANG,SENSITIVE_COL_NAME,FILE_UPLOAD_PLACE,COL_NAME,SAVE_TYPE,AUTO_INPUT,INPUT_ITEM,VIEW_ITEM,UNIQUE_ITEM,REQUIRED_ITEM,AUTOREG_HIDE_ITEM,AUTOREG_ONLY_ITEM,INITIAL_VALUE,VALIDATE_OPTION,BEFORE_VALIDATE_REGISTER,AFTER_VALIDATE_REGISTER,DESCRIPTION_JA,DESCRIPTION_EN,NOTE,DISUSE_FLAG,LAST_UPDATE_TIMESTAMP,LAST_UPDATE_USER) VALUES('2041509','20415','最終更新日時','Last update date/time','last_update_date_time',NULL,'13',90,NULL,NULL,NULL,NULL,'0',NULL,NULL,'LAST_UPDATE_TIMESTAMP',NULL,'1','1','1','0','1','0','0',NULL,NULL,NULL,NULL,'レコードの最終更新日。更新可否判定に使用。自動登録のため編集不可。','Last update date of record. Useful for judging the possibility of an update. Cannot edit because of auto-numbering.',NULL,'0',_____DATE_____,1);
INSERT INTO T_COMN_MENU_COLUMN_LINK_JNL (JOURNAL_SEQ_NO,JOURNAL_REG_DATETIME,JOURNAL_ACTION_CLASS,COLUMN_DEFINITION_ID,MENU_ID,COLUMN_NAME_JA,COLUMN_NAME_EN,COLUMN_NAME_REST,COL_GROUP_ID,COLUMN_CLASS,COLUMN_DISP_SEQ,REF_TABLE_NAME,REF_PKEY_NAME,REF_COL_NAME,REF_SORT_CONDITIONS,REF_MULTI_LANG,SENSITIVE_COL_NAME,FILE_UPLOAD_PLACE,COL_NAME,SAVE_TYPE,AUTO_INPUT,INPUT_ITEM,VIEW_ITEM,UNIQUE_ITEM,REQUIRED_ITEM,AUTOREG_HIDE_ITEM,AUTOREG_ONLY_ITEM,INITIAL_VALUE,VALIDATE_OPTION,BEFORE_VALIDATE_REGISTER,AFTER_VALIDATE_REGISTER,DESCRIPTION_JA,DESCRIPTION_EN,NOTE,DISUSE_FLAG,LAST_UPDATE_TIMESTAMP,LAST_UPDATE_USER) VALUES(2041509,_____DATE_____,'INSERT','2041509','20415','最終更新日時','Last update date/time','last_update_date_time',NULL,'13',90,NULL,NULL,NULL,NULL,'0',NULL,NULL,'LAST_UPDATE_TIMESTAMP',NULL,'1','1','1','0','1','0','0',NULL,NULL,NULL,NULL,'レコードの最終更新日。更新可否判定に使用。自動登録のため編集不可。','Last update date of record. Useful for judging the possibility of an update. Cannot edit because of auto-numbering.',NULL,'0',_____DATE_____,1);
INSERT INTO T_COMN_MENU_COLUMN_LINK (COLUMN_DEFINITION_ID,MENU_ID,COLUMN_NAME_JA,COLUMN_NAME_EN,COLUMN_NAME_REST,COL_GROUP_ID,COLUMN_CLASS,COLUMN_DISP_SEQ,REF_TABLE_NAME,REF_PKEY_NAME,REF_COL_NAME,REF_SORT_CONDITIONS,REF_MULTI_LANG,SENSITIVE_COL_NAME,FILE_UPLOAD_PLACE,COL_NAME,SAVE_TYPE,AUTO_INPUT,INPUT_ITEM,VIEW_ITEM,UNIQUE_ITEM,REQUIRED_ITEM,AUTOREG_HIDE_ITEM,AUTOREG_ONLY_ITEM,INITIAL_VALUE,VALIDATE_OPTION,BEFORE_VALIDATE_REGISTER,AFTER_VALIDATE_REGISTER,DESCRIPTION_JA,DESCRIPTION_EN,NOTE,DISUSE_FLAG,LAST_UPDATE_TIMESTAMP,LAST_UPDATE_USER) VALUES('2041510','20415','最終更新者','Last updated by','last_updated_user',NULL,'14',100,NULL,NULL,NULL,NULL,'0',NULL,NULL,'LAST_UPDATE_USER',NULL,'1','1','1','0','1','0','0',NULL,NULL,NULL,NULL,'更新者。ログインユーザのIDが自動的に登録される。編集不可。','Updated by. Login user ID is automatically registered. Cannot edit.',NULL,'0',_____DATE_____,1);
INSERT INTO T_COMN_MENU_COLUMN_LINK_JNL (JOURNAL_SEQ_NO,JOURNAL_REG_DATETIME,JOURNAL_ACTION_CLASS,COLUMN_DEFINITION_ID,MENU_ID,COLUMN_NAME_JA,COLUMN_NAME_EN,COLUMN_NAME_REST,COL_GROUP_ID,COLUMN_CLASS,COLUMN_DISP_SEQ,REF_TABLE_NAME,REF_PKEY_NAME,REF_COL_NAME,REF_SORT_CONDITIONS,REF_MULTI_LANG,SENSITIVE_COL_NAME,FILE_UPLOAD_PLACE,COL_NAME,SAVE_TYPE,AUTO_INPUT,INPUT_ITEM,VIEW_ITEM,UNIQUE_ITEM,REQUIRED_ITEM,AUTOREG_HIDE_ITEM,AUTOREG_ONLY_ITEM,INITIAL_VALUE,VALIDATE_OPTION,BEFORE_VALIDATE_REGISTER,AFTER_VALIDATE_REGISTER,DESCRIPTION_JA,DESCRIPTION_EN,NOTE,DISUSE_FLAG,LAST_UPDATE_TIMESTAMP,LAST_UPDATE_USER) VALUES(2041510,_____DATE_____,'INSERT','2041510','20415','最終更新者','Last updated by','last_updated_user',NULL,'14',100,NULL,NULL,NULL,NULL,'0',NULL,NULL,'LAST_UPDATE_USER',NULL,'1','1','1','0','1','0','0',NULL,NULL,NULL,NULL,'更新者。ログインユーザのIDが自動的に登録される。編集不可。','Updated by. Login user ID is automatically registered. Cannot edit.',NULL,'0',_____DATE_____,1);

INSERT INTO T_COMN_COLUMN_GROUP (COL_GROUP_ID,PA_COL_GROUP_ID,COL_GROUP_NAME_JA,COL_GROUP_NAME_EN,FULL_COL_GROUP_NAME_JA,FULL_COL_GROUP_NAME_EN,NOTE,DISUSE_FLAG,LAST_UPDATE_TIMESTAMP,LAST_UPDATE_USER) VALUES('2010101',NULL,'ログインパスワード','Login password','ログインパスワード','Login password',NULL,'0',_____DATE_____,1);
INSERT INTO T_COMN_COLUMN_GROUP_JNL (JOURNAL_SEQ_NO,JOURNAL_REG_DATETIME,JOURNAL_ACTION_CLASS,COL_GROUP_ID,PA_COL_GROUP_ID,COL_GROUP_NAME_JA,COL_GROUP_NAME_EN,FULL_COL_GROUP_NAME_JA,FULL_COL_GROUP_NAME_EN,NOTE,DISUSE_FLAG,LAST_UPDATE_TIMESTAMP,LAST_UPDATE_USER) VALUES(2010101,_____DATE_____,'INSERT','2010101',NULL,'ログインパスワード','Login password','ログインパスワード','Login password',NULL,'0',_____DATE_____,1);
INSERT INTO T_COMN_COLUMN_GROUP (COL_GROUP_ID,PA_COL_GROUP_ID,COL_GROUP_NAME_JA,COL_GROUP_NAME_EN,FULL_COL_GROUP_NAME_JA,FULL_COL_GROUP_NAME_EN,NOTE,DISUSE_FLAG,LAST_UPDATE_TIMESTAMP,LAST_UPDATE_USER) VALUES('2010102',NULL,'ssh鍵認証情報','ssh key credentials','ssh鍵認証情報','ssh key credentials',NULL,'0',_____DATE_____,1);
INSERT INTO T_COMN_COLUMN_GROUP_JNL (JOURNAL_SEQ_NO,JOURNAL_REG_DATETIME,JOURNAL_ACTION_CLASS,COL_GROUP_ID,PA_COL_GROUP_ID,COL_GROUP_NAME_JA,COL_GROUP_NAME_EN,FULL_COL_GROUP_NAME_JA,FULL_COL_GROUP_NAME_EN,NOTE,DISUSE_FLAG,LAST_UPDATE_TIMESTAMP,LAST_UPDATE_USER) VALUES(2010102,_____DATE_____,'INSERT','2010102',NULL,'ssh鍵認証情報','ssh key credentials','ssh鍵認証情報','ssh key credentials',NULL,'0',_____DATE_____,1);
INSERT INTO T_COMN_COLUMN_GROUP (COL_GROUP_ID,PA_COL_GROUP_ID,COL_GROUP_NAME_JA,COL_GROUP_NAME_EN,FULL_COL_GROUP_NAME_JA,FULL_COL_GROUP_NAME_EN,NOTE,DISUSE_FLAG,LAST_UPDATE_TIMESTAMP,LAST_UPDATE_USER) VALUES('2010103',NULL,'Ansible利用情報','Ansible Dedicated information','Ansible利用情報','Ansible Dedicated information',NULL,'0',_____DATE_____,1);
INSERT INTO T_COMN_COLUMN_GROUP_JNL (JOURNAL_SEQ_NO,JOURNAL_REG_DATETIME,JOURNAL_ACTION_CLASS,COL_GROUP_ID,PA_COL_GROUP_ID,COL_GROUP_NAME_JA,COL_GROUP_NAME_EN,FULL_COL_GROUP_NAME_JA,FULL_COL_GROUP_NAME_EN,NOTE,DISUSE_FLAG,LAST_UPDATE_TIMESTAMP,LAST_UPDATE_USER) VALUES(2010103,_____DATE_____,'INSERT','2010103',NULL,'Ansible利用情報','Ansible Dedicated information','Ansible利用情報','Ansible Dedicated information',NULL,'0',_____DATE_____,1);
INSERT INTO T_COMN_COLUMN_GROUP (COL_GROUP_ID,PA_COL_GROUP_ID,COL_GROUP_NAME_JA,COL_GROUP_NAME_EN,FULL_COL_GROUP_NAME_JA,FULL_COL_GROUP_NAME_EN,NOTE,DISUSE_FLAG,LAST_UPDATE_TIMESTAMP,LAST_UPDATE_USER) VALUES('2010104','2010103','Legacy/Role利用情報','Dedicated information for Legacy/Role','Ansible利用情報/Legacy/Role利用情報','Ansible Dedicated information/Dedicated information for Legacy/Role',NULL,'0',_____DATE_____,1);
INSERT INTO T_COMN_COLUMN_GROUP_JNL (JOURNAL_SEQ_NO,JOURNAL_REG_DATETIME,JOURNAL_ACTION_CLASS,COL_GROUP_ID,PA_COL_GROUP_ID,COL_GROUP_NAME_JA,COL_GROUP_NAME_EN,FULL_COL_GROUP_NAME_JA,FULL_COL_GROUP_NAME_EN,NOTE,DISUSE_FLAG,LAST_UPDATE_TIMESTAMP,LAST_UPDATE_USER) VALUES(2010104,_____DATE_____,'INSERT','2010104','2010103','Legacy/Role利用情報','Dedicated information for Legacy/Role','Ansible利用情報/Legacy/Role利用情報','Ansible Dedicated information/Dedicated information for Legacy/Role',NULL,'0',_____DATE_____,1);
INSERT INTO T_COMN_COLUMN_GROUP (COL_GROUP_ID,PA_COL_GROUP_ID,COL_GROUP_NAME_JA,COL_GROUP_NAME_EN,FULL_COL_GROUP_NAME_JA,FULL_COL_GROUP_NAME_EN,NOTE,DISUSE_FLAG,LAST_UPDATE_TIMESTAMP,LAST_UPDATE_USER) VALUES('2010105','2010104','WinRM接続情報','WinRM connection information','Ansible利用情報/Legacy/Role利用情報/WinRM接続情報','Ansible Dedicated information/Dedicated information for Legacy/Role/WinRM connection information',NULL,'0',_____DATE_____,1);
INSERT INTO T_COMN_COLUMN_GROUP_JNL (JOURNAL_SEQ_NO,JOURNAL_REG_DATETIME,JOURNAL_ACTION_CLASS,COL_GROUP_ID,PA_COL_GROUP_ID,COL_GROUP_NAME_JA,COL_GROUP_NAME_EN,FULL_COL_GROUP_NAME_JA,FULL_COL_GROUP_NAME_EN,NOTE,DISUSE_FLAG,LAST_UPDATE_TIMESTAMP,LAST_UPDATE_USER) VALUES(2010105,_____DATE_____,'INSERT','2010105','2010104','WinRM接続情報','WinRM connection information','Ansible利用情報/Legacy/Role利用情報/WinRM接続情報','Ansible Dedicated information/Dedicated information for Legacy/Role/WinRM connection information',NULL,'0',_____DATE_____,1);
INSERT INTO T_COMN_COLUMN_GROUP (COL_GROUP_ID,PA_COL_GROUP_ID,COL_GROUP_NAME_JA,COL_GROUP_NAME_EN,FULL_COL_GROUP_NAME_JA,FULL_COL_GROUP_NAME_EN,NOTE,DISUSE_FLAG,LAST_UPDATE_TIMESTAMP,LAST_UPDATE_USER) VALUES('2010106','2010103','Pioneer利用情報','Pioneer Dedicated information','Ansible利用情報/Pioneer利用情報','Ansible Dedicated information/Pioneer Dedicated information',NULL,'0',_____DATE_____,1);
INSERT INTO T_COMN_COLUMN_GROUP_JNL (JOURNAL_SEQ_NO,JOURNAL_REG_DATETIME,JOURNAL_ACTION_CLASS,COL_GROUP_ID,PA_COL_GROUP_ID,COL_GROUP_NAME_JA,COL_GROUP_NAME_EN,FULL_COL_GROUP_NAME_JA,FULL_COL_GROUP_NAME_EN,NOTE,DISUSE_FLAG,LAST_UPDATE_TIMESTAMP,LAST_UPDATE_USER) VALUES(2010106,_____DATE_____,'INSERT','2010106','2010103','Pioneer利用情報','Pioneer Dedicated information','Ansible利用情報/Pioneer利用情報','Ansible Dedicated information/Pioneer Dedicated information',NULL,'0',_____DATE_____,1);
INSERT INTO T_COMN_COLUMN_GROUP (COL_GROUP_ID,PA_COL_GROUP_ID,COL_GROUP_NAME_JA,COL_GROUP_NAME_EN,FULL_COL_GROUP_NAME_JA,FULL_COL_GROUP_NAME_EN,NOTE,DISUSE_FLAG,LAST_UPDATE_TIMESTAMP,LAST_UPDATE_USER) VALUES('2010107','2010103','Ansible Automation Controller利用情報','Ansible Automation Controller Dedicated information','Ansible利用情報/Ansible Automation Controller利用情報','Ansible Dedicated information/Ansible Automation Controller Dedicated information',NULL,'0',_____DATE_____,1);
INSERT INTO T_COMN_COLUMN_GROUP_JNL (JOURNAL_SEQ_NO,JOURNAL_REG_DATETIME,JOURNAL_ACTION_CLASS,COL_GROUP_ID,PA_COL_GROUP_ID,COL_GROUP_NAME_JA,COL_GROUP_NAME_EN,FULL_COL_GROUP_NAME_JA,FULL_COL_GROUP_NAME_EN,NOTE,DISUSE_FLAG,LAST_UPDATE_TIMESTAMP,LAST_UPDATE_USER) VALUES(2010107,_____DATE_____,'INSERT','2010107','2010103','Ansible Automation Controller利用情報','Ansible Automation Controller Dedicated information','Ansible利用情報/Ansible Automation Controller利用情報','Ansible Dedicated information/Ansible Automation Controller Dedicated information',NULL,'0',_____DATE_____,1);
INSERT INTO T_COMN_COLUMN_GROUP (COL_GROUP_ID,PA_COL_GROUP_ID,COL_GROUP_NAME_JA,COL_GROUP_NAME_EN,FULL_COL_GROUP_NAME_JA,FULL_COL_GROUP_NAME_EN,NOTE,DISUSE_FLAG,LAST_UPDATE_TIMESTAMP,LAST_UPDATE_USER) VALUES('2010201',NULL,'Ansible Core インターフェース','Ansible Core interface','Ansible Core インターフェース','Ansible Core interface',NULL,'0',_____DATE_____,1);
INSERT INTO T_COMN_COLUMN_GROUP_JNL (JOURNAL_SEQ_NO,JOURNAL_REG_DATETIME,JOURNAL_ACTION_CLASS,COL_GROUP_ID,PA_COL_GROUP_ID,COL_GROUP_NAME_JA,COL_GROUP_NAME_EN,FULL_COL_GROUP_NAME_JA,FULL_COL_GROUP_NAME_EN,NOTE,DISUSE_FLAG,LAST_UPDATE_TIMESTAMP,LAST_UPDATE_USER) VALUES(2010201,_____DATE_____,'INSERT','2010201',NULL,'Ansible Core インターフェース','Ansible Core interface','Ansible Core インターフェース','Ansible Core interface',NULL,'0',_____DATE_____,1);
INSERT INTO T_COMN_COLUMN_GROUP (COL_GROUP_ID,PA_COL_GROUP_ID,COL_GROUP_NAME_JA,COL_GROUP_NAME_EN,FULL_COL_GROUP_NAME_JA,FULL_COL_GROUP_NAME_EN,NOTE,DISUSE_FLAG,LAST_UPDATE_TIMESTAMP,LAST_UPDATE_USER) VALUES('2010202',NULL,'Ansible Automation Controller インターフェース','Ansible Automation Controller interface','Ansible Automation Controller インターフェース','Ansible Automation Controller interface',NULL,'0',_____DATE_____,1);
INSERT INTO T_COMN_COLUMN_GROUP_JNL (JOURNAL_SEQ_NO,JOURNAL_REG_DATETIME,JOURNAL_ACTION_CLASS,COL_GROUP_ID,PA_COL_GROUP_ID,COL_GROUP_NAME_JA,COL_GROUP_NAME_EN,FULL_COL_GROUP_NAME_JA,FULL_COL_GROUP_NAME_EN,NOTE,DISUSE_FLAG,LAST_UPDATE_TIMESTAMP,LAST_UPDATE_USER) VALUES(2010202,_____DATE_____,'INSERT','2010202',NULL,'Ansible Automation Controller インターフェース','Ansible Automation Controller interface','Ansible Automation Controller インターフェース','Ansible Automation Controller interface',NULL,'0',_____DATE_____,1);
INSERT INTO T_COMN_COLUMN_GROUP (COL_GROUP_ID,PA_COL_GROUP_ID,COL_GROUP_NAME_JA,COL_GROUP_NAME_EN,FULL_COL_GROUP_NAME_JA,FULL_COL_GROUP_NAME_EN,NOTE,DISUSE_FLAG,LAST_UPDATE_TIMESTAMP,LAST_UPDATE_USER) VALUES('2010203',NULL,'Proxy','Proxy','Proxy','Proxy',NULL,'0',_____DATE_____,1);
INSERT INTO T_COMN_COLUMN_GROUP_JNL (JOURNAL_SEQ_NO,JOURNAL_REG_DATETIME,JOURNAL_ACTION_CLASS,COL_GROUP_ID,PA_COL_GROUP_ID,COL_GROUP_NAME_JA,COL_GROUP_NAME_EN,FULL_COL_GROUP_NAME_JA,FULL_COL_GROUP_NAME_EN,NOTE,DISUSE_FLAG,LAST_UPDATE_TIMESTAMP,LAST_UPDATE_USER) VALUES(2010203,_____DATE_____,'INSERT','2010203',NULL,'Proxy','Proxy','Proxy','Proxy',NULL,'0',_____DATE_____,1);
INSERT INTO T_COMN_COLUMN_GROUP (COL_GROUP_ID,PA_COL_GROUP_ID,COL_GROUP_NAME_JA,COL_GROUP_NAME_EN,FULL_COL_GROUP_NAME_JA,FULL_COL_GROUP_NAME_EN,NOTE,DISUSE_FLAG,LAST_UPDATE_TIMESTAMP,LAST_UPDATE_USER) VALUES('2010204',NULL,'SCM管理 Git連携先情報','SCM Management Git link destination inforamtion','SCM管理 Git連携先情報','SCM Management Git link destination inforamtion',NULL,'0',_____DATE_____,1);
INSERT INTO T_COMN_COLUMN_GROUP_JNL (JOURNAL_SEQ_NO,JOURNAL_REG_DATETIME,JOURNAL_ACTION_CLASS,COL_GROUP_ID,PA_COL_GROUP_ID,COL_GROUP_NAME_JA,COL_GROUP_NAME_EN,FULL_COL_GROUP_NAME_JA,FULL_COL_GROUP_NAME_EN,NOTE,DISUSE_FLAG,LAST_UPDATE_TIMESTAMP,LAST_UPDATE_USER) VALUES(2010204,_____DATE_____,'INSERT','2010204',NULL,'SCM管理 Git連携先情報','SCM Management Git link destination inforamtion','SCM管理 Git連携先情報','SCM Management Git link destination inforamtion',NULL,'0',_____DATE_____,1);
INSERT INTO T_COMN_COLUMN_GROUP (COL_GROUP_ID,PA_COL_GROUP_ID,COL_GROUP_NAME_JA,COL_GROUP_NAME_EN,FULL_COL_GROUP_NAME_JA,FULL_COL_GROUP_NAME_EN,NOTE,DISUSE_FLAG,LAST_UPDATE_TIMESTAMP,LAST_UPDATE_USER) VALUES('2010205','2010204','Linux アカウント','Linux account','SCM管理 Git連携先情報/Linux アカウント','SCM Management Git link destination inforamtion/Linux account',NULL,'0',_____DATE_____,1);
INSERT INTO T_COMN_COLUMN_GROUP_JNL (JOURNAL_SEQ_NO,JOURNAL_REG_DATETIME,JOURNAL_ACTION_CLASS,COL_GROUP_ID,PA_COL_GROUP_ID,COL_GROUP_NAME_JA,COL_GROUP_NAME_EN,FULL_COL_GROUP_NAME_JA,FULL_COL_GROUP_NAME_EN,NOTE,DISUSE_FLAG,LAST_UPDATE_TIMESTAMP,LAST_UPDATE_USER) VALUES(2010205,_____DATE_____,'INSERT','2010205','2010204','Linux アカウント','Linux account','SCM管理 Git連携先情報/Linux アカウント','SCM Management Git link destination inforamtion/Linux account',NULL,'0',_____DATE_____,1);
INSERT INTO T_COMN_COLUMN_GROUP (COL_GROUP_ID,PA_COL_GROUP_ID,COL_GROUP_NAME_JA,COL_GROUP_NAME_EN,FULL_COL_GROUP_NAME_JA,FULL_COL_GROUP_NAME_EN,NOTE,DISUSE_FLAG,LAST_UPDATE_TIMESTAMP,LAST_UPDATE_USER) VALUES('2010301',NULL,'ssh鍵認証情報','ssh key credentials','ssh鍵認証情報','ssh key credentials',NULL,'0',_____DATE_____,1);
INSERT INTO T_COMN_COLUMN_GROUP_JNL (JOURNAL_SEQ_NO,JOURNAL_REG_DATETIME,JOURNAL_ACTION_CLASS,COL_GROUP_ID,PA_COL_GROUP_ID,COL_GROUP_NAME_JA,COL_GROUP_NAME_EN,FULL_COL_GROUP_NAME_JA,FULL_COL_GROUP_NAME_EN,NOTE,DISUSE_FLAG,LAST_UPDATE_TIMESTAMP,LAST_UPDATE_USER) VALUES(2010301,_____DATE_____,'INSERT','2010301',NULL,'ssh鍵認証情報','ssh key credentials','ssh鍵認証情報','ssh key credentials',NULL,'0',_____DATE_____,1);
INSERT INTO T_COMN_COLUMN_GROUP (COL_GROUP_ID,PA_COL_GROUP_ID,COL_GROUP_NAME_JA,COL_GROUP_NAME_EN,FULL_COL_GROUP_NAME_JA,FULL_COL_GROUP_NAME_EN,NOTE,DISUSE_FLAG,LAST_UPDATE_TIMESTAMP,LAST_UPDATE_USER) VALUES('2040301',NULL,'Ansible利用情報','Dedicated information for ansible','Ansible利用情報','Dedicated information for ansible',NULL,'0',_____DATE_____,1);
INSERT INTO T_COMN_COLUMN_GROUP_JNL (JOURNAL_SEQ_NO,JOURNAL_REG_DATETIME,JOURNAL_ACTION_CLASS,COL_GROUP_ID,PA_COL_GROUP_ID,COL_GROUP_NAME_JA,COL_GROUP_NAME_EN,FULL_COL_GROUP_NAME_JA,FULL_COL_GROUP_NAME_EN,NOTE,DISUSE_FLAG,LAST_UPDATE_TIMESTAMP,LAST_UPDATE_USER) VALUES(2040301,_____DATE_____,'INSERT','2040301',NULL,'Ansible利用情報','Dedicated information for ansible','Ansible利用情報','Dedicated information for ansible',NULL,'0',_____DATE_____,1);
INSERT INTO T_COMN_COLUMN_GROUP (COL_GROUP_ID,PA_COL_GROUP_ID,COL_GROUP_NAME_JA,COL_GROUP_NAME_EN,FULL_COL_GROUP_NAME_JA,FULL_COL_GROUP_NAME_EN,NOTE,DISUSE_FLAG,LAST_UPDATE_TIMESTAMP,LAST_UPDATE_USER) VALUES('2040302',NULL,'Ansible Core利用情報','Ansible Automation Controller dedicated information','Ansible Core利用情報','Ansible Automation Controller dedicated information',NULL,'0',_____DATE_____,1);
INSERT INTO T_COMN_COLUMN_GROUP_JNL (JOURNAL_SEQ_NO,JOURNAL_REG_DATETIME,JOURNAL_ACTION_CLASS,COL_GROUP_ID,PA_COL_GROUP_ID,COL_GROUP_NAME_JA,COL_GROUP_NAME_EN,FULL_COL_GROUP_NAME_JA,FULL_COL_GROUP_NAME_EN,NOTE,DISUSE_FLAG,LAST_UPDATE_TIMESTAMP,LAST_UPDATE_USER) VALUES(2040302,_____DATE_____,'INSERT','2040302',NULL,'Ansible Core利用情報','Ansible Automation Controller dedicated information','Ansible Core利用情報','Ansible Automation Controller dedicated information',NULL,'0',_____DATE_____,1);
INSERT INTO T_COMN_COLUMN_GROUP (COL_GROUP_ID,PA_COL_GROUP_ID,COL_GROUP_NAME_JA,COL_GROUP_NAME_EN,FULL_COL_GROUP_NAME_JA,FULL_COL_GROUP_NAME_EN,NOTE,DISUSE_FLAG,LAST_UPDATE_TIMESTAMP,LAST_UPDATE_USER) VALUES('2040801',NULL,'パラメータシート(From)','Parameter sheet(From)','パラメータシート(From)','Parameter sheet(From)',NULL,'0',_____DATE_____,1);
INSERT INTO T_COMN_COLUMN_GROUP_JNL (JOURNAL_SEQ_NO,JOURNAL_REG_DATETIME,JOURNAL_ACTION_CLASS,COL_GROUP_ID,PA_COL_GROUP_ID,COL_GROUP_NAME_JA,COL_GROUP_NAME_EN,FULL_COL_GROUP_NAME_JA,FULL_COL_GROUP_NAME_EN,NOTE,DISUSE_FLAG,LAST_UPDATE_TIMESTAMP,LAST_UPDATE_USER) VALUES(2040801,_____DATE_____,'INSERT','2040801',NULL,'パラメータシート(From)','Parameter sheet(From)','パラメータシート(From)','Parameter sheet(From)',NULL,'0',_____DATE_____,1);
INSERT INTO T_COMN_COLUMN_GROUP (COL_GROUP_ID,PA_COL_GROUP_ID,COL_GROUP_NAME_JA,COL_GROUP_NAME_EN,FULL_COL_GROUP_NAME_JA,FULL_COL_GROUP_NAME_EN,NOTE,DISUSE_FLAG,LAST_UPDATE_TIMESTAMP,LAST_UPDATE_USER) VALUES('2040802',NULL,'IaC変数(To)','IaC variable(To)','IaC変数(To)','IaC variable(To)',NULL,'0',_____DATE_____,1);
INSERT INTO T_COMN_COLUMN_GROUP_JNL (JOURNAL_SEQ_NO,JOURNAL_REG_DATETIME,JOURNAL_ACTION_CLASS,COL_GROUP_ID,PA_COL_GROUP_ID,COL_GROUP_NAME_JA,COL_GROUP_NAME_EN,FULL_COL_GROUP_NAME_JA,FULL_COL_GROUP_NAME_EN,NOTE,DISUSE_FLAG,LAST_UPDATE_TIMESTAMP,LAST_UPDATE_USER) VALUES(2040802,_____DATE_____,'INSERT','2040802',NULL,'IaC変数(To)','IaC variable(To)','IaC変数(To)','IaC variable(To)',NULL,'0',_____DATE_____,1);
INSERT INTO T_COMN_COLUMN_GROUP (COL_GROUP_ID,PA_COL_GROUP_ID,COL_GROUP_NAME_JA,COL_GROUP_NAME_EN,FULL_COL_GROUP_NAME_JA,FULL_COL_GROUP_NAME_EN,NOTE,DISUSE_FLAG,LAST_UPDATE_TIMESTAMP,LAST_UPDATE_USER) VALUES('2040803','2040802','Key変数','Key variable','IaC変数(To)/Key変数','IaC variable(To)/Key variable',NULL,'0',_____DATE_____,1);
INSERT INTO T_COMN_COLUMN_GROUP_JNL (JOURNAL_SEQ_NO,JOURNAL_REG_DATETIME,JOURNAL_ACTION_CLASS,COL_GROUP_ID,PA_COL_GROUP_ID,COL_GROUP_NAME_JA,COL_GROUP_NAME_EN,FULL_COL_GROUP_NAME_JA,FULL_COL_GROUP_NAME_EN,NOTE,DISUSE_FLAG,LAST_UPDATE_TIMESTAMP,LAST_UPDATE_USER) VALUES(2040803,_____DATE_____,'INSERT','2040803','2040802','Key変数','Key variable','IaC変数(To)/Key変数','IaC variable(To)/Key variable',NULL,'0',_____DATE_____,1);
INSERT INTO T_COMN_COLUMN_GROUP (COL_GROUP_ID,PA_COL_GROUP_ID,COL_GROUP_NAME_JA,COL_GROUP_NAME_EN,FULL_COL_GROUP_NAME_JA,FULL_COL_GROUP_NAME_EN,NOTE,DISUSE_FLAG,LAST_UPDATE_TIMESTAMP,LAST_UPDATE_USER) VALUES('2040804','2040802','Value変数','Value variable','IaC変数(To)/Value変数','IaC variable(To)/Value variable',NULL,'0',_____DATE_____,1);
INSERT INTO T_COMN_COLUMN_GROUP_JNL (JOURNAL_SEQ_NO,JOURNAL_REG_DATETIME,JOURNAL_ACTION_CLASS,COL_GROUP_ID,PA_COL_GROUP_ID,COL_GROUP_NAME_JA,COL_GROUP_NAME_EN,FULL_COL_GROUP_NAME_JA,FULL_COL_GROUP_NAME_EN,NOTE,DISUSE_FLAG,LAST_UPDATE_TIMESTAMP,LAST_UPDATE_USER) VALUES(2040804,_____DATE_____,'INSERT','2040804','2040802','Value変数','Value variable','IaC変数(To)/Value変数','IaC variable(To)/Value variable',NULL,'0',_____DATE_____,1);
INSERT INTO T_COMN_COLUMN_GROUP (COL_GROUP_ID,PA_COL_GROUP_ID,COL_GROUP_NAME_JA,COL_GROUP_NAME_EN,FULL_COL_GROUP_NAME_JA,FULL_COL_GROUP_NAME_EN,NOTE,DISUSE_FLAG,LAST_UPDATE_TIMESTAMP,LAST_UPDATE_USER) VALUES('2041001',NULL,'具体値','Specific value','具体値','Specific value',NULL,'0',_____DATE_____,1);
INSERT INTO T_COMN_COLUMN_GROUP_JNL (JOURNAL_SEQ_NO,JOURNAL_REG_DATETIME,JOURNAL_ACTION_CLASS,COL_GROUP_ID,PA_COL_GROUP_ID,COL_GROUP_NAME_JA,COL_GROUP_NAME_EN,FULL_COL_GROUP_NAME_JA,FULL_COL_GROUP_NAME_EN,NOTE,DISUSE_FLAG,LAST_UPDATE_TIMESTAMP,LAST_UPDATE_USER) VALUES(2041001,_____DATE_____,'INSERT','2041001',NULL,'具体値','Specific value','具体値','Specific value',NULL,'0',_____DATE_____,1);
INSERT INTO T_COMN_COLUMN_GROUP (COL_GROUP_ID,PA_COL_GROUP_ID,COL_GROUP_NAME_JA,COL_GROUP_NAME_EN,FULL_COL_GROUP_NAME_JA,FULL_COL_GROUP_NAME_EN,NOTE,DISUSE_FLAG,LAST_UPDATE_TIMESTAMP,LAST_UPDATE_USER) VALUES('2041002','2041001','文字列','String','具体値/文字列','Specific value/String',NULL,'0',_____DATE_____,1);
INSERT INTO T_COMN_COLUMN_GROUP_JNL (JOURNAL_SEQ_NO,JOURNAL_REG_DATETIME,JOURNAL_ACTION_CLASS,COL_GROUP_ID,PA_COL_GROUP_ID,COL_GROUP_NAME_JA,COL_GROUP_NAME_EN,FULL_COL_GROUP_NAME_JA,FULL_COL_GROUP_NAME_EN,NOTE,DISUSE_FLAG,LAST_UPDATE_TIMESTAMP,LAST_UPDATE_USER) VALUES(2041002,_____DATE_____,'INSERT','2041002','2041001','文字列','String','具体値/文字列','Specific value/String',NULL,'0',_____DATE_____,1);
INSERT INTO T_COMN_COLUMN_GROUP (COL_GROUP_ID,PA_COL_GROUP_ID,COL_GROUP_NAME_JA,COL_GROUP_NAME_EN,FULL_COL_GROUP_NAME_JA,FULL_COL_GROUP_NAME_EN,NOTE,DISUSE_FLAG,LAST_UPDATE_TIMESTAMP,LAST_UPDATE_USER) VALUES('2041301',NULL,'Movement','Movement','Movement','Movement',NULL,'0',_____DATE_____,1);
INSERT INTO T_COMN_COLUMN_GROUP_JNL (JOURNAL_SEQ_NO,JOURNAL_REG_DATETIME,JOURNAL_ACTION_CLASS,COL_GROUP_ID,PA_COL_GROUP_ID,COL_GROUP_NAME_JA,COL_GROUP_NAME_EN,FULL_COL_GROUP_NAME_JA,FULL_COL_GROUP_NAME_EN,NOTE,DISUSE_FLAG,LAST_UPDATE_TIMESTAMP,LAST_UPDATE_USER) VALUES(2041301,_____DATE_____,'INSERT','2041301',NULL,'Movement','Movement','Movement','Movement',NULL,'0',_____DATE_____,1);
INSERT INTO T_COMN_COLUMN_GROUP (COL_GROUP_ID,PA_COL_GROUP_ID,COL_GROUP_NAME_JA,COL_GROUP_NAME_EN,FULL_COL_GROUP_NAME_JA,FULL_COL_GROUP_NAME_EN,NOTE,DISUSE_FLAG,LAST_UPDATE_TIMESTAMP,LAST_UPDATE_USER) VALUES('2041302','2041301','Ansible利用情報','Dedicated information for ansible','Movement/Ansible利用情報','Movement/Dedicated information for ansible',NULL,'0',_____DATE_____,1);
INSERT INTO T_COMN_COLUMN_GROUP_JNL (JOURNAL_SEQ_NO,JOURNAL_REG_DATETIME,JOURNAL_ACTION_CLASS,COL_GROUP_ID,PA_COL_GROUP_ID,COL_GROUP_NAME_JA,COL_GROUP_NAME_EN,FULL_COL_GROUP_NAME_JA,FULL_COL_GROUP_NAME_EN,NOTE,DISUSE_FLAG,LAST_UPDATE_TIMESTAMP,LAST_UPDATE_USER) VALUES(2041302,_____DATE_____,'INSERT','2041302','2041301','Ansible利用情報','Dedicated information for ansible','Movement/Ansible利用情報','Movement/Dedicated information for ansible',NULL,'0',_____DATE_____,1);
INSERT INTO T_COMN_COLUMN_GROUP (COL_GROUP_ID,PA_COL_GROUP_ID,COL_GROUP_NAME_JA,COL_GROUP_NAME_EN,FULL_COL_GROUP_NAME_JA,FULL_COL_GROUP_NAME_EN,NOTE,DISUSE_FLAG,LAST_UPDATE_TIMESTAMP,LAST_UPDATE_USER) VALUES('2041303','2041301','Ansible Core利用情報','Ansible Core dedicated information','Movement/Ansible Core利用情報','Movement/Ansible Core dedicated information',NULL,'0',_____DATE_____,1);
INSERT INTO T_COMN_COLUMN_GROUP_JNL (JOURNAL_SEQ_NO,JOURNAL_REG_DATETIME,JOURNAL_ACTION_CLASS,COL_GROUP_ID,PA_COL_GROUP_ID,COL_GROUP_NAME_JA,COL_GROUP_NAME_EN,FULL_COL_GROUP_NAME_JA,FULL_COL_GROUP_NAME_EN,NOTE,DISUSE_FLAG,LAST_UPDATE_TIMESTAMP,LAST_UPDATE_USER) VALUES(2041303,_____DATE_____,'INSERT','2041303','2041301','Ansible Core利用情報','Ansible Core dedicated information','Movement/Ansible Core利用情報','Movement/Ansible Core dedicated information',NULL,'0',_____DATE_____,1);
INSERT INTO T_COMN_COLUMN_GROUP (COL_GROUP_ID,PA_COL_GROUP_ID,COL_GROUP_NAME_JA,COL_GROUP_NAME_EN,FULL_COL_GROUP_NAME_JA,FULL_COL_GROUP_NAME_EN,NOTE,DISUSE_FLAG,LAST_UPDATE_TIMESTAMP,LAST_UPDATE_USER) VALUES('2041304','2041301','Ansible Tower利用情報','Ansible Tower Dedicated information','Movement/Ansible Tower利用情報','Movement/Ansible Tower Dedicated information',NULL,'0',_____DATE_____,1);
INSERT INTO T_COMN_COLUMN_GROUP_JNL (JOURNAL_SEQ_NO,JOURNAL_REG_DATETIME,JOURNAL_ACTION_CLASS,COL_GROUP_ID,PA_COL_GROUP_ID,COL_GROUP_NAME_JA,COL_GROUP_NAME_EN,FULL_COL_GROUP_NAME_JA,FULL_COL_GROUP_NAME_EN,NOTE,DISUSE_FLAG,LAST_UPDATE_TIMESTAMP,LAST_UPDATE_USER) VALUES(2041304,_____DATE_____,'INSERT','2041304','2041301','Ansible Tower利用情報','Ansible Tower Dedicated information','Movement/Ansible Tower利用情報','Movement/Ansible Tower Dedicated information',NULL,'0',_____DATE_____,1);
INSERT INTO T_COMN_COLUMN_GROUP (COL_GROUP_ID,PA_COL_GROUP_ID,COL_GROUP_NAME_JA,COL_GROUP_NAME_EN,FULL_COL_GROUP_NAME_JA,FULL_COL_GROUP_NAME_EN,NOTE,DISUSE_FLAG,LAST_UPDATE_TIMESTAMP,LAST_UPDATE_USER) VALUES('2041305','2041301','Ansible Automation Controller利用情報','Ansible Automation Controller dedicated information','Movement/Ansible Automation Controller利用情報','Movement/Ansible Automation Controller dedicated information',NULL,'0',_____DATE_____,1);
INSERT INTO T_COMN_COLUMN_GROUP_JNL (JOURNAL_SEQ_NO,JOURNAL_REG_DATETIME,JOURNAL_ACTION_CLASS,COL_GROUP_ID,PA_COL_GROUP_ID,COL_GROUP_NAME_JA,COL_GROUP_NAME_EN,FULL_COL_GROUP_NAME_JA,FULL_COL_GROUP_NAME_EN,NOTE,DISUSE_FLAG,LAST_UPDATE_TIMESTAMP,LAST_UPDATE_USER) VALUES(2041305,_____DATE_____,'INSERT','2041305','2041301','Ansible Automation Controller利用情報','Ansible Automation Controller dedicated information','Movement/Ansible Automation Controller利用情報','Movement/Ansible Automation Controller dedicated information',NULL,'0',_____DATE_____,1);
INSERT INTO T_COMN_COLUMN_GROUP (COL_GROUP_ID,PA_COL_GROUP_ID,COL_GROUP_NAME_JA,COL_GROUP_NAME_EN,FULL_COL_GROUP_NAME_JA,FULL_COL_GROUP_NAME_EN,NOTE,DISUSE_FLAG,LAST_UPDATE_TIMESTAMP,LAST_UPDATE_USER) VALUES('2041306',NULL,'オペレーション','Operation','オペレーション','Operation',NULL,'0',_____DATE_____,1);
INSERT INTO T_COMN_COLUMN_GROUP_JNL (JOURNAL_SEQ_NO,JOURNAL_REG_DATETIME,JOURNAL_ACTION_CLASS,COL_GROUP_ID,PA_COL_GROUP_ID,COL_GROUP_NAME_JA,COL_GROUP_NAME_EN,FULL_COL_GROUP_NAME_JA,FULL_COL_GROUP_NAME_EN,NOTE,DISUSE_FLAG,LAST_UPDATE_TIMESTAMP,LAST_UPDATE_USER) VALUES(2041306,_____DATE_____,'INSERT','2041306',NULL,'オペレーション','Operation','オペレーション','Operation',NULL,'0',_____DATE_____,1);
INSERT INTO T_COMN_COLUMN_GROUP (COL_GROUP_ID,PA_COL_GROUP_ID,COL_GROUP_NAME_JA,COL_GROUP_NAME_EN,FULL_COL_GROUP_NAME_JA,FULL_COL_GROUP_NAME_EN,NOTE,DISUSE_FLAG,LAST_UPDATE_TIMESTAMP,LAST_UPDATE_USER) VALUES('2041307',NULL,'入力データ','Input data','入力データ','Input data',NULL,'0',_____DATE_____,1);
INSERT INTO T_COMN_COLUMN_GROUP_JNL (JOURNAL_SEQ_NO,JOURNAL_REG_DATETIME,JOURNAL_ACTION_CLASS,COL_GROUP_ID,PA_COL_GROUP_ID,COL_GROUP_NAME_JA,COL_GROUP_NAME_EN,FULL_COL_GROUP_NAME_JA,FULL_COL_GROUP_NAME_EN,NOTE,DISUSE_FLAG,LAST_UPDATE_TIMESTAMP,LAST_UPDATE_USER) VALUES(2041307,_____DATE_____,'INSERT','2041307',NULL,'入力データ','Input data','入力データ','Input data',NULL,'0',_____DATE_____,1);
INSERT INTO T_COMN_COLUMN_GROUP (COL_GROUP_ID,PA_COL_GROUP_ID,COL_GROUP_NAME_JA,COL_GROUP_NAME_EN,FULL_COL_GROUP_NAME_JA,FULL_COL_GROUP_NAME_EN,NOTE,DISUSE_FLAG,LAST_UPDATE_TIMESTAMP,LAST_UPDATE_USER) VALUES('2041308',NULL,'出力データ','Output data','出力データ','Output data',NULL,'0',_____DATE_____,1);
INSERT INTO T_COMN_COLUMN_GROUP_JNL (JOURNAL_SEQ_NO,JOURNAL_REG_DATETIME,JOURNAL_ACTION_CLASS,COL_GROUP_ID,PA_COL_GROUP_ID,COL_GROUP_NAME_JA,COL_GROUP_NAME_EN,FULL_COL_GROUP_NAME_JA,FULL_COL_GROUP_NAME_EN,NOTE,DISUSE_FLAG,LAST_UPDATE_TIMESTAMP,LAST_UPDATE_USER) VALUES(2041308,_____DATE_____,'INSERT','2041308',NULL,'出力データ','Output data','出力データ','Output data',NULL,'0',_____DATE_____,1);
INSERT INTO T_COMN_COLUMN_GROUP (COL_GROUP_ID,PA_COL_GROUP_ID,COL_GROUP_NAME_JA,COL_GROUP_NAME_EN,FULL_COL_GROUP_NAME_JA,FULL_COL_GROUP_NAME_EN,NOTE,DISUSE_FLAG,LAST_UPDATE_TIMESTAMP,LAST_UPDATE_USER) VALUES('2041309',NULL,'作業状況','Operation status','作業状況','Operation status',NULL,'0',_____DATE_____,1);
INSERT INTO T_COMN_COLUMN_GROUP_JNL (JOURNAL_SEQ_NO,JOURNAL_REG_DATETIME,JOURNAL_ACTION_CLASS,COL_GROUP_ID,PA_COL_GROUP_ID,COL_GROUP_NAME_JA,COL_GROUP_NAME_EN,FULL_COL_GROUP_NAME_JA,FULL_COL_GROUP_NAME_EN,NOTE,DISUSE_FLAG,LAST_UPDATE_TIMESTAMP,LAST_UPDATE_USER) VALUES(2041309,_____DATE_____,'INSERT','2041309',NULL,'作業状況','Operation status','作業状況','Operation status',NULL,'0',_____DATE_____,1);
INSERT INTO T_COMN_COLUMN_GROUP (COL_GROUP_ID,PA_COL_GROUP_ID,COL_GROUP_NAME_JA,COL_GROUP_NAME_EN,FULL_COL_GROUP_NAME_JA,FULL_COL_GROUP_NAME_EN,NOTE,DISUSE_FLAG,LAST_UPDATE_TIMESTAMP,LAST_UPDATE_USER) VALUES('2041310',NULL,'収集状況','Collection status','収集状況','Collection status',NULL,'0',_____DATE_____,1);
INSERT INTO T_COMN_COLUMN_GROUP_JNL (JOURNAL_SEQ_NO,JOURNAL_REG_DATETIME,JOURNAL_ACTION_CLASS,COL_GROUP_ID,PA_COL_GROUP_ID,COL_GROUP_NAME_JA,COL_GROUP_NAME_EN,FULL_COL_GROUP_NAME_JA,FULL_COL_GROUP_NAME_EN,NOTE,DISUSE_FLAG,LAST_UPDATE_TIMESTAMP,LAST_UPDATE_USER) VALUES(2041310,_____DATE_____,'INSERT','2041310',NULL,'収集状況','Collection status','収集状況','Collection status',NULL,'0',_____DATE_____,1);

INSERT INTO T_ANSC_AUTOREG_REG_TYPE (TYPE_ID,TYPE_NAME_JA,TYPE_NAME_EN,DISP_SEQ,NOTE,DISUSE_FLAG,LAST_UPDATE_TIMESTAMP,LAST_UPDATE_USER) VALUES(1,'Value型','Value type',100,'Value型','0',_____DATE_____,1);

INSERT INTO T_ANSC_AUTOREG_REG_TYPE (TYPE_ID,TYPE_NAME_JA,TYPE_NAME_EN,DISP_SEQ,NOTE,DISUSE_FLAG,LAST_UPDATE_TIMESTAMP,LAST_UPDATE_USER) VALUES(2,'Key型','Key type',200,'Key型','0',_____DATE_____,1);


INSERT INTO T_ANSC_EXEC_MODE (EXEC_MODE_ID,EXEC_MODE_NAME_JA,EXEC_MODE_NAME_EN,DISP_SEQ,NOTE,DISUSE_FLAG,LAST_UPDATE_TIMESTAMP,LAST_UPDATE_USER) VALUES('1','通常','Normal',1,NULL,'0',_____DATE_____,1);

INSERT INTO T_ANSC_EXEC_MODE (EXEC_MODE_ID,EXEC_MODE_NAME_JA,EXEC_MODE_NAME_EN,DISP_SEQ,NOTE,DISUSE_FLAG,LAST_UPDATE_TIMESTAMP,LAST_UPDATE_USER) VALUES('2','ドライラン','Dry run',1,NULL,'0',_____DATE_____,1);

INSERT INTO T_ANSC_EXEC_MODE (EXEC_MODE_ID,EXEC_MODE_NAME_JA,EXEC_MODE_NAME_EN,DISP_SEQ,NOTE,DISUSE_FLAG,LAST_UPDATE_TIMESTAMP,LAST_UPDATE_USER) VALUES('3','パラメータ確認','Parameter confirmation',1,NULL,'0',_____DATE_____,1);


INSERT INTO T_ANSC_VAR_TYPE (TYPE_ID,TYPE_NAME_JA,TYPE_NAME_EN,DISP_SEQ,NOTE,DISUSE_FLAG,LAST_UPDATE_TIMESTAMP,LAST_UPDATE_USER) VALUES('1','一般変数','Generic variable',1,NULL,'0',_____DATE_____,1);

INSERT INTO T_ANSC_VAR_TYPE (TYPE_ID,TYPE_NAME_JA,TYPE_NAME_EN,DISP_SEQ,NOTE,DISUSE_FLAG,LAST_UPDATE_TIMESTAMP,LAST_UPDATE_USER) VALUES('2','複数具体値変数','Array-type variable',2,NULL,'0',_____DATE_____,1);

INSERT INTO T_ANSC_VAR_TYPE (TYPE_ID,TYPE_NAME_JA,TYPE_NAME_EN,DISP_SEQ,NOTE,DISUSE_FLAG,LAST_UPDATE_TIMESTAMP,LAST_UPDATE_USER) VALUES('3','多次元変数','Nested variable',3,NULL,'0',_____DATE_____,1);


INSERT INTO T_ANSC_PIONEER_PROTOCOL_TYPE (PROTOCOL_ID,PROTOCOL_NAME,DISP_SEQ,NOTE,DISUSE_FLAG,LAST_UPDATE_TIMESTAMP,LAST_UPDATE_USER) VALUES('1','telnet',1,NULL,'0',_____DATE_____,1);

INSERT INTO T_ANSC_PIONEER_PROTOCOL_TYPE (PROTOCOL_ID,PROTOCOL_NAME,DISP_SEQ,NOTE,DISUSE_FLAG,LAST_UPDATE_TIMESTAMP,LAST_UPDATE_USER) VALUES('2','ssh',2,NULL,'0',_____DATE_____,1);


INSERT INTO T_ANSC_LOGIN_AUTH_TYPE (LOGIN_AUTH_TYPE_ID,LOGIN_AUTH_TYPE_NAME_JA,LOGIN_AUTH_TYPE_NAME_EN,DISP_SEQ,NOTE,DISUSE_FLAG,LAST_UPDATE_TIMESTAMP,LAST_UPDATE_USER) VALUES('1','鍵認証(パスフレーズなし)','Key authentication (no passphrase)',2,NULL,'0',_____DATE_____,1);

INSERT INTO T_ANSC_LOGIN_AUTH_TYPE (LOGIN_AUTH_TYPE_ID,LOGIN_AUTH_TYPE_NAME_JA,LOGIN_AUTH_TYPE_NAME_EN,DISP_SEQ,NOTE,DISUSE_FLAG,LAST_UPDATE_TIMESTAMP,LAST_UPDATE_USER) VALUES('2','パスワード認証','Password authentication',1,NULL,'0',_____DATE_____,1);

INSERT INTO T_ANSC_LOGIN_AUTH_TYPE (LOGIN_AUTH_TYPE_ID,LOGIN_AUTH_TYPE_NAME_JA,LOGIN_AUTH_TYPE_NAME_EN,DISP_SEQ,NOTE,DISUSE_FLAG,LAST_UPDATE_TIMESTAMP,LAST_UPDATE_USER) VALUES('3','鍵認証(鍵交換済み)','Key authentication (key exchanged)',4,NULL,'0',_____DATE_____,1);

INSERT INTO T_ANSC_LOGIN_AUTH_TYPE (LOGIN_AUTH_TYPE_ID,LOGIN_AUTH_TYPE_NAME_JA,LOGIN_AUTH_TYPE_NAME_EN,DISP_SEQ,NOTE,DISUSE_FLAG,LAST_UPDATE_TIMESTAMP,LAST_UPDATE_USER) VALUES('4','鍵認証(パスフレーズあり)','Key authentication (with passphrase)',3,NULL,'0',_____DATE_____,1);

INSERT INTO T_ANSC_LOGIN_AUTH_TYPE (LOGIN_AUTH_TYPE_ID,LOGIN_AUTH_TYPE_NAME_JA,LOGIN_AUTH_TYPE_NAME_EN,DISP_SEQ,NOTE,DISUSE_FLAG,LAST_UPDATE_TIMESTAMP,LAST_UPDATE_USER) VALUES('5','パスワード認証(winrm)','Password authentication (winrm)',5,NULL,'0',_____DATE_____,1);


INSERT INTO T_ANSC_EXEC_STATUS (EXEC_STATUS_ID,EXEC_STATUS_NAME_JA,EXEC_STATUS_NAME_EN,DISP_SEQ,NOTE,DISUSE_FLAG,LAST_UPDATE_TIMESTAMP,LAST_UPDATE_USER) VALUES('1','未実行','Unexecuted',1,NULL,'0',_____DATE_____,1);

INSERT INTO T_ANSC_EXEC_STATUS (EXEC_STATUS_ID,EXEC_STATUS_NAME_JA,EXEC_STATUS_NAME_EN,DISP_SEQ,NOTE,DISUSE_FLAG,LAST_UPDATE_TIMESTAMP,LAST_UPDATE_USER) VALUES('2','準備中','Preparing',2,NULL,'0',_____DATE_____,1);

INSERT INTO T_ANSC_EXEC_STATUS (EXEC_STATUS_ID,EXEC_STATUS_NAME_JA,EXEC_STATUS_NAME_EN,DISP_SEQ,NOTE,DISUSE_FLAG,LAST_UPDATE_TIMESTAMP,LAST_UPDATE_USER) VALUES('3','実行中','Executing',3,NULL,'0',_____DATE_____,1);

INSERT INTO T_ANSC_EXEC_STATUS (EXEC_STATUS_ID,EXEC_STATUS_NAME_JA,EXEC_STATUS_NAME_EN,DISP_SEQ,NOTE,DISUSE_FLAG,LAST_UPDATE_TIMESTAMP,LAST_UPDATE_USER) VALUES('4','実行中(遅延)','Executing (delay)',4,NULL,'0',_____DATE_____,1);

INSERT INTO T_ANSC_EXEC_STATUS (EXEC_STATUS_ID,EXEC_STATUS_NAME_JA,EXEC_STATUS_NAME_EN,DISP_SEQ,NOTE,DISUSE_FLAG,LAST_UPDATE_TIMESTAMP,LAST_UPDATE_USER) VALUES('5','完了','Completed',5,NULL,'0',_____DATE_____,1);

INSERT INTO T_ANSC_EXEC_STATUS (EXEC_STATUS_ID,EXEC_STATUS_NAME_JA,EXEC_STATUS_NAME_EN,DISP_SEQ,NOTE,DISUSE_FLAG,LAST_UPDATE_TIMESTAMP,LAST_UPDATE_USER) VALUES('6','完了(異常)','Completed (error)',6,NULL,'0',_____DATE_____,1);

INSERT INTO T_ANSC_EXEC_STATUS (EXEC_STATUS_ID,EXEC_STATUS_NAME_JA,EXEC_STATUS_NAME_EN,DISP_SEQ,NOTE,DISUSE_FLAG,LAST_UPDATE_TIMESTAMP,LAST_UPDATE_USER) VALUES('7','想定外エラー','Unexpected error',7,NULL,'0',_____DATE_____,1);

INSERT INTO T_ANSC_EXEC_STATUS (EXEC_STATUS_ID,EXEC_STATUS_NAME_JA,EXEC_STATUS_NAME_EN,DISP_SEQ,NOTE,DISUSE_FLAG,LAST_UPDATE_TIMESTAMP,LAST_UPDATE_USER) VALUES('8','緊急停止','Emergency stop',8,NULL,'0',_____DATE_____,1);

INSERT INTO T_ANSC_EXEC_STATUS (EXEC_STATUS_ID,EXEC_STATUS_NAME_JA,EXEC_STATUS_NAME_EN,DISP_SEQ,NOTE,DISUSE_FLAG,LAST_UPDATE_TIMESTAMP,LAST_UPDATE_USER) VALUES('9','未実行(予約)','Unexecuted (schedule)',9,NULL,'0',_____DATE_____,1);

INSERT INTO T_ANSC_EXEC_STATUS (EXEC_STATUS_ID,EXEC_STATUS_NAME_JA,EXEC_STATUS_NAME_EN,DISP_SEQ,NOTE,DISUSE_FLAG,LAST_UPDATE_TIMESTAMP,LAST_UPDATE_USER) VALUES('10','予約取消','Schedule cancellation',10,NULL,'0',_____DATE_____,1);


INSERT INTO T_ANSC_PIONEER_LANG (ID,NAME,DISP_SEQ,NOTE,DISUSE_FLAG,LAST_UPDATE_TIMESTAMP,LAST_UPDATE_USER) VALUES('1','utf-8',1,NULL,'0',_____DATE_____,1);

INSERT INTO T_ANSC_PIONEER_LANG (ID,NAME,DISP_SEQ,NOTE,DISUSE_FLAG,LAST_UPDATE_TIMESTAMP,LAST_UPDATE_USER) VALUES('2','shift_jis',2,NULL,'0',_____DATE_____,1);

INSERT INTO T_ANSC_PIONEER_LANG (ID,NAME,DISP_SEQ,NOTE,DISUSE_FLAG,LAST_UPDATE_TIMESTAMP,LAST_UPDATE_USER) VALUES('3','euc',3,NULL,'0',_____DATE_____,1);


INSERT INTO T_ANSC_EXEC_ENGINE (ID,NAME,DISP_SEQ,NOTE,DISUSE_FLAG,LAST_UPDATE_TIMESTAMP,LAST_UPDATE_USER) VALUES('1','Ansible-Core',1,NULL,'0',_____DATE_____,1);

INSERT INTO T_ANSC_EXEC_ENGINE (ID,NAME,DISP_SEQ,NOTE,DISUSE_FLAG,LAST_UPDATE_TIMESTAMP,LAST_UPDATE_USER) VALUES('2','Ansible Automation Controller',2,NULL,'0',_____DATE_____,1);


INSERT INTO T_ANSC_TWR_JOBTP_PROPERTY (ROWID,KEY_NAME,SHORT_KEY_NAME,PROPERTY_TYPE,PROPERTY_NAME,TOWERONLY,DISP_SEQ,NOTE,DISUSE_FLAG,LAST_UPDATE_TIMESTAMP,LAST_UPDATE_USER) VALUES('1','--forks=','-f(\\s)+','1','forks',0,1,NULL,'0',_____DATE_____,1);

INSERT INTO T_ANSC_TWR_JOBTP_PROPERTY (ROWID,KEY_NAME,SHORT_KEY_NAME,PROPERTY_TYPE,PROPERTY_NAME,TOWERONLY,DISP_SEQ,NOTE,DISUSE_FLAG,LAST_UPDATE_TIMESTAMP,LAST_UPDATE_USER) VALUES('2','--limit=','-l(\\s)+','1','limit',0,2,NULL,'0',_____DATE_____,1);

INSERT INTO T_ANSC_TWR_JOBTP_PROPERTY (ROWID,KEY_NAME,SHORT_KEY_NAME,PROPERTY_TYPE,PROPERTY_NAME,TOWERONLY,DISP_SEQ,NOTE,DISUSE_FLAG,LAST_UPDATE_TIMESTAMP,LAST_UPDATE_USER) VALUES('3',NULL,'-(v)+(\\s)+','2','verbosity',0,3,NULL,'0',_____DATE_____,1);

INSERT INTO T_ANSC_TWR_JOBTP_PROPERTY (ROWID,KEY_NAME,SHORT_KEY_NAME,PROPERTY_TYPE,PROPERTY_NAME,TOWERONLY,DISP_SEQ,NOTE,DISUSE_FLAG,LAST_UPDATE_TIMESTAMP,LAST_UPDATE_USER) VALUES('4','--extra-vars=','-e(\\s)+','4','extra_vars',0,4,NULL,'0',_____DATE_____,1);

INSERT INTO T_ANSC_TWR_JOBTP_PROPERTY (ROWID,KEY_NAME,SHORT_KEY_NAME,PROPERTY_TYPE,PROPERTY_NAME,TOWERONLY,DISP_SEQ,NOTE,DISUSE_FLAG,LAST_UPDATE_TIMESTAMP,LAST_UPDATE_USER) VALUES('5','--tags=','-t(\\s)+','1','job_tags',0,5,NULL,'0',_____DATE_____,1);

INSERT INTO T_ANSC_TWR_JOBTP_PROPERTY (ROWID,KEY_NAME,SHORT_KEY_NAME,PROPERTY_TYPE,PROPERTY_NAME,TOWERONLY,DISP_SEQ,NOTE,DISUSE_FLAG,LAST_UPDATE_TIMESTAMP,LAST_UPDATE_USER) VALUES('6','--skip-tags=',NULL,'1','skip_tags',0,6,NULL,'0',_____DATE_____,1);

INSERT INTO T_ANSC_TWR_JOBTP_PROPERTY (ROWID,KEY_NAME,SHORT_KEY_NAME,PROPERTY_TYPE,PROPERTY_NAME,TOWERONLY,DISP_SEQ,NOTE,DISUSE_FLAG,LAST_UPDATE_TIMESTAMP,LAST_UPDATE_USER) VALUES('7','--start-at-task=',NULL,'1','start_at_task',0,7,NULL,'0',_____DATE_____,1);

INSERT INTO T_ANSC_TWR_JOBTP_PROPERTY (ROWID,KEY_NAME,SHORT_KEY_NAME,PROPERTY_TYPE,PROPERTY_NAME,TOWERONLY,DISP_SEQ,NOTE,DISUSE_FLAG,LAST_UPDATE_TIMESTAMP,LAST_UPDATE_USER) VALUES('8','--become(\\s)+','-b(\\s)+','3','become_enabled',0,8,NULL,'0',_____DATE_____,1);

INSERT INTO T_ANSC_TWR_JOBTP_PROPERTY (ROWID,KEY_NAME,SHORT_KEY_NAME,PROPERTY_TYPE,PROPERTY_NAME,TOWERONLY,DISP_SEQ,NOTE,DISUSE_FLAG,LAST_UPDATE_TIMESTAMP,LAST_UPDATE_USER) VALUES('9','--diff(\\s)+','-D(\\s)+','3','diff_mode',0,9,NULL,'0',_____DATE_____,1);

INSERT INTO T_ANSC_TWR_JOBTP_PROPERTY (ROWID,KEY_NAME,SHORT_KEY_NAME,PROPERTY_TYPE,PROPERTY_NAME,TOWERONLY,DISP_SEQ,NOTE,DISUSE_FLAG,LAST_UPDATE_TIMESTAMP,LAST_UPDATE_USER) VALUES('10','--use_fact_cache(\\s)+','-ufc(\\s)+','3','use_fact_cache',1,10,NULL,'0',_____DATE_____,1);

INSERT INTO T_ANSC_TWR_JOBTP_PROPERTY (ROWID,KEY_NAME,SHORT_KEY_NAME,PROPERTY_TYPE,PROPERTY_NAME,TOWERONLY,DISP_SEQ,NOTE,DISUSE_FLAG,LAST_UPDATE_TIMESTAMP,LAST_UPDATE_USER) VALUES('11','--job_slice_count=','-jsc(\\s)+','1','job_slice_count',1,11,NULL,'0',_____DATE_____,1);

INSERT INTO T_ANSC_TWR_JOBTP_PROPERTY (ROWID,KEY_NAME,SHORT_KEY_NAME,PROPERTY_TYPE,PROPERTY_NAME,TOWERONLY,DISP_SEQ,NOTE,DISUSE_FLAG,LAST_UPDATE_TIMESTAMP,LAST_UPDATE_USER) VALUES('12','--allow_simultaneous(\\s)+','-as(\\s)+','3','allow_simultaneous',1,12,NULL,'0',_____DATE_____,1);

INSERT INTO T_ANSC_TWR_JOBTP_PROPERTY (ROWID,KEY_NAME,SHORT_KEY_NAME,PROPERTY_TYPE,PROPERTY_NAME,TOWERONLY,DISP_SEQ,NOTE,DISUSE_FLAG,LAST_UPDATE_TIMESTAMP,LAST_UPDATE_USER) VALUES('13',NULL,NULL,NULL,NULL,NULL,13,NULL,'0',_____DATE_____,1);

INSERT INTO T_ANSC_TWR_JOBTP_PROPERTY (ROWID,KEY_NAME,SHORT_KEY_NAME,PROPERTY_TYPE,PROPERTY_NAME,TOWERONLY,DISP_SEQ,NOTE,DISUSE_FLAG,LAST_UPDATE_TIMESTAMP,LAST_UPDATE_USER) VALUES('14',NULL,NULL,NULL,NULL,NULL,14,NULL,'0',_____DATE_____,1);

INSERT INTO T_ANSC_TWR_JOBTP_PROPERTY (ROWID,KEY_NAME,SHORT_KEY_NAME,PROPERTY_TYPE,PROPERTY_NAME,TOWERONLY,DISP_SEQ,NOTE,DISUSE_FLAG,LAST_UPDATE_TIMESTAMP,LAST_UPDATE_USER) VALUES('15',NULL,NULL,NULL,NULL,NULL,15,NULL,'0',_____DATE_____,1);

INSERT INTO T_ANSC_TWR_JOBTP_PROPERTY (ROWID,KEY_NAME,SHORT_KEY_NAME,PROPERTY_TYPE,PROPERTY_NAME,TOWERONLY,DISP_SEQ,NOTE,DISUSE_FLAG,LAST_UPDATE_TIMESTAMP,LAST_UPDATE_USER) VALUES('16',NULL,NULL,NULL,NULL,NULL,16,NULL,'0',_____DATE_____,1);

INSERT INTO T_ANSC_TWR_JOBTP_PROPERTY (ROWID,KEY_NAME,SHORT_KEY_NAME,PROPERTY_TYPE,PROPERTY_NAME,TOWERONLY,DISP_SEQ,NOTE,DISUSE_FLAG,LAST_UPDATE_TIMESTAMP,LAST_UPDATE_USER) VALUES('17',NULL,NULL,NULL,NULL,NULL,17,NULL,'0',_____DATE_____,1);

INSERT INTO T_ANSC_TWR_JOBTP_PROPERTY (ROWID,KEY_NAME,SHORT_KEY_NAME,PROPERTY_TYPE,PROPERTY_NAME,TOWERONLY,DISP_SEQ,NOTE,DISUSE_FLAG,LAST_UPDATE_TIMESTAMP,LAST_UPDATE_USER) VALUES('18',NULL,NULL,NULL,NULL,NULL,18,NULL,'0',_____DATE_____,1);

INSERT INTO T_ANSC_TWR_JOBTP_PROPERTY (ROWID,KEY_NAME,SHORT_KEY_NAME,PROPERTY_TYPE,PROPERTY_NAME,TOWERONLY,DISP_SEQ,NOTE,DISUSE_FLAG,LAST_UPDATE_TIMESTAMP,LAST_UPDATE_USER) VALUES('19',NULL,NULL,NULL,NULL,NULL,19,NULL,'0',_____DATE_____,1);

INSERT INTO T_ANSC_TWR_JOBTP_PROPERTY (ROWID,KEY_NAME,SHORT_KEY_NAME,PROPERTY_TYPE,PROPERTY_NAME,TOWERONLY,DISP_SEQ,NOTE,DISUSE_FLAG,LAST_UPDATE_TIMESTAMP,LAST_UPDATE_USER) VALUES('20',NULL,NULL,NULL,NULL,NULL,20,NULL,'0',_____DATE_____,1);

INSERT INTO T_ANSC_TWR_JOBTP_PROPERTY (ROWID,KEY_NAME,SHORT_KEY_NAME,PROPERTY_TYPE,PROPERTY_NAME,TOWERONLY,DISP_SEQ,NOTE,DISUSE_FLAG,LAST_UPDATE_TIMESTAMP,LAST_UPDATE_USER) VALUES('21',NULL,NULL,NULL,NULL,NULL,21,NULL,'0',_____DATE_____,1);

INSERT INTO T_ANSC_TWR_JOBTP_PROPERTY (ROWID,KEY_NAME,SHORT_KEY_NAME,PROPERTY_TYPE,PROPERTY_NAME,TOWERONLY,DISP_SEQ,NOTE,DISUSE_FLAG,LAST_UPDATE_TIMESTAMP,LAST_UPDATE_USER) VALUES('22',NULL,NULL,NULL,NULL,NULL,22,NULL,'0',_____DATE_____,1);


INSERT INTO T_ANSC_TWR_ORGANIZATION (ORGANIZATION_ITA_MANAGED_ID,ORGANIZATION_NAME,ORGANIZATION_ID,NOTE,DISUSE_FLAG,LAST_UPDATE_TIMESTAMP,LAST_UPDATE_USER) VALUES('1','Default',1,NULL,'0',_____DATE_____,1);


INSERT INTO T_ANSC_TWR_CREDENTIAL_TYPE (CREDENTIAL_TYPE_ID,CREDENTIAL_TYPE_NAME,DISP_SEQ,NOTE,DISUSE_FLAG,LAST_UPDATE_TIMESTAMP,LAST_UPDATE_USER) VALUES('1','machine',1,NULL,'0',_____DATE_____,1);

INSERT INTO T_ANSC_TWR_CREDENTIAL_TYPE (CREDENTIAL_TYPE_ID,CREDENTIAL_TYPE_NAME,DISP_SEQ,NOTE,DISUSE_FLAG,LAST_UPDATE_TIMESTAMP,LAST_UPDATE_USER) VALUES('3','Vault',3,NULL,'1',_____DATE_____,1);

INSERT INTO T_ANSC_TWR_CREDENTIAL_TYPE (CREDENTIAL_TYPE_ID,CREDENTIAL_TYPE_NAME,DISP_SEQ,NOTE,DISUSE_FLAG,LAST_UPDATE_TIMESTAMP,LAST_UPDATE_USER) VALUES('4','network',4,NULL,'0',_____DATE_____,1);

INSERT INTO T_ANSC_TWR_CREDENTIAL_TYPE (CREDENTIAL_TYPE_ID,CREDENTIAL_TYPE_NAME,DISP_SEQ,NOTE,DISUSE_FLAG,LAST_UPDATE_TIMESTAMP,LAST_UPDATE_USER) VALUES('5','Amazon Web Services',5,NULL,'1',_____DATE_____,1);

INSERT INTO T_ANSC_TWR_CREDENTIAL_TYPE (CREDENTIAL_TYPE_ID,CREDENTIAL_TYPE_NAME,DISP_SEQ,NOTE,DISUSE_FLAG,LAST_UPDATE_TIMESTAMP,LAST_UPDATE_USER) VALUES('6','OpenStack',6,NULL,'1',_____DATE_____,1);

INSERT INTO T_ANSC_TWR_CREDENTIAL_TYPE (CREDENTIAL_TYPE_ID,CREDENTIAL_TYPE_NAME,DISP_SEQ,NOTE,DISUSE_FLAG,LAST_UPDATE_TIMESTAMP,LAST_UPDATE_USER) VALUES('7','VMware vCenter',7,NULL,'1',_____DATE_____,1);

INSERT INTO T_ANSC_TWR_CREDENTIAL_TYPE (CREDENTIAL_TYPE_ID,CREDENTIAL_TYPE_NAME,DISP_SEQ,NOTE,DISUSE_FLAG,LAST_UPDATE_TIMESTAMP,LAST_UPDATE_USER) VALUES('8','Red Hat Satellite 6',8,NULL,'1',_____DATE_____,1);

INSERT INTO T_ANSC_TWR_CREDENTIAL_TYPE (CREDENTIAL_TYPE_ID,CREDENTIAL_TYPE_NAME,DISP_SEQ,NOTE,DISUSE_FLAG,LAST_UPDATE_TIMESTAMP,LAST_UPDATE_USER) VALUES('9','Red Hat CloudForms',9,NULL,'1',_____DATE_____,1);

INSERT INTO T_ANSC_TWR_CREDENTIAL_TYPE (CREDENTIAL_TYPE_ID,CREDENTIAL_TYPE_NAME,DISP_SEQ,NOTE,DISUSE_FLAG,LAST_UPDATE_TIMESTAMP,LAST_UPDATE_USER) VALUES('10','Google Compute Engine',10,NULL,'1',_____DATE_____,1);

INSERT INTO T_ANSC_TWR_CREDENTIAL_TYPE (CREDENTIAL_TYPE_ID,CREDENTIAL_TYPE_NAME,DISP_SEQ,NOTE,DISUSE_FLAG,LAST_UPDATE_TIMESTAMP,LAST_UPDATE_USER) VALUES('11','Microsoft Azure Resource Manager',11,NULL,'1',_____DATE_____,1);

INSERT INTO T_ANSC_TWR_CREDENTIAL_TYPE (CREDENTIAL_TYPE_ID,CREDENTIAL_TYPE_NAME,DISP_SEQ,NOTE,DISUSE_FLAG,LAST_UPDATE_TIMESTAMP,LAST_UPDATE_USER) VALUES('12','GitHub Personal Access Token',12,NULL,'1',_____DATE_____,1);

INSERT INTO T_ANSC_TWR_CREDENTIAL_TYPE (CREDENTIAL_TYPE_ID,CREDENTIAL_TYPE_NAME,DISP_SEQ,NOTE,DISUSE_FLAG,LAST_UPDATE_TIMESTAMP,LAST_UPDATE_USER) VALUES('14','Insights',14,NULL,'1',_____DATE_____,1);

INSERT INTO T_ANSC_TWR_CREDENTIAL_TYPE (CREDENTIAL_TYPE_ID,CREDENTIAL_TYPE_NAME,DISP_SEQ,NOTE,DISUSE_FLAG,LAST_UPDATE_TIMESTAMP,LAST_UPDATE_USER) VALUES('15','Red Hat Virtualization',15,NULL,'1',_____DATE_____,1);

INSERT INTO T_ANSC_TWR_CREDENTIAL_TYPE (CREDENTIAL_TYPE_ID,CREDENTIAL_TYPE_NAME,DISP_SEQ,NOTE,DISUSE_FLAG,LAST_UPDATE_TIMESTAMP,LAST_UPDATE_USER) VALUES('16','Ansible Tower',16,NULL,'1',_____DATE_____,1);

INSERT INTO T_ANSC_TWR_CREDENTIAL_TYPE (CREDENTIAL_TYPE_ID,CREDENTIAL_TYPE_NAME,DISP_SEQ,NOTE,DISUSE_FLAG,LAST_UPDATE_TIMESTAMP,LAST_UPDATE_USER) VALUES('17','OpenShift or Kubernetes API Bearer Token',17,NULL,'1',_____DATE_____,1);

INSERT INTO T_ANSC_TWR_CREDENTIAL_TYPE (CREDENTIAL_TYPE_ID,CREDENTIAL_TYPE_NAME,DISP_SEQ,NOTE,DISUSE_FLAG,LAST_UPDATE_TIMESTAMP,LAST_UPDATE_USER) VALUES('18','CyberArk AIM Central Credential Provider Lookup',18,NULL,'1',_____DATE_____,1);

INSERT INTO T_ANSC_TWR_CREDENTIAL_TYPE (CREDENTIAL_TYPE_ID,CREDENTIAL_TYPE_NAME,DISP_SEQ,NOTE,DISUSE_FLAG,LAST_UPDATE_TIMESTAMP,LAST_UPDATE_USER) VALUES('19','Microsoft Azure Key Vault',19,NULL,'1',_____DATE_____,1);

INSERT INTO T_ANSC_TWR_CREDENTIAL_TYPE (CREDENTIAL_TYPE_ID,CREDENTIAL_TYPE_NAME,DISP_SEQ,NOTE,DISUSE_FLAG,LAST_UPDATE_TIMESTAMP,LAST_UPDATE_USER) VALUES('20','CyberArk Conjur Secret Lookup',20,NULL,'1',_____DATE_____,1);

INSERT INTO T_ANSC_TWR_CREDENTIAL_TYPE (CREDENTIAL_TYPE_ID,CREDENTIAL_TYPE_NAME,DISP_SEQ,NOTE,DISUSE_FLAG,LAST_UPDATE_TIMESTAMP,LAST_UPDATE_USER) VALUES('21','HashiCorp Vault Secret Lookup',21,NULL,'1',_____DATE_____,1);

INSERT INTO T_ANSC_TWR_CREDENTIAL_TYPE (CREDENTIAL_TYPE_ID,CREDENTIAL_TYPE_NAME,DISP_SEQ,NOTE,DISUSE_FLAG,LAST_UPDATE_TIMESTAMP,LAST_UPDATE_USER) VALUES('22','HashiCorp Vault Signed SSH',22,NULL,'1',_____DATE_____,1);


INSERT INTO T_ANSC_COLLECT_STATUS (COLLECT_STATUS_ID,COLLECT_STATUS_NAME_JA,COLLECT_STATUS_NAME_EN,DISP_SEQ,NOTE,DISUSE_FLAG,LAST_UPDATE_TIMESTAMP,LAST_UPDATE_USER) VALUES('1','収集済み','Collected',1,NULL,'0',_____DATE_____,1);

INSERT INTO T_ANSC_COLLECT_STATUS (COLLECT_STATUS_ID,COLLECT_STATUS_NAME_JA,COLLECT_STATUS_NAME_EN,DISP_SEQ,NOTE,DISUSE_FLAG,LAST_UPDATE_TIMESTAMP,LAST_UPDATE_USER) VALUES('2','収集済み（通知あり）','Collected（Notice）',2,NULL,'0',_____DATE_____,1);

INSERT INTO T_ANSC_COLLECT_STATUS (COLLECT_STATUS_ID,COLLECT_STATUS_NAME_JA,COLLECT_STATUS_NAME_EN,DISP_SEQ,NOTE,DISUSE_FLAG,LAST_UPDATE_TIMESTAMP,LAST_UPDATE_USER) VALUES('3','対象外','Not target',3,NULL,'0',_____DATE_____,1);

INSERT INTO T_ANSC_COLLECT_STATUS (COLLECT_STATUS_ID,COLLECT_STATUS_NAME_JA,COLLECT_STATUS_NAME_EN,DISP_SEQ,NOTE,DISUSE_FLAG,LAST_UPDATE_TIMESTAMP,LAST_UPDATE_USER) VALUES('4','収集エラー','Collection error',4,NULL,'0',_____DATE_____,1);


INSERT INTO T_ANSC_COMVRAS_USLIST_F_ID (ROW_ID,NAME,DISP_SEQ,NOTE,DISUSE_FLAG,LAST_UPDATE_TIMESTAMP,LAST_UPDATE_USER) VALUES('1','GBL',1,NULL,'0',_____DATE_____,1);

INSERT INTO T_ANSC_COMVRAS_USLIST_F_ID (ROW_ID,NAME,DISP_SEQ,NOTE,DISUSE_FLAG,LAST_UPDATE_TIMESTAMP,LAST_UPDATE_USER) VALUES('2','CPF',2,NULL,'0',_____DATE_____,1);

INSERT INTO T_ANSC_COMVRAS_USLIST_F_ID (ROW_ID,NAME,DISP_SEQ,NOTE,DISUSE_FLAG,LAST_UPDATE_TIMESTAMP,LAST_UPDATE_USER) VALUES('3','TPF',3,NULL,'0',_____DATE_____,1);


INSERT INTO T_ANSC_COMVRAS_USLIST_V_ID (ROW_ID,NAME,DISP_SEQ,NOTE,DISUSE_FLAG,LAST_UPDATE_TIMESTAMP,LAST_UPDATE_USER) VALUES('1','Playbook',1,NULL,'0',_____DATE_____,1);

INSERT INTO T_ANSC_COMVRAS_USLIST_V_ID (ROW_ID,NAME,DISP_SEQ,NOTE,DISUSE_FLAG,LAST_UPDATE_TIMESTAMP,LAST_UPDATE_USER) VALUES('2','Dialogfile',2,NULL,'0',_____DATE_____,1);

INSERT INTO T_ANSC_COMVRAS_USLIST_V_ID (ROW_ID,NAME,DISP_SEQ,NOTE,DISUSE_FLAG,LAST_UPDATE_TIMESTAMP,LAST_UPDATE_USER) VALUES('3','Rolepackage',3,NULL,'0',_____DATE_____,1);

INSERT INTO T_ANSC_COMVRAS_USLIST_V_ID (ROW_ID,NAME,DISP_SEQ,NOTE,DISUSE_FLAG,LAST_UPDATE_TIMESTAMP,LAST_UPDATE_USER) VALUES('4','Templatefile',4,NULL,'0',_____DATE_____,1);


INSERT INTO T_ANSC_IF_INFO (ANSIBLE_IF_INFO_ID,ANSIBLE_EXEC_MODE,ANSIBLE_HOSTNAME,ANSIBLE_PROTOCOL,ANSIBLE_PORT,ANSIBLE_EXEC_USER,ANSIBLE_ACCESS_KEY_ID,ANSIBLE_SECRET_ACCESS_KEY,ANSTWR_HOST_ID,ANSTWR_PROTOCOL,ANSTWR_PORT,ANSTWR_ORGANIZATION,ANSTWR_AUTH_TOKEN,ANSTWR_DEL_RUNTIME_DATA,ANSIBLE_PROXY_ADDRESS,ANSIBLE_PROXY_PORT,ANSIBLE_VAULT_PASSWORD,ANSIBLE_CORE_PATH,ANS_GIT_HOSTNAME,ANS_GIT_USER,ANS_GIT_SSH_KEY_FILE,ANS_GIT_SSH_KEY_FILE_PASS,ANSIBLE_STORAGE_PATH_LNX,ANSIBLE_STORAGE_PATH_ANS,SYMPHONY_STORAGE_PATH_ANS,CONDUCTOR_STORAGE_PATH_ANS,ANSIBLE_EXEC_OPTIONS,NULL_DATA_HANDLING_FLG,ANSIBLE_NUM_PARALLEL_EXEC,ANSIBLE_REFRESH_INTERVAL,ANSIBLE_TAILLOG_LINES,DISUSE_FLAG,LAST_UPDATE_TIMESTAMP,LAST_UPDATE_USER) VALUES(1,'1','exastro-it-automation','https',443,NULL,'AccessKeyId','H2IwpzI0DJAwMKAmF2I5',NULL,'https',443,'Default',NULL,'1',NULL,NULL,'ZxMDAl1RHRb3YGMDAxVgDwqSZt==','/usr/local/bin',NULL,NULL,NULL,NULL,'%%%%%ITA_DIRECTORY%%%%%/data_relay_storage/ansible_driver','%%%%%ITA_DIRECTORY%%%%%/data_relay_storage/ansible_driver','%%%%%ITA_DIRECTORY%%%%%/data_relay_storage/symphony','%%%%%ITA_DIRECTORY%%%%%/data_relay_storage/conductor','-v','0',100,3000,1000,'0',_____DATE_____,1);
INSERT INTO T_ANSC_IF_INFO_JNL (JOURNAL_SEQ_NO,JOURNAL_REG_DATETIME,JOURNAL_ACTION_CLASS,ANSIBLE_IF_INFO_ID,ANSIBLE_EXEC_MODE,ANSIBLE_HOSTNAME,ANSIBLE_PROTOCOL,ANSIBLE_PORT,ANSIBLE_EXEC_USER,ANSIBLE_ACCESS_KEY_ID,ANSIBLE_SECRET_ACCESS_KEY,ANSTWR_HOST_ID,ANSTWR_PROTOCOL,ANSTWR_PORT,ANSTWR_ORGANIZATION,ANSTWR_AUTH_TOKEN,ANSTWR_DEL_RUNTIME_DATA,ANSIBLE_PROXY_ADDRESS,ANSIBLE_PROXY_PORT,ANSIBLE_VAULT_PASSWORD,ANSIBLE_CORE_PATH,ANS_GIT_HOSTNAME,ANS_GIT_USER,ANS_GIT_SSH_KEY_FILE,ANS_GIT_SSH_KEY_FILE_PASS,ANSIBLE_STORAGE_PATH_LNX,ANSIBLE_STORAGE_PATH_ANS,SYMPHONY_STORAGE_PATH_ANS,CONDUCTOR_STORAGE_PATH_ANS,ANSIBLE_EXEC_OPTIONS,NULL_DATA_HANDLING_FLG,ANSIBLE_NUM_PARALLEL_EXEC,ANSIBLE_REFRESH_INTERVAL,ANSIBLE_TAILLOG_LINES,DISUSE_FLAG,LAST_UPDATE_TIMESTAMP,LAST_UPDATE_USER) VALUES(1,_____DATE_____,'INSERT',1,'1','exastro-it-automation','https',443,NULL,'AccessKeyId','H2IwpzI0DJAwMKAmF2I5',NULL,'https',443,'Default',NULL,'1',NULL,NULL,'ZxMDAl1RHRb3YGMDAxVgDwqSZt==','/usr/local/bin',NULL,NULL,NULL,NULL,'%%%%%ITA_DIRECTORY%%%%%/data_relay_storage/ansible_driver','%%%%%ITA_DIRECTORY%%%%%/data_relay_storage/ansible_driver','%%%%%ITA_DIRECTORY%%%%%/data_relay_storage/symphony','%%%%%ITA_DIRECTORY%%%%%/data_relay_storage/conductor','-v','0',100,3000,1000,'0',_____DATE_____,1);

