INSERT INTO T_COMN_MENU_GROUP (MENU_GROUP_ID,PARENT_MENU_GROUP_ID,MENU_GROUP_NAME_JA,MENU_GROUP_NAME_EN,MENU_GROUP_ICON,DISP_SEQ,NOTE,DISUSE_FLAG,LAST_UPDATE_TIMESTAMP,LAST_UPDATE_USER) VALUES(107,NULL,'Conductor','Conductor','Conductor.png',70,NULL,'0',_____DATE_____,1);
INSERT INTO T_COMN_MENU_GROUP_JNL (JOURNAL_SEQ_NO,JOURNAL_REG_DATETIME,JOURNAL_ACTION_CLASS,MENU_GROUP_ID,PARENT_MENU_GROUP_ID,MENU_GROUP_NAME_JA,MENU_GROUP_NAME_EN,MENU_GROUP_ICON,DISP_SEQ,NOTE,DISUSE_FLAG,LAST_UPDATE_TIMESTAMP,LAST_UPDATE_USER) VALUES(107,_____DATE_____,'INSERT',107,NULL,'Conductor','Conductor','Conductor.png',70,NULL,'0',_____DATE_____,1);

INSERT INTO T_COMN_MENU (MENU_ID,MENU_GROUP_ID,MENU_NAME_JA,MENU_NAME_EN,MENU_NAME_REST,LOGIN_NECESSITY,DISP_SEQ,AUTOFILTER_FLG,INITIAL_FILTER_FLG,WEB_PRINT_LIMIT,WEB_PRINT_CONFIRM,XLS_PRINT_LIMIT,NOTE,DISUSE_FLAG,LAST_UPDATE_TIMESTAMP,LAST_UPDATE_USER) VALUES(10701,107,'Conductorインターフェース情報','Conductor interface information','conductor_interface_information','1',10,0,0,NULL,NULL,NULL,NULL,'0',_____DATE_____,1);
INSERT INTO T_COMN_MENU_JNL (JOURNAL_SEQ_NO,JOURNAL_REG_DATETIME,JOURNAL_ACTION_CLASS,MENU_ID,MENU_GROUP_ID,MENU_NAME_JA,MENU_NAME_EN,MENU_NAME_REST,LOGIN_NECESSITY,DISP_SEQ,AUTOFILTER_FLG,INITIAL_FILTER_FLG,WEB_PRINT_LIMIT,WEB_PRINT_CONFIRM,XLS_PRINT_LIMIT,NOTE,DISUSE_FLAG,LAST_UPDATE_TIMESTAMP,LAST_UPDATE_USER) VALUES(10701,_____DATE_____,'INSERT',10701,107,'Conductorインターフェース情報','Conductor interface information','conductor_interface_information','1',10,0,0,NULL,NULL,NULL,NULL,'0',_____DATE_____,1);
INSERT INTO T_COMN_MENU (MENU_ID,MENU_GROUP_ID,MENU_NAME_JA,MENU_NAME_EN,MENU_NAME_REST,LOGIN_NECESSITY,DISP_SEQ,AUTOFILTER_FLG,INITIAL_FILTER_FLG,WEB_PRINT_LIMIT,WEB_PRINT_CONFIRM,XLS_PRINT_LIMIT,NOTE,DISUSE_FLAG,LAST_UPDATE_TIMESTAMP,LAST_UPDATE_USER) VALUES(10702,107,'Conductor通知先定義','Conductor notification definition','conductor_notification_definition','1',20,0,0,NULL,NULL,NULL,NULL,'0',_____DATE_____,1);
INSERT INTO T_COMN_MENU_JNL (JOURNAL_SEQ_NO,JOURNAL_REG_DATETIME,JOURNAL_ACTION_CLASS,MENU_ID,MENU_GROUP_ID,MENU_NAME_JA,MENU_NAME_EN,MENU_NAME_REST,LOGIN_NECESSITY,DISP_SEQ,AUTOFILTER_FLG,INITIAL_FILTER_FLG,WEB_PRINT_LIMIT,WEB_PRINT_CONFIRM,XLS_PRINT_LIMIT,NOTE,DISUSE_FLAG,LAST_UPDATE_TIMESTAMP,LAST_UPDATE_USER) VALUES(10702,_____DATE_____,'INSERT',10702,107,'Conductor通知先定義','Conductor notification definition','conductor_notification_definition','1',20,0,0,NULL,NULL,NULL,NULL,'0',_____DATE_____,1);
INSERT INTO T_COMN_MENU (MENU_ID,MENU_GROUP_ID,MENU_NAME_JA,MENU_NAME_EN,MENU_NAME_REST,LOGIN_NECESSITY,DISP_SEQ,AUTOFILTER_FLG,INITIAL_FILTER_FLG,WEB_PRINT_LIMIT,WEB_PRINT_CONFIRM,XLS_PRINT_LIMIT,NOTE,DISUSE_FLAG,LAST_UPDATE_TIMESTAMP,LAST_UPDATE_USER) VALUES(10703,107,'Conductor一覧','Conductor class list','conductor_class_list','1',30,0,0,NULL,NULL,NULL,NULL,'0',_____DATE_____,1);
INSERT INTO T_COMN_MENU_JNL (JOURNAL_SEQ_NO,JOURNAL_REG_DATETIME,JOURNAL_ACTION_CLASS,MENU_ID,MENU_GROUP_ID,MENU_NAME_JA,MENU_NAME_EN,MENU_NAME_REST,LOGIN_NECESSITY,DISP_SEQ,AUTOFILTER_FLG,INITIAL_FILTER_FLG,WEB_PRINT_LIMIT,WEB_PRINT_CONFIRM,XLS_PRINT_LIMIT,NOTE,DISUSE_FLAG,LAST_UPDATE_TIMESTAMP,LAST_UPDATE_USER) VALUES(10703,_____DATE_____,'INSERT',10703,107,'Conductor一覧','Conductor class list','conductor_class_list','1',30,0,0,NULL,NULL,NULL,NULL,'0',_____DATE_____,1);
INSERT INTO T_COMN_MENU (MENU_ID,MENU_GROUP_ID,MENU_NAME_JA,MENU_NAME_EN,MENU_NAME_REST,LOGIN_NECESSITY,DISP_SEQ,AUTOFILTER_FLG,INITIAL_FILTER_FLG,WEB_PRINT_LIMIT,WEB_PRINT_CONFIRM,XLS_PRINT_LIMIT,NOTE,DISUSE_FLAG,LAST_UPDATE_TIMESTAMP,LAST_UPDATE_USER) VALUES(10704,107,'Conductor編集','Conductor class edit','conductor_class_edit','1',40,0,0,NULL,NULL,NULL,NULL,'0',_____DATE_____,1);
INSERT INTO T_COMN_MENU_JNL (JOURNAL_SEQ_NO,JOURNAL_REG_DATETIME,JOURNAL_ACTION_CLASS,MENU_ID,MENU_GROUP_ID,MENU_NAME_JA,MENU_NAME_EN,MENU_NAME_REST,LOGIN_NECESSITY,DISP_SEQ,AUTOFILTER_FLG,INITIAL_FILTER_FLG,WEB_PRINT_LIMIT,WEB_PRINT_CONFIRM,XLS_PRINT_LIMIT,NOTE,DISUSE_FLAG,LAST_UPDATE_TIMESTAMP,LAST_UPDATE_USER) VALUES(10704,_____DATE_____,'INSERT',10704,107,'Conductor編集','Conductor class edit','conductor_class_edit','1',40,0,0,NULL,NULL,NULL,NULL,'0',_____DATE_____,1);
INSERT INTO T_COMN_MENU (MENU_ID,MENU_GROUP_ID,MENU_NAME_JA,MENU_NAME_EN,MENU_NAME_REST,LOGIN_NECESSITY,DISP_SEQ,AUTOFILTER_FLG,INITIAL_FILTER_FLG,WEB_PRINT_LIMIT,WEB_PRINT_CONFIRM,XLS_PRINT_LIMIT,NOTE,DISUSE_FLAG,LAST_UPDATE_TIMESTAMP,LAST_UPDATE_USER) VALUES(10705,107,'Conductor作業実行','Conductor execution','conductor_execution','1',50,0,0,NULL,NULL,NULL,NULL,'0',_____DATE_____,1);
INSERT INTO T_COMN_MENU_JNL (JOURNAL_SEQ_NO,JOURNAL_REG_DATETIME,JOURNAL_ACTION_CLASS,MENU_ID,MENU_GROUP_ID,MENU_NAME_JA,MENU_NAME_EN,MENU_NAME_REST,LOGIN_NECESSITY,DISP_SEQ,AUTOFILTER_FLG,INITIAL_FILTER_FLG,WEB_PRINT_LIMIT,WEB_PRINT_CONFIRM,XLS_PRINT_LIMIT,NOTE,DISUSE_FLAG,LAST_UPDATE_TIMESTAMP,LAST_UPDATE_USER) VALUES(10705,_____DATE_____,'INSERT',10705,107,'Conductor作業実行','Conductor execution','conductor_execution','1',50,0,0,NULL,NULL,NULL,NULL,'0',_____DATE_____,1);
INSERT INTO T_COMN_MENU (MENU_ID,MENU_GROUP_ID,MENU_NAME_JA,MENU_NAME_EN,MENU_NAME_REST,LOGIN_NECESSITY,DISP_SEQ,AUTOFILTER_FLG,INITIAL_FILTER_FLG,WEB_PRINT_LIMIT,WEB_PRINT_CONFIRM,XLS_PRINT_LIMIT,NOTE,DISUSE_FLAG,LAST_UPDATE_TIMESTAMP,LAST_UPDATE_USER) VALUES(10706,107,'Conductor作業一覧','Conductor list','conductor_list','1',60,0,0,NULL,NULL,NULL,NULL,'0',_____DATE_____,1);
INSERT INTO T_COMN_MENU_JNL (JOURNAL_SEQ_NO,JOURNAL_REG_DATETIME,JOURNAL_ACTION_CLASS,MENU_ID,MENU_GROUP_ID,MENU_NAME_JA,MENU_NAME_EN,MENU_NAME_REST,LOGIN_NECESSITY,DISP_SEQ,AUTOFILTER_FLG,INITIAL_FILTER_FLG,WEB_PRINT_LIMIT,WEB_PRINT_CONFIRM,XLS_PRINT_LIMIT,NOTE,DISUSE_FLAG,LAST_UPDATE_TIMESTAMP,LAST_UPDATE_USER) VALUES(10706,_____DATE_____,'INSERT',10706,107,'Conductor作業一覧','Conductor list','conductor_list','1',60,0,0,NULL,NULL,NULL,NULL,'0',_____DATE_____,1);
INSERT INTO T_COMN_MENU (MENU_ID,MENU_GROUP_ID,MENU_NAME_JA,MENU_NAME_EN,MENU_NAME_REST,LOGIN_NECESSITY,DISP_SEQ,AUTOFILTER_FLG,INITIAL_FILTER_FLG,WEB_PRINT_LIMIT,WEB_PRINT_CONFIRM,XLS_PRINT_LIMIT,NOTE,DISUSE_FLAG,LAST_UPDATE_TIMESTAMP,LAST_UPDATE_USER) VALUES(10707,107,'Conductor作業確認','Conductor confirmation','conductor_confirmation','1',70,0,0,NULL,NULL,NULL,NULL,'0',_____DATE_____,1);
INSERT INTO T_COMN_MENU_JNL (JOURNAL_SEQ_NO,JOURNAL_REG_DATETIME,JOURNAL_ACTION_CLASS,MENU_ID,MENU_GROUP_ID,MENU_NAME_JA,MENU_NAME_EN,MENU_NAME_REST,LOGIN_NECESSITY,DISP_SEQ,AUTOFILTER_FLG,INITIAL_FILTER_FLG,WEB_PRINT_LIMIT,WEB_PRINT_CONFIRM,XLS_PRINT_LIMIT,NOTE,DISUSE_FLAG,LAST_UPDATE_TIMESTAMP,LAST_UPDATE_USER) VALUES(10707,_____DATE_____,'INSERT',10707,107,'Conductor作業確認','Conductor confirmation','conductor_confirmation','1',70,0,0,NULL,NULL,NULL,NULL,'0',_____DATE_____,1);
INSERT INTO T_COMN_MENU (MENU_ID,MENU_GROUP_ID,MENU_NAME_JA,MENU_NAME_EN,MENU_NAME_REST,LOGIN_NECESSITY,DISP_SEQ,AUTOFILTER_FLG,INITIAL_FILTER_FLG,WEB_PRINT_LIMIT,WEB_PRINT_CONFIRM,XLS_PRINT_LIMIT,NOTE,DISUSE_FLAG,LAST_UPDATE_TIMESTAMP,LAST_UPDATE_USER) VALUES(10708,107,'Conductorインスタンス一覧','Conductor instance list','conductor_instance_list','1',90,0,0,NULL,NULL,NULL,NULL,'0',_____DATE_____,1);
INSERT INTO T_COMN_MENU_JNL (JOURNAL_SEQ_NO,JOURNAL_REG_DATETIME,JOURNAL_ACTION_CLASS,MENU_ID,MENU_GROUP_ID,MENU_NAME_JA,MENU_NAME_EN,MENU_NAME_REST,LOGIN_NECESSITY,DISP_SEQ,AUTOFILTER_FLG,INITIAL_FILTER_FLG,WEB_PRINT_LIMIT,WEB_PRINT_CONFIRM,XLS_PRINT_LIMIT,NOTE,DISUSE_FLAG,LAST_UPDATE_TIMESTAMP,LAST_UPDATE_USER) VALUES(10708,_____DATE_____,'INSERT',10708,107,'Conductorインスタンス一覧','Conductor instance list','conductor_instance_list','1',90,0,0,NULL,NULL,NULL,NULL,'0',_____DATE_____,1);
INSERT INTO T_COMN_MENU (MENU_ID,MENU_GROUP_ID,MENU_NAME_JA,MENU_NAME_EN,MENU_NAME_REST,LOGIN_NECESSITY,DISP_SEQ,AUTOFILTER_FLG,INITIAL_FILTER_FLG,WEB_PRINT_LIMIT,WEB_PRINT_CONFIRM,XLS_PRINT_LIMIT,NOTE,DISUSE_FLAG,LAST_UPDATE_TIMESTAMP,LAST_UPDATE_USER) VALUES(10709,107,'ConductorNodeインスタンス一覧','Conductor node instance list','conductor_node_instance_list','1',100,0,0,NULL,NULL,NULL,NULL,'0',_____DATE_____,1);
INSERT INTO T_COMN_MENU_JNL (JOURNAL_SEQ_NO,JOURNAL_REG_DATETIME,JOURNAL_ACTION_CLASS,MENU_ID,MENU_GROUP_ID,MENU_NAME_JA,MENU_NAME_EN,MENU_NAME_REST,LOGIN_NECESSITY,DISP_SEQ,AUTOFILTER_FLG,INITIAL_FILTER_FLG,WEB_PRINT_LIMIT,WEB_PRINT_CONFIRM,XLS_PRINT_LIMIT,NOTE,DISUSE_FLAG,LAST_UPDATE_TIMESTAMP,LAST_UPDATE_USER) VALUES(10709,_____DATE_____,'INSERT',10709,107,'ConductorNodeインスタンス一覧','Conductor node instance list','conductor_node_instance_list','1',100,0,0,NULL,NULL,NULL,NULL,'0',_____DATE_____,1);

INSERT INTO T_COMN_CONDUCTOR_STATUS (STATUS_ID,STATUS_NAME_JA,STATUS_NAME_EN,DISP_SEQ,NOTE,DISUSE_FLAG,LAST_UPDATE_TIMESTAMP,LAST_UPDATE_USER) VALUES('1','未実行','Unexecuted',10,NULL,'0',_____DATE_____,1);

INSERT INTO T_COMN_CONDUCTOR_STATUS (STATUS_ID,STATUS_NAME_JA,STATUS_NAME_EN,DISP_SEQ,NOTE,DISUSE_FLAG,LAST_UPDATE_TIMESTAMP,LAST_UPDATE_USER) VALUES('2','未実行(予約)','Unexecuted (schedule)',20,NULL,'0',_____DATE_____,1);

INSERT INTO T_COMN_CONDUCTOR_STATUS (STATUS_ID,STATUS_NAME_JA,STATUS_NAME_EN,DISP_SEQ,NOTE,DISUSE_FLAG,LAST_UPDATE_TIMESTAMP,LAST_UPDATE_USER) VALUES('3','実行中','Executing',30,NULL,'0',_____DATE_____,1);

INSERT INTO T_COMN_CONDUCTOR_STATUS (STATUS_ID,STATUS_NAME_JA,STATUS_NAME_EN,DISP_SEQ,NOTE,DISUSE_FLAG,LAST_UPDATE_TIMESTAMP,LAST_UPDATE_USER) VALUES('4','実行中(遅延)','Executing (delay)',40,NULL,'0',_____DATE_____,1);

INSERT INTO T_COMN_CONDUCTOR_STATUS (STATUS_ID,STATUS_NAME_JA,STATUS_NAME_EN,DISP_SEQ,NOTE,DISUSE_FLAG,LAST_UPDATE_TIMESTAMP,LAST_UPDATE_USER) VALUES('5','一時停止','Pause',50,NULL,'0',_____DATE_____,1);

INSERT INTO T_COMN_CONDUCTOR_STATUS (STATUS_ID,STATUS_NAME_JA,STATUS_NAME_EN,DISP_SEQ,NOTE,DISUSE_FLAG,LAST_UPDATE_TIMESTAMP,LAST_UPDATE_USER) VALUES('6','正常終了','Normal end',60,NULL,'0',_____DATE_____,1);

INSERT INTO T_COMN_CONDUCTOR_STATUS (STATUS_ID,STATUS_NAME_JA,STATUS_NAME_EN,DISP_SEQ,NOTE,DISUSE_FLAG,LAST_UPDATE_TIMESTAMP,LAST_UPDATE_USER) VALUES('7','異常終了','Abend',70,NULL,'0',_____DATE_____,1);

INSERT INTO T_COMN_CONDUCTOR_STATUS (STATUS_ID,STATUS_NAME_JA,STATUS_NAME_EN,DISP_SEQ,NOTE,DISUSE_FLAG,LAST_UPDATE_TIMESTAMP,LAST_UPDATE_USER) VALUES('8','警告終了','Warning end',80,NULL,'0',_____DATE_____,1);

INSERT INTO T_COMN_CONDUCTOR_STATUS (STATUS_ID,STATUS_NAME_JA,STATUS_NAME_EN,DISP_SEQ,NOTE,DISUSE_FLAG,LAST_UPDATE_TIMESTAMP,LAST_UPDATE_USER) VALUES('9','緊急停止','Emergency stop',90,NULL,'0',_____DATE_____,1);

INSERT INTO T_COMN_CONDUCTOR_STATUS (STATUS_ID,STATUS_NAME_JA,STATUS_NAME_EN,DISP_SEQ,NOTE,DISUSE_FLAG,LAST_UPDATE_TIMESTAMP,LAST_UPDATE_USER) VALUES('10','予約取消','Schedule cancellation',100,NULL,'0',_____DATE_____,1);

INSERT INTO T_COMN_CONDUCTOR_STATUS (STATUS_ID,STATUS_NAME_JA,STATUS_NAME_EN,DISP_SEQ,NOTE,DISUSE_FLAG,LAST_UPDATE_TIMESTAMP,LAST_UPDATE_USER) VALUES('11','想定外エラー','Unexpected error',110,NULL,'0',_____DATE_____,1);


INSERT INTO T_COMN_CONDUCTOR_NODE_STATUS (STATUS_ID,STATUS_NAME_JA,STATUS_NAME_EN,DISP_SEQ,NOTE,DISUSE_FLAG,LAST_UPDATE_TIMESTAMP,LAST_UPDATE_USER) VALUES('1','未実行','Unexecuted',10,NULL,'0',_____DATE_____,1);

INSERT INTO T_COMN_CONDUCTOR_NODE_STATUS (STATUS_ID,STATUS_NAME_JA,STATUS_NAME_EN,DISP_SEQ,NOTE,DISUSE_FLAG,LAST_UPDATE_TIMESTAMP,LAST_UPDATE_USER) VALUES('2','準備中','Preparing',20,NULL,'0',_____DATE_____,1);

INSERT INTO T_COMN_CONDUCTOR_NODE_STATUS (STATUS_ID,STATUS_NAME_JA,STATUS_NAME_EN,DISP_SEQ,NOTE,DISUSE_FLAG,LAST_UPDATE_TIMESTAMP,LAST_UPDATE_USER) VALUES('3','実行中','Executing',30,NULL,'0',_____DATE_____,1);

INSERT INTO T_COMN_CONDUCTOR_NODE_STATUS (STATUS_ID,STATUS_NAME_JA,STATUS_NAME_EN,DISP_SEQ,NOTE,DISUSE_FLAG,LAST_UPDATE_TIMESTAMP,LAST_UPDATE_USER) VALUES('4','実行中(遅延)','Executing (delay)',40,NULL,'0',_____DATE_____,1);

INSERT INTO T_COMN_CONDUCTOR_NODE_STATUS (STATUS_ID,STATUS_NAME_JA,STATUS_NAME_EN,DISP_SEQ,NOTE,DISUSE_FLAG,LAST_UPDATE_TIMESTAMP,LAST_UPDATE_USER) VALUES('5','正常終了','Normal end',50,NULL,'0',_____DATE_____,1);

INSERT INTO T_COMN_CONDUCTOR_NODE_STATUS (STATUS_ID,STATUS_NAME_JA,STATUS_NAME_EN,DISP_SEQ,NOTE,DISUSE_FLAG,LAST_UPDATE_TIMESTAMP,LAST_UPDATE_USER) VALUES('6','異常終了','Abend',60,NULL,'0',_____DATE_____,1);

INSERT INTO T_COMN_CONDUCTOR_NODE_STATUS (STATUS_ID,STATUS_NAME_JA,STATUS_NAME_EN,DISP_SEQ,NOTE,DISUSE_FLAG,LAST_UPDATE_TIMESTAMP,LAST_UPDATE_USER) VALUES('7','想定外エラー','Unexpected error',70,NULL,'0',_____DATE_____,1);

INSERT INTO T_COMN_CONDUCTOR_NODE_STATUS (STATUS_ID,STATUS_NAME_JA,STATUS_NAME_EN,DISP_SEQ,NOTE,DISUSE_FLAG,LAST_UPDATE_TIMESTAMP,LAST_UPDATE_USER) VALUES('8','緊急停止','Emergency stop',80,NULL,'0',_____DATE_____,1);

INSERT INTO T_COMN_CONDUCTOR_NODE_STATUS (STATUS_ID,STATUS_NAME_JA,STATUS_NAME_EN,DISP_SEQ,NOTE,DISUSE_FLAG,LAST_UPDATE_TIMESTAMP,LAST_UPDATE_USER) VALUES('9','no use','no use',90,NULL,'0',_____DATE_____,1);

INSERT INTO T_COMN_CONDUCTOR_NODE_STATUS (STATUS_ID,STATUS_NAME_JA,STATUS_NAME_EN,DISP_SEQ,NOTE,DISUSE_FLAG,LAST_UPDATE_TIMESTAMP,LAST_UPDATE_USER) VALUES('10','no use','no use',100,NULL,'0',_____DATE_____,1);

INSERT INTO T_COMN_CONDUCTOR_NODE_STATUS (STATUS_ID,STATUS_NAME_JA,STATUS_NAME_EN,DISP_SEQ,NOTE,DISUSE_FLAG,LAST_UPDATE_TIMESTAMP,LAST_UPDATE_USER) VALUES('11','一時停止','On hold',110,NULL,'0',_____DATE_____,1);

INSERT INTO T_COMN_CONDUCTOR_NODE_STATUS (STATUS_ID,STATUS_NAME_JA,STATUS_NAME_EN,DISP_SEQ,NOTE,DISUSE_FLAG,LAST_UPDATE_TIMESTAMP,LAST_UPDATE_USER) VALUES('12','準備エラー','Preparation error',120,NULL,'0',_____DATE_____,1);

INSERT INTO T_COMN_CONDUCTOR_NODE_STATUS (STATUS_ID,STATUS_NAME_JA,STATUS_NAME_EN,DISP_SEQ,NOTE,DISUSE_FLAG,LAST_UPDATE_TIMESTAMP,LAST_UPDATE_USER) VALUES('13','Skip終了','End Skip',130,NULL,'0',_____DATE_____,1);


INSERT INTO T_COMN_CONDUCTOR_NODE (NODE_TYPE_ID,NODE_TYPE_NAME,DISP_SEQ,NOTE,DISUSE_FLAG,LAST_UPDATE_TIMESTAMP,LAST_UPDATE_USER) VALUES('start','start',10,NULL,'0',_____DATE_____,1);

INSERT INTO T_COMN_CONDUCTOR_NODE (NODE_TYPE_ID,NODE_TYPE_NAME,DISP_SEQ,NOTE,DISUSE_FLAG,LAST_UPDATE_TIMESTAMP,LAST_UPDATE_USER) VALUES('end','end',20,NULL,'0',_____DATE_____,1);

INSERT INTO T_COMN_CONDUCTOR_NODE (NODE_TYPE_ID,NODE_TYPE_NAME,DISP_SEQ,NOTE,DISUSE_FLAG,LAST_UPDATE_TIMESTAMP,LAST_UPDATE_USER) VALUES('movement','movement',30,NULL,'0',_____DATE_____,1);

INSERT INTO T_COMN_CONDUCTOR_NODE (NODE_TYPE_ID,NODE_TYPE_NAME,DISP_SEQ,NOTE,DISUSE_FLAG,LAST_UPDATE_TIMESTAMP,LAST_UPDATE_USER) VALUES('call','call',40,NULL,'0',_____DATE_____,1);

INSERT INTO T_COMN_CONDUCTOR_NODE (NODE_TYPE_ID,NODE_TYPE_NAME,DISP_SEQ,NOTE,DISUSE_FLAG,LAST_UPDATE_TIMESTAMP,LAST_UPDATE_USER) VALUES('parallel-branch','parallel-branch',50,NULL,'0',_____DATE_____,1);

INSERT INTO T_COMN_CONDUCTOR_NODE (NODE_TYPE_ID,NODE_TYPE_NAME,DISP_SEQ,NOTE,DISUSE_FLAG,LAST_UPDATE_TIMESTAMP,LAST_UPDATE_USER) VALUES('conditional-branch','conditional-branch',60,NULL,'0',_____DATE_____,1);

INSERT INTO T_COMN_CONDUCTOR_NODE (NODE_TYPE_ID,NODE_TYPE_NAME,DISP_SEQ,NOTE,DISUSE_FLAG,LAST_UPDATE_TIMESTAMP,LAST_UPDATE_USER) VALUES('merge','merge',70,NULL,'0',_____DATE_____,1);

INSERT INTO T_COMN_CONDUCTOR_NODE (NODE_TYPE_ID,NODE_TYPE_NAME,DISP_SEQ,NOTE,DISUSE_FLAG,LAST_UPDATE_TIMESTAMP,LAST_UPDATE_USER) VALUES('pause','pause',80,NULL,'0',_____DATE_____,1);

INSERT INTO T_COMN_CONDUCTOR_NODE (NODE_TYPE_ID,NODE_TYPE_NAME,DISP_SEQ,NOTE,DISUSE_FLAG,LAST_UPDATE_TIMESTAMP,LAST_UPDATE_USER) VALUES('status-file-branch','status-file-branch',90,NULL,'0',_____DATE_____,1);


INSERT INTO T_COMN_CONDUCTOR_IF_INFO (CONDUCTOR_IF_INFO_ID,CONDUCTOR_STORAGE_PATH_ITA,CONDUCTOR_REFRESH_INTERVAL,NOTE,DISUSE_FLAG,LAST_UPDATE_TIMESTAMP,LAST_UPDATE_USER) VALUES(1,'/conductor',3000,NULL,'0',_____DATE_____,1);
INSERT INTO T_COMN_CONDUCTOR_IF_INFO_JNL (JOURNAL_SEQ_NO,JOURNAL_REG_DATETIME,JOURNAL_ACTION_CLASS,CONDUCTOR_IF_INFO_ID,CONDUCTOR_STORAGE_PATH_ITA,CONDUCTOR_REFRESH_INTERVAL,NOTE,DISUSE_FLAG,LAST_UPDATE_TIMESTAMP,LAST_UPDATE_USER) VALUES(1,_____DATE_____,'INSERT',1,'/conductor',3000,NULL,'0',_____DATE_____,1);

INSERT INTO T_COMN_ROLE_MENU_LINK (LINK_ID,MENU_ID,ROLE_ID,PRIVILEGE,NOTE,DISUSE_FLAG,LAST_UPDATE_TIMESTAMP,LAST_UPDATE_USER) VALUES('10701','10701','__ROLE_ID__','1',NULL,'0',_____DATE_____,1);
INSERT INTO T_COMN_ROLE_MENU_LINK_JNL (JOURNAL_SEQ_NO,JOURNAL_REG_DATETIME,JOURNAL_ACTION_CLASS,LINK_ID,MENU_ID,ROLE_ID,PRIVILEGE,NOTE,DISUSE_FLAG,LAST_UPDATE_TIMESTAMP,LAST_UPDATE_USER) VALUES(10701,_____DATE_____,'INSERT','10701','10701','__ROLE_ID__','1',NULL,'0',_____DATE_____,1);
INSERT INTO T_COMN_ROLE_MENU_LINK (LINK_ID,MENU_ID,ROLE_ID,PRIVILEGE,NOTE,DISUSE_FLAG,LAST_UPDATE_TIMESTAMP,LAST_UPDATE_USER) VALUES('10702','10702','__ROLE_ID__','1',NULL,'0',_____DATE_____,1);
INSERT INTO T_COMN_ROLE_MENU_LINK_JNL (JOURNAL_SEQ_NO,JOURNAL_REG_DATETIME,JOURNAL_ACTION_CLASS,LINK_ID,MENU_ID,ROLE_ID,PRIVILEGE,NOTE,DISUSE_FLAG,LAST_UPDATE_TIMESTAMP,LAST_UPDATE_USER) VALUES(10702,_____DATE_____,'INSERT','10702','10702','__ROLE_ID__','1',NULL,'0',_____DATE_____,1);
INSERT INTO T_COMN_ROLE_MENU_LINK (LINK_ID,MENU_ID,ROLE_ID,PRIVILEGE,NOTE,DISUSE_FLAG,LAST_UPDATE_TIMESTAMP,LAST_UPDATE_USER) VALUES('10703','10703','__ROLE_ID__','1',NULL,'0',_____DATE_____,1);
INSERT INTO T_COMN_ROLE_MENU_LINK_JNL (JOURNAL_SEQ_NO,JOURNAL_REG_DATETIME,JOURNAL_ACTION_CLASS,LINK_ID,MENU_ID,ROLE_ID,PRIVILEGE,NOTE,DISUSE_FLAG,LAST_UPDATE_TIMESTAMP,LAST_UPDATE_USER) VALUES(10703,_____DATE_____,'INSERT','10703','10703','__ROLE_ID__','1',NULL,'0',_____DATE_____,1);
INSERT INTO T_COMN_ROLE_MENU_LINK (LINK_ID,MENU_ID,ROLE_ID,PRIVILEGE,NOTE,DISUSE_FLAG,LAST_UPDATE_TIMESTAMP,LAST_UPDATE_USER) VALUES('10704','10704','__ROLE_ID__','1',NULL,'0',_____DATE_____,1);
INSERT INTO T_COMN_ROLE_MENU_LINK_JNL (JOURNAL_SEQ_NO,JOURNAL_REG_DATETIME,JOURNAL_ACTION_CLASS,LINK_ID,MENU_ID,ROLE_ID,PRIVILEGE,NOTE,DISUSE_FLAG,LAST_UPDATE_TIMESTAMP,LAST_UPDATE_USER) VALUES(10704,_____DATE_____,'INSERT','10704','10704','__ROLE_ID__','1',NULL,'0',_____DATE_____,1);
INSERT INTO T_COMN_ROLE_MENU_LINK (LINK_ID,MENU_ID,ROLE_ID,PRIVILEGE,NOTE,DISUSE_FLAG,LAST_UPDATE_TIMESTAMP,LAST_UPDATE_USER) VALUES('10705','10705','__ROLE_ID__','1',NULL,'0',_____DATE_____,1);
INSERT INTO T_COMN_ROLE_MENU_LINK_JNL (JOURNAL_SEQ_NO,JOURNAL_REG_DATETIME,JOURNAL_ACTION_CLASS,LINK_ID,MENU_ID,ROLE_ID,PRIVILEGE,NOTE,DISUSE_FLAG,LAST_UPDATE_TIMESTAMP,LAST_UPDATE_USER) VALUES(10705,_____DATE_____,'INSERT','10705','10705','__ROLE_ID__','1',NULL,'0',_____DATE_____,1);
INSERT INTO T_COMN_ROLE_MENU_LINK (LINK_ID,MENU_ID,ROLE_ID,PRIVILEGE,NOTE,DISUSE_FLAG,LAST_UPDATE_TIMESTAMP,LAST_UPDATE_USER) VALUES('10706','10706','__ROLE_ID__','1',NULL,'0',_____DATE_____,1);
INSERT INTO T_COMN_ROLE_MENU_LINK_JNL (JOURNAL_SEQ_NO,JOURNAL_REG_DATETIME,JOURNAL_ACTION_CLASS,LINK_ID,MENU_ID,ROLE_ID,PRIVILEGE,NOTE,DISUSE_FLAG,LAST_UPDATE_TIMESTAMP,LAST_UPDATE_USER) VALUES(10706,_____DATE_____,'INSERT','10706','10706','__ROLE_ID__','1',NULL,'0',_____DATE_____,1);
INSERT INTO T_COMN_ROLE_MENU_LINK (LINK_ID,MENU_ID,ROLE_ID,PRIVILEGE,NOTE,DISUSE_FLAG,LAST_UPDATE_TIMESTAMP,LAST_UPDATE_USER) VALUES('10707','10707','__ROLE_ID__','1',NULL,'0',_____DATE_____,1);
INSERT INTO T_COMN_ROLE_MENU_LINK_JNL (JOURNAL_SEQ_NO,JOURNAL_REG_DATETIME,JOURNAL_ACTION_CLASS,LINK_ID,MENU_ID,ROLE_ID,PRIVILEGE,NOTE,DISUSE_FLAG,LAST_UPDATE_TIMESTAMP,LAST_UPDATE_USER) VALUES(10707,_____DATE_____,'INSERT','10707','10707','__ROLE_ID__','1',NULL,'0',_____DATE_____,1);

INSERT INTO T_COMN_MENU_TABLE_LINK (TABLE_DEFINITION_ID,MENU_ID,TABLE_NAME,VIEW_NAME,PK_COLUMN_NAME_REST,MENU_INFO_JA,MENU_INFO_EN,SHEET_TYPE,HISTORY_TABLE_FLAG,INHERIT,VERTICAL,ROW_INSERT_FLAG,ROW_UPDATE_FLAG,ROW_DISUSE_FLAG,ROW_REUSE_FLAG,SUBSTITUTION_VALUE_LINK_FLAG,LOCK_TABLE,UNIQUE_CONSTRAINT,BEFORE_VALIDATE_REGISTER,AFTER_VALIDATE_REGISTER,NOTE,DISUSE_FLAG,LAST_UPDATE_TIMESTAMP,LAST_UPDATE_USER) VALUES('10701','10701','T_COMN_CONDUCTOR_IF_INFO',NULL,'conductor_interface_id','Conductorのインターフェース情報をメンテナンス(閲覧/更新)できます。
本メニューは必ず1レコードである必要があります。','You can maintain (view / update) the interface information of Conductor.
This menu must always be one record. ','0','1','0','0','0','1','0','0','0',NULL,NULL,NULL,NULL,NULL,'0',_____DATE_____,1);
INSERT INTO T_COMN_MENU_TABLE_LINK_JNL (JOURNAL_SEQ_NO,JOURNAL_REG_DATETIME,JOURNAL_ACTION_CLASS,TABLE_DEFINITION_ID,MENU_ID,TABLE_NAME,VIEW_NAME,PK_COLUMN_NAME_REST,MENU_INFO_JA,MENU_INFO_EN,SHEET_TYPE,HISTORY_TABLE_FLAG,INHERIT,VERTICAL,ROW_INSERT_FLAG,ROW_UPDATE_FLAG,ROW_DISUSE_FLAG,ROW_REUSE_FLAG,SUBSTITUTION_VALUE_LINK_FLAG,LOCK_TABLE,UNIQUE_CONSTRAINT,BEFORE_VALIDATE_REGISTER,AFTER_VALIDATE_REGISTER,NOTE,DISUSE_FLAG,LAST_UPDATE_TIMESTAMP,LAST_UPDATE_USER) VALUES(10701,_____DATE_____,'INSERT','10701','10701','T_COMN_CONDUCTOR_IF_INFO',NULL,'conductor_interface_id','Conductorのインターフェース情報をメンテナンス(閲覧/更新)できます。
本メニューは必ず1レコードである必要があります。','You can maintain (view / update) the interface information of Conductor.
This menu must always be one record. ','0','1','0','0','0','1','0','0','0',NULL,NULL,NULL,NULL,NULL,'0',_____DATE_____,1);
INSERT INTO T_COMN_MENU_TABLE_LINK (TABLE_DEFINITION_ID,MENU_ID,TABLE_NAME,VIEW_NAME,PK_COLUMN_NAME_REST,MENU_INFO_JA,MENU_INFO_EN,SHEET_TYPE,HISTORY_TABLE_FLAG,INHERIT,VERTICAL,ROW_INSERT_FLAG,ROW_UPDATE_FLAG,ROW_DISUSE_FLAG,ROW_REUSE_FLAG,SUBSTITUTION_VALUE_LINK_FLAG,LOCK_TABLE,UNIQUE_CONSTRAINT,BEFORE_VALIDATE_REGISTER,AFTER_VALIDATE_REGISTER,NOTE,DISUSE_FLAG,LAST_UPDATE_TIMESTAMP,LAST_UPDATE_USER) VALUES('10703','10703','T_COMN_CONDUCTOR_CLASS',NULL,'conductor_class_id','Conductorクラスを閲覧できます。
「詳細」を押下するとConductorクラス編集メニューに遷移します。','You can browse the Conductor class.
Click Details to move to the Conductor class edit menu.','0','1','0','0','0','0','1','1','0',NULL,NULL,NULL,NULL,NULL,'0',_____DATE_____,1);
INSERT INTO T_COMN_MENU_TABLE_LINK_JNL (JOURNAL_SEQ_NO,JOURNAL_REG_DATETIME,JOURNAL_ACTION_CLASS,TABLE_DEFINITION_ID,MENU_ID,TABLE_NAME,VIEW_NAME,PK_COLUMN_NAME_REST,MENU_INFO_JA,MENU_INFO_EN,SHEET_TYPE,HISTORY_TABLE_FLAG,INHERIT,VERTICAL,ROW_INSERT_FLAG,ROW_UPDATE_FLAG,ROW_DISUSE_FLAG,ROW_REUSE_FLAG,SUBSTITUTION_VALUE_LINK_FLAG,LOCK_TABLE,UNIQUE_CONSTRAINT,BEFORE_VALIDATE_REGISTER,AFTER_VALIDATE_REGISTER,NOTE,DISUSE_FLAG,LAST_UPDATE_TIMESTAMP,LAST_UPDATE_USER) VALUES(10703,_____DATE_____,'INSERT','10703','10703','T_COMN_CONDUCTOR_CLASS',NULL,'conductor_class_id','Conductorクラスを閲覧できます。
「詳細」を押下するとConductorクラス編集メニューに遷移します。','You can browse the Conductor class.
Click Details to move to the Conductor class edit menu.','0','1','0','0','0','0','1','1','0',NULL,NULL,NULL,NULL,NULL,'0',_____DATE_____,1);
INSERT INTO T_COMN_MENU_TABLE_LINK (TABLE_DEFINITION_ID,MENU_ID,TABLE_NAME,VIEW_NAME,PK_COLUMN_NAME_REST,MENU_INFO_JA,MENU_INFO_EN,SHEET_TYPE,HISTORY_TABLE_FLAG,INHERIT,VERTICAL,ROW_INSERT_FLAG,ROW_UPDATE_FLAG,ROW_DISUSE_FLAG,ROW_REUSE_FLAG,SUBSTITUTION_VALUE_LINK_FLAG,LOCK_TABLE,UNIQUE_CONSTRAINT,BEFORE_VALIDATE_REGISTER,AFTER_VALIDATE_REGISTER,NOTE,DISUSE_FLAG,LAST_UPDATE_TIMESTAMP,LAST_UPDATE_USER) VALUES('10704','10704','T_COMN_CONDUCTOR_CLASS',NULL,'conductor_class_id','Conductorクラスの登録、編集を行えます。','You can register and edit the Conductor class.','14','1','0','0','1','1','1','1','0',NULL,NULL,'external_valid_menu_before',NULL,NULL,'0',_____DATE_____,1);
INSERT INTO T_COMN_MENU_TABLE_LINK_JNL (JOURNAL_SEQ_NO,JOURNAL_REG_DATETIME,JOURNAL_ACTION_CLASS,TABLE_DEFINITION_ID,MENU_ID,TABLE_NAME,VIEW_NAME,PK_COLUMN_NAME_REST,MENU_INFO_JA,MENU_INFO_EN,SHEET_TYPE,HISTORY_TABLE_FLAG,INHERIT,VERTICAL,ROW_INSERT_FLAG,ROW_UPDATE_FLAG,ROW_DISUSE_FLAG,ROW_REUSE_FLAG,SUBSTITUTION_VALUE_LINK_FLAG,LOCK_TABLE,UNIQUE_CONSTRAINT,BEFORE_VALIDATE_REGISTER,AFTER_VALIDATE_REGISTER,NOTE,DISUSE_FLAG,LAST_UPDATE_TIMESTAMP,LAST_UPDATE_USER) VALUES(10704,_____DATE_____,'INSERT','10704','10704','T_COMN_CONDUCTOR_CLASS',NULL,'conductor_class_id','Conductorクラスの登録、編集を行えます。','You can register and edit the Conductor class.','14','1','0','0','1','1','1','1','0',NULL,NULL,'external_valid_menu_before',NULL,NULL,'0',_____DATE_____,1);
INSERT INTO T_COMN_MENU_TABLE_LINK (TABLE_DEFINITION_ID,MENU_ID,TABLE_NAME,VIEW_NAME,PK_COLUMN_NAME_REST,MENU_INFO_JA,MENU_INFO_EN,SHEET_TYPE,HISTORY_TABLE_FLAG,INHERIT,VERTICAL,ROW_INSERT_FLAG,ROW_UPDATE_FLAG,ROW_DISUSE_FLAG,ROW_REUSE_FLAG,SUBSTITUTION_VALUE_LINK_FLAG,LOCK_TABLE,UNIQUE_CONSTRAINT,BEFORE_VALIDATE_REGISTER,AFTER_VALIDATE_REGISTER,NOTE,DISUSE_FLAG,LAST_UPDATE_TIMESTAMP,LAST_UPDATE_USER) VALUES('10705','10705',NULL,NULL,NULL,'Conductorを実行できます。
・即時実行
・予約実行
が可能です。
実行時にはConductorクラスIDとオペレーションIDを選択して下さい。','You can run Conductor.
・ Immediate execution
・ Reservation execution
Is possible.
Select Conductor class ID and operation ID at the time of execution. ','15','0','0','0','0','0','0','0','0',NULL,NULL,NULL,NULL,NULL,'0',_____DATE_____,1);
INSERT INTO T_COMN_MENU_TABLE_LINK_JNL (JOURNAL_SEQ_NO,JOURNAL_REG_DATETIME,JOURNAL_ACTION_CLASS,TABLE_DEFINITION_ID,MENU_ID,TABLE_NAME,VIEW_NAME,PK_COLUMN_NAME_REST,MENU_INFO_JA,MENU_INFO_EN,SHEET_TYPE,HISTORY_TABLE_FLAG,INHERIT,VERTICAL,ROW_INSERT_FLAG,ROW_UPDATE_FLAG,ROW_DISUSE_FLAG,ROW_REUSE_FLAG,SUBSTITUTION_VALUE_LINK_FLAG,LOCK_TABLE,UNIQUE_CONSTRAINT,BEFORE_VALIDATE_REGISTER,AFTER_VALIDATE_REGISTER,NOTE,DISUSE_FLAG,LAST_UPDATE_TIMESTAMP,LAST_UPDATE_USER) VALUES(10705,_____DATE_____,'INSERT','10705','10705',NULL,NULL,NULL,'Conductorを実行できます。
・即時実行
・予約実行
が可能です。
実行時にはConductorクラスIDとオペレーションIDを選択して下さい。','You can run Conductor.
・ Immediate execution
・ Reservation execution
Is possible.
Select Conductor class ID and operation ID at the time of execution. ','15','0','0','0','0','0','0','0','0',NULL,NULL,NULL,NULL,NULL,'0',_____DATE_____,1);
INSERT INTO T_COMN_MENU_TABLE_LINK (TABLE_DEFINITION_ID,MENU_ID,TABLE_NAME,VIEW_NAME,PK_COLUMN_NAME_REST,MENU_INFO_JA,MENU_INFO_EN,SHEET_TYPE,HISTORY_TABLE_FLAG,INHERIT,VERTICAL,ROW_INSERT_FLAG,ROW_UPDATE_FLAG,ROW_DISUSE_FLAG,ROW_REUSE_FLAG,SUBSTITUTION_VALUE_LINK_FLAG,LOCK_TABLE,UNIQUE_CONSTRAINT,BEFORE_VALIDATE_REGISTER,AFTER_VALIDATE_REGISTER,NOTE,DISUSE_FLAG,LAST_UPDATE_TIMESTAMP,LAST_UPDATE_USER) VALUES('10706','10706','T_COMN_CONDUCTOR_INSTANCE',NULL,'conductor_instance_id','Conductor作業一覧(実行履歴)を閲覧できます。
「詳細」を押下するとConductor作業確認メニューに遷移します。','You can view the Conductor work list (execution history).
Click Details" to move to the Conductor work confirmation menu. "','0','1','0','0','0','0','0','0','0',NULL,NULL,NULL,NULL,NULL,'0',_____DATE_____,1);
INSERT INTO T_COMN_MENU_TABLE_LINK_JNL (JOURNAL_SEQ_NO,JOURNAL_REG_DATETIME,JOURNAL_ACTION_CLASS,TABLE_DEFINITION_ID,MENU_ID,TABLE_NAME,VIEW_NAME,PK_COLUMN_NAME_REST,MENU_INFO_JA,MENU_INFO_EN,SHEET_TYPE,HISTORY_TABLE_FLAG,INHERIT,VERTICAL,ROW_INSERT_FLAG,ROW_UPDATE_FLAG,ROW_DISUSE_FLAG,ROW_REUSE_FLAG,SUBSTITUTION_VALUE_LINK_FLAG,LOCK_TABLE,UNIQUE_CONSTRAINT,BEFORE_VALIDATE_REGISTER,AFTER_VALIDATE_REGISTER,NOTE,DISUSE_FLAG,LAST_UPDATE_TIMESTAMP,LAST_UPDATE_USER) VALUES(10706,_____DATE_____,'INSERT','10706','10706','T_COMN_CONDUCTOR_INSTANCE',NULL,'conductor_instance_id','Conductor作業一覧(実行履歴)を閲覧できます。
「詳細」を押下するとConductor作業確認メニューに遷移します。','You can view the Conductor work list (execution history).
Click Details" to move to the Conductor work confirmation menu. "','0','1','0','0','0','0','0','0','0',NULL,NULL,NULL,NULL,NULL,'0',_____DATE_____,1);
INSERT INTO T_COMN_MENU_TABLE_LINK (TABLE_DEFINITION_ID,MENU_ID,TABLE_NAME,VIEW_NAME,PK_COLUMN_NAME_REST,MENU_INFO_JA,MENU_INFO_EN,SHEET_TYPE,HISTORY_TABLE_FLAG,INHERIT,VERTICAL,ROW_INSERT_FLAG,ROW_UPDATE_FLAG,ROW_DISUSE_FLAG,ROW_REUSE_FLAG,SUBSTITUTION_VALUE_LINK_FLAG,LOCK_TABLE,UNIQUE_CONSTRAINT,BEFORE_VALIDATE_REGISTER,AFTER_VALIDATE_REGISTER,NOTE,DISUSE_FLAG,LAST_UPDATE_TIMESTAMP,LAST_UPDATE_USER) VALUES('10707','10707','T_COMN_CONDUCTOR_INSTANCE',NULL,'conductor_instance_id','実行したConductorの作業状況、作業内容を確認できます。','You can check the work status and work contents of the executed Conductor.','16','0','0','0','0','1','0','0','0',NULL,NULL,NULL,NULL,NULL,'0',_____DATE_____,1);
INSERT INTO T_COMN_MENU_TABLE_LINK_JNL (JOURNAL_SEQ_NO,JOURNAL_REG_DATETIME,JOURNAL_ACTION_CLASS,TABLE_DEFINITION_ID,MENU_ID,TABLE_NAME,VIEW_NAME,PK_COLUMN_NAME_REST,MENU_INFO_JA,MENU_INFO_EN,SHEET_TYPE,HISTORY_TABLE_FLAG,INHERIT,VERTICAL,ROW_INSERT_FLAG,ROW_UPDATE_FLAG,ROW_DISUSE_FLAG,ROW_REUSE_FLAG,SUBSTITUTION_VALUE_LINK_FLAG,LOCK_TABLE,UNIQUE_CONSTRAINT,BEFORE_VALIDATE_REGISTER,AFTER_VALIDATE_REGISTER,NOTE,DISUSE_FLAG,LAST_UPDATE_TIMESTAMP,LAST_UPDATE_USER) VALUES(10707,_____DATE_____,'INSERT','10707','10707','T_COMN_CONDUCTOR_INSTANCE',NULL,'conductor_instance_id','実行したConductorの作業状況、作業内容を確認できます。','You can check the work status and work contents of the executed Conductor.','16','0','0','0','0','1','0','0','0',NULL,NULL,NULL,NULL,NULL,'0',_____DATE_____,1);
INSERT INTO T_COMN_MENU_TABLE_LINK (TABLE_DEFINITION_ID,MENU_ID,TABLE_NAME,VIEW_NAME,PK_COLUMN_NAME_REST,MENU_INFO_JA,MENU_INFO_EN,SHEET_TYPE,HISTORY_TABLE_FLAG,INHERIT,VERTICAL,ROW_INSERT_FLAG,ROW_UPDATE_FLAG,ROW_DISUSE_FLAG,ROW_REUSE_FLAG,SUBSTITUTION_VALUE_LINK_FLAG,LOCK_TABLE,UNIQUE_CONSTRAINT,BEFORE_VALIDATE_REGISTER,AFTER_VALIDATE_REGISTER,NOTE,DISUSE_FLAG,LAST_UPDATE_TIMESTAMP,LAST_UPDATE_USER) VALUES('10708','10708','T_COMN_CONDUCTOR_INSTANCE',NULL,'conductor_instance_id','Conductorインスタンスを閲覧出来ます。','You can browse the Conductor instance.','0','1','0','0','1','1','1','1','0',NULL,NULL,NULL,NULL,NULL,'0',_____DATE_____,1);
INSERT INTO T_COMN_MENU_TABLE_LINK_JNL (JOURNAL_SEQ_NO,JOURNAL_REG_DATETIME,JOURNAL_ACTION_CLASS,TABLE_DEFINITION_ID,MENU_ID,TABLE_NAME,VIEW_NAME,PK_COLUMN_NAME_REST,MENU_INFO_JA,MENU_INFO_EN,SHEET_TYPE,HISTORY_TABLE_FLAG,INHERIT,VERTICAL,ROW_INSERT_FLAG,ROW_UPDATE_FLAG,ROW_DISUSE_FLAG,ROW_REUSE_FLAG,SUBSTITUTION_VALUE_LINK_FLAG,LOCK_TABLE,UNIQUE_CONSTRAINT,BEFORE_VALIDATE_REGISTER,AFTER_VALIDATE_REGISTER,NOTE,DISUSE_FLAG,LAST_UPDATE_TIMESTAMP,LAST_UPDATE_USER) VALUES(10708,_____DATE_____,'INSERT','10708','10708','T_COMN_CONDUCTOR_INSTANCE',NULL,'conductor_instance_id','Conductorインスタンスを閲覧出来ます。','You can browse the Conductor instance.','0','1','0','0','1','1','1','1','0',NULL,NULL,NULL,NULL,NULL,'0',_____DATE_____,1);
INSERT INTO T_COMN_MENU_TABLE_LINK (TABLE_DEFINITION_ID,MENU_ID,TABLE_NAME,VIEW_NAME,PK_COLUMN_NAME_REST,MENU_INFO_JA,MENU_INFO_EN,SHEET_TYPE,HISTORY_TABLE_FLAG,INHERIT,VERTICAL,ROW_INSERT_FLAG,ROW_UPDATE_FLAG,ROW_DISUSE_FLAG,ROW_REUSE_FLAG,SUBSTITUTION_VALUE_LINK_FLAG,LOCK_TABLE,UNIQUE_CONSTRAINT,BEFORE_VALIDATE_REGISTER,AFTER_VALIDATE_REGISTER,NOTE,DISUSE_FLAG,LAST_UPDATE_TIMESTAMP,LAST_UPDATE_USER) VALUES('10709','10709','T_COMN_CONDUCTOR_NODE_INSTANCE',NULL,'node_instance_id','ConductorNodeインスタンスを閲覧出来ます。','You can browse the ConductorNode instance.','0','1','0','0','1','1','1','1','0',NULL,NULL,NULL,NULL,NULL,'0',_____DATE_____,1);
INSERT INTO T_COMN_MENU_TABLE_LINK_JNL (JOURNAL_SEQ_NO,JOURNAL_REG_DATETIME,JOURNAL_ACTION_CLASS,TABLE_DEFINITION_ID,MENU_ID,TABLE_NAME,VIEW_NAME,PK_COLUMN_NAME_REST,MENU_INFO_JA,MENU_INFO_EN,SHEET_TYPE,HISTORY_TABLE_FLAG,INHERIT,VERTICAL,ROW_INSERT_FLAG,ROW_UPDATE_FLAG,ROW_DISUSE_FLAG,ROW_REUSE_FLAG,SUBSTITUTION_VALUE_LINK_FLAG,LOCK_TABLE,UNIQUE_CONSTRAINT,BEFORE_VALIDATE_REGISTER,AFTER_VALIDATE_REGISTER,NOTE,DISUSE_FLAG,LAST_UPDATE_TIMESTAMP,LAST_UPDATE_USER) VALUES(10709,_____DATE_____,'INSERT','10709','10709','T_COMN_CONDUCTOR_NODE_INSTANCE',NULL,'node_instance_id','ConductorNodeインスタンスを閲覧出来ます。','You can browse the ConductorNode instance.','0','1','0','0','1','1','1','1','0',NULL,NULL,NULL,NULL,NULL,'0',_____DATE_____,1);

INSERT INTO T_COMN_MENU_COLUMN_LINK (COLUMN_DEFINITION_ID,MENU_ID,COLUMN_NAME_JA,COLUMN_NAME_EN,COLUMN_NAME_REST,COL_GROUP_ID,COLUMN_CLASS,COLUMN_DISP_SEQ,REF_TABLE_NAME,REF_PKEY_NAME,REF_COL_NAME,REF_SORT_CONDITIONS,REF_MULTI_LANG,SENSITIVE_COL_NAME,FILE_UPLOAD_PLACE,COL_NAME,SAVE_TYPE,AUTO_INPUT,INPUT_ITEM,VIEW_ITEM,UNIQUE_ITEM,REQUIRED_ITEM,AUTOREG_HIDE_ITEM,AUTOREG_ONLY_ITEM,INITIAL_VALUE,VALIDATE_OPTION,BEFORE_VALIDATE_REGISTER,AFTER_VALIDATE_REGISTER,DESCRIPTION_JA,DESCRIPTION_EN,NOTE,DISUSE_FLAG,LAST_UPDATE_TIMESTAMP,LAST_UPDATE_USER) VALUES('1070101','10701','ConductorインターフェースID','Conductor interface ID','conductor_interface_id',NULL,'1',10,NULL,NULL,NULL,NULL,NULL,NULL,NULL,'CONDUCTOR_IF_INFO_ID',NULL,'1','1','1','1','1','0','0',NULL,NULL,NULL,NULL,'自動採番のため編集不可。実行処理種別が【登録】の場合、空白のみ可。','Cannot edit because of auto-numbering. Must be blank when execution process type is [Register].',NULL,'0',_____DATE_____,1);
INSERT INTO T_COMN_MENU_COLUMN_LINK_JNL (JOURNAL_SEQ_NO,JOURNAL_REG_DATETIME,JOURNAL_ACTION_CLASS,COLUMN_DEFINITION_ID,MENU_ID,COLUMN_NAME_JA,COLUMN_NAME_EN,COLUMN_NAME_REST,COL_GROUP_ID,COLUMN_CLASS,COLUMN_DISP_SEQ,REF_TABLE_NAME,REF_PKEY_NAME,REF_COL_NAME,REF_SORT_CONDITIONS,REF_MULTI_LANG,SENSITIVE_COL_NAME,FILE_UPLOAD_PLACE,COL_NAME,SAVE_TYPE,AUTO_INPUT,INPUT_ITEM,VIEW_ITEM,UNIQUE_ITEM,REQUIRED_ITEM,AUTOREG_HIDE_ITEM,AUTOREG_ONLY_ITEM,INITIAL_VALUE,VALIDATE_OPTION,BEFORE_VALIDATE_REGISTER,AFTER_VALIDATE_REGISTER,DESCRIPTION_JA,DESCRIPTION_EN,NOTE,DISUSE_FLAG,LAST_UPDATE_TIMESTAMP,LAST_UPDATE_USER) VALUES(1070101,_____DATE_____,'INSERT','1070101','10701','ConductorインターフェースID','Conductor interface ID','conductor_interface_id',NULL,'1',10,NULL,NULL,NULL,NULL,NULL,NULL,NULL,'CONDUCTOR_IF_INFO_ID',NULL,'1','1','1','1','1','0','0',NULL,NULL,NULL,NULL,'自動採番のため編集不可。実行処理種別が【登録】の場合、空白のみ可。','Cannot edit because of auto-numbering. Must be blank when execution process type is [Register].',NULL,'0',_____DATE_____,1);
INSERT INTO T_COMN_MENU_COLUMN_LINK (COLUMN_DEFINITION_ID,MENU_ID,COLUMN_NAME_JA,COLUMN_NAME_EN,COLUMN_NAME_REST,COL_GROUP_ID,COLUMN_CLASS,COLUMN_DISP_SEQ,REF_TABLE_NAME,REF_PKEY_NAME,REF_COL_NAME,REF_SORT_CONDITIONS,REF_MULTI_LANG,SENSITIVE_COL_NAME,FILE_UPLOAD_PLACE,COL_NAME,SAVE_TYPE,AUTO_INPUT,INPUT_ITEM,VIEW_ITEM,UNIQUE_ITEM,REQUIRED_ITEM,AUTOREG_HIDE_ITEM,AUTOREG_ONLY_ITEM,INITIAL_VALUE,VALIDATE_OPTION,BEFORE_VALIDATE_REGISTER,AFTER_VALIDATE_REGISTER,DESCRIPTION_JA,DESCRIPTION_EN,NOTE,DISUSE_FLAG,LAST_UPDATE_TIMESTAMP,LAST_UPDATE_USER) VALUES('1070102','10701','Conductor名称','Conductor torage path','conductor_torage_path',NULL,'1',20,NULL,NULL,NULL,NULL,NULL,NULL,NULL,'CONDUCTOR_STORAGE_PATH_ITA',NULL,NULL,'1','1','1','1','0','0',NULL,'{
"min_length": 1,
"max_length": 255
}',NULL,NULL,'Conductor毎の共有ディレクトリです。','This is a shared directory for each conductor.',NULL,'0',_____DATE_____,1);
INSERT INTO T_COMN_MENU_COLUMN_LINK_JNL (JOURNAL_SEQ_NO,JOURNAL_REG_DATETIME,JOURNAL_ACTION_CLASS,COLUMN_DEFINITION_ID,MENU_ID,COLUMN_NAME_JA,COLUMN_NAME_EN,COLUMN_NAME_REST,COL_GROUP_ID,COLUMN_CLASS,COLUMN_DISP_SEQ,REF_TABLE_NAME,REF_PKEY_NAME,REF_COL_NAME,REF_SORT_CONDITIONS,REF_MULTI_LANG,SENSITIVE_COL_NAME,FILE_UPLOAD_PLACE,COL_NAME,SAVE_TYPE,AUTO_INPUT,INPUT_ITEM,VIEW_ITEM,UNIQUE_ITEM,REQUIRED_ITEM,AUTOREG_HIDE_ITEM,AUTOREG_ONLY_ITEM,INITIAL_VALUE,VALIDATE_OPTION,BEFORE_VALIDATE_REGISTER,AFTER_VALIDATE_REGISTER,DESCRIPTION_JA,DESCRIPTION_EN,NOTE,DISUSE_FLAG,LAST_UPDATE_TIMESTAMP,LAST_UPDATE_USER) VALUES(1070102,_____DATE_____,'INSERT','1070102','10701','Conductor名称','Conductor torage path','conductor_torage_path',NULL,'1',20,NULL,NULL,NULL,NULL,NULL,NULL,NULL,'CONDUCTOR_STORAGE_PATH_ITA',NULL,NULL,'1','1','1','1','0','0',NULL,'{
"min_length": 1,
"max_length": 255
}',NULL,NULL,'Conductor毎の共有ディレクトリです。','This is a shared directory for each conductor.',NULL,'0',_____DATE_____,1);
INSERT INTO T_COMN_MENU_COLUMN_LINK (COLUMN_DEFINITION_ID,MENU_ID,COLUMN_NAME_JA,COLUMN_NAME_EN,COLUMN_NAME_REST,COL_GROUP_ID,COLUMN_CLASS,COLUMN_DISP_SEQ,REF_TABLE_NAME,REF_PKEY_NAME,REF_COL_NAME,REF_SORT_CONDITIONS,REF_MULTI_LANG,SENSITIVE_COL_NAME,FILE_UPLOAD_PLACE,COL_NAME,SAVE_TYPE,AUTO_INPUT,INPUT_ITEM,VIEW_ITEM,UNIQUE_ITEM,REQUIRED_ITEM,AUTOREG_HIDE_ITEM,AUTOREG_ONLY_ITEM,INITIAL_VALUE,VALIDATE_OPTION,BEFORE_VALIDATE_REGISTER,AFTER_VALIDATE_REGISTER,DESCRIPTION_JA,DESCRIPTION_EN,NOTE,DISUSE_FLAG,LAST_UPDATE_TIMESTAMP,LAST_UPDATE_USER) VALUES('1070103','10701','状態監視周期(単位ミリ秒)','Status monitoring cycle (milliseconds)','status_monitoring_cycle',NULL,'3',30,NULL,NULL,NULL,NULL,NULL,NULL,NULL,'CONDUCTOR_REFRESH_INTERVAL',NULL,NULL,'1','1','1','1','0','0',NULL,'{
"min_length": 1000,
"max_length": 4294967296
}',NULL,NULL,'Conductor実行時の作業状況をリフレッシュする間隔です。
環境毎にチューニングを要しますが、通常は3000ミリ秒程度が推奨値です。','The interval to refresh the work status when executing Conductor.
Tuning is required for each environment, but usually about 3000 milliseconds is the recommended value.',NULL,'0',_____DATE_____,1);
INSERT INTO T_COMN_MENU_COLUMN_LINK_JNL (JOURNAL_SEQ_NO,JOURNAL_REG_DATETIME,JOURNAL_ACTION_CLASS,COLUMN_DEFINITION_ID,MENU_ID,COLUMN_NAME_JA,COLUMN_NAME_EN,COLUMN_NAME_REST,COL_GROUP_ID,COLUMN_CLASS,COLUMN_DISP_SEQ,REF_TABLE_NAME,REF_PKEY_NAME,REF_COL_NAME,REF_SORT_CONDITIONS,REF_MULTI_LANG,SENSITIVE_COL_NAME,FILE_UPLOAD_PLACE,COL_NAME,SAVE_TYPE,AUTO_INPUT,INPUT_ITEM,VIEW_ITEM,UNIQUE_ITEM,REQUIRED_ITEM,AUTOREG_HIDE_ITEM,AUTOREG_ONLY_ITEM,INITIAL_VALUE,VALIDATE_OPTION,BEFORE_VALIDATE_REGISTER,AFTER_VALIDATE_REGISTER,DESCRIPTION_JA,DESCRIPTION_EN,NOTE,DISUSE_FLAG,LAST_UPDATE_TIMESTAMP,LAST_UPDATE_USER) VALUES(1070103,_____DATE_____,'INSERT','1070103','10701','状態監視周期(単位ミリ秒)','Status monitoring cycle (milliseconds)','status_monitoring_cycle',NULL,'3',30,NULL,NULL,NULL,NULL,NULL,NULL,NULL,'CONDUCTOR_REFRESH_INTERVAL',NULL,NULL,'1','1','1','1','0','0',NULL,'{
"min_length": 1000,
"max_length": 4294967296
}',NULL,NULL,'Conductor実行時の作業状況をリフレッシュする間隔です。
環境毎にチューニングを要しますが、通常は3000ミリ秒程度が推奨値です。','The interval to refresh the work status when executing Conductor.
Tuning is required for each environment, but usually about 3000 milliseconds is the recommended value.',NULL,'0',_____DATE_____,1);
INSERT INTO T_COMN_MENU_COLUMN_LINK (COLUMN_DEFINITION_ID,MENU_ID,COLUMN_NAME_JA,COLUMN_NAME_EN,COLUMN_NAME_REST,COL_GROUP_ID,COLUMN_CLASS,COLUMN_DISP_SEQ,REF_TABLE_NAME,REF_PKEY_NAME,REF_COL_NAME,REF_SORT_CONDITIONS,REF_MULTI_LANG,SENSITIVE_COL_NAME,FILE_UPLOAD_PLACE,COL_NAME,SAVE_TYPE,AUTO_INPUT,INPUT_ITEM,VIEW_ITEM,UNIQUE_ITEM,REQUIRED_ITEM,AUTOREG_HIDE_ITEM,AUTOREG_ONLY_ITEM,INITIAL_VALUE,VALIDATE_OPTION,BEFORE_VALIDATE_REGISTER,AFTER_VALIDATE_REGISTER,DESCRIPTION_JA,DESCRIPTION_EN,NOTE,DISUSE_FLAG,LAST_UPDATE_TIMESTAMP,LAST_UPDATE_USER) VALUES('1070104','10701','備考','Remarks','remarks',NULL,'12',40,NULL,NULL,NULL,NULL,NULL,NULL,NULL,'NOTE       ',NULL,'0','1','1','0','0','0','0',NULL,'{
"min_length": 0,
"max_length": 4000
}',NULL,NULL,'自由記述欄。レコードの廃止・復活時にも記載可能。','Comments section. Can comment when removing or restoring records.',NULL,'0',_____DATE_____,1);
INSERT INTO T_COMN_MENU_COLUMN_LINK_JNL (JOURNAL_SEQ_NO,JOURNAL_REG_DATETIME,JOURNAL_ACTION_CLASS,COLUMN_DEFINITION_ID,MENU_ID,COLUMN_NAME_JA,COLUMN_NAME_EN,COLUMN_NAME_REST,COL_GROUP_ID,COLUMN_CLASS,COLUMN_DISP_SEQ,REF_TABLE_NAME,REF_PKEY_NAME,REF_COL_NAME,REF_SORT_CONDITIONS,REF_MULTI_LANG,SENSITIVE_COL_NAME,FILE_UPLOAD_PLACE,COL_NAME,SAVE_TYPE,AUTO_INPUT,INPUT_ITEM,VIEW_ITEM,UNIQUE_ITEM,REQUIRED_ITEM,AUTOREG_HIDE_ITEM,AUTOREG_ONLY_ITEM,INITIAL_VALUE,VALIDATE_OPTION,BEFORE_VALIDATE_REGISTER,AFTER_VALIDATE_REGISTER,DESCRIPTION_JA,DESCRIPTION_EN,NOTE,DISUSE_FLAG,LAST_UPDATE_TIMESTAMP,LAST_UPDATE_USER) VALUES(1070104,_____DATE_____,'INSERT','1070104','10701','備考','Remarks','remarks',NULL,'12',40,NULL,NULL,NULL,NULL,NULL,NULL,NULL,'NOTE       ',NULL,'0','1','1','0','0','0','0',NULL,'{
"min_length": 0,
"max_length": 4000
}',NULL,NULL,'自由記述欄。レコードの廃止・復活時にも記載可能。','Comments section. Can comment when removing or restoring records.',NULL,'0',_____DATE_____,1);
INSERT INTO T_COMN_MENU_COLUMN_LINK (COLUMN_DEFINITION_ID,MENU_ID,COLUMN_NAME_JA,COLUMN_NAME_EN,COLUMN_NAME_REST,COL_GROUP_ID,COLUMN_CLASS,COLUMN_DISP_SEQ,REF_TABLE_NAME,REF_PKEY_NAME,REF_COL_NAME,REF_SORT_CONDITIONS,REF_MULTI_LANG,SENSITIVE_COL_NAME,FILE_UPLOAD_PLACE,COL_NAME,SAVE_TYPE,AUTO_INPUT,INPUT_ITEM,VIEW_ITEM,UNIQUE_ITEM,REQUIRED_ITEM,AUTOREG_HIDE_ITEM,AUTOREG_ONLY_ITEM,INITIAL_VALUE,VALIDATE_OPTION,BEFORE_VALIDATE_REGISTER,AFTER_VALIDATE_REGISTER,DESCRIPTION_JA,DESCRIPTION_EN,NOTE,DISUSE_FLAG,LAST_UPDATE_TIMESTAMP,LAST_UPDATE_USER) VALUES('1070105','10701','廃止フラグ','Discard','discard',NULL,'1',50,NULL,NULL,NULL,NULL,NULL,NULL,NULL,'DISUSE_FLAG',NULL,'1','0','0','0','1','0','0',NULL,NULL,NULL,NULL,'廃止フラグ。復活以外のオペレーションは不可','Discard flag. Cannot do operation other than restore.',NULL,'0',_____DATE_____,1);
INSERT INTO T_COMN_MENU_COLUMN_LINK_JNL (JOURNAL_SEQ_NO,JOURNAL_REG_DATETIME,JOURNAL_ACTION_CLASS,COLUMN_DEFINITION_ID,MENU_ID,COLUMN_NAME_JA,COLUMN_NAME_EN,COLUMN_NAME_REST,COL_GROUP_ID,COLUMN_CLASS,COLUMN_DISP_SEQ,REF_TABLE_NAME,REF_PKEY_NAME,REF_COL_NAME,REF_SORT_CONDITIONS,REF_MULTI_LANG,SENSITIVE_COL_NAME,FILE_UPLOAD_PLACE,COL_NAME,SAVE_TYPE,AUTO_INPUT,INPUT_ITEM,VIEW_ITEM,UNIQUE_ITEM,REQUIRED_ITEM,AUTOREG_HIDE_ITEM,AUTOREG_ONLY_ITEM,INITIAL_VALUE,VALIDATE_OPTION,BEFORE_VALIDATE_REGISTER,AFTER_VALIDATE_REGISTER,DESCRIPTION_JA,DESCRIPTION_EN,NOTE,DISUSE_FLAG,LAST_UPDATE_TIMESTAMP,LAST_UPDATE_USER) VALUES(1070105,_____DATE_____,'INSERT','1070105','10701','廃止フラグ','Discard','discard',NULL,'1',50,NULL,NULL,NULL,NULL,NULL,NULL,NULL,'DISUSE_FLAG',NULL,'1','0','0','0','1','0','0',NULL,NULL,NULL,NULL,'廃止フラグ。復活以外のオペレーションは不可','Discard flag. Cannot do operation other than restore.',NULL,'0',_____DATE_____,1);
INSERT INTO T_COMN_MENU_COLUMN_LINK (COLUMN_DEFINITION_ID,MENU_ID,COLUMN_NAME_JA,COLUMN_NAME_EN,COLUMN_NAME_REST,COL_GROUP_ID,COLUMN_CLASS,COLUMN_DISP_SEQ,REF_TABLE_NAME,REF_PKEY_NAME,REF_COL_NAME,REF_SORT_CONDITIONS,REF_MULTI_LANG,SENSITIVE_COL_NAME,FILE_UPLOAD_PLACE,COL_NAME,SAVE_TYPE,AUTO_INPUT,INPUT_ITEM,VIEW_ITEM,UNIQUE_ITEM,REQUIRED_ITEM,AUTOREG_HIDE_ITEM,AUTOREG_ONLY_ITEM,INITIAL_VALUE,VALIDATE_OPTION,BEFORE_VALIDATE_REGISTER,AFTER_VALIDATE_REGISTER,DESCRIPTION_JA,DESCRIPTION_EN,NOTE,DISUSE_FLAG,LAST_UPDATE_TIMESTAMP,LAST_UPDATE_USER) VALUES('1070106','10701','最終更新日時','Last update date/time','last_update_date_time',NULL,'13',60,NULL,NULL,NULL,NULL,NULL,NULL,NULL,'LAST_UPDATE_TIMESTAMP',NULL,'1','0','1','0','1','0','0',NULL,NULL,NULL,NULL,'レコードの最終更新日。自動登録のため編集不可。','Last update date of record. Cannot edit because of auto-registration.',NULL,'0',_____DATE_____,1);
INSERT INTO T_COMN_MENU_COLUMN_LINK_JNL (JOURNAL_SEQ_NO,JOURNAL_REG_DATETIME,JOURNAL_ACTION_CLASS,COLUMN_DEFINITION_ID,MENU_ID,COLUMN_NAME_JA,COLUMN_NAME_EN,COLUMN_NAME_REST,COL_GROUP_ID,COLUMN_CLASS,COLUMN_DISP_SEQ,REF_TABLE_NAME,REF_PKEY_NAME,REF_COL_NAME,REF_SORT_CONDITIONS,REF_MULTI_LANG,SENSITIVE_COL_NAME,FILE_UPLOAD_PLACE,COL_NAME,SAVE_TYPE,AUTO_INPUT,INPUT_ITEM,VIEW_ITEM,UNIQUE_ITEM,REQUIRED_ITEM,AUTOREG_HIDE_ITEM,AUTOREG_ONLY_ITEM,INITIAL_VALUE,VALIDATE_OPTION,BEFORE_VALIDATE_REGISTER,AFTER_VALIDATE_REGISTER,DESCRIPTION_JA,DESCRIPTION_EN,NOTE,DISUSE_FLAG,LAST_UPDATE_TIMESTAMP,LAST_UPDATE_USER) VALUES(1070106,_____DATE_____,'INSERT','1070106','10701','最終更新日時','Last update date/time','last_update_date_time',NULL,'13',60,NULL,NULL,NULL,NULL,NULL,NULL,NULL,'LAST_UPDATE_TIMESTAMP',NULL,'1','0','1','0','1','0','0',NULL,NULL,NULL,NULL,'レコードの最終更新日。自動登録のため編集不可。','Last update date of record. Cannot edit because of auto-registration.',NULL,'0',_____DATE_____,1);
INSERT INTO T_COMN_MENU_COLUMN_LINK (COLUMN_DEFINITION_ID,MENU_ID,COLUMN_NAME_JA,COLUMN_NAME_EN,COLUMN_NAME_REST,COL_GROUP_ID,COLUMN_CLASS,COLUMN_DISP_SEQ,REF_TABLE_NAME,REF_PKEY_NAME,REF_COL_NAME,REF_SORT_CONDITIONS,REF_MULTI_LANG,SENSITIVE_COL_NAME,FILE_UPLOAD_PLACE,COL_NAME,SAVE_TYPE,AUTO_INPUT,INPUT_ITEM,VIEW_ITEM,UNIQUE_ITEM,REQUIRED_ITEM,AUTOREG_HIDE_ITEM,AUTOREG_ONLY_ITEM,INITIAL_VALUE,VALIDATE_OPTION,BEFORE_VALIDATE_REGISTER,AFTER_VALIDATE_REGISTER,DESCRIPTION_JA,DESCRIPTION_EN,NOTE,DISUSE_FLAG,LAST_UPDATE_TIMESTAMP,LAST_UPDATE_USER) VALUES('1070107','10701','最終更新者','Last updated by','last_updated_user',NULL,'14',70,NULL,NULL,NULL,NULL,NULL,NULL,NULL,'LAST_UPDATE_USER',NULL,'1','0','1','0','1','0','0',NULL,NULL,NULL,NULL,'更新者。ログインユーザのIDが自動的に登録される。編集不可。','Updated by. Login user ID is automatically registered. Cannot edit.',NULL,'0',_____DATE_____,1);
INSERT INTO T_COMN_MENU_COLUMN_LINK_JNL (JOURNAL_SEQ_NO,JOURNAL_REG_DATETIME,JOURNAL_ACTION_CLASS,COLUMN_DEFINITION_ID,MENU_ID,COLUMN_NAME_JA,COLUMN_NAME_EN,COLUMN_NAME_REST,COL_GROUP_ID,COLUMN_CLASS,COLUMN_DISP_SEQ,REF_TABLE_NAME,REF_PKEY_NAME,REF_COL_NAME,REF_SORT_CONDITIONS,REF_MULTI_LANG,SENSITIVE_COL_NAME,FILE_UPLOAD_PLACE,COL_NAME,SAVE_TYPE,AUTO_INPUT,INPUT_ITEM,VIEW_ITEM,UNIQUE_ITEM,REQUIRED_ITEM,AUTOREG_HIDE_ITEM,AUTOREG_ONLY_ITEM,INITIAL_VALUE,VALIDATE_OPTION,BEFORE_VALIDATE_REGISTER,AFTER_VALIDATE_REGISTER,DESCRIPTION_JA,DESCRIPTION_EN,NOTE,DISUSE_FLAG,LAST_UPDATE_TIMESTAMP,LAST_UPDATE_USER) VALUES(1070107,_____DATE_____,'INSERT','1070107','10701','最終更新者','Last updated by','last_updated_user',NULL,'14',70,NULL,NULL,NULL,NULL,NULL,NULL,NULL,'LAST_UPDATE_USER',NULL,'1','0','1','0','1','0','0',NULL,NULL,NULL,NULL,'更新者。ログインユーザのIDが自動的に登録される。編集不可。','Updated by. Login user ID is automatically registered. Cannot edit.',NULL,'0',_____DATE_____,1);
INSERT INTO T_COMN_MENU_COLUMN_LINK (COLUMN_DEFINITION_ID,MENU_ID,COLUMN_NAME_JA,COLUMN_NAME_EN,COLUMN_NAME_REST,COL_GROUP_ID,COLUMN_CLASS,COLUMN_DISP_SEQ,REF_TABLE_NAME,REF_PKEY_NAME,REF_COL_NAME,REF_SORT_CONDITIONS,REF_MULTI_LANG,SENSITIVE_COL_NAME,FILE_UPLOAD_PLACE,COL_NAME,SAVE_TYPE,AUTO_INPUT,INPUT_ITEM,VIEW_ITEM,UNIQUE_ITEM,REQUIRED_ITEM,AUTOREG_HIDE_ITEM,AUTOREG_ONLY_ITEM,INITIAL_VALUE,VALIDATE_OPTION,BEFORE_VALIDATE_REGISTER,AFTER_VALIDATE_REGISTER,DESCRIPTION_JA,DESCRIPTION_EN,NOTE,DISUSE_FLAG,LAST_UPDATE_TIMESTAMP,LAST_UPDATE_USER) VALUES('1070301','10703','ConductorクラスID','Conductor class ID','conductor_class_id',NULL,'1',10,NULL,NULL,NULL,NULL,NULL,NULL,NULL,'CONDUCTOR_CLASS_ID',NULL,'1','1','1','1','1','0','0',NULL,NULL,NULL,NULL,'自動採番のため編集不可。実行処理種別が【登録】の場合、空白のみ可。','Cannot edit because of auto-numbering. Must be blank when execution process type is [Register].',NULL,'0',_____DATE_____,1);
INSERT INTO T_COMN_MENU_COLUMN_LINK_JNL (JOURNAL_SEQ_NO,JOURNAL_REG_DATETIME,JOURNAL_ACTION_CLASS,COLUMN_DEFINITION_ID,MENU_ID,COLUMN_NAME_JA,COLUMN_NAME_EN,COLUMN_NAME_REST,COL_GROUP_ID,COLUMN_CLASS,COLUMN_DISP_SEQ,REF_TABLE_NAME,REF_PKEY_NAME,REF_COL_NAME,REF_SORT_CONDITIONS,REF_MULTI_LANG,SENSITIVE_COL_NAME,FILE_UPLOAD_PLACE,COL_NAME,SAVE_TYPE,AUTO_INPUT,INPUT_ITEM,VIEW_ITEM,UNIQUE_ITEM,REQUIRED_ITEM,AUTOREG_HIDE_ITEM,AUTOREG_ONLY_ITEM,INITIAL_VALUE,VALIDATE_OPTION,BEFORE_VALIDATE_REGISTER,AFTER_VALIDATE_REGISTER,DESCRIPTION_JA,DESCRIPTION_EN,NOTE,DISUSE_FLAG,LAST_UPDATE_TIMESTAMP,LAST_UPDATE_USER) VALUES(1070301,_____DATE_____,'INSERT','1070301','10703','ConductorクラスID','Conductor class ID','conductor_class_id',NULL,'1',10,NULL,NULL,NULL,NULL,NULL,NULL,NULL,'CONDUCTOR_CLASS_ID',NULL,'1','1','1','1','1','0','0',NULL,NULL,NULL,NULL,'自動採番のため編集不可。実行処理種別が【登録】の場合、空白のみ可。','Cannot edit because of auto-numbering. Must be blank when execution process type is [Register].',NULL,'0',_____DATE_____,1);
INSERT INTO T_COMN_MENU_COLUMN_LINK (COLUMN_DEFINITION_ID,MENU_ID,COLUMN_NAME_JA,COLUMN_NAME_EN,COLUMN_NAME_REST,COL_GROUP_ID,COLUMN_CLASS,COLUMN_DISP_SEQ,REF_TABLE_NAME,REF_PKEY_NAME,REF_COL_NAME,REF_SORT_CONDITIONS,REF_MULTI_LANG,SENSITIVE_COL_NAME,FILE_UPLOAD_PLACE,COL_NAME,SAVE_TYPE,AUTO_INPUT,INPUT_ITEM,VIEW_ITEM,UNIQUE_ITEM,REQUIRED_ITEM,AUTOREG_HIDE_ITEM,AUTOREG_ONLY_ITEM,INITIAL_VALUE,VALIDATE_OPTION,BEFORE_VALIDATE_REGISTER,AFTER_VALIDATE_REGISTER,DESCRIPTION_JA,DESCRIPTION_EN,NOTE,DISUSE_FLAG,LAST_UPDATE_TIMESTAMP,LAST_UPDATE_USER) VALUES('1070302','10703','Conductor名称','Conductor name','conductor_name',NULL,'1',20,NULL,NULL,NULL,NULL,NULL,NULL,NULL,'CONDUCTOR_NAME',NULL,'0','1','1','1','1','0','0',NULL,'{
"min_length": 0,
"max_length": 255
}',NULL,NULL,'[最大長]255バイト','[Maximum length] 255 byte',NULL,'0',_____DATE_____,1);
INSERT INTO T_COMN_MENU_COLUMN_LINK_JNL (JOURNAL_SEQ_NO,JOURNAL_REG_DATETIME,JOURNAL_ACTION_CLASS,COLUMN_DEFINITION_ID,MENU_ID,COLUMN_NAME_JA,COLUMN_NAME_EN,COLUMN_NAME_REST,COL_GROUP_ID,COLUMN_CLASS,COLUMN_DISP_SEQ,REF_TABLE_NAME,REF_PKEY_NAME,REF_COL_NAME,REF_SORT_CONDITIONS,REF_MULTI_LANG,SENSITIVE_COL_NAME,FILE_UPLOAD_PLACE,COL_NAME,SAVE_TYPE,AUTO_INPUT,INPUT_ITEM,VIEW_ITEM,UNIQUE_ITEM,REQUIRED_ITEM,AUTOREG_HIDE_ITEM,AUTOREG_ONLY_ITEM,INITIAL_VALUE,VALIDATE_OPTION,BEFORE_VALIDATE_REGISTER,AFTER_VALIDATE_REGISTER,DESCRIPTION_JA,DESCRIPTION_EN,NOTE,DISUSE_FLAG,LAST_UPDATE_TIMESTAMP,LAST_UPDATE_USER) VALUES(1070302,_____DATE_____,'INSERT','1070302','10703','Conductor名称','Conductor name','conductor_name',NULL,'1',20,NULL,NULL,NULL,NULL,NULL,NULL,NULL,'CONDUCTOR_NAME',NULL,'0','1','1','1','1','0','0',NULL,'{
"min_length": 0,
"max_length": 255
}',NULL,NULL,'[最大長]255バイト','[Maximum length] 255 byte',NULL,'0',_____DATE_____,1);
INSERT INTO T_COMN_MENU_COLUMN_LINK (COLUMN_DEFINITION_ID,MENU_ID,COLUMN_NAME_JA,COLUMN_NAME_EN,COLUMN_NAME_REST,COL_GROUP_ID,COLUMN_CLASS,COLUMN_DISP_SEQ,REF_TABLE_NAME,REF_PKEY_NAME,REF_COL_NAME,REF_SORT_CONDITIONS,REF_MULTI_LANG,SENSITIVE_COL_NAME,FILE_UPLOAD_PLACE,COL_NAME,SAVE_TYPE,AUTO_INPUT,INPUT_ITEM,VIEW_ITEM,UNIQUE_ITEM,REQUIRED_ITEM,AUTOREG_HIDE_ITEM,AUTOREG_ONLY_ITEM,INITIAL_VALUE,VALIDATE_OPTION,BEFORE_VALIDATE_REGISTER,AFTER_VALIDATE_REGISTER,DESCRIPTION_JA,DESCRIPTION_EN,NOTE,DISUSE_FLAG,LAST_UPDATE_TIMESTAMP,LAST_UPDATE_USER) VALUES('1070303','10703','設定','Setting','setting',NULL,'19',30,NULL,NULL,NULL,NULL,NULL,NULL,NULL,'SETTING',NULL,'0','0','0','10','0','0','0',NULL,NULL,NULL,NULL,NULL,NULL,NULL,'0',_____DATE_____,1);
INSERT INTO T_COMN_MENU_COLUMN_LINK_JNL (JOURNAL_SEQ_NO,JOURNAL_REG_DATETIME,JOURNAL_ACTION_CLASS,COLUMN_DEFINITION_ID,MENU_ID,COLUMN_NAME_JA,COLUMN_NAME_EN,COLUMN_NAME_REST,COL_GROUP_ID,COLUMN_CLASS,COLUMN_DISP_SEQ,REF_TABLE_NAME,REF_PKEY_NAME,REF_COL_NAME,REF_SORT_CONDITIONS,REF_MULTI_LANG,SENSITIVE_COL_NAME,FILE_UPLOAD_PLACE,COL_NAME,SAVE_TYPE,AUTO_INPUT,INPUT_ITEM,VIEW_ITEM,UNIQUE_ITEM,REQUIRED_ITEM,AUTOREG_HIDE_ITEM,AUTOREG_ONLY_ITEM,INITIAL_VALUE,VALIDATE_OPTION,BEFORE_VALIDATE_REGISTER,AFTER_VALIDATE_REGISTER,DESCRIPTION_JA,DESCRIPTION_EN,NOTE,DISUSE_FLAG,LAST_UPDATE_TIMESTAMP,LAST_UPDATE_USER) VALUES(1070303,_____DATE_____,'INSERT','1070303','10703','設定','Setting','setting',NULL,'19',30,NULL,NULL,NULL,NULL,NULL,NULL,NULL,'SETTING',NULL,'0','0','0','10','0','0','0',NULL,NULL,NULL,NULL,NULL,NULL,NULL,'0',_____DATE_____,1);
INSERT INTO T_COMN_MENU_COLUMN_LINK (COLUMN_DEFINITION_ID,MENU_ID,COLUMN_NAME_JA,COLUMN_NAME_EN,COLUMN_NAME_REST,COL_GROUP_ID,COLUMN_CLASS,COLUMN_DISP_SEQ,REF_TABLE_NAME,REF_PKEY_NAME,REF_COL_NAME,REF_SORT_CONDITIONS,REF_MULTI_LANG,SENSITIVE_COL_NAME,FILE_UPLOAD_PLACE,COL_NAME,SAVE_TYPE,AUTO_INPUT,INPUT_ITEM,VIEW_ITEM,UNIQUE_ITEM,REQUIRED_ITEM,AUTOREG_HIDE_ITEM,AUTOREG_ONLY_ITEM,INITIAL_VALUE,VALIDATE_OPTION,BEFORE_VALIDATE_REGISTER,AFTER_VALIDATE_REGISTER,DESCRIPTION_JA,DESCRIPTION_EN,NOTE,DISUSE_FLAG,LAST_UPDATE_TIMESTAMP,LAST_UPDATE_USER) VALUES('1070304','10703','備考','Remarks','remarks',NULL,'12',40,NULL,NULL,NULL,NULL,NULL,NULL,NULL,'NOTE',NULL,'0','1','1','0','0','0','0',NULL,'{
"min_length": 0,
"max_length": 4000
}',NULL,NULL,'自由記述欄。レコードの廃止・復活時にも記載可能。','Comments section. Can comment when removing or restoring records.',NULL,'0',_____DATE_____,1);
INSERT INTO T_COMN_MENU_COLUMN_LINK_JNL (JOURNAL_SEQ_NO,JOURNAL_REG_DATETIME,JOURNAL_ACTION_CLASS,COLUMN_DEFINITION_ID,MENU_ID,COLUMN_NAME_JA,COLUMN_NAME_EN,COLUMN_NAME_REST,COL_GROUP_ID,COLUMN_CLASS,COLUMN_DISP_SEQ,REF_TABLE_NAME,REF_PKEY_NAME,REF_COL_NAME,REF_SORT_CONDITIONS,REF_MULTI_LANG,SENSITIVE_COL_NAME,FILE_UPLOAD_PLACE,COL_NAME,SAVE_TYPE,AUTO_INPUT,INPUT_ITEM,VIEW_ITEM,UNIQUE_ITEM,REQUIRED_ITEM,AUTOREG_HIDE_ITEM,AUTOREG_ONLY_ITEM,INITIAL_VALUE,VALIDATE_OPTION,BEFORE_VALIDATE_REGISTER,AFTER_VALIDATE_REGISTER,DESCRIPTION_JA,DESCRIPTION_EN,NOTE,DISUSE_FLAG,LAST_UPDATE_TIMESTAMP,LAST_UPDATE_USER) VALUES(1070304,_____DATE_____,'INSERT','1070304','10703','備考','Remarks','remarks',NULL,'12',40,NULL,NULL,NULL,NULL,NULL,NULL,NULL,'NOTE',NULL,'0','1','1','0','0','0','0',NULL,'{
"min_length": 0,
"max_length": 4000
}',NULL,NULL,'自由記述欄。レコードの廃止・復活時にも記載可能。','Comments section. Can comment when removing or restoring records.',NULL,'0',_____DATE_____,1);
INSERT INTO T_COMN_MENU_COLUMN_LINK (COLUMN_DEFINITION_ID,MENU_ID,COLUMN_NAME_JA,COLUMN_NAME_EN,COLUMN_NAME_REST,COL_GROUP_ID,COLUMN_CLASS,COLUMN_DISP_SEQ,REF_TABLE_NAME,REF_PKEY_NAME,REF_COL_NAME,REF_SORT_CONDITIONS,REF_MULTI_LANG,SENSITIVE_COL_NAME,FILE_UPLOAD_PLACE,COL_NAME,SAVE_TYPE,AUTO_INPUT,INPUT_ITEM,VIEW_ITEM,UNIQUE_ITEM,REQUIRED_ITEM,AUTOREG_HIDE_ITEM,AUTOREG_ONLY_ITEM,INITIAL_VALUE,VALIDATE_OPTION,BEFORE_VALIDATE_REGISTER,AFTER_VALIDATE_REGISTER,DESCRIPTION_JA,DESCRIPTION_EN,NOTE,DISUSE_FLAG,LAST_UPDATE_TIMESTAMP,LAST_UPDATE_USER) VALUES('1070305','10703','廃止フラグ','Discard','discard',NULL,'1',50,NULL,NULL,NULL,NULL,NULL,NULL,NULL,'DISUSE_FLAG',NULL,'1','0','0','0','1','0','0',NULL,NULL,NULL,NULL,'廃止フラグ。復活以外のオペレーションは不可','Discard flag. Cannot do operation other than restore.',NULL,'0',_____DATE_____,1);
INSERT INTO T_COMN_MENU_COLUMN_LINK_JNL (JOURNAL_SEQ_NO,JOURNAL_REG_DATETIME,JOURNAL_ACTION_CLASS,COLUMN_DEFINITION_ID,MENU_ID,COLUMN_NAME_JA,COLUMN_NAME_EN,COLUMN_NAME_REST,COL_GROUP_ID,COLUMN_CLASS,COLUMN_DISP_SEQ,REF_TABLE_NAME,REF_PKEY_NAME,REF_COL_NAME,REF_SORT_CONDITIONS,REF_MULTI_LANG,SENSITIVE_COL_NAME,FILE_UPLOAD_PLACE,COL_NAME,SAVE_TYPE,AUTO_INPUT,INPUT_ITEM,VIEW_ITEM,UNIQUE_ITEM,REQUIRED_ITEM,AUTOREG_HIDE_ITEM,AUTOREG_ONLY_ITEM,INITIAL_VALUE,VALIDATE_OPTION,BEFORE_VALIDATE_REGISTER,AFTER_VALIDATE_REGISTER,DESCRIPTION_JA,DESCRIPTION_EN,NOTE,DISUSE_FLAG,LAST_UPDATE_TIMESTAMP,LAST_UPDATE_USER) VALUES(1070305,_____DATE_____,'INSERT','1070305','10703','廃止フラグ','Discard','discard',NULL,'1',50,NULL,NULL,NULL,NULL,NULL,NULL,NULL,'DISUSE_FLAG',NULL,'1','0','0','0','1','0','0',NULL,NULL,NULL,NULL,'廃止フラグ。復活以外のオペレーションは不可','Discard flag. Cannot do operation other than restore.',NULL,'0',_____DATE_____,1);
INSERT INTO T_COMN_MENU_COLUMN_LINK (COLUMN_DEFINITION_ID,MENU_ID,COLUMN_NAME_JA,COLUMN_NAME_EN,COLUMN_NAME_REST,COL_GROUP_ID,COLUMN_CLASS,COLUMN_DISP_SEQ,REF_TABLE_NAME,REF_PKEY_NAME,REF_COL_NAME,REF_SORT_CONDITIONS,REF_MULTI_LANG,SENSITIVE_COL_NAME,FILE_UPLOAD_PLACE,COL_NAME,SAVE_TYPE,AUTO_INPUT,INPUT_ITEM,VIEW_ITEM,UNIQUE_ITEM,REQUIRED_ITEM,AUTOREG_HIDE_ITEM,AUTOREG_ONLY_ITEM,INITIAL_VALUE,VALIDATE_OPTION,BEFORE_VALIDATE_REGISTER,AFTER_VALIDATE_REGISTER,DESCRIPTION_JA,DESCRIPTION_EN,NOTE,DISUSE_FLAG,LAST_UPDATE_TIMESTAMP,LAST_UPDATE_USER) VALUES('1070306','10703','最終更新日時','Last update date/time','last_update_date_time',NULL,'13',60,NULL,NULL,NULL,NULL,NULL,NULL,NULL,'LAST_UPDATE_TIMESTAMP',NULL,'1','0','1','0','1','0','0',NULL,NULL,NULL,NULL,'レコードの最終更新日。自動登録のため編集不可。','Last update date of record. Cannot edit because of auto-registration.',NULL,'0',_____DATE_____,1);
INSERT INTO T_COMN_MENU_COLUMN_LINK_JNL (JOURNAL_SEQ_NO,JOURNAL_REG_DATETIME,JOURNAL_ACTION_CLASS,COLUMN_DEFINITION_ID,MENU_ID,COLUMN_NAME_JA,COLUMN_NAME_EN,COLUMN_NAME_REST,COL_GROUP_ID,COLUMN_CLASS,COLUMN_DISP_SEQ,REF_TABLE_NAME,REF_PKEY_NAME,REF_COL_NAME,REF_SORT_CONDITIONS,REF_MULTI_LANG,SENSITIVE_COL_NAME,FILE_UPLOAD_PLACE,COL_NAME,SAVE_TYPE,AUTO_INPUT,INPUT_ITEM,VIEW_ITEM,UNIQUE_ITEM,REQUIRED_ITEM,AUTOREG_HIDE_ITEM,AUTOREG_ONLY_ITEM,INITIAL_VALUE,VALIDATE_OPTION,BEFORE_VALIDATE_REGISTER,AFTER_VALIDATE_REGISTER,DESCRIPTION_JA,DESCRIPTION_EN,NOTE,DISUSE_FLAG,LAST_UPDATE_TIMESTAMP,LAST_UPDATE_USER) VALUES(1070306,_____DATE_____,'INSERT','1070306','10703','最終更新日時','Last update date/time','last_update_date_time',NULL,'13',60,NULL,NULL,NULL,NULL,NULL,NULL,NULL,'LAST_UPDATE_TIMESTAMP',NULL,'1','0','1','0','1','0','0',NULL,NULL,NULL,NULL,'レコードの最終更新日。自動登録のため編集不可。','Last update date of record. Cannot edit because of auto-registration.',NULL,'0',_____DATE_____,1);
INSERT INTO T_COMN_MENU_COLUMN_LINK (COLUMN_DEFINITION_ID,MENU_ID,COLUMN_NAME_JA,COLUMN_NAME_EN,COLUMN_NAME_REST,COL_GROUP_ID,COLUMN_CLASS,COLUMN_DISP_SEQ,REF_TABLE_NAME,REF_PKEY_NAME,REF_COL_NAME,REF_SORT_CONDITIONS,REF_MULTI_LANG,SENSITIVE_COL_NAME,FILE_UPLOAD_PLACE,COL_NAME,SAVE_TYPE,AUTO_INPUT,INPUT_ITEM,VIEW_ITEM,UNIQUE_ITEM,REQUIRED_ITEM,AUTOREG_HIDE_ITEM,AUTOREG_ONLY_ITEM,INITIAL_VALUE,VALIDATE_OPTION,BEFORE_VALIDATE_REGISTER,AFTER_VALIDATE_REGISTER,DESCRIPTION_JA,DESCRIPTION_EN,NOTE,DISUSE_FLAG,LAST_UPDATE_TIMESTAMP,LAST_UPDATE_USER) VALUES('1070307','10703','最終更新者','Last updated by','last_updated_user',NULL,'14',70,NULL,NULL,NULL,NULL,NULL,NULL,NULL,'LAST_UPDATE_USER',NULL,'1','0','1','0','1','0','0',NULL,NULL,NULL,NULL,'更新者。ログインユーザのIDが自動的に登録される。編集不可。','Updated by. Login user ID is automatically registered. Cannot edit.',NULL,'0',_____DATE_____,1);
INSERT INTO T_COMN_MENU_COLUMN_LINK_JNL (JOURNAL_SEQ_NO,JOURNAL_REG_DATETIME,JOURNAL_ACTION_CLASS,COLUMN_DEFINITION_ID,MENU_ID,COLUMN_NAME_JA,COLUMN_NAME_EN,COLUMN_NAME_REST,COL_GROUP_ID,COLUMN_CLASS,COLUMN_DISP_SEQ,REF_TABLE_NAME,REF_PKEY_NAME,REF_COL_NAME,REF_SORT_CONDITIONS,REF_MULTI_LANG,SENSITIVE_COL_NAME,FILE_UPLOAD_PLACE,COL_NAME,SAVE_TYPE,AUTO_INPUT,INPUT_ITEM,VIEW_ITEM,UNIQUE_ITEM,REQUIRED_ITEM,AUTOREG_HIDE_ITEM,AUTOREG_ONLY_ITEM,INITIAL_VALUE,VALIDATE_OPTION,BEFORE_VALIDATE_REGISTER,AFTER_VALIDATE_REGISTER,DESCRIPTION_JA,DESCRIPTION_EN,NOTE,DISUSE_FLAG,LAST_UPDATE_TIMESTAMP,LAST_UPDATE_USER) VALUES(1070307,_____DATE_____,'INSERT','1070307','10703','最終更新者','Last updated by','last_updated_user',NULL,'14',70,NULL,NULL,NULL,NULL,NULL,NULL,NULL,'LAST_UPDATE_USER',NULL,'1','0','1','0','1','0','0',NULL,NULL,NULL,NULL,'更新者。ログインユーザのIDが自動的に登録される。編集不可。','Updated by. Login user ID is automatically registered. Cannot edit.',NULL,'0',_____DATE_____,1);
INSERT INTO T_COMN_MENU_COLUMN_LINK (COLUMN_DEFINITION_ID,MENU_ID,COLUMN_NAME_JA,COLUMN_NAME_EN,COLUMN_NAME_REST,COL_GROUP_ID,COLUMN_CLASS,COLUMN_DISP_SEQ,REF_TABLE_NAME,REF_PKEY_NAME,REF_COL_NAME,REF_SORT_CONDITIONS,REF_MULTI_LANG,SENSITIVE_COL_NAME,FILE_UPLOAD_PLACE,COL_NAME,SAVE_TYPE,AUTO_INPUT,INPUT_ITEM,VIEW_ITEM,UNIQUE_ITEM,REQUIRED_ITEM,AUTOREG_HIDE_ITEM,AUTOREG_ONLY_ITEM,INITIAL_VALUE,VALIDATE_OPTION,BEFORE_VALIDATE_REGISTER,AFTER_VALIDATE_REGISTER,DESCRIPTION_JA,DESCRIPTION_EN,NOTE,DISUSE_FLAG,LAST_UPDATE_TIMESTAMP,LAST_UPDATE_USER) VALUES('1070401','10704','ConductorクラスID','Conductor class ID','conductor_class_id',NULL,'1',10,NULL,NULL,NULL,NULL,NULL,NULL,NULL,'CONDUCTOR_CLASS_ID',NULL,'1','1','1','1','1','0','0',NULL,NULL,NULL,NULL,'自動採番のため編集不可。実行処理種別が【登録】の場合、空白のみ可。','Cannot edit because of auto-numbering. Must be blank when execution process type is [Register].',NULL,'0',_____DATE_____,1);
INSERT INTO T_COMN_MENU_COLUMN_LINK_JNL (JOURNAL_SEQ_NO,JOURNAL_REG_DATETIME,JOURNAL_ACTION_CLASS,COLUMN_DEFINITION_ID,MENU_ID,COLUMN_NAME_JA,COLUMN_NAME_EN,COLUMN_NAME_REST,COL_GROUP_ID,COLUMN_CLASS,COLUMN_DISP_SEQ,REF_TABLE_NAME,REF_PKEY_NAME,REF_COL_NAME,REF_SORT_CONDITIONS,REF_MULTI_LANG,SENSITIVE_COL_NAME,FILE_UPLOAD_PLACE,COL_NAME,SAVE_TYPE,AUTO_INPUT,INPUT_ITEM,VIEW_ITEM,UNIQUE_ITEM,REQUIRED_ITEM,AUTOREG_HIDE_ITEM,AUTOREG_ONLY_ITEM,INITIAL_VALUE,VALIDATE_OPTION,BEFORE_VALIDATE_REGISTER,AFTER_VALIDATE_REGISTER,DESCRIPTION_JA,DESCRIPTION_EN,NOTE,DISUSE_FLAG,LAST_UPDATE_TIMESTAMP,LAST_UPDATE_USER) VALUES(1070401,_____DATE_____,'INSERT','1070401','10704','ConductorクラスID','Conductor class ID','conductor_class_id',NULL,'1',10,NULL,NULL,NULL,NULL,NULL,NULL,NULL,'CONDUCTOR_CLASS_ID',NULL,'1','1','1','1','1','0','0',NULL,NULL,NULL,NULL,'自動採番のため編集不可。実行処理種別が【登録】の場合、空白のみ可。','Cannot edit because of auto-numbering. Must be blank when execution process type is [Register].',NULL,'0',_____DATE_____,1);
INSERT INTO T_COMN_MENU_COLUMN_LINK (COLUMN_DEFINITION_ID,MENU_ID,COLUMN_NAME_JA,COLUMN_NAME_EN,COLUMN_NAME_REST,COL_GROUP_ID,COLUMN_CLASS,COLUMN_DISP_SEQ,REF_TABLE_NAME,REF_PKEY_NAME,REF_COL_NAME,REF_SORT_CONDITIONS,REF_MULTI_LANG,SENSITIVE_COL_NAME,FILE_UPLOAD_PLACE,COL_NAME,SAVE_TYPE,AUTO_INPUT,INPUT_ITEM,VIEW_ITEM,UNIQUE_ITEM,REQUIRED_ITEM,AUTOREG_HIDE_ITEM,AUTOREG_ONLY_ITEM,INITIAL_VALUE,VALIDATE_OPTION,BEFORE_VALIDATE_REGISTER,AFTER_VALIDATE_REGISTER,DESCRIPTION_JA,DESCRIPTION_EN,NOTE,DISUSE_FLAG,LAST_UPDATE_TIMESTAMP,LAST_UPDATE_USER) VALUES('1070402','10704','Conductor名称','Conductor name','conductor_name',NULL,'1',20,NULL,NULL,NULL,NULL,NULL,NULL,NULL,'CONDUCTOR_NAME',NULL,'0','1','1','1','1','0','0',NULL,'{
"min_length": 0,
"max_length": 255
}',NULL,NULL,'[最大長]255バイト','[Maximum length] 255 byte',NULL,'0',_____DATE_____,1);
INSERT INTO T_COMN_MENU_COLUMN_LINK_JNL (JOURNAL_SEQ_NO,JOURNAL_REG_DATETIME,JOURNAL_ACTION_CLASS,COLUMN_DEFINITION_ID,MENU_ID,COLUMN_NAME_JA,COLUMN_NAME_EN,COLUMN_NAME_REST,COL_GROUP_ID,COLUMN_CLASS,COLUMN_DISP_SEQ,REF_TABLE_NAME,REF_PKEY_NAME,REF_COL_NAME,REF_SORT_CONDITIONS,REF_MULTI_LANG,SENSITIVE_COL_NAME,FILE_UPLOAD_PLACE,COL_NAME,SAVE_TYPE,AUTO_INPUT,INPUT_ITEM,VIEW_ITEM,UNIQUE_ITEM,REQUIRED_ITEM,AUTOREG_HIDE_ITEM,AUTOREG_ONLY_ITEM,INITIAL_VALUE,VALIDATE_OPTION,BEFORE_VALIDATE_REGISTER,AFTER_VALIDATE_REGISTER,DESCRIPTION_JA,DESCRIPTION_EN,NOTE,DISUSE_FLAG,LAST_UPDATE_TIMESTAMP,LAST_UPDATE_USER) VALUES(1070402,_____DATE_____,'INSERT','1070402','10704','Conductor名称','Conductor name','conductor_name',NULL,'1',20,NULL,NULL,NULL,NULL,NULL,NULL,NULL,'CONDUCTOR_NAME',NULL,'0','1','1','1','1','0','0',NULL,'{
"min_length": 0,
"max_length": 255
}',NULL,NULL,'[最大長]255バイト','[Maximum length] 255 byte',NULL,'0',_____DATE_____,1);
INSERT INTO T_COMN_MENU_COLUMN_LINK (COLUMN_DEFINITION_ID,MENU_ID,COLUMN_NAME_JA,COLUMN_NAME_EN,COLUMN_NAME_REST,COL_GROUP_ID,COLUMN_CLASS,COLUMN_DISP_SEQ,REF_TABLE_NAME,REF_PKEY_NAME,REF_COL_NAME,REF_SORT_CONDITIONS,REF_MULTI_LANG,SENSITIVE_COL_NAME,FILE_UPLOAD_PLACE,COL_NAME,SAVE_TYPE,AUTO_INPUT,INPUT_ITEM,VIEW_ITEM,UNIQUE_ITEM,REQUIRED_ITEM,AUTOREG_HIDE_ITEM,AUTOREG_ONLY_ITEM,INITIAL_VALUE,VALIDATE_OPTION,BEFORE_VALIDATE_REGISTER,AFTER_VALIDATE_REGISTER,DESCRIPTION_JA,DESCRIPTION_EN,NOTE,DISUSE_FLAG,LAST_UPDATE_TIMESTAMP,LAST_UPDATE_USER) VALUES('1070403','10704','設定','Setting','setting',NULL,'19',30,NULL,NULL,NULL,NULL,NULL,NULL,NULL,'SETTING',NULL,'0','1','1','0','1','0','0',NULL,NULL,NULL,NULL,NULL,NULL,NULL,'0',_____DATE_____,1);
INSERT INTO T_COMN_MENU_COLUMN_LINK_JNL (JOURNAL_SEQ_NO,JOURNAL_REG_DATETIME,JOURNAL_ACTION_CLASS,COLUMN_DEFINITION_ID,MENU_ID,COLUMN_NAME_JA,COLUMN_NAME_EN,COLUMN_NAME_REST,COL_GROUP_ID,COLUMN_CLASS,COLUMN_DISP_SEQ,REF_TABLE_NAME,REF_PKEY_NAME,REF_COL_NAME,REF_SORT_CONDITIONS,REF_MULTI_LANG,SENSITIVE_COL_NAME,FILE_UPLOAD_PLACE,COL_NAME,SAVE_TYPE,AUTO_INPUT,INPUT_ITEM,VIEW_ITEM,UNIQUE_ITEM,REQUIRED_ITEM,AUTOREG_HIDE_ITEM,AUTOREG_ONLY_ITEM,INITIAL_VALUE,VALIDATE_OPTION,BEFORE_VALIDATE_REGISTER,AFTER_VALIDATE_REGISTER,DESCRIPTION_JA,DESCRIPTION_EN,NOTE,DISUSE_FLAG,LAST_UPDATE_TIMESTAMP,LAST_UPDATE_USER) VALUES(1070403,_____DATE_____,'INSERT','1070403','10704','設定','Setting','setting',NULL,'19',30,NULL,NULL,NULL,NULL,NULL,NULL,NULL,'SETTING',NULL,'0','1','1','0','1','0','0',NULL,NULL,NULL,NULL,NULL,NULL,NULL,'0',_____DATE_____,1);
INSERT INTO T_COMN_MENU_COLUMN_LINK (COLUMN_DEFINITION_ID,MENU_ID,COLUMN_NAME_JA,COLUMN_NAME_EN,COLUMN_NAME_REST,COL_GROUP_ID,COLUMN_CLASS,COLUMN_DISP_SEQ,REF_TABLE_NAME,REF_PKEY_NAME,REF_COL_NAME,REF_SORT_CONDITIONS,REF_MULTI_LANG,SENSITIVE_COL_NAME,FILE_UPLOAD_PLACE,COL_NAME,SAVE_TYPE,AUTO_INPUT,INPUT_ITEM,VIEW_ITEM,UNIQUE_ITEM,REQUIRED_ITEM,AUTOREG_HIDE_ITEM,AUTOREG_ONLY_ITEM,INITIAL_VALUE,VALIDATE_OPTION,BEFORE_VALIDATE_REGISTER,AFTER_VALIDATE_REGISTER,DESCRIPTION_JA,DESCRIPTION_EN,NOTE,DISUSE_FLAG,LAST_UPDATE_TIMESTAMP,LAST_UPDATE_USER) VALUES('1070404','10704','備考','Remarks','remarks',NULL,'12',40,NULL,NULL,NULL,NULL,NULL,NULL,NULL,'NOTE',NULL,'0','1','1','0','0','0','0',NULL,'{
"min_length": 0,
"max_length": 4000
}',NULL,NULL,'自由記述欄。レコードの廃止・復活時にも記載可能。','Comments section. Can comment when removing or restoring records.',NULL,'0',_____DATE_____,1);
INSERT INTO T_COMN_MENU_COLUMN_LINK_JNL (JOURNAL_SEQ_NO,JOURNAL_REG_DATETIME,JOURNAL_ACTION_CLASS,COLUMN_DEFINITION_ID,MENU_ID,COLUMN_NAME_JA,COLUMN_NAME_EN,COLUMN_NAME_REST,COL_GROUP_ID,COLUMN_CLASS,COLUMN_DISP_SEQ,REF_TABLE_NAME,REF_PKEY_NAME,REF_COL_NAME,REF_SORT_CONDITIONS,REF_MULTI_LANG,SENSITIVE_COL_NAME,FILE_UPLOAD_PLACE,COL_NAME,SAVE_TYPE,AUTO_INPUT,INPUT_ITEM,VIEW_ITEM,UNIQUE_ITEM,REQUIRED_ITEM,AUTOREG_HIDE_ITEM,AUTOREG_ONLY_ITEM,INITIAL_VALUE,VALIDATE_OPTION,BEFORE_VALIDATE_REGISTER,AFTER_VALIDATE_REGISTER,DESCRIPTION_JA,DESCRIPTION_EN,NOTE,DISUSE_FLAG,LAST_UPDATE_TIMESTAMP,LAST_UPDATE_USER) VALUES(1070404,_____DATE_____,'INSERT','1070404','10704','備考','Remarks','remarks',NULL,'12',40,NULL,NULL,NULL,NULL,NULL,NULL,NULL,'NOTE',NULL,'0','1','1','0','0','0','0',NULL,'{
"min_length": 0,
"max_length": 4000
}',NULL,NULL,'自由記述欄。レコードの廃止・復活時にも記載可能。','Comments section. Can comment when removing or restoring records.',NULL,'0',_____DATE_____,1);
INSERT INTO T_COMN_MENU_COLUMN_LINK (COLUMN_DEFINITION_ID,MENU_ID,COLUMN_NAME_JA,COLUMN_NAME_EN,COLUMN_NAME_REST,COL_GROUP_ID,COLUMN_CLASS,COLUMN_DISP_SEQ,REF_TABLE_NAME,REF_PKEY_NAME,REF_COL_NAME,REF_SORT_CONDITIONS,REF_MULTI_LANG,SENSITIVE_COL_NAME,FILE_UPLOAD_PLACE,COL_NAME,SAVE_TYPE,AUTO_INPUT,INPUT_ITEM,VIEW_ITEM,UNIQUE_ITEM,REQUIRED_ITEM,AUTOREG_HIDE_ITEM,AUTOREG_ONLY_ITEM,INITIAL_VALUE,VALIDATE_OPTION,BEFORE_VALIDATE_REGISTER,AFTER_VALIDATE_REGISTER,DESCRIPTION_JA,DESCRIPTION_EN,NOTE,DISUSE_FLAG,LAST_UPDATE_TIMESTAMP,LAST_UPDATE_USER) VALUES('1070405','10704','廃止フラグ','Discard','discard',NULL,'1',50,NULL,NULL,NULL,NULL,NULL,NULL,NULL,'DISUSE_FLAG',NULL,'1','0','0','0','1','0','0',NULL,NULL,NULL,NULL,'廃止フラグ。復活以外のオペレーションは不可','Discard flag. Cannot do operation other than restore.',NULL,'0',_____DATE_____,1);
INSERT INTO T_COMN_MENU_COLUMN_LINK_JNL (JOURNAL_SEQ_NO,JOURNAL_REG_DATETIME,JOURNAL_ACTION_CLASS,COLUMN_DEFINITION_ID,MENU_ID,COLUMN_NAME_JA,COLUMN_NAME_EN,COLUMN_NAME_REST,COL_GROUP_ID,COLUMN_CLASS,COLUMN_DISP_SEQ,REF_TABLE_NAME,REF_PKEY_NAME,REF_COL_NAME,REF_SORT_CONDITIONS,REF_MULTI_LANG,SENSITIVE_COL_NAME,FILE_UPLOAD_PLACE,COL_NAME,SAVE_TYPE,AUTO_INPUT,INPUT_ITEM,VIEW_ITEM,UNIQUE_ITEM,REQUIRED_ITEM,AUTOREG_HIDE_ITEM,AUTOREG_ONLY_ITEM,INITIAL_VALUE,VALIDATE_OPTION,BEFORE_VALIDATE_REGISTER,AFTER_VALIDATE_REGISTER,DESCRIPTION_JA,DESCRIPTION_EN,NOTE,DISUSE_FLAG,LAST_UPDATE_TIMESTAMP,LAST_UPDATE_USER) VALUES(1070405,_____DATE_____,'INSERT','1070405','10704','廃止フラグ','Discard','discard',NULL,'1',50,NULL,NULL,NULL,NULL,NULL,NULL,NULL,'DISUSE_FLAG',NULL,'1','0','0','0','1','0','0',NULL,NULL,NULL,NULL,'廃止フラグ。復活以外のオペレーションは不可','Discard flag. Cannot do operation other than restore.',NULL,'0',_____DATE_____,1);
INSERT INTO T_COMN_MENU_COLUMN_LINK (COLUMN_DEFINITION_ID,MENU_ID,COLUMN_NAME_JA,COLUMN_NAME_EN,COLUMN_NAME_REST,COL_GROUP_ID,COLUMN_CLASS,COLUMN_DISP_SEQ,REF_TABLE_NAME,REF_PKEY_NAME,REF_COL_NAME,REF_SORT_CONDITIONS,REF_MULTI_LANG,SENSITIVE_COL_NAME,FILE_UPLOAD_PLACE,COL_NAME,SAVE_TYPE,AUTO_INPUT,INPUT_ITEM,VIEW_ITEM,UNIQUE_ITEM,REQUIRED_ITEM,AUTOREG_HIDE_ITEM,AUTOREG_ONLY_ITEM,INITIAL_VALUE,VALIDATE_OPTION,BEFORE_VALIDATE_REGISTER,AFTER_VALIDATE_REGISTER,DESCRIPTION_JA,DESCRIPTION_EN,NOTE,DISUSE_FLAG,LAST_UPDATE_TIMESTAMP,LAST_UPDATE_USER) VALUES('1070406','10704','最終更新日時','Last update date/time','last_update_date_time',NULL,'13',60,NULL,NULL,NULL,NULL,NULL,NULL,NULL,'LAST_UPDATE_TIMESTAMP',NULL,'1','0','1','0','1','0','0',NULL,NULL,NULL,NULL,'レコードの最終更新日。自動登録のため編集不可。','Last update date of record. Cannot edit because of auto-registration.',NULL,'0',_____DATE_____,1);
INSERT INTO T_COMN_MENU_COLUMN_LINK_JNL (JOURNAL_SEQ_NO,JOURNAL_REG_DATETIME,JOURNAL_ACTION_CLASS,COLUMN_DEFINITION_ID,MENU_ID,COLUMN_NAME_JA,COLUMN_NAME_EN,COLUMN_NAME_REST,COL_GROUP_ID,COLUMN_CLASS,COLUMN_DISP_SEQ,REF_TABLE_NAME,REF_PKEY_NAME,REF_COL_NAME,REF_SORT_CONDITIONS,REF_MULTI_LANG,SENSITIVE_COL_NAME,FILE_UPLOAD_PLACE,COL_NAME,SAVE_TYPE,AUTO_INPUT,INPUT_ITEM,VIEW_ITEM,UNIQUE_ITEM,REQUIRED_ITEM,AUTOREG_HIDE_ITEM,AUTOREG_ONLY_ITEM,INITIAL_VALUE,VALIDATE_OPTION,BEFORE_VALIDATE_REGISTER,AFTER_VALIDATE_REGISTER,DESCRIPTION_JA,DESCRIPTION_EN,NOTE,DISUSE_FLAG,LAST_UPDATE_TIMESTAMP,LAST_UPDATE_USER) VALUES(1070406,_____DATE_____,'INSERT','1070406','10704','最終更新日時','Last update date/time','last_update_date_time',NULL,'13',60,NULL,NULL,NULL,NULL,NULL,NULL,NULL,'LAST_UPDATE_TIMESTAMP',NULL,'1','0','1','0','1','0','0',NULL,NULL,NULL,NULL,'レコードの最終更新日。自動登録のため編集不可。','Last update date of record. Cannot edit because of auto-registration.',NULL,'0',_____DATE_____,1);
INSERT INTO T_COMN_MENU_COLUMN_LINK (COLUMN_DEFINITION_ID,MENU_ID,COLUMN_NAME_JA,COLUMN_NAME_EN,COLUMN_NAME_REST,COL_GROUP_ID,COLUMN_CLASS,COLUMN_DISP_SEQ,REF_TABLE_NAME,REF_PKEY_NAME,REF_COL_NAME,REF_SORT_CONDITIONS,REF_MULTI_LANG,SENSITIVE_COL_NAME,FILE_UPLOAD_PLACE,COL_NAME,SAVE_TYPE,AUTO_INPUT,INPUT_ITEM,VIEW_ITEM,UNIQUE_ITEM,REQUIRED_ITEM,AUTOREG_HIDE_ITEM,AUTOREG_ONLY_ITEM,INITIAL_VALUE,VALIDATE_OPTION,BEFORE_VALIDATE_REGISTER,AFTER_VALIDATE_REGISTER,DESCRIPTION_JA,DESCRIPTION_EN,NOTE,DISUSE_FLAG,LAST_UPDATE_TIMESTAMP,LAST_UPDATE_USER) VALUES('1070407','10704','最終更新者','Last updated by','last_updated_user',NULL,'14',70,NULL,NULL,NULL,NULL,NULL,NULL,NULL,'LAST_UPDATE_USER',NULL,'1','0','1','0','1','0','0',NULL,NULL,NULL,NULL,'更新者。ログインユーザのIDが自動的に登録される。編集不可。','Updated by. Login user ID is automatically registered. Cannot edit.',NULL,'0',_____DATE_____,1);
INSERT INTO T_COMN_MENU_COLUMN_LINK_JNL (JOURNAL_SEQ_NO,JOURNAL_REG_DATETIME,JOURNAL_ACTION_CLASS,COLUMN_DEFINITION_ID,MENU_ID,COLUMN_NAME_JA,COLUMN_NAME_EN,COLUMN_NAME_REST,COL_GROUP_ID,COLUMN_CLASS,COLUMN_DISP_SEQ,REF_TABLE_NAME,REF_PKEY_NAME,REF_COL_NAME,REF_SORT_CONDITIONS,REF_MULTI_LANG,SENSITIVE_COL_NAME,FILE_UPLOAD_PLACE,COL_NAME,SAVE_TYPE,AUTO_INPUT,INPUT_ITEM,VIEW_ITEM,UNIQUE_ITEM,REQUIRED_ITEM,AUTOREG_HIDE_ITEM,AUTOREG_ONLY_ITEM,INITIAL_VALUE,VALIDATE_OPTION,BEFORE_VALIDATE_REGISTER,AFTER_VALIDATE_REGISTER,DESCRIPTION_JA,DESCRIPTION_EN,NOTE,DISUSE_FLAG,LAST_UPDATE_TIMESTAMP,LAST_UPDATE_USER) VALUES(1070407,_____DATE_____,'INSERT','1070407','10704','最終更新者','Last updated by','last_updated_user',NULL,'14',70,NULL,NULL,NULL,NULL,NULL,NULL,NULL,'LAST_UPDATE_USER',NULL,'1','0','1','0','1','0','0',NULL,NULL,NULL,NULL,'更新者。ログインユーザのIDが自動的に登録される。編集不可。','Updated by. Login user ID is automatically registered. Cannot edit.',NULL,'0',_____DATE_____,1);
INSERT INTO T_COMN_MENU_COLUMN_LINK (COLUMN_DEFINITION_ID,MENU_ID,COLUMN_NAME_JA,COLUMN_NAME_EN,COLUMN_NAME_REST,COL_GROUP_ID,COLUMN_CLASS,COLUMN_DISP_SEQ,REF_TABLE_NAME,REF_PKEY_NAME,REF_COL_NAME,REF_SORT_CONDITIONS,REF_MULTI_LANG,SENSITIVE_COL_NAME,FILE_UPLOAD_PLACE,COL_NAME,SAVE_TYPE,AUTO_INPUT,INPUT_ITEM,VIEW_ITEM,UNIQUE_ITEM,REQUIRED_ITEM,AUTOREG_HIDE_ITEM,AUTOREG_ONLY_ITEM,INITIAL_VALUE,VALIDATE_OPTION,BEFORE_VALIDATE_REGISTER,AFTER_VALIDATE_REGISTER,DESCRIPTION_JA,DESCRIPTION_EN,NOTE,DISUSE_FLAG,LAST_UPDATE_TIMESTAMP,LAST_UPDATE_USER) VALUES('1070601','10706','ConductorインスタンスID','Conductor instance ID','conductor_instance_id',NULL,'1',10,NULL,NULL,NULL,NULL,NULL,NULL,NULL,'CONDUCTOR_INSTANCE_ID',NULL,'1','1','1','1','1','0','0',NULL,NULL,NULL,NULL,'自動採番のため編集不可。実行処理種別が【登録】の場合、空白のみ可。','Cannot edit because of auto-numbering. Must be blank when execution process type is [Register].',NULL,'0',_____DATE_____,1);
INSERT INTO T_COMN_MENU_COLUMN_LINK_JNL (JOURNAL_SEQ_NO,JOURNAL_REG_DATETIME,JOURNAL_ACTION_CLASS,COLUMN_DEFINITION_ID,MENU_ID,COLUMN_NAME_JA,COLUMN_NAME_EN,COLUMN_NAME_REST,COL_GROUP_ID,COLUMN_CLASS,COLUMN_DISP_SEQ,REF_TABLE_NAME,REF_PKEY_NAME,REF_COL_NAME,REF_SORT_CONDITIONS,REF_MULTI_LANG,SENSITIVE_COL_NAME,FILE_UPLOAD_PLACE,COL_NAME,SAVE_TYPE,AUTO_INPUT,INPUT_ITEM,VIEW_ITEM,UNIQUE_ITEM,REQUIRED_ITEM,AUTOREG_HIDE_ITEM,AUTOREG_ONLY_ITEM,INITIAL_VALUE,VALIDATE_OPTION,BEFORE_VALIDATE_REGISTER,AFTER_VALIDATE_REGISTER,DESCRIPTION_JA,DESCRIPTION_EN,NOTE,DISUSE_FLAG,LAST_UPDATE_TIMESTAMP,LAST_UPDATE_USER) VALUES(1070601,_____DATE_____,'INSERT','1070601','10706','ConductorインスタンスID','Conductor instance ID','conductor_instance_id',NULL,'1',10,NULL,NULL,NULL,NULL,NULL,NULL,NULL,'CONDUCTOR_INSTANCE_ID',NULL,'1','1','1','1','1','0','0',NULL,NULL,NULL,NULL,'自動採番のため編集不可。実行処理種別が【登録】の場合、空白のみ可。','Cannot edit because of auto-numbering. Must be blank when execution process type is [Register].',NULL,'0',_____DATE_____,1);
INSERT INTO T_COMN_MENU_COLUMN_LINK (COLUMN_DEFINITION_ID,MENU_ID,COLUMN_NAME_JA,COLUMN_NAME_EN,COLUMN_NAME_REST,COL_GROUP_ID,COLUMN_CLASS,COLUMN_DISP_SEQ,REF_TABLE_NAME,REF_PKEY_NAME,REF_COL_NAME,REF_SORT_CONDITIONS,REF_MULTI_LANG,SENSITIVE_COL_NAME,FILE_UPLOAD_PLACE,COL_NAME,SAVE_TYPE,AUTO_INPUT,INPUT_ITEM,VIEW_ITEM,UNIQUE_ITEM,REQUIRED_ITEM,AUTOREG_HIDE_ITEM,AUTOREG_ONLY_ITEM,INITIAL_VALUE,VALIDATE_OPTION,BEFORE_VALIDATE_REGISTER,AFTER_VALIDATE_REGISTER,DESCRIPTION_JA,DESCRIPTION_EN,NOTE,DISUSE_FLAG,LAST_UPDATE_TIMESTAMP,LAST_UPDATE_USER) VALUES('1070602','10706','インスタンス元のクラスID','Instance source class ID','instance_source_class_id',NULL,'1',20,NULL,NULL,NULL,NULL,NULL,NULL,NULL,'I_CONDUCTOR_CLASS_ID',NULL,'0','1','0','0','0','0','0',NULL,'{
"min_length": 0,
"max_length": 40
}',NULL,NULL,'[最大長]40バイト','[Maximum length] 40 byte',NULL,'0',_____DATE_____,1);
INSERT INTO T_COMN_MENU_COLUMN_LINK_JNL (JOURNAL_SEQ_NO,JOURNAL_REG_DATETIME,JOURNAL_ACTION_CLASS,COLUMN_DEFINITION_ID,MENU_ID,COLUMN_NAME_JA,COLUMN_NAME_EN,COLUMN_NAME_REST,COL_GROUP_ID,COLUMN_CLASS,COLUMN_DISP_SEQ,REF_TABLE_NAME,REF_PKEY_NAME,REF_COL_NAME,REF_SORT_CONDITIONS,REF_MULTI_LANG,SENSITIVE_COL_NAME,FILE_UPLOAD_PLACE,COL_NAME,SAVE_TYPE,AUTO_INPUT,INPUT_ITEM,VIEW_ITEM,UNIQUE_ITEM,REQUIRED_ITEM,AUTOREG_HIDE_ITEM,AUTOREG_ONLY_ITEM,INITIAL_VALUE,VALIDATE_OPTION,BEFORE_VALIDATE_REGISTER,AFTER_VALIDATE_REGISTER,DESCRIPTION_JA,DESCRIPTION_EN,NOTE,DISUSE_FLAG,LAST_UPDATE_TIMESTAMP,LAST_UPDATE_USER) VALUES(1070602,_____DATE_____,'INSERT','1070602','10706','インスタンス元のクラスID','Instance source class ID','instance_source_class_id',NULL,'1',20,NULL,NULL,NULL,NULL,NULL,NULL,NULL,'I_CONDUCTOR_CLASS_ID',NULL,'0','1','0','0','0','0','0',NULL,'{
"min_length": 0,
"max_length": 40
}',NULL,NULL,'[最大長]40バイト','[Maximum length] 40 byte',NULL,'0',_____DATE_____,1);
INSERT INTO T_COMN_MENU_COLUMN_LINK (COLUMN_DEFINITION_ID,MENU_ID,COLUMN_NAME_JA,COLUMN_NAME_EN,COLUMN_NAME_REST,COL_GROUP_ID,COLUMN_CLASS,COLUMN_DISP_SEQ,REF_TABLE_NAME,REF_PKEY_NAME,REF_COL_NAME,REF_SORT_CONDITIONS,REF_MULTI_LANG,SENSITIVE_COL_NAME,FILE_UPLOAD_PLACE,COL_NAME,SAVE_TYPE,AUTO_INPUT,INPUT_ITEM,VIEW_ITEM,UNIQUE_ITEM,REQUIRED_ITEM,AUTOREG_HIDE_ITEM,AUTOREG_ONLY_ITEM,INITIAL_VALUE,VALIDATE_OPTION,BEFORE_VALIDATE_REGISTER,AFTER_VALIDATE_REGISTER,DESCRIPTION_JA,DESCRIPTION_EN,NOTE,DISUSE_FLAG,LAST_UPDATE_TIMESTAMP,LAST_UPDATE_USER) VALUES('1070603','10706','インスタンス元のクラス名','Instance source class name','instance_source_class_name',NULL,'1',30,NULL,NULL,NULL,NULL,NULL,NULL,NULL,'I_CONDUCTOR_NAME',NULL,'0','1','1','0','0','0','0',NULL,'{
"min_length": 0,
"max_length": 255
}',NULL,NULL,'[最大長]255バイト','[Maximum length] 255 byte',NULL,'0',_____DATE_____,1);
INSERT INTO T_COMN_MENU_COLUMN_LINK_JNL (JOURNAL_SEQ_NO,JOURNAL_REG_DATETIME,JOURNAL_ACTION_CLASS,COLUMN_DEFINITION_ID,MENU_ID,COLUMN_NAME_JA,COLUMN_NAME_EN,COLUMN_NAME_REST,COL_GROUP_ID,COLUMN_CLASS,COLUMN_DISP_SEQ,REF_TABLE_NAME,REF_PKEY_NAME,REF_COL_NAME,REF_SORT_CONDITIONS,REF_MULTI_LANG,SENSITIVE_COL_NAME,FILE_UPLOAD_PLACE,COL_NAME,SAVE_TYPE,AUTO_INPUT,INPUT_ITEM,VIEW_ITEM,UNIQUE_ITEM,REQUIRED_ITEM,AUTOREG_HIDE_ITEM,AUTOREG_ONLY_ITEM,INITIAL_VALUE,VALIDATE_OPTION,BEFORE_VALIDATE_REGISTER,AFTER_VALIDATE_REGISTER,DESCRIPTION_JA,DESCRIPTION_EN,NOTE,DISUSE_FLAG,LAST_UPDATE_TIMESTAMP,LAST_UPDATE_USER) VALUES(1070603,_____DATE_____,'INSERT','1070603','10706','インスタンス元のクラス名','Instance source class name','instance_source_class_name',NULL,'1',30,NULL,NULL,NULL,NULL,NULL,NULL,NULL,'I_CONDUCTOR_NAME',NULL,'0','1','1','0','0','0','0',NULL,'{
"min_length": 0,
"max_length": 255
}',NULL,NULL,'[最大長]255バイト','[Maximum length] 255 byte',NULL,'0',_____DATE_____,1);
INSERT INTO T_COMN_MENU_COLUMN_LINK (COLUMN_DEFINITION_ID,MENU_ID,COLUMN_NAME_JA,COLUMN_NAME_EN,COLUMN_NAME_REST,COL_GROUP_ID,COLUMN_CLASS,COLUMN_DISP_SEQ,REF_TABLE_NAME,REF_PKEY_NAME,REF_COL_NAME,REF_SORT_CONDITIONS,REF_MULTI_LANG,SENSITIVE_COL_NAME,FILE_UPLOAD_PLACE,COL_NAME,SAVE_TYPE,AUTO_INPUT,INPUT_ITEM,VIEW_ITEM,UNIQUE_ITEM,REQUIRED_ITEM,AUTOREG_HIDE_ITEM,AUTOREG_ONLY_ITEM,INITIAL_VALUE,VALIDATE_OPTION,BEFORE_VALIDATE_REGISTER,AFTER_VALIDATE_REGISTER,DESCRIPTION_JA,DESCRIPTION_EN,NOTE,DISUSE_FLAG,LAST_UPDATE_TIMESTAMP,LAST_UPDATE_USER) VALUES('1070604','10706','インスタンス元の設定','Instance source settings','instance_source_settings',NULL,'19',40,NULL,NULL,NULL,NULL,NULL,NULL,NULL,'I_CLASS_JSON',NULL,'0','1','0','0','0','0','0',NULL,NULL,NULL,NULL,NULL,NULL,NULL,'0',_____DATE_____,1);
INSERT INTO T_COMN_MENU_COLUMN_LINK_JNL (JOURNAL_SEQ_NO,JOURNAL_REG_DATETIME,JOURNAL_ACTION_CLASS,COLUMN_DEFINITION_ID,MENU_ID,COLUMN_NAME_JA,COLUMN_NAME_EN,COLUMN_NAME_REST,COL_GROUP_ID,COLUMN_CLASS,COLUMN_DISP_SEQ,REF_TABLE_NAME,REF_PKEY_NAME,REF_COL_NAME,REF_SORT_CONDITIONS,REF_MULTI_LANG,SENSITIVE_COL_NAME,FILE_UPLOAD_PLACE,COL_NAME,SAVE_TYPE,AUTO_INPUT,INPUT_ITEM,VIEW_ITEM,UNIQUE_ITEM,REQUIRED_ITEM,AUTOREG_HIDE_ITEM,AUTOREG_ONLY_ITEM,INITIAL_VALUE,VALIDATE_OPTION,BEFORE_VALIDATE_REGISTER,AFTER_VALIDATE_REGISTER,DESCRIPTION_JA,DESCRIPTION_EN,NOTE,DISUSE_FLAG,LAST_UPDATE_TIMESTAMP,LAST_UPDATE_USER) VALUES(1070604,_____DATE_____,'INSERT','1070604','10706','インスタンス元の設定','Instance source settings','instance_source_settings',NULL,'19',40,NULL,NULL,NULL,NULL,NULL,NULL,NULL,'I_CLASS_JSON',NULL,'0','1','0','0','0','0','0',NULL,NULL,NULL,NULL,NULL,NULL,NULL,'0',_____DATE_____,1);
INSERT INTO T_COMN_MENU_COLUMN_LINK (COLUMN_DEFINITION_ID,MENU_ID,COLUMN_NAME_JA,COLUMN_NAME_EN,COLUMN_NAME_REST,COL_GROUP_ID,COLUMN_CLASS,COLUMN_DISP_SEQ,REF_TABLE_NAME,REF_PKEY_NAME,REF_COL_NAME,REF_SORT_CONDITIONS,REF_MULTI_LANG,SENSITIVE_COL_NAME,FILE_UPLOAD_PLACE,COL_NAME,SAVE_TYPE,AUTO_INPUT,INPUT_ITEM,VIEW_ITEM,UNIQUE_ITEM,REQUIRED_ITEM,AUTOREG_HIDE_ITEM,AUTOREG_ONLY_ITEM,INITIAL_VALUE,VALIDATE_OPTION,BEFORE_VALIDATE_REGISTER,AFTER_VALIDATE_REGISTER,DESCRIPTION_JA,DESCRIPTION_EN,NOTE,DISUSE_FLAG,LAST_UPDATE_TIMESTAMP,LAST_UPDATE_USER) VALUES('1070605','10706','インスタンス元の備考','Instance source Remarks','instance_source_remarks',NULL,'2',50,NULL,NULL,NULL,NULL,NULL,NULL,NULL,'I_NOTE',NULL,'0','1','0','0','0','0','0',NULL,NULL,NULL,NULL,NULL,NULL,NULL,'0',_____DATE_____,1);
INSERT INTO T_COMN_MENU_COLUMN_LINK_JNL (JOURNAL_SEQ_NO,JOURNAL_REG_DATETIME,JOURNAL_ACTION_CLASS,COLUMN_DEFINITION_ID,MENU_ID,COLUMN_NAME_JA,COLUMN_NAME_EN,COLUMN_NAME_REST,COL_GROUP_ID,COLUMN_CLASS,COLUMN_DISP_SEQ,REF_TABLE_NAME,REF_PKEY_NAME,REF_COL_NAME,REF_SORT_CONDITIONS,REF_MULTI_LANG,SENSITIVE_COL_NAME,FILE_UPLOAD_PLACE,COL_NAME,SAVE_TYPE,AUTO_INPUT,INPUT_ITEM,VIEW_ITEM,UNIQUE_ITEM,REQUIRED_ITEM,AUTOREG_HIDE_ITEM,AUTOREG_ONLY_ITEM,INITIAL_VALUE,VALIDATE_OPTION,BEFORE_VALIDATE_REGISTER,AFTER_VALIDATE_REGISTER,DESCRIPTION_JA,DESCRIPTION_EN,NOTE,DISUSE_FLAG,LAST_UPDATE_TIMESTAMP,LAST_UPDATE_USER) VALUES(1070605,_____DATE_____,'INSERT','1070605','10706','インスタンス元の備考','Instance source Remarks','instance_source_remarks',NULL,'2',50,NULL,NULL,NULL,NULL,NULL,NULL,NULL,'I_NOTE',NULL,'0','1','0','0','0','0','0',NULL,NULL,NULL,NULL,NULL,NULL,NULL,'0',_____DATE_____,1);
INSERT INTO T_COMN_MENU_COLUMN_LINK (COLUMN_DEFINITION_ID,MENU_ID,COLUMN_NAME_JA,COLUMN_NAME_EN,COLUMN_NAME_REST,COL_GROUP_ID,COLUMN_CLASS,COLUMN_DISP_SEQ,REF_TABLE_NAME,REF_PKEY_NAME,REF_COL_NAME,REF_SORT_CONDITIONS,REF_MULTI_LANG,SENSITIVE_COL_NAME,FILE_UPLOAD_PLACE,COL_NAME,SAVE_TYPE,AUTO_INPUT,INPUT_ITEM,VIEW_ITEM,UNIQUE_ITEM,REQUIRED_ITEM,AUTOREG_HIDE_ITEM,AUTOREG_ONLY_ITEM,INITIAL_VALUE,VALIDATE_OPTION,BEFORE_VALIDATE_REGISTER,AFTER_VALIDATE_REGISTER,DESCRIPTION_JA,DESCRIPTION_EN,NOTE,DISUSE_FLAG,LAST_UPDATE_TIMESTAMP,LAST_UPDATE_USER) VALUES('1070606','10706','クラス設定','Class settings','class_settings',NULL,'19',60,NULL,NULL,NULL,NULL,NULL,NULL,NULL,'CLASS_JSON',NULL,'0','1','0','0','0','0','0',NULL,NULL,NULL,NULL,NULL,NULL,NULL,'0',_____DATE_____,1);
INSERT INTO T_COMN_MENU_COLUMN_LINK_JNL (JOURNAL_SEQ_NO,JOURNAL_REG_DATETIME,JOURNAL_ACTION_CLASS,COLUMN_DEFINITION_ID,MENU_ID,COLUMN_NAME_JA,COLUMN_NAME_EN,COLUMN_NAME_REST,COL_GROUP_ID,COLUMN_CLASS,COLUMN_DISP_SEQ,REF_TABLE_NAME,REF_PKEY_NAME,REF_COL_NAME,REF_SORT_CONDITIONS,REF_MULTI_LANG,SENSITIVE_COL_NAME,FILE_UPLOAD_PLACE,COL_NAME,SAVE_TYPE,AUTO_INPUT,INPUT_ITEM,VIEW_ITEM,UNIQUE_ITEM,REQUIRED_ITEM,AUTOREG_HIDE_ITEM,AUTOREG_ONLY_ITEM,INITIAL_VALUE,VALIDATE_OPTION,BEFORE_VALIDATE_REGISTER,AFTER_VALIDATE_REGISTER,DESCRIPTION_JA,DESCRIPTION_EN,NOTE,DISUSE_FLAG,LAST_UPDATE_TIMESTAMP,LAST_UPDATE_USER) VALUES(1070606,_____DATE_____,'INSERT','1070606','10706','クラス設定','Class settings','class_settings',NULL,'19',60,NULL,NULL,NULL,NULL,NULL,NULL,NULL,'CLASS_JSON',NULL,'0','1','0','0','0','0','0',NULL,NULL,NULL,NULL,NULL,NULL,NULL,'0',_____DATE_____,1);
INSERT INTO T_COMN_MENU_COLUMN_LINK (COLUMN_DEFINITION_ID,MENU_ID,COLUMN_NAME_JA,COLUMN_NAME_EN,COLUMN_NAME_REST,COL_GROUP_ID,COLUMN_CLASS,COLUMN_DISP_SEQ,REF_TABLE_NAME,REF_PKEY_NAME,REF_COL_NAME,REF_SORT_CONDITIONS,REF_MULTI_LANG,SENSITIVE_COL_NAME,FILE_UPLOAD_PLACE,COL_NAME,SAVE_TYPE,AUTO_INPUT,INPUT_ITEM,VIEW_ITEM,UNIQUE_ITEM,REQUIRED_ITEM,AUTOREG_HIDE_ITEM,AUTOREG_ONLY_ITEM,INITIAL_VALUE,VALIDATE_OPTION,BEFORE_VALIDATE_REGISTER,AFTER_VALIDATE_REGISTER,DESCRIPTION_JA,DESCRIPTION_EN,NOTE,DISUSE_FLAG,LAST_UPDATE_TIMESTAMP,LAST_UPDATE_USER) VALUES('1070607','10706','オペレーションID','Operation ID','operation_id',NULL,'1',70,NULL,NULL,NULL,NULL,NULL,NULL,NULL,'OPERATION_ID',NULL,'0','1','1','0','0','0','0',NULL,'{
"min_length": 0,
"max_length": 40
}',NULL,NULL,'[最大長]40バイト','[Maximum length] 40 byte',NULL,'0',_____DATE_____,1);
INSERT INTO T_COMN_MENU_COLUMN_LINK_JNL (JOURNAL_SEQ_NO,JOURNAL_REG_DATETIME,JOURNAL_ACTION_CLASS,COLUMN_DEFINITION_ID,MENU_ID,COLUMN_NAME_JA,COLUMN_NAME_EN,COLUMN_NAME_REST,COL_GROUP_ID,COLUMN_CLASS,COLUMN_DISP_SEQ,REF_TABLE_NAME,REF_PKEY_NAME,REF_COL_NAME,REF_SORT_CONDITIONS,REF_MULTI_LANG,SENSITIVE_COL_NAME,FILE_UPLOAD_PLACE,COL_NAME,SAVE_TYPE,AUTO_INPUT,INPUT_ITEM,VIEW_ITEM,UNIQUE_ITEM,REQUIRED_ITEM,AUTOREG_HIDE_ITEM,AUTOREG_ONLY_ITEM,INITIAL_VALUE,VALIDATE_OPTION,BEFORE_VALIDATE_REGISTER,AFTER_VALIDATE_REGISTER,DESCRIPTION_JA,DESCRIPTION_EN,NOTE,DISUSE_FLAG,LAST_UPDATE_TIMESTAMP,LAST_UPDATE_USER) VALUES(1070607,_____DATE_____,'INSERT','1070607','10706','オペレーションID','Operation ID','operation_id',NULL,'1',70,NULL,NULL,NULL,NULL,NULL,NULL,NULL,'OPERATION_ID',NULL,'0','1','1','0','0','0','0',NULL,'{
"min_length": 0,
"max_length": 40
}',NULL,NULL,'[最大長]40バイト','[Maximum length] 40 byte',NULL,'0',_____DATE_____,1);
INSERT INTO T_COMN_MENU_COLUMN_LINK (COLUMN_DEFINITION_ID,MENU_ID,COLUMN_NAME_JA,COLUMN_NAME_EN,COLUMN_NAME_REST,COL_GROUP_ID,COLUMN_CLASS,COLUMN_DISP_SEQ,REF_TABLE_NAME,REF_PKEY_NAME,REF_COL_NAME,REF_SORT_CONDITIONS,REF_MULTI_LANG,SENSITIVE_COL_NAME,FILE_UPLOAD_PLACE,COL_NAME,SAVE_TYPE,AUTO_INPUT,INPUT_ITEM,VIEW_ITEM,UNIQUE_ITEM,REQUIRED_ITEM,AUTOREG_HIDE_ITEM,AUTOREG_ONLY_ITEM,INITIAL_VALUE,VALIDATE_OPTION,BEFORE_VALIDATE_REGISTER,AFTER_VALIDATE_REGISTER,DESCRIPTION_JA,DESCRIPTION_EN,NOTE,DISUSE_FLAG,LAST_UPDATE_TIMESTAMP,LAST_UPDATE_USER) VALUES('1070608','10706','実行時のオペレーション名','Operation name','operation_name',NULL,'1',80,NULL,NULL,NULL,NULL,NULL,NULL,NULL,'I_OPERATION_NAME',NULL,'0','1','1','0','0','0','0',NULL,'{
"min_length": 0,
"max_length": 255
}',NULL,NULL,'[最大長]255バイト','[Maximum length] 255 byte',NULL,'0',_____DATE_____,1);
INSERT INTO T_COMN_MENU_COLUMN_LINK_JNL (JOURNAL_SEQ_NO,JOURNAL_REG_DATETIME,JOURNAL_ACTION_CLASS,COLUMN_DEFINITION_ID,MENU_ID,COLUMN_NAME_JA,COLUMN_NAME_EN,COLUMN_NAME_REST,COL_GROUP_ID,COLUMN_CLASS,COLUMN_DISP_SEQ,REF_TABLE_NAME,REF_PKEY_NAME,REF_COL_NAME,REF_SORT_CONDITIONS,REF_MULTI_LANG,SENSITIVE_COL_NAME,FILE_UPLOAD_PLACE,COL_NAME,SAVE_TYPE,AUTO_INPUT,INPUT_ITEM,VIEW_ITEM,UNIQUE_ITEM,REQUIRED_ITEM,AUTOREG_HIDE_ITEM,AUTOREG_ONLY_ITEM,INITIAL_VALUE,VALIDATE_OPTION,BEFORE_VALIDATE_REGISTER,AFTER_VALIDATE_REGISTER,DESCRIPTION_JA,DESCRIPTION_EN,NOTE,DISUSE_FLAG,LAST_UPDATE_TIMESTAMP,LAST_UPDATE_USER) VALUES(1070608,_____DATE_____,'INSERT','1070608','10706','実行時のオペレーション名','Operation name','operation_name',NULL,'1',80,NULL,NULL,NULL,NULL,NULL,NULL,NULL,'I_OPERATION_NAME',NULL,'0','1','1','0','0','0','0',NULL,'{
"min_length": 0,
"max_length": 255
}',NULL,NULL,'[最大長]255バイト','[Maximum length] 255 byte',NULL,'0',_____DATE_____,1);
INSERT INTO T_COMN_MENU_COLUMN_LINK (COLUMN_DEFINITION_ID,MENU_ID,COLUMN_NAME_JA,COLUMN_NAME_EN,COLUMN_NAME_REST,COL_GROUP_ID,COLUMN_CLASS,COLUMN_DISP_SEQ,REF_TABLE_NAME,REF_PKEY_NAME,REF_COL_NAME,REF_SORT_CONDITIONS,REF_MULTI_LANG,SENSITIVE_COL_NAME,FILE_UPLOAD_PLACE,COL_NAME,SAVE_TYPE,AUTO_INPUT,INPUT_ITEM,VIEW_ITEM,UNIQUE_ITEM,REQUIRED_ITEM,AUTOREG_HIDE_ITEM,AUTOREG_ONLY_ITEM,INITIAL_VALUE,VALIDATE_OPTION,BEFORE_VALIDATE_REGISTER,AFTER_VALIDATE_REGISTER,DESCRIPTION_JA,DESCRIPTION_EN,NOTE,DISUSE_FLAG,LAST_UPDATE_TIMESTAMP,LAST_UPDATE_USER) VALUES('1070609','10706','作業実行ユーザー','Execution user','execution_user',NULL,'1',90,NULL,NULL,NULL,NULL,NULL,NULL,NULL,'EXECUTION_USER',NULL,'0','1','1','0','0','0','0',NULL,'{
"min_length": 0,
"max_length": 255
}',NULL,NULL,'[最大長]255バイト','[Maximum length] 255 byte',NULL,'0',_____DATE_____,1);
INSERT INTO T_COMN_MENU_COLUMN_LINK_JNL (JOURNAL_SEQ_NO,JOURNAL_REG_DATETIME,JOURNAL_ACTION_CLASS,COLUMN_DEFINITION_ID,MENU_ID,COLUMN_NAME_JA,COLUMN_NAME_EN,COLUMN_NAME_REST,COL_GROUP_ID,COLUMN_CLASS,COLUMN_DISP_SEQ,REF_TABLE_NAME,REF_PKEY_NAME,REF_COL_NAME,REF_SORT_CONDITIONS,REF_MULTI_LANG,SENSITIVE_COL_NAME,FILE_UPLOAD_PLACE,COL_NAME,SAVE_TYPE,AUTO_INPUT,INPUT_ITEM,VIEW_ITEM,UNIQUE_ITEM,REQUIRED_ITEM,AUTOREG_HIDE_ITEM,AUTOREG_ONLY_ITEM,INITIAL_VALUE,VALIDATE_OPTION,BEFORE_VALIDATE_REGISTER,AFTER_VALIDATE_REGISTER,DESCRIPTION_JA,DESCRIPTION_EN,NOTE,DISUSE_FLAG,LAST_UPDATE_TIMESTAMP,LAST_UPDATE_USER) VALUES(1070609,_____DATE_____,'INSERT','1070609','10706','作業実行ユーザー','Execution user','execution_user',NULL,'1',90,NULL,NULL,NULL,NULL,NULL,NULL,NULL,'EXECUTION_USER',NULL,'0','1','1','0','0','0','0',NULL,'{
"min_length": 0,
"max_length": 255
}',NULL,NULL,'[最大長]255バイト','[Maximum length] 255 byte',NULL,'0',_____DATE_____,1);
INSERT INTO T_COMN_MENU_COLUMN_LINK (COLUMN_DEFINITION_ID,MENU_ID,COLUMN_NAME_JA,COLUMN_NAME_EN,COLUMN_NAME_REST,COL_GROUP_ID,COLUMN_CLASS,COLUMN_DISP_SEQ,REF_TABLE_NAME,REF_PKEY_NAME,REF_COL_NAME,REF_SORT_CONDITIONS,REF_MULTI_LANG,SENSITIVE_COL_NAME,FILE_UPLOAD_PLACE,COL_NAME,SAVE_TYPE,AUTO_INPUT,INPUT_ITEM,VIEW_ITEM,UNIQUE_ITEM,REQUIRED_ITEM,AUTOREG_HIDE_ITEM,AUTOREG_ONLY_ITEM,INITIAL_VALUE,VALIDATE_OPTION,BEFORE_VALIDATE_REGISTER,AFTER_VALIDATE_REGISTER,DESCRIPTION_JA,DESCRIPTION_EN,NOTE,DISUSE_FLAG,LAST_UPDATE_TIMESTAMP,LAST_UPDATE_USER) VALUES('1070610','10706','親ConductorインスタンスID','Parent Conductor instance ID','parent_conductor_instance_id',NULL,'1',100,NULL,NULL,NULL,NULL,NULL,NULL,NULL,'PARENT_CONDUCTOR_INSTANCE_ID',NULL,'0','1','1','0','0','0','0',NULL,'{
"min_length": 0,
"max_length": 40
}',NULL,NULL,'[最大長]40バイト','[Maximum length] 40 byte',NULL,'0',_____DATE_____,1);
INSERT INTO T_COMN_MENU_COLUMN_LINK_JNL (JOURNAL_SEQ_NO,JOURNAL_REG_DATETIME,JOURNAL_ACTION_CLASS,COLUMN_DEFINITION_ID,MENU_ID,COLUMN_NAME_JA,COLUMN_NAME_EN,COLUMN_NAME_REST,COL_GROUP_ID,COLUMN_CLASS,COLUMN_DISP_SEQ,REF_TABLE_NAME,REF_PKEY_NAME,REF_COL_NAME,REF_SORT_CONDITIONS,REF_MULTI_LANG,SENSITIVE_COL_NAME,FILE_UPLOAD_PLACE,COL_NAME,SAVE_TYPE,AUTO_INPUT,INPUT_ITEM,VIEW_ITEM,UNIQUE_ITEM,REQUIRED_ITEM,AUTOREG_HIDE_ITEM,AUTOREG_ONLY_ITEM,INITIAL_VALUE,VALIDATE_OPTION,BEFORE_VALIDATE_REGISTER,AFTER_VALIDATE_REGISTER,DESCRIPTION_JA,DESCRIPTION_EN,NOTE,DISUSE_FLAG,LAST_UPDATE_TIMESTAMP,LAST_UPDATE_USER) VALUES(1070610,_____DATE_____,'INSERT','1070610','10706','親ConductorインスタンスID','Parent Conductor instance ID','parent_conductor_instance_id',NULL,'1',100,NULL,NULL,NULL,NULL,NULL,NULL,NULL,'PARENT_CONDUCTOR_INSTANCE_ID',NULL,'0','1','1','0','0','0','0',NULL,'{
"min_length": 0,
"max_length": 40
}',NULL,NULL,'[最大長]40バイト','[Maximum length] 40 byte',NULL,'0',_____DATE_____,1);
INSERT INTO T_COMN_MENU_COLUMN_LINK (COLUMN_DEFINITION_ID,MENU_ID,COLUMN_NAME_JA,COLUMN_NAME_EN,COLUMN_NAME_REST,COL_GROUP_ID,COLUMN_CLASS,COLUMN_DISP_SEQ,REF_TABLE_NAME,REF_PKEY_NAME,REF_COL_NAME,REF_SORT_CONDITIONS,REF_MULTI_LANG,SENSITIVE_COL_NAME,FILE_UPLOAD_PLACE,COL_NAME,SAVE_TYPE,AUTO_INPUT,INPUT_ITEM,VIEW_ITEM,UNIQUE_ITEM,REQUIRED_ITEM,AUTOREG_HIDE_ITEM,AUTOREG_ONLY_ITEM,INITIAL_VALUE,VALIDATE_OPTION,BEFORE_VALIDATE_REGISTER,AFTER_VALIDATE_REGISTER,DESCRIPTION_JA,DESCRIPTION_EN,NOTE,DISUSE_FLAG,LAST_UPDATE_TIMESTAMP,LAST_UPDATE_USER) VALUES('1070611','10706','親Conductorインスタンス名','Parent Conductor instance Name','parent_conductor_instance_name',NULL,'1',110,NULL,NULL,NULL,NULL,NULL,NULL,NULL,'PARENT_CONDUCTOR_INSTANCE_NAME',NULL,'0','1','1','0','0','0','0',NULL,'{
"min_length": 0,
"max_length": 255
}',NULL,NULL,'[最大長]255バイト','[Maximum length] 255 byte',NULL,'0',_____DATE_____,1);
INSERT INTO T_COMN_MENU_COLUMN_LINK_JNL (JOURNAL_SEQ_NO,JOURNAL_REG_DATETIME,JOURNAL_ACTION_CLASS,COLUMN_DEFINITION_ID,MENU_ID,COLUMN_NAME_JA,COLUMN_NAME_EN,COLUMN_NAME_REST,COL_GROUP_ID,COLUMN_CLASS,COLUMN_DISP_SEQ,REF_TABLE_NAME,REF_PKEY_NAME,REF_COL_NAME,REF_SORT_CONDITIONS,REF_MULTI_LANG,SENSITIVE_COL_NAME,FILE_UPLOAD_PLACE,COL_NAME,SAVE_TYPE,AUTO_INPUT,INPUT_ITEM,VIEW_ITEM,UNIQUE_ITEM,REQUIRED_ITEM,AUTOREG_HIDE_ITEM,AUTOREG_ONLY_ITEM,INITIAL_VALUE,VALIDATE_OPTION,BEFORE_VALIDATE_REGISTER,AFTER_VALIDATE_REGISTER,DESCRIPTION_JA,DESCRIPTION_EN,NOTE,DISUSE_FLAG,LAST_UPDATE_TIMESTAMP,LAST_UPDATE_USER) VALUES(1070611,_____DATE_____,'INSERT','1070611','10706','親Conductorインスタンス名','Parent Conductor instance Name','parent_conductor_instance_name',NULL,'1',110,NULL,NULL,NULL,NULL,NULL,NULL,NULL,'PARENT_CONDUCTOR_INSTANCE_NAME',NULL,'0','1','1','0','0','0','0',NULL,'{
"min_length": 0,
"max_length": 255
}',NULL,NULL,'[最大長]255バイト','[Maximum length] 255 byte',NULL,'0',_____DATE_____,1);
INSERT INTO T_COMN_MENU_COLUMN_LINK (COLUMN_DEFINITION_ID,MENU_ID,COLUMN_NAME_JA,COLUMN_NAME_EN,COLUMN_NAME_REST,COL_GROUP_ID,COLUMN_CLASS,COLUMN_DISP_SEQ,REF_TABLE_NAME,REF_PKEY_NAME,REF_COL_NAME,REF_SORT_CONDITIONS,REF_MULTI_LANG,SENSITIVE_COL_NAME,FILE_UPLOAD_PLACE,COL_NAME,SAVE_TYPE,AUTO_INPUT,INPUT_ITEM,VIEW_ITEM,UNIQUE_ITEM,REQUIRED_ITEM,AUTOREG_HIDE_ITEM,AUTOREG_ONLY_ITEM,INITIAL_VALUE,VALIDATE_OPTION,BEFORE_VALIDATE_REGISTER,AFTER_VALIDATE_REGISTER,DESCRIPTION_JA,DESCRIPTION_EN,NOTE,DISUSE_FLAG,LAST_UPDATE_TIMESTAMP,LAST_UPDATE_USER) VALUES('1070612','10706','通知設定','Notice info','notice_info',NULL,'19',120,NULL,NULL,NULL,NULL,NULL,NULL,NULL,'NOTICE_INFO',NULL,'0','1','0','0','0','0','0',NULL,NULL,NULL,NULL,NULL,NULL,NULL,'0',_____DATE_____,1);
INSERT INTO T_COMN_MENU_COLUMN_LINK_JNL (JOURNAL_SEQ_NO,JOURNAL_REG_DATETIME,JOURNAL_ACTION_CLASS,COLUMN_DEFINITION_ID,MENU_ID,COLUMN_NAME_JA,COLUMN_NAME_EN,COLUMN_NAME_REST,COL_GROUP_ID,COLUMN_CLASS,COLUMN_DISP_SEQ,REF_TABLE_NAME,REF_PKEY_NAME,REF_COL_NAME,REF_SORT_CONDITIONS,REF_MULTI_LANG,SENSITIVE_COL_NAME,FILE_UPLOAD_PLACE,COL_NAME,SAVE_TYPE,AUTO_INPUT,INPUT_ITEM,VIEW_ITEM,UNIQUE_ITEM,REQUIRED_ITEM,AUTOREG_HIDE_ITEM,AUTOREG_ONLY_ITEM,INITIAL_VALUE,VALIDATE_OPTION,BEFORE_VALIDATE_REGISTER,AFTER_VALIDATE_REGISTER,DESCRIPTION_JA,DESCRIPTION_EN,NOTE,DISUSE_FLAG,LAST_UPDATE_TIMESTAMP,LAST_UPDATE_USER) VALUES(1070612,_____DATE_____,'INSERT','1070612','10706','通知設定','Notice info','notice_info',NULL,'19',120,NULL,NULL,NULL,NULL,NULL,NULL,NULL,'NOTICE_INFO',NULL,'0','1','0','0','0','0','0',NULL,NULL,NULL,NULL,NULL,NULL,NULL,'0',_____DATE_____,1);
INSERT INTO T_COMN_MENU_COLUMN_LINK (COLUMN_DEFINITION_ID,MENU_ID,COLUMN_NAME_JA,COLUMN_NAME_EN,COLUMN_NAME_REST,COL_GROUP_ID,COLUMN_CLASS,COLUMN_DISP_SEQ,REF_TABLE_NAME,REF_PKEY_NAME,REF_COL_NAME,REF_SORT_CONDITIONS,REF_MULTI_LANG,SENSITIVE_COL_NAME,FILE_UPLOAD_PLACE,COL_NAME,SAVE_TYPE,AUTO_INPUT,INPUT_ITEM,VIEW_ITEM,UNIQUE_ITEM,REQUIRED_ITEM,AUTOREG_HIDE_ITEM,AUTOREG_ONLY_ITEM,INITIAL_VALUE,VALIDATE_OPTION,BEFORE_VALIDATE_REGISTER,AFTER_VALIDATE_REGISTER,DESCRIPTION_JA,DESCRIPTION_EN,NOTE,DISUSE_FLAG,LAST_UPDATE_TIMESTAMP,LAST_UPDATE_USER) VALUES('1070613','10706','通知定義','Notice definition','notice_definition',NULL,'19',130,NULL,NULL,NULL,NULL,NULL,NULL,NULL,'NOTICE_DEFINITION',NULL,'0','1','0','0','0','0','0',NULL,NULL,NULL,NULL,NULL,NULL,NULL,'0',_____DATE_____,1);
INSERT INTO T_COMN_MENU_COLUMN_LINK_JNL (JOURNAL_SEQ_NO,JOURNAL_REG_DATETIME,JOURNAL_ACTION_CLASS,COLUMN_DEFINITION_ID,MENU_ID,COLUMN_NAME_JA,COLUMN_NAME_EN,COLUMN_NAME_REST,COL_GROUP_ID,COLUMN_CLASS,COLUMN_DISP_SEQ,REF_TABLE_NAME,REF_PKEY_NAME,REF_COL_NAME,REF_SORT_CONDITIONS,REF_MULTI_LANG,SENSITIVE_COL_NAME,FILE_UPLOAD_PLACE,COL_NAME,SAVE_TYPE,AUTO_INPUT,INPUT_ITEM,VIEW_ITEM,UNIQUE_ITEM,REQUIRED_ITEM,AUTOREG_HIDE_ITEM,AUTOREG_ONLY_ITEM,INITIAL_VALUE,VALIDATE_OPTION,BEFORE_VALIDATE_REGISTER,AFTER_VALIDATE_REGISTER,DESCRIPTION_JA,DESCRIPTION_EN,NOTE,DISUSE_FLAG,LAST_UPDATE_TIMESTAMP,LAST_UPDATE_USER) VALUES(1070613,_____DATE_____,'INSERT','1070613','10706','通知定義','Notice definition','notice_definition',NULL,'19',130,NULL,NULL,NULL,NULL,NULL,NULL,NULL,'NOTICE_DEFINITION',NULL,'0','1','0','0','0','0','0',NULL,NULL,NULL,NULL,NULL,NULL,NULL,'0',_____DATE_____,1);
INSERT INTO T_COMN_MENU_COLUMN_LINK (COLUMN_DEFINITION_ID,MENU_ID,COLUMN_NAME_JA,COLUMN_NAME_EN,COLUMN_NAME_REST,COL_GROUP_ID,COLUMN_CLASS,COLUMN_DISP_SEQ,REF_TABLE_NAME,REF_PKEY_NAME,REF_COL_NAME,REF_SORT_CONDITIONS,REF_MULTI_LANG,SENSITIVE_COL_NAME,FILE_UPLOAD_PLACE,COL_NAME,SAVE_TYPE,AUTO_INPUT,INPUT_ITEM,VIEW_ITEM,UNIQUE_ITEM,REQUIRED_ITEM,AUTOREG_HIDE_ITEM,AUTOREG_ONLY_ITEM,INITIAL_VALUE,VALIDATE_OPTION,BEFORE_VALIDATE_REGISTER,AFTER_VALIDATE_REGISTER,DESCRIPTION_JA,DESCRIPTION_EN,NOTE,DISUSE_FLAG,LAST_UPDATE_TIMESTAMP,LAST_UPDATE_USER) VALUES('1070614','10706','ステータスID','Status ID','status_id',NULL,'7',140,'T_COMN_CONDUCTOR_STATUS','STATUS_ID','STATUS_NAME',NULL,'1',NULL,NULL,'STATUS_ID',NULL,'0','1','1','0','0','0','0',NULL,NULL,NULL,NULL,'ステータスには以下の状態が存在します。
・未実行
・未実行(予約)
・実行中
・実行中(遅延)
・一時停止
・正常終了
・異常終了
・警告終了
・緊急停止
・予約取消
・想定外エラー','The following status states exist. 
・Unexecuted
・Unexecuted (schedule)
・Executing
・Executing (delay)
・Pause
・Normal end
・Abend
・Warning end
・Emergency stop
・Schedule cancellation
・Unexpected error',NULL,'0',_____DATE_____,1);
INSERT INTO T_COMN_MENU_COLUMN_LINK_JNL (JOURNAL_SEQ_NO,JOURNAL_REG_DATETIME,JOURNAL_ACTION_CLASS,COLUMN_DEFINITION_ID,MENU_ID,COLUMN_NAME_JA,COLUMN_NAME_EN,COLUMN_NAME_REST,COL_GROUP_ID,COLUMN_CLASS,COLUMN_DISP_SEQ,REF_TABLE_NAME,REF_PKEY_NAME,REF_COL_NAME,REF_SORT_CONDITIONS,REF_MULTI_LANG,SENSITIVE_COL_NAME,FILE_UPLOAD_PLACE,COL_NAME,SAVE_TYPE,AUTO_INPUT,INPUT_ITEM,VIEW_ITEM,UNIQUE_ITEM,REQUIRED_ITEM,AUTOREG_HIDE_ITEM,AUTOREG_ONLY_ITEM,INITIAL_VALUE,VALIDATE_OPTION,BEFORE_VALIDATE_REGISTER,AFTER_VALIDATE_REGISTER,DESCRIPTION_JA,DESCRIPTION_EN,NOTE,DISUSE_FLAG,LAST_UPDATE_TIMESTAMP,LAST_UPDATE_USER) VALUES(1070614,_____DATE_____,'INSERT','1070614','10706','ステータスID','Status ID','status_id',NULL,'7',140,'T_COMN_CONDUCTOR_STATUS','STATUS_ID','STATUS_NAME',NULL,'1',NULL,NULL,'STATUS_ID',NULL,'0','1','1','0','0','0','0',NULL,NULL,NULL,NULL,'ステータスには以下の状態が存在します。
・未実行
・未実行(予約)
・実行中
・実行中(遅延)
・一時停止
・正常終了
・異常終了
・警告終了
・緊急停止
・予約取消
・想定外エラー','The following status states exist. 
・Unexecuted
・Unexecuted (schedule)
・Executing
・Executing (delay)
・Pause
・Normal end
・Abend
・Warning end
・Emergency stop
・Schedule cancellation
・Unexpected error',NULL,'0',_____DATE_____,1);
INSERT INTO T_COMN_MENU_COLUMN_LINK (COLUMN_DEFINITION_ID,MENU_ID,COLUMN_NAME_JA,COLUMN_NAME_EN,COLUMN_NAME_REST,COL_GROUP_ID,COLUMN_CLASS,COLUMN_DISP_SEQ,REF_TABLE_NAME,REF_PKEY_NAME,REF_COL_NAME,REF_SORT_CONDITIONS,REF_MULTI_LANG,SENSITIVE_COL_NAME,FILE_UPLOAD_PLACE,COL_NAME,SAVE_TYPE,AUTO_INPUT,INPUT_ITEM,VIEW_ITEM,UNIQUE_ITEM,REQUIRED_ITEM,AUTOREG_HIDE_ITEM,AUTOREG_ONLY_ITEM,INITIAL_VALUE,VALIDATE_OPTION,BEFORE_VALIDATE_REGISTER,AFTER_VALIDATE_REGISTER,DESCRIPTION_JA,DESCRIPTION_EN,NOTE,DISUSE_FLAG,LAST_UPDATE_TIMESTAMP,LAST_UPDATE_USER) VALUES('1070615','10706','緊急停止フラグ','Abort execute flag','abort_execute_flag',NULL,'1',150,NULL,NULL,NULL,NULL,NULL,NULL,NULL,'ABORT_EXECUTE_FLAG',NULL,'0','1','1','0','0','0','0',NULL,NULL,NULL,NULL,NULL,NULL,NULL,'0',_____DATE_____,1);
INSERT INTO T_COMN_MENU_COLUMN_LINK_JNL (JOURNAL_SEQ_NO,JOURNAL_REG_DATETIME,JOURNAL_ACTION_CLASS,COLUMN_DEFINITION_ID,MENU_ID,COLUMN_NAME_JA,COLUMN_NAME_EN,COLUMN_NAME_REST,COL_GROUP_ID,COLUMN_CLASS,COLUMN_DISP_SEQ,REF_TABLE_NAME,REF_PKEY_NAME,REF_COL_NAME,REF_SORT_CONDITIONS,REF_MULTI_LANG,SENSITIVE_COL_NAME,FILE_UPLOAD_PLACE,COL_NAME,SAVE_TYPE,AUTO_INPUT,INPUT_ITEM,VIEW_ITEM,UNIQUE_ITEM,REQUIRED_ITEM,AUTOREG_HIDE_ITEM,AUTOREG_ONLY_ITEM,INITIAL_VALUE,VALIDATE_OPTION,BEFORE_VALIDATE_REGISTER,AFTER_VALIDATE_REGISTER,DESCRIPTION_JA,DESCRIPTION_EN,NOTE,DISUSE_FLAG,LAST_UPDATE_TIMESTAMP,LAST_UPDATE_USER) VALUES(1070615,_____DATE_____,'INSERT','1070615','10706','緊急停止フラグ','Abort execute flag','abort_execute_flag',NULL,'1',150,NULL,NULL,NULL,NULL,NULL,NULL,NULL,'ABORT_EXECUTE_FLAG',NULL,'0','1','1','0','0','0','0',NULL,NULL,NULL,NULL,NULL,NULL,NULL,'0',_____DATE_____,1);
INSERT INTO T_COMN_MENU_COLUMN_LINK (COLUMN_DEFINITION_ID,MENU_ID,COLUMN_NAME_JA,COLUMN_NAME_EN,COLUMN_NAME_REST,COL_GROUP_ID,COLUMN_CLASS,COLUMN_DISP_SEQ,REF_TABLE_NAME,REF_PKEY_NAME,REF_COL_NAME,REF_SORT_CONDITIONS,REF_MULTI_LANG,SENSITIVE_COL_NAME,FILE_UPLOAD_PLACE,COL_NAME,SAVE_TYPE,AUTO_INPUT,INPUT_ITEM,VIEW_ITEM,UNIQUE_ITEM,REQUIRED_ITEM,AUTOREG_HIDE_ITEM,AUTOREG_ONLY_ITEM,INITIAL_VALUE,VALIDATE_OPTION,BEFORE_VALIDATE_REGISTER,AFTER_VALIDATE_REGISTER,DESCRIPTION_JA,DESCRIPTION_EN,NOTE,DISUSE_FLAG,LAST_UPDATE_TIMESTAMP,LAST_UPDATE_USER) VALUES('1070616','10706','予約日時','Time book','time_book',NULL,'5',160,NULL,NULL,NULL,NULL,NULL,NULL,NULL,'TIME_BOOK',NULL,'0','1','1','0','0','0','0',NULL,NULL,NULL,NULL,NULL,NULL,NULL,'0',_____DATE_____,1);
INSERT INTO T_COMN_MENU_COLUMN_LINK_JNL (JOURNAL_SEQ_NO,JOURNAL_REG_DATETIME,JOURNAL_ACTION_CLASS,COLUMN_DEFINITION_ID,MENU_ID,COLUMN_NAME_JA,COLUMN_NAME_EN,COLUMN_NAME_REST,COL_GROUP_ID,COLUMN_CLASS,COLUMN_DISP_SEQ,REF_TABLE_NAME,REF_PKEY_NAME,REF_COL_NAME,REF_SORT_CONDITIONS,REF_MULTI_LANG,SENSITIVE_COL_NAME,FILE_UPLOAD_PLACE,COL_NAME,SAVE_TYPE,AUTO_INPUT,INPUT_ITEM,VIEW_ITEM,UNIQUE_ITEM,REQUIRED_ITEM,AUTOREG_HIDE_ITEM,AUTOREG_ONLY_ITEM,INITIAL_VALUE,VALIDATE_OPTION,BEFORE_VALIDATE_REGISTER,AFTER_VALIDATE_REGISTER,DESCRIPTION_JA,DESCRIPTION_EN,NOTE,DISUSE_FLAG,LAST_UPDATE_TIMESTAMP,LAST_UPDATE_USER) VALUES(1070616,_____DATE_____,'INSERT','1070616','10706','予約日時','Time book','time_book',NULL,'5',160,NULL,NULL,NULL,NULL,NULL,NULL,NULL,'TIME_BOOK',NULL,'0','1','1','0','0','0','0',NULL,NULL,NULL,NULL,NULL,NULL,NULL,'0',_____DATE_____,1);
INSERT INTO T_COMN_MENU_COLUMN_LINK (COLUMN_DEFINITION_ID,MENU_ID,COLUMN_NAME_JA,COLUMN_NAME_EN,COLUMN_NAME_REST,COL_GROUP_ID,COLUMN_CLASS,COLUMN_DISP_SEQ,REF_TABLE_NAME,REF_PKEY_NAME,REF_COL_NAME,REF_SORT_CONDITIONS,REF_MULTI_LANG,SENSITIVE_COL_NAME,FILE_UPLOAD_PLACE,COL_NAME,SAVE_TYPE,AUTO_INPUT,INPUT_ITEM,VIEW_ITEM,UNIQUE_ITEM,REQUIRED_ITEM,AUTOREG_HIDE_ITEM,AUTOREG_ONLY_ITEM,INITIAL_VALUE,VALIDATE_OPTION,BEFORE_VALIDATE_REGISTER,AFTER_VALIDATE_REGISTER,DESCRIPTION_JA,DESCRIPTION_EN,NOTE,DISUSE_FLAG,LAST_UPDATE_TIMESTAMP,LAST_UPDATE_USER) VALUES('1070617','10706','開始日時','Time start','time_start',NULL,'5',170,NULL,NULL,NULL,NULL,NULL,NULL,NULL,'TIME_START',NULL,'0','1','1','0','0','0','0',NULL,NULL,NULL,NULL,NULL,NULL,NULL,'0',_____DATE_____,1);
INSERT INTO T_COMN_MENU_COLUMN_LINK_JNL (JOURNAL_SEQ_NO,JOURNAL_REG_DATETIME,JOURNAL_ACTION_CLASS,COLUMN_DEFINITION_ID,MENU_ID,COLUMN_NAME_JA,COLUMN_NAME_EN,COLUMN_NAME_REST,COL_GROUP_ID,COLUMN_CLASS,COLUMN_DISP_SEQ,REF_TABLE_NAME,REF_PKEY_NAME,REF_COL_NAME,REF_SORT_CONDITIONS,REF_MULTI_LANG,SENSITIVE_COL_NAME,FILE_UPLOAD_PLACE,COL_NAME,SAVE_TYPE,AUTO_INPUT,INPUT_ITEM,VIEW_ITEM,UNIQUE_ITEM,REQUIRED_ITEM,AUTOREG_HIDE_ITEM,AUTOREG_ONLY_ITEM,INITIAL_VALUE,VALIDATE_OPTION,BEFORE_VALIDATE_REGISTER,AFTER_VALIDATE_REGISTER,DESCRIPTION_JA,DESCRIPTION_EN,NOTE,DISUSE_FLAG,LAST_UPDATE_TIMESTAMP,LAST_UPDATE_USER) VALUES(1070617,_____DATE_____,'INSERT','1070617','10706','開始日時','Time start','time_start',NULL,'5',170,NULL,NULL,NULL,NULL,NULL,NULL,NULL,'TIME_START',NULL,'0','1','1','0','0','0','0',NULL,NULL,NULL,NULL,NULL,NULL,NULL,'0',_____DATE_____,1);
INSERT INTO T_COMN_MENU_COLUMN_LINK (COLUMN_DEFINITION_ID,MENU_ID,COLUMN_NAME_JA,COLUMN_NAME_EN,COLUMN_NAME_REST,COL_GROUP_ID,COLUMN_CLASS,COLUMN_DISP_SEQ,REF_TABLE_NAME,REF_PKEY_NAME,REF_COL_NAME,REF_SORT_CONDITIONS,REF_MULTI_LANG,SENSITIVE_COL_NAME,FILE_UPLOAD_PLACE,COL_NAME,SAVE_TYPE,AUTO_INPUT,INPUT_ITEM,VIEW_ITEM,UNIQUE_ITEM,REQUIRED_ITEM,AUTOREG_HIDE_ITEM,AUTOREG_ONLY_ITEM,INITIAL_VALUE,VALIDATE_OPTION,BEFORE_VALIDATE_REGISTER,AFTER_VALIDATE_REGISTER,DESCRIPTION_JA,DESCRIPTION_EN,NOTE,DISUSE_FLAG,LAST_UPDATE_TIMESTAMP,LAST_UPDATE_USER) VALUES('1070618','10706','終了日時','Time end','time_end',NULL,'5',180,NULL,NULL,NULL,NULL,NULL,NULL,NULL,'TIME_END',NULL,'0','1','1','0','0','0','0',NULL,NULL,NULL,NULL,NULL,NULL,NULL,'0',_____DATE_____,1);
INSERT INTO T_COMN_MENU_COLUMN_LINK_JNL (JOURNAL_SEQ_NO,JOURNAL_REG_DATETIME,JOURNAL_ACTION_CLASS,COLUMN_DEFINITION_ID,MENU_ID,COLUMN_NAME_JA,COLUMN_NAME_EN,COLUMN_NAME_REST,COL_GROUP_ID,COLUMN_CLASS,COLUMN_DISP_SEQ,REF_TABLE_NAME,REF_PKEY_NAME,REF_COL_NAME,REF_SORT_CONDITIONS,REF_MULTI_LANG,SENSITIVE_COL_NAME,FILE_UPLOAD_PLACE,COL_NAME,SAVE_TYPE,AUTO_INPUT,INPUT_ITEM,VIEW_ITEM,UNIQUE_ITEM,REQUIRED_ITEM,AUTOREG_HIDE_ITEM,AUTOREG_ONLY_ITEM,INITIAL_VALUE,VALIDATE_OPTION,BEFORE_VALIDATE_REGISTER,AFTER_VALIDATE_REGISTER,DESCRIPTION_JA,DESCRIPTION_EN,NOTE,DISUSE_FLAG,LAST_UPDATE_TIMESTAMP,LAST_UPDATE_USER) VALUES(1070618,_____DATE_____,'INSERT','1070618','10706','終了日時','Time end','time_end',NULL,'5',180,NULL,NULL,NULL,NULL,NULL,NULL,NULL,'TIME_END',NULL,'0','1','1','0','0','0','0',NULL,NULL,NULL,NULL,NULL,NULL,NULL,'0',_____DATE_____,1);
INSERT INTO T_COMN_MENU_COLUMN_LINK (COLUMN_DEFINITION_ID,MENU_ID,COLUMN_NAME_JA,COLUMN_NAME_EN,COLUMN_NAME_REST,COL_GROUP_ID,COLUMN_CLASS,COLUMN_DISP_SEQ,REF_TABLE_NAME,REF_PKEY_NAME,REF_COL_NAME,REF_SORT_CONDITIONS,REF_MULTI_LANG,SENSITIVE_COL_NAME,FILE_UPLOAD_PLACE,COL_NAME,SAVE_TYPE,AUTO_INPUT,INPUT_ITEM,VIEW_ITEM,UNIQUE_ITEM,REQUIRED_ITEM,AUTOREG_HIDE_ITEM,AUTOREG_ONLY_ITEM,INITIAL_VALUE,VALIDATE_OPTION,BEFORE_VALIDATE_REGISTER,AFTER_VALIDATE_REGISTER,DESCRIPTION_JA,DESCRIPTION_EN,NOTE,DISUSE_FLAG,LAST_UPDATE_TIMESTAMP,LAST_UPDATE_USER) VALUES('1070619','10706','実行ログ','Execution log','execution_log',NULL,'19',190,NULL,NULL,NULL,NULL,NULL,NULL,NULL,'EXEC_LOG',NULL,'0','1','1','0','0','0','0',NULL,NULL,NULL,NULL,NULL,NULL,NULL,'0',_____DATE_____,1);
INSERT INTO T_COMN_MENU_COLUMN_LINK_JNL (JOURNAL_SEQ_NO,JOURNAL_REG_DATETIME,JOURNAL_ACTION_CLASS,COLUMN_DEFINITION_ID,MENU_ID,COLUMN_NAME_JA,COLUMN_NAME_EN,COLUMN_NAME_REST,COL_GROUP_ID,COLUMN_CLASS,COLUMN_DISP_SEQ,REF_TABLE_NAME,REF_PKEY_NAME,REF_COL_NAME,REF_SORT_CONDITIONS,REF_MULTI_LANG,SENSITIVE_COL_NAME,FILE_UPLOAD_PLACE,COL_NAME,SAVE_TYPE,AUTO_INPUT,INPUT_ITEM,VIEW_ITEM,UNIQUE_ITEM,REQUIRED_ITEM,AUTOREG_HIDE_ITEM,AUTOREG_ONLY_ITEM,INITIAL_VALUE,VALIDATE_OPTION,BEFORE_VALIDATE_REGISTER,AFTER_VALIDATE_REGISTER,DESCRIPTION_JA,DESCRIPTION_EN,NOTE,DISUSE_FLAG,LAST_UPDATE_TIMESTAMP,LAST_UPDATE_USER) VALUES(1070619,_____DATE_____,'INSERT','1070619','10706','実行ログ','Execution log','execution_log',NULL,'19',190,NULL,NULL,NULL,NULL,NULL,NULL,NULL,'EXEC_LOG',NULL,'0','1','1','0','0','0','0',NULL,NULL,NULL,NULL,NULL,NULL,NULL,'0',_____DATE_____,1);
INSERT INTO T_COMN_MENU_COLUMN_LINK (COLUMN_DEFINITION_ID,MENU_ID,COLUMN_NAME_JA,COLUMN_NAME_EN,COLUMN_NAME_REST,COL_GROUP_ID,COLUMN_CLASS,COLUMN_DISP_SEQ,REF_TABLE_NAME,REF_PKEY_NAME,REF_COL_NAME,REF_SORT_CONDITIONS,REF_MULTI_LANG,SENSITIVE_COL_NAME,FILE_UPLOAD_PLACE,COL_NAME,SAVE_TYPE,AUTO_INPUT,INPUT_ITEM,VIEW_ITEM,UNIQUE_ITEM,REQUIRED_ITEM,AUTOREG_HIDE_ITEM,AUTOREG_ONLY_ITEM,INITIAL_VALUE,VALIDATE_OPTION,BEFORE_VALIDATE_REGISTER,AFTER_VALIDATE_REGISTER,DESCRIPTION_JA,DESCRIPTION_EN,NOTE,DISUSE_FLAG,LAST_UPDATE_TIMESTAMP,LAST_UPDATE_USER) VALUES('1070620','10706','通知ログ','Notification log','notification_log',NULL,'9',200,NULL,NULL,NULL,NULL,NULL,NULL,NULL,'NOTICE_LOG',NULL,'0','1','1','0','0','0','0',NULL,NULL,NULL,NULL,NULL,NULL,NULL,'0',_____DATE_____,1);
INSERT INTO T_COMN_MENU_COLUMN_LINK_JNL (JOURNAL_SEQ_NO,JOURNAL_REG_DATETIME,JOURNAL_ACTION_CLASS,COLUMN_DEFINITION_ID,MENU_ID,COLUMN_NAME_JA,COLUMN_NAME_EN,COLUMN_NAME_REST,COL_GROUP_ID,COLUMN_CLASS,COLUMN_DISP_SEQ,REF_TABLE_NAME,REF_PKEY_NAME,REF_COL_NAME,REF_SORT_CONDITIONS,REF_MULTI_LANG,SENSITIVE_COL_NAME,FILE_UPLOAD_PLACE,COL_NAME,SAVE_TYPE,AUTO_INPUT,INPUT_ITEM,VIEW_ITEM,UNIQUE_ITEM,REQUIRED_ITEM,AUTOREG_HIDE_ITEM,AUTOREG_ONLY_ITEM,INITIAL_VALUE,VALIDATE_OPTION,BEFORE_VALIDATE_REGISTER,AFTER_VALIDATE_REGISTER,DESCRIPTION_JA,DESCRIPTION_EN,NOTE,DISUSE_FLAG,LAST_UPDATE_TIMESTAMP,LAST_UPDATE_USER) VALUES(1070620,_____DATE_____,'INSERT','1070620','10706','通知ログ','Notification log','notification_log',NULL,'9',200,NULL,NULL,NULL,NULL,NULL,NULL,NULL,'NOTICE_LOG',NULL,'0','1','1','0','0','0','0',NULL,NULL,NULL,NULL,NULL,NULL,NULL,'0',_____DATE_____,1);
INSERT INTO T_COMN_MENU_COLUMN_LINK (COLUMN_DEFINITION_ID,MENU_ID,COLUMN_NAME_JA,COLUMN_NAME_EN,COLUMN_NAME_REST,COL_GROUP_ID,COLUMN_CLASS,COLUMN_DISP_SEQ,REF_TABLE_NAME,REF_PKEY_NAME,REF_COL_NAME,REF_SORT_CONDITIONS,REF_MULTI_LANG,SENSITIVE_COL_NAME,FILE_UPLOAD_PLACE,COL_NAME,SAVE_TYPE,AUTO_INPUT,INPUT_ITEM,VIEW_ITEM,UNIQUE_ITEM,REQUIRED_ITEM,AUTOREG_HIDE_ITEM,AUTOREG_ONLY_ITEM,INITIAL_VALUE,VALIDATE_OPTION,BEFORE_VALIDATE_REGISTER,AFTER_VALIDATE_REGISTER,DESCRIPTION_JA,DESCRIPTION_EN,NOTE,DISUSE_FLAG,LAST_UPDATE_TIMESTAMP,LAST_UPDATE_USER) VALUES('1070621','10706','備考','Remarks','remarks',NULL,'12',210,NULL,NULL,NULL,NULL,NULL,NULL,NULL,'NOTE',NULL,'0','1','1','0','0','0','0',NULL,'{
"min_length": 0,
"max_length": 4000
}',NULL,NULL,'自由記述欄。レコードの廃止・復活時にも記載可能。','Comments section. Can comment when removing or restoring records.',NULL,'0',_____DATE_____,1);
INSERT INTO T_COMN_MENU_COLUMN_LINK_JNL (JOURNAL_SEQ_NO,JOURNAL_REG_DATETIME,JOURNAL_ACTION_CLASS,COLUMN_DEFINITION_ID,MENU_ID,COLUMN_NAME_JA,COLUMN_NAME_EN,COLUMN_NAME_REST,COL_GROUP_ID,COLUMN_CLASS,COLUMN_DISP_SEQ,REF_TABLE_NAME,REF_PKEY_NAME,REF_COL_NAME,REF_SORT_CONDITIONS,REF_MULTI_LANG,SENSITIVE_COL_NAME,FILE_UPLOAD_PLACE,COL_NAME,SAVE_TYPE,AUTO_INPUT,INPUT_ITEM,VIEW_ITEM,UNIQUE_ITEM,REQUIRED_ITEM,AUTOREG_HIDE_ITEM,AUTOREG_ONLY_ITEM,INITIAL_VALUE,VALIDATE_OPTION,BEFORE_VALIDATE_REGISTER,AFTER_VALIDATE_REGISTER,DESCRIPTION_JA,DESCRIPTION_EN,NOTE,DISUSE_FLAG,LAST_UPDATE_TIMESTAMP,LAST_UPDATE_USER) VALUES(1070621,_____DATE_____,'INSERT','1070621','10706','備考','Remarks','remarks',NULL,'12',210,NULL,NULL,NULL,NULL,NULL,NULL,NULL,'NOTE',NULL,'0','1','1','0','0','0','0',NULL,'{
"min_length": 0,
"max_length": 4000
}',NULL,NULL,'自由記述欄。レコードの廃止・復活時にも記載可能。','Comments section. Can comment when removing or restoring records.',NULL,'0',_____DATE_____,1);
INSERT INTO T_COMN_MENU_COLUMN_LINK (COLUMN_DEFINITION_ID,MENU_ID,COLUMN_NAME_JA,COLUMN_NAME_EN,COLUMN_NAME_REST,COL_GROUP_ID,COLUMN_CLASS,COLUMN_DISP_SEQ,REF_TABLE_NAME,REF_PKEY_NAME,REF_COL_NAME,REF_SORT_CONDITIONS,REF_MULTI_LANG,SENSITIVE_COL_NAME,FILE_UPLOAD_PLACE,COL_NAME,SAVE_TYPE,AUTO_INPUT,INPUT_ITEM,VIEW_ITEM,UNIQUE_ITEM,REQUIRED_ITEM,AUTOREG_HIDE_ITEM,AUTOREG_ONLY_ITEM,INITIAL_VALUE,VALIDATE_OPTION,BEFORE_VALIDATE_REGISTER,AFTER_VALIDATE_REGISTER,DESCRIPTION_JA,DESCRIPTION_EN,NOTE,DISUSE_FLAG,LAST_UPDATE_TIMESTAMP,LAST_UPDATE_USER) VALUES('1070622','10706','廃止フラグ','Discard','discard',NULL,'1',220,NULL,NULL,NULL,NULL,NULL,NULL,NULL,'DISUSE_FLAG',NULL,'1','0','1','0','1','0','0',NULL,NULL,NULL,NULL,'廃止フラグ。復活以外のオペレーションは不可','Discard flag. Cannot do operation other than restore.',NULL,'0',_____DATE_____,1);
INSERT INTO T_COMN_MENU_COLUMN_LINK_JNL (JOURNAL_SEQ_NO,JOURNAL_REG_DATETIME,JOURNAL_ACTION_CLASS,COLUMN_DEFINITION_ID,MENU_ID,COLUMN_NAME_JA,COLUMN_NAME_EN,COLUMN_NAME_REST,COL_GROUP_ID,COLUMN_CLASS,COLUMN_DISP_SEQ,REF_TABLE_NAME,REF_PKEY_NAME,REF_COL_NAME,REF_SORT_CONDITIONS,REF_MULTI_LANG,SENSITIVE_COL_NAME,FILE_UPLOAD_PLACE,COL_NAME,SAVE_TYPE,AUTO_INPUT,INPUT_ITEM,VIEW_ITEM,UNIQUE_ITEM,REQUIRED_ITEM,AUTOREG_HIDE_ITEM,AUTOREG_ONLY_ITEM,INITIAL_VALUE,VALIDATE_OPTION,BEFORE_VALIDATE_REGISTER,AFTER_VALIDATE_REGISTER,DESCRIPTION_JA,DESCRIPTION_EN,NOTE,DISUSE_FLAG,LAST_UPDATE_TIMESTAMP,LAST_UPDATE_USER) VALUES(1070622,_____DATE_____,'INSERT','1070622','10706','廃止フラグ','Discard','discard',NULL,'1',220,NULL,NULL,NULL,NULL,NULL,NULL,NULL,'DISUSE_FLAG',NULL,'1','0','1','0','1','0','0',NULL,NULL,NULL,NULL,'廃止フラグ。復活以外のオペレーションは不可','Discard flag. Cannot do operation other than restore.',NULL,'0',_____DATE_____,1);
INSERT INTO T_COMN_MENU_COLUMN_LINK (COLUMN_DEFINITION_ID,MENU_ID,COLUMN_NAME_JA,COLUMN_NAME_EN,COLUMN_NAME_REST,COL_GROUP_ID,COLUMN_CLASS,COLUMN_DISP_SEQ,REF_TABLE_NAME,REF_PKEY_NAME,REF_COL_NAME,REF_SORT_CONDITIONS,REF_MULTI_LANG,SENSITIVE_COL_NAME,FILE_UPLOAD_PLACE,COL_NAME,SAVE_TYPE,AUTO_INPUT,INPUT_ITEM,VIEW_ITEM,UNIQUE_ITEM,REQUIRED_ITEM,AUTOREG_HIDE_ITEM,AUTOREG_ONLY_ITEM,INITIAL_VALUE,VALIDATE_OPTION,BEFORE_VALIDATE_REGISTER,AFTER_VALIDATE_REGISTER,DESCRIPTION_JA,DESCRIPTION_EN,NOTE,DISUSE_FLAG,LAST_UPDATE_TIMESTAMP,LAST_UPDATE_USER) VALUES('1070623','10706','最終更新日時','Last update date/time','last_update_date_time',NULL,'13',230,NULL,NULL,NULL,NULL,NULL,NULL,NULL,'LAST_UPDATE_TIMESTAMP',NULL,'1','0','1','0','1','0','0',NULL,NULL,NULL,NULL,'レコードの最終更新日。自動登録のため編集不可。','Last update date of record. Cannot edit because of auto-registration.',NULL,'0',_____DATE_____,1);
INSERT INTO T_COMN_MENU_COLUMN_LINK_JNL (JOURNAL_SEQ_NO,JOURNAL_REG_DATETIME,JOURNAL_ACTION_CLASS,COLUMN_DEFINITION_ID,MENU_ID,COLUMN_NAME_JA,COLUMN_NAME_EN,COLUMN_NAME_REST,COL_GROUP_ID,COLUMN_CLASS,COLUMN_DISP_SEQ,REF_TABLE_NAME,REF_PKEY_NAME,REF_COL_NAME,REF_SORT_CONDITIONS,REF_MULTI_LANG,SENSITIVE_COL_NAME,FILE_UPLOAD_PLACE,COL_NAME,SAVE_TYPE,AUTO_INPUT,INPUT_ITEM,VIEW_ITEM,UNIQUE_ITEM,REQUIRED_ITEM,AUTOREG_HIDE_ITEM,AUTOREG_ONLY_ITEM,INITIAL_VALUE,VALIDATE_OPTION,BEFORE_VALIDATE_REGISTER,AFTER_VALIDATE_REGISTER,DESCRIPTION_JA,DESCRIPTION_EN,NOTE,DISUSE_FLAG,LAST_UPDATE_TIMESTAMP,LAST_UPDATE_USER) VALUES(1070623,_____DATE_____,'INSERT','1070623','10706','最終更新日時','Last update date/time','last_update_date_time',NULL,'13',230,NULL,NULL,NULL,NULL,NULL,NULL,NULL,'LAST_UPDATE_TIMESTAMP',NULL,'1','0','1','0','1','0','0',NULL,NULL,NULL,NULL,'レコードの最終更新日。自動登録のため編集不可。','Last update date of record. Cannot edit because of auto-registration.',NULL,'0',_____DATE_____,1);
INSERT INTO T_COMN_MENU_COLUMN_LINK (COLUMN_DEFINITION_ID,MENU_ID,COLUMN_NAME_JA,COLUMN_NAME_EN,COLUMN_NAME_REST,COL_GROUP_ID,COLUMN_CLASS,COLUMN_DISP_SEQ,REF_TABLE_NAME,REF_PKEY_NAME,REF_COL_NAME,REF_SORT_CONDITIONS,REF_MULTI_LANG,SENSITIVE_COL_NAME,FILE_UPLOAD_PLACE,COL_NAME,SAVE_TYPE,AUTO_INPUT,INPUT_ITEM,VIEW_ITEM,UNIQUE_ITEM,REQUIRED_ITEM,AUTOREG_HIDE_ITEM,AUTOREG_ONLY_ITEM,INITIAL_VALUE,VALIDATE_OPTION,BEFORE_VALIDATE_REGISTER,AFTER_VALIDATE_REGISTER,DESCRIPTION_JA,DESCRIPTION_EN,NOTE,DISUSE_FLAG,LAST_UPDATE_TIMESTAMP,LAST_UPDATE_USER) VALUES('1070624','10706','最終更新者','Last updated by','last_updated_user',NULL,'14',240,NULL,NULL,NULL,NULL,NULL,NULL,NULL,'LAST_UPDATE_USER',NULL,'1','0','1','0','1','0','0',NULL,NULL,NULL,NULL,'更新者。ログインユーザのIDが自動的に登録される。編集不可。','Updated by. Login user ID is automatically registered. Cannot edit.',NULL,'0',_____DATE_____,1);
INSERT INTO T_COMN_MENU_COLUMN_LINK_JNL (JOURNAL_SEQ_NO,JOURNAL_REG_DATETIME,JOURNAL_ACTION_CLASS,COLUMN_DEFINITION_ID,MENU_ID,COLUMN_NAME_JA,COLUMN_NAME_EN,COLUMN_NAME_REST,COL_GROUP_ID,COLUMN_CLASS,COLUMN_DISP_SEQ,REF_TABLE_NAME,REF_PKEY_NAME,REF_COL_NAME,REF_SORT_CONDITIONS,REF_MULTI_LANG,SENSITIVE_COL_NAME,FILE_UPLOAD_PLACE,COL_NAME,SAVE_TYPE,AUTO_INPUT,INPUT_ITEM,VIEW_ITEM,UNIQUE_ITEM,REQUIRED_ITEM,AUTOREG_HIDE_ITEM,AUTOREG_ONLY_ITEM,INITIAL_VALUE,VALIDATE_OPTION,BEFORE_VALIDATE_REGISTER,AFTER_VALIDATE_REGISTER,DESCRIPTION_JA,DESCRIPTION_EN,NOTE,DISUSE_FLAG,LAST_UPDATE_TIMESTAMP,LAST_UPDATE_USER) VALUES(1070624,_____DATE_____,'INSERT','1070624','10706','最終更新者','Last updated by','last_updated_user',NULL,'14',240,NULL,NULL,NULL,NULL,NULL,NULL,NULL,'LAST_UPDATE_USER',NULL,'1','0','1','0','1','0','0',NULL,NULL,NULL,NULL,'更新者。ログインユーザのIDが自動的に登録される。編集不可。','Updated by. Login user ID is automatically registered. Cannot edit.',NULL,'0',_____DATE_____,1);
INSERT INTO T_COMN_MENU_COLUMN_LINK (COLUMN_DEFINITION_ID,MENU_ID,COLUMN_NAME_JA,COLUMN_NAME_EN,COLUMN_NAME_REST,COL_GROUP_ID,COLUMN_CLASS,COLUMN_DISP_SEQ,REF_TABLE_NAME,REF_PKEY_NAME,REF_COL_NAME,REF_SORT_CONDITIONS,REF_MULTI_LANG,SENSITIVE_COL_NAME,FILE_UPLOAD_PLACE,COL_NAME,SAVE_TYPE,AUTO_INPUT,INPUT_ITEM,VIEW_ITEM,UNIQUE_ITEM,REQUIRED_ITEM,AUTOREG_HIDE_ITEM,AUTOREG_ONLY_ITEM,INITIAL_VALUE,VALIDATE_OPTION,BEFORE_VALIDATE_REGISTER,AFTER_VALIDATE_REGISTER,DESCRIPTION_JA,DESCRIPTION_EN,NOTE,DISUSE_FLAG,LAST_UPDATE_TIMESTAMP,LAST_UPDATE_USER) VALUES('1070701','10707','ConductorインスタンスID','Conductor instance ID','conductor_instance_id',NULL,'1',10,NULL,NULL,NULL,NULL,NULL,NULL,NULL,'CONDUCTOR_INSTANCE_ID',NULL,'1','1','1','1','1','0','0',NULL,NULL,NULL,NULL,'自動採番のため編集不可。実行処理種別が【登録】の場合、空白のみ可。','Cannot edit because of auto-numbering. Must be blank when execution process type is [Register].',NULL,'0',_____DATE_____,1);
INSERT INTO T_COMN_MENU_COLUMN_LINK_JNL (JOURNAL_SEQ_NO,JOURNAL_REG_DATETIME,JOURNAL_ACTION_CLASS,COLUMN_DEFINITION_ID,MENU_ID,COLUMN_NAME_JA,COLUMN_NAME_EN,COLUMN_NAME_REST,COL_GROUP_ID,COLUMN_CLASS,COLUMN_DISP_SEQ,REF_TABLE_NAME,REF_PKEY_NAME,REF_COL_NAME,REF_SORT_CONDITIONS,REF_MULTI_LANG,SENSITIVE_COL_NAME,FILE_UPLOAD_PLACE,COL_NAME,SAVE_TYPE,AUTO_INPUT,INPUT_ITEM,VIEW_ITEM,UNIQUE_ITEM,REQUIRED_ITEM,AUTOREG_HIDE_ITEM,AUTOREG_ONLY_ITEM,INITIAL_VALUE,VALIDATE_OPTION,BEFORE_VALIDATE_REGISTER,AFTER_VALIDATE_REGISTER,DESCRIPTION_JA,DESCRIPTION_EN,NOTE,DISUSE_FLAG,LAST_UPDATE_TIMESTAMP,LAST_UPDATE_USER) VALUES(1070701,_____DATE_____,'INSERT','1070701','10707','ConductorインスタンスID','Conductor instance ID','conductor_instance_id',NULL,'1',10,NULL,NULL,NULL,NULL,NULL,NULL,NULL,'CONDUCTOR_INSTANCE_ID',NULL,'1','1','1','1','1','0','0',NULL,NULL,NULL,NULL,'自動採番のため編集不可。実行処理種別が【登録】の場合、空白のみ可。','Cannot edit because of auto-numbering. Must be blank when execution process type is [Register].',NULL,'0',_____DATE_____,1);
INSERT INTO T_COMN_MENU_COLUMN_LINK (COLUMN_DEFINITION_ID,MENU_ID,COLUMN_NAME_JA,COLUMN_NAME_EN,COLUMN_NAME_REST,COL_GROUP_ID,COLUMN_CLASS,COLUMN_DISP_SEQ,REF_TABLE_NAME,REF_PKEY_NAME,REF_COL_NAME,REF_SORT_CONDITIONS,REF_MULTI_LANG,SENSITIVE_COL_NAME,FILE_UPLOAD_PLACE,COL_NAME,SAVE_TYPE,AUTO_INPUT,INPUT_ITEM,VIEW_ITEM,UNIQUE_ITEM,REQUIRED_ITEM,AUTOREG_HIDE_ITEM,AUTOREG_ONLY_ITEM,INITIAL_VALUE,VALIDATE_OPTION,BEFORE_VALIDATE_REGISTER,AFTER_VALIDATE_REGISTER,DESCRIPTION_JA,DESCRIPTION_EN,NOTE,DISUSE_FLAG,LAST_UPDATE_TIMESTAMP,LAST_UPDATE_USER) VALUES('1070702','10707','インスタンス元のクラスID','Instance source class ID','instance_source_class_id',NULL,'1',20,NULL,NULL,NULL,NULL,NULL,NULL,NULL,'I_CONDUCTOR_CLASS_ID',NULL,'0','1','1','0','0','0','0',NULL,'{
"min_length": 0,
"max_length": 40
}',NULL,NULL,'[最大長]40バイト','[Maximum length] 40 byte',NULL,'0',_____DATE_____,1);
INSERT INTO T_COMN_MENU_COLUMN_LINK_JNL (JOURNAL_SEQ_NO,JOURNAL_REG_DATETIME,JOURNAL_ACTION_CLASS,COLUMN_DEFINITION_ID,MENU_ID,COLUMN_NAME_JA,COLUMN_NAME_EN,COLUMN_NAME_REST,COL_GROUP_ID,COLUMN_CLASS,COLUMN_DISP_SEQ,REF_TABLE_NAME,REF_PKEY_NAME,REF_COL_NAME,REF_SORT_CONDITIONS,REF_MULTI_LANG,SENSITIVE_COL_NAME,FILE_UPLOAD_PLACE,COL_NAME,SAVE_TYPE,AUTO_INPUT,INPUT_ITEM,VIEW_ITEM,UNIQUE_ITEM,REQUIRED_ITEM,AUTOREG_HIDE_ITEM,AUTOREG_ONLY_ITEM,INITIAL_VALUE,VALIDATE_OPTION,BEFORE_VALIDATE_REGISTER,AFTER_VALIDATE_REGISTER,DESCRIPTION_JA,DESCRIPTION_EN,NOTE,DISUSE_FLAG,LAST_UPDATE_TIMESTAMP,LAST_UPDATE_USER) VALUES(1070702,_____DATE_____,'INSERT','1070702','10707','インスタンス元のクラスID','Instance source class ID','instance_source_class_id',NULL,'1',20,NULL,NULL,NULL,NULL,NULL,NULL,NULL,'I_CONDUCTOR_CLASS_ID',NULL,'0','1','1','0','0','0','0',NULL,'{
"min_length": 0,
"max_length": 40
}',NULL,NULL,'[最大長]40バイト','[Maximum length] 40 byte',NULL,'0',_____DATE_____,1);
INSERT INTO T_COMN_MENU_COLUMN_LINK (COLUMN_DEFINITION_ID,MENU_ID,COLUMN_NAME_JA,COLUMN_NAME_EN,COLUMN_NAME_REST,COL_GROUP_ID,COLUMN_CLASS,COLUMN_DISP_SEQ,REF_TABLE_NAME,REF_PKEY_NAME,REF_COL_NAME,REF_SORT_CONDITIONS,REF_MULTI_LANG,SENSITIVE_COL_NAME,FILE_UPLOAD_PLACE,COL_NAME,SAVE_TYPE,AUTO_INPUT,INPUT_ITEM,VIEW_ITEM,UNIQUE_ITEM,REQUIRED_ITEM,AUTOREG_HIDE_ITEM,AUTOREG_ONLY_ITEM,INITIAL_VALUE,VALIDATE_OPTION,BEFORE_VALIDATE_REGISTER,AFTER_VALIDATE_REGISTER,DESCRIPTION_JA,DESCRIPTION_EN,NOTE,DISUSE_FLAG,LAST_UPDATE_TIMESTAMP,LAST_UPDATE_USER) VALUES('1070703','10707','インスタンス元のクラス名','Instance source class name','instance_source_class_name',NULL,'1',30,NULL,NULL,NULL,NULL,NULL,NULL,NULL,'I_CONDUCTOR_NAME',NULL,'0','1','1','0','0','0','0',NULL,'{
"min_length": 0,
"max_length": 255
}',NULL,NULL,'[最大長]255バイト','[Maximum length] 255 byte',NULL,'0',_____DATE_____,1);
INSERT INTO T_COMN_MENU_COLUMN_LINK_JNL (JOURNAL_SEQ_NO,JOURNAL_REG_DATETIME,JOURNAL_ACTION_CLASS,COLUMN_DEFINITION_ID,MENU_ID,COLUMN_NAME_JA,COLUMN_NAME_EN,COLUMN_NAME_REST,COL_GROUP_ID,COLUMN_CLASS,COLUMN_DISP_SEQ,REF_TABLE_NAME,REF_PKEY_NAME,REF_COL_NAME,REF_SORT_CONDITIONS,REF_MULTI_LANG,SENSITIVE_COL_NAME,FILE_UPLOAD_PLACE,COL_NAME,SAVE_TYPE,AUTO_INPUT,INPUT_ITEM,VIEW_ITEM,UNIQUE_ITEM,REQUIRED_ITEM,AUTOREG_HIDE_ITEM,AUTOREG_ONLY_ITEM,INITIAL_VALUE,VALIDATE_OPTION,BEFORE_VALIDATE_REGISTER,AFTER_VALIDATE_REGISTER,DESCRIPTION_JA,DESCRIPTION_EN,NOTE,DISUSE_FLAG,LAST_UPDATE_TIMESTAMP,LAST_UPDATE_USER) VALUES(1070703,_____DATE_____,'INSERT','1070703','10707','インスタンス元のクラス名','Instance source class name','instance_source_class_name',NULL,'1',30,NULL,NULL,NULL,NULL,NULL,NULL,NULL,'I_CONDUCTOR_NAME',NULL,'0','1','1','0','0','0','0',NULL,'{
"min_length": 0,
"max_length": 255
}',NULL,NULL,'[最大長]255バイト','[Maximum length] 255 byte',NULL,'0',_____DATE_____,1);
INSERT INTO T_COMN_MENU_COLUMN_LINK (COLUMN_DEFINITION_ID,MENU_ID,COLUMN_NAME_JA,COLUMN_NAME_EN,COLUMN_NAME_REST,COL_GROUP_ID,COLUMN_CLASS,COLUMN_DISP_SEQ,REF_TABLE_NAME,REF_PKEY_NAME,REF_COL_NAME,REF_SORT_CONDITIONS,REF_MULTI_LANG,SENSITIVE_COL_NAME,FILE_UPLOAD_PLACE,COL_NAME,SAVE_TYPE,AUTO_INPUT,INPUT_ITEM,VIEW_ITEM,UNIQUE_ITEM,REQUIRED_ITEM,AUTOREG_HIDE_ITEM,AUTOREG_ONLY_ITEM,INITIAL_VALUE,VALIDATE_OPTION,BEFORE_VALIDATE_REGISTER,AFTER_VALIDATE_REGISTER,DESCRIPTION_JA,DESCRIPTION_EN,NOTE,DISUSE_FLAG,LAST_UPDATE_TIMESTAMP,LAST_UPDATE_USER) VALUES('1070704','10707','インスタンス元の設定','Instance source settings','instance_source_settings',NULL,'19',40,NULL,NULL,NULL,NULL,NULL,NULL,NULL,'I_CLASS_JSON',NULL,'0','1','1','0','0','0','0',NULL,NULL,NULL,NULL,NULL,NULL,NULL,'0',_____DATE_____,1);
INSERT INTO T_COMN_MENU_COLUMN_LINK_JNL (JOURNAL_SEQ_NO,JOURNAL_REG_DATETIME,JOURNAL_ACTION_CLASS,COLUMN_DEFINITION_ID,MENU_ID,COLUMN_NAME_JA,COLUMN_NAME_EN,COLUMN_NAME_REST,COL_GROUP_ID,COLUMN_CLASS,COLUMN_DISP_SEQ,REF_TABLE_NAME,REF_PKEY_NAME,REF_COL_NAME,REF_SORT_CONDITIONS,REF_MULTI_LANG,SENSITIVE_COL_NAME,FILE_UPLOAD_PLACE,COL_NAME,SAVE_TYPE,AUTO_INPUT,INPUT_ITEM,VIEW_ITEM,UNIQUE_ITEM,REQUIRED_ITEM,AUTOREG_HIDE_ITEM,AUTOREG_ONLY_ITEM,INITIAL_VALUE,VALIDATE_OPTION,BEFORE_VALIDATE_REGISTER,AFTER_VALIDATE_REGISTER,DESCRIPTION_JA,DESCRIPTION_EN,NOTE,DISUSE_FLAG,LAST_UPDATE_TIMESTAMP,LAST_UPDATE_USER) VALUES(1070704,_____DATE_____,'INSERT','1070704','10707','インスタンス元の設定','Instance source settings','instance_source_settings',NULL,'19',40,NULL,NULL,NULL,NULL,NULL,NULL,NULL,'I_CLASS_JSON',NULL,'0','1','1','0','0','0','0',NULL,NULL,NULL,NULL,NULL,NULL,NULL,'0',_____DATE_____,1);
INSERT INTO T_COMN_MENU_COLUMN_LINK (COLUMN_DEFINITION_ID,MENU_ID,COLUMN_NAME_JA,COLUMN_NAME_EN,COLUMN_NAME_REST,COL_GROUP_ID,COLUMN_CLASS,COLUMN_DISP_SEQ,REF_TABLE_NAME,REF_PKEY_NAME,REF_COL_NAME,REF_SORT_CONDITIONS,REF_MULTI_LANG,SENSITIVE_COL_NAME,FILE_UPLOAD_PLACE,COL_NAME,SAVE_TYPE,AUTO_INPUT,INPUT_ITEM,VIEW_ITEM,UNIQUE_ITEM,REQUIRED_ITEM,AUTOREG_HIDE_ITEM,AUTOREG_ONLY_ITEM,INITIAL_VALUE,VALIDATE_OPTION,BEFORE_VALIDATE_REGISTER,AFTER_VALIDATE_REGISTER,DESCRIPTION_JA,DESCRIPTION_EN,NOTE,DISUSE_FLAG,LAST_UPDATE_TIMESTAMP,LAST_UPDATE_USER) VALUES('1070705','10707','インスタンス元の備考','Instance source Remarks','instance_source_remarks',NULL,'2',50,NULL,NULL,NULL,NULL,NULL,NULL,NULL,'I_NOTE',NULL,'0','1','1','0','0','0','0',NULL,NULL,NULL,NULL,NULL,NULL,NULL,'0',_____DATE_____,1);
INSERT INTO T_COMN_MENU_COLUMN_LINK_JNL (JOURNAL_SEQ_NO,JOURNAL_REG_DATETIME,JOURNAL_ACTION_CLASS,COLUMN_DEFINITION_ID,MENU_ID,COLUMN_NAME_JA,COLUMN_NAME_EN,COLUMN_NAME_REST,COL_GROUP_ID,COLUMN_CLASS,COLUMN_DISP_SEQ,REF_TABLE_NAME,REF_PKEY_NAME,REF_COL_NAME,REF_SORT_CONDITIONS,REF_MULTI_LANG,SENSITIVE_COL_NAME,FILE_UPLOAD_PLACE,COL_NAME,SAVE_TYPE,AUTO_INPUT,INPUT_ITEM,VIEW_ITEM,UNIQUE_ITEM,REQUIRED_ITEM,AUTOREG_HIDE_ITEM,AUTOREG_ONLY_ITEM,INITIAL_VALUE,VALIDATE_OPTION,BEFORE_VALIDATE_REGISTER,AFTER_VALIDATE_REGISTER,DESCRIPTION_JA,DESCRIPTION_EN,NOTE,DISUSE_FLAG,LAST_UPDATE_TIMESTAMP,LAST_UPDATE_USER) VALUES(1070705,_____DATE_____,'INSERT','1070705','10707','インスタンス元の備考','Instance source Remarks','instance_source_remarks',NULL,'2',50,NULL,NULL,NULL,NULL,NULL,NULL,NULL,'I_NOTE',NULL,'0','1','1','0','0','0','0',NULL,NULL,NULL,NULL,NULL,NULL,NULL,'0',_____DATE_____,1);
INSERT INTO T_COMN_MENU_COLUMN_LINK (COLUMN_DEFINITION_ID,MENU_ID,COLUMN_NAME_JA,COLUMN_NAME_EN,COLUMN_NAME_REST,COL_GROUP_ID,COLUMN_CLASS,COLUMN_DISP_SEQ,REF_TABLE_NAME,REF_PKEY_NAME,REF_COL_NAME,REF_SORT_CONDITIONS,REF_MULTI_LANG,SENSITIVE_COL_NAME,FILE_UPLOAD_PLACE,COL_NAME,SAVE_TYPE,AUTO_INPUT,INPUT_ITEM,VIEW_ITEM,UNIQUE_ITEM,REQUIRED_ITEM,AUTOREG_HIDE_ITEM,AUTOREG_ONLY_ITEM,INITIAL_VALUE,VALIDATE_OPTION,BEFORE_VALIDATE_REGISTER,AFTER_VALIDATE_REGISTER,DESCRIPTION_JA,DESCRIPTION_EN,NOTE,DISUSE_FLAG,LAST_UPDATE_TIMESTAMP,LAST_UPDATE_USER) VALUES('1070706','10707','クラス設定','Class settings','class_settings',NULL,'19',60,NULL,NULL,NULL,NULL,NULL,NULL,NULL,'CLASS_JSON',NULL,'0','1','1','0','0','0','0',NULL,NULL,NULL,NULL,NULL,NULL,NULL,'0',_____DATE_____,1);
INSERT INTO T_COMN_MENU_COLUMN_LINK_JNL (JOURNAL_SEQ_NO,JOURNAL_REG_DATETIME,JOURNAL_ACTION_CLASS,COLUMN_DEFINITION_ID,MENU_ID,COLUMN_NAME_JA,COLUMN_NAME_EN,COLUMN_NAME_REST,COL_GROUP_ID,COLUMN_CLASS,COLUMN_DISP_SEQ,REF_TABLE_NAME,REF_PKEY_NAME,REF_COL_NAME,REF_SORT_CONDITIONS,REF_MULTI_LANG,SENSITIVE_COL_NAME,FILE_UPLOAD_PLACE,COL_NAME,SAVE_TYPE,AUTO_INPUT,INPUT_ITEM,VIEW_ITEM,UNIQUE_ITEM,REQUIRED_ITEM,AUTOREG_HIDE_ITEM,AUTOREG_ONLY_ITEM,INITIAL_VALUE,VALIDATE_OPTION,BEFORE_VALIDATE_REGISTER,AFTER_VALIDATE_REGISTER,DESCRIPTION_JA,DESCRIPTION_EN,NOTE,DISUSE_FLAG,LAST_UPDATE_TIMESTAMP,LAST_UPDATE_USER) VALUES(1070706,_____DATE_____,'INSERT','1070706','10707','クラス設定','Class settings','class_settings',NULL,'19',60,NULL,NULL,NULL,NULL,NULL,NULL,NULL,'CLASS_JSON',NULL,'0','1','1','0','0','0','0',NULL,NULL,NULL,NULL,NULL,NULL,NULL,'0',_____DATE_____,1);
INSERT INTO T_COMN_MENU_COLUMN_LINK (COLUMN_DEFINITION_ID,MENU_ID,COLUMN_NAME_JA,COLUMN_NAME_EN,COLUMN_NAME_REST,COL_GROUP_ID,COLUMN_CLASS,COLUMN_DISP_SEQ,REF_TABLE_NAME,REF_PKEY_NAME,REF_COL_NAME,REF_SORT_CONDITIONS,REF_MULTI_LANG,SENSITIVE_COL_NAME,FILE_UPLOAD_PLACE,COL_NAME,SAVE_TYPE,AUTO_INPUT,INPUT_ITEM,VIEW_ITEM,UNIQUE_ITEM,REQUIRED_ITEM,AUTOREG_HIDE_ITEM,AUTOREG_ONLY_ITEM,INITIAL_VALUE,VALIDATE_OPTION,BEFORE_VALIDATE_REGISTER,AFTER_VALIDATE_REGISTER,DESCRIPTION_JA,DESCRIPTION_EN,NOTE,DISUSE_FLAG,LAST_UPDATE_TIMESTAMP,LAST_UPDATE_USER) VALUES('1070707','10707','オペレーションID','Operation ID','operation_id',NULL,'1',70,NULL,NULL,NULL,NULL,NULL,NULL,NULL,'OPERATION_ID',NULL,'0','1','1','0','0','0','0',NULL,'{
"min_length": 0,
"max_length": 40
}',NULL,NULL,'[最大長]40バイト','[Maximum length] 40 byte',NULL,'0',_____DATE_____,1);
INSERT INTO T_COMN_MENU_COLUMN_LINK_JNL (JOURNAL_SEQ_NO,JOURNAL_REG_DATETIME,JOURNAL_ACTION_CLASS,COLUMN_DEFINITION_ID,MENU_ID,COLUMN_NAME_JA,COLUMN_NAME_EN,COLUMN_NAME_REST,COL_GROUP_ID,COLUMN_CLASS,COLUMN_DISP_SEQ,REF_TABLE_NAME,REF_PKEY_NAME,REF_COL_NAME,REF_SORT_CONDITIONS,REF_MULTI_LANG,SENSITIVE_COL_NAME,FILE_UPLOAD_PLACE,COL_NAME,SAVE_TYPE,AUTO_INPUT,INPUT_ITEM,VIEW_ITEM,UNIQUE_ITEM,REQUIRED_ITEM,AUTOREG_HIDE_ITEM,AUTOREG_ONLY_ITEM,INITIAL_VALUE,VALIDATE_OPTION,BEFORE_VALIDATE_REGISTER,AFTER_VALIDATE_REGISTER,DESCRIPTION_JA,DESCRIPTION_EN,NOTE,DISUSE_FLAG,LAST_UPDATE_TIMESTAMP,LAST_UPDATE_USER) VALUES(1070707,_____DATE_____,'INSERT','1070707','10707','オペレーションID','Operation ID','operation_id',NULL,'1',70,NULL,NULL,NULL,NULL,NULL,NULL,NULL,'OPERATION_ID',NULL,'0','1','1','0','0','0','0',NULL,'{
"min_length": 0,
"max_length": 40
}',NULL,NULL,'[最大長]40バイト','[Maximum length] 40 byte',NULL,'0',_____DATE_____,1);
INSERT INTO T_COMN_MENU_COLUMN_LINK (COLUMN_DEFINITION_ID,MENU_ID,COLUMN_NAME_JA,COLUMN_NAME_EN,COLUMN_NAME_REST,COL_GROUP_ID,COLUMN_CLASS,COLUMN_DISP_SEQ,REF_TABLE_NAME,REF_PKEY_NAME,REF_COL_NAME,REF_SORT_CONDITIONS,REF_MULTI_LANG,SENSITIVE_COL_NAME,FILE_UPLOAD_PLACE,COL_NAME,SAVE_TYPE,AUTO_INPUT,INPUT_ITEM,VIEW_ITEM,UNIQUE_ITEM,REQUIRED_ITEM,AUTOREG_HIDE_ITEM,AUTOREG_ONLY_ITEM,INITIAL_VALUE,VALIDATE_OPTION,BEFORE_VALIDATE_REGISTER,AFTER_VALIDATE_REGISTER,DESCRIPTION_JA,DESCRIPTION_EN,NOTE,DISUSE_FLAG,LAST_UPDATE_TIMESTAMP,LAST_UPDATE_USER) VALUES('1070708','10707','実行時のオペレーション名','Operation name','operation_name',NULL,'1',80,NULL,NULL,NULL,NULL,NULL,NULL,NULL,'I_OPERATION_NAME',NULL,'0','1','1','0','0','0','0',NULL,'{
"min_length": 0,
"max_length": 255
}',NULL,NULL,'[最大長]255バイト','[Maximum length] 255 byte',NULL,'0',_____DATE_____,1);
INSERT INTO T_COMN_MENU_COLUMN_LINK_JNL (JOURNAL_SEQ_NO,JOURNAL_REG_DATETIME,JOURNAL_ACTION_CLASS,COLUMN_DEFINITION_ID,MENU_ID,COLUMN_NAME_JA,COLUMN_NAME_EN,COLUMN_NAME_REST,COL_GROUP_ID,COLUMN_CLASS,COLUMN_DISP_SEQ,REF_TABLE_NAME,REF_PKEY_NAME,REF_COL_NAME,REF_SORT_CONDITIONS,REF_MULTI_LANG,SENSITIVE_COL_NAME,FILE_UPLOAD_PLACE,COL_NAME,SAVE_TYPE,AUTO_INPUT,INPUT_ITEM,VIEW_ITEM,UNIQUE_ITEM,REQUIRED_ITEM,AUTOREG_HIDE_ITEM,AUTOREG_ONLY_ITEM,INITIAL_VALUE,VALIDATE_OPTION,BEFORE_VALIDATE_REGISTER,AFTER_VALIDATE_REGISTER,DESCRIPTION_JA,DESCRIPTION_EN,NOTE,DISUSE_FLAG,LAST_UPDATE_TIMESTAMP,LAST_UPDATE_USER) VALUES(1070708,_____DATE_____,'INSERT','1070708','10707','実行時のオペレーション名','Operation name','operation_name',NULL,'1',80,NULL,NULL,NULL,NULL,NULL,NULL,NULL,'I_OPERATION_NAME',NULL,'0','1','1','0','0','0','0',NULL,'{
"min_length": 0,
"max_length": 255
}',NULL,NULL,'[最大長]255バイト','[Maximum length] 255 byte',NULL,'0',_____DATE_____,1);
INSERT INTO T_COMN_MENU_COLUMN_LINK (COLUMN_DEFINITION_ID,MENU_ID,COLUMN_NAME_JA,COLUMN_NAME_EN,COLUMN_NAME_REST,COL_GROUP_ID,COLUMN_CLASS,COLUMN_DISP_SEQ,REF_TABLE_NAME,REF_PKEY_NAME,REF_COL_NAME,REF_SORT_CONDITIONS,REF_MULTI_LANG,SENSITIVE_COL_NAME,FILE_UPLOAD_PLACE,COL_NAME,SAVE_TYPE,AUTO_INPUT,INPUT_ITEM,VIEW_ITEM,UNIQUE_ITEM,REQUIRED_ITEM,AUTOREG_HIDE_ITEM,AUTOREG_ONLY_ITEM,INITIAL_VALUE,VALIDATE_OPTION,BEFORE_VALIDATE_REGISTER,AFTER_VALIDATE_REGISTER,DESCRIPTION_JA,DESCRIPTION_EN,NOTE,DISUSE_FLAG,LAST_UPDATE_TIMESTAMP,LAST_UPDATE_USER) VALUES('1070709','10707','作業実行ユーザー','Execution user','execution_user',NULL,'1',90,NULL,NULL,NULL,NULL,NULL,NULL,NULL,'EXECUTION_USER',NULL,'0','1','1','0','0','0','0',NULL,'{
"min_length": 0,
"max_length": 255
}',NULL,NULL,'[最大長]255バイト','[Maximum length] 255 byte',NULL,'0',_____DATE_____,1);
INSERT INTO T_COMN_MENU_COLUMN_LINK_JNL (JOURNAL_SEQ_NO,JOURNAL_REG_DATETIME,JOURNAL_ACTION_CLASS,COLUMN_DEFINITION_ID,MENU_ID,COLUMN_NAME_JA,COLUMN_NAME_EN,COLUMN_NAME_REST,COL_GROUP_ID,COLUMN_CLASS,COLUMN_DISP_SEQ,REF_TABLE_NAME,REF_PKEY_NAME,REF_COL_NAME,REF_SORT_CONDITIONS,REF_MULTI_LANG,SENSITIVE_COL_NAME,FILE_UPLOAD_PLACE,COL_NAME,SAVE_TYPE,AUTO_INPUT,INPUT_ITEM,VIEW_ITEM,UNIQUE_ITEM,REQUIRED_ITEM,AUTOREG_HIDE_ITEM,AUTOREG_ONLY_ITEM,INITIAL_VALUE,VALIDATE_OPTION,BEFORE_VALIDATE_REGISTER,AFTER_VALIDATE_REGISTER,DESCRIPTION_JA,DESCRIPTION_EN,NOTE,DISUSE_FLAG,LAST_UPDATE_TIMESTAMP,LAST_UPDATE_USER) VALUES(1070709,_____DATE_____,'INSERT','1070709','10707','作業実行ユーザー','Execution user','execution_user',NULL,'1',90,NULL,NULL,NULL,NULL,NULL,NULL,NULL,'EXECUTION_USER',NULL,'0','1','1','0','0','0','0',NULL,'{
"min_length": 0,
"max_length": 255
}',NULL,NULL,'[最大長]255バイト','[Maximum length] 255 byte',NULL,'0',_____DATE_____,1);
INSERT INTO T_COMN_MENU_COLUMN_LINK (COLUMN_DEFINITION_ID,MENU_ID,COLUMN_NAME_JA,COLUMN_NAME_EN,COLUMN_NAME_REST,COL_GROUP_ID,COLUMN_CLASS,COLUMN_DISP_SEQ,REF_TABLE_NAME,REF_PKEY_NAME,REF_COL_NAME,REF_SORT_CONDITIONS,REF_MULTI_LANG,SENSITIVE_COL_NAME,FILE_UPLOAD_PLACE,COL_NAME,SAVE_TYPE,AUTO_INPUT,INPUT_ITEM,VIEW_ITEM,UNIQUE_ITEM,REQUIRED_ITEM,AUTOREG_HIDE_ITEM,AUTOREG_ONLY_ITEM,INITIAL_VALUE,VALIDATE_OPTION,BEFORE_VALIDATE_REGISTER,AFTER_VALIDATE_REGISTER,DESCRIPTION_JA,DESCRIPTION_EN,NOTE,DISUSE_FLAG,LAST_UPDATE_TIMESTAMP,LAST_UPDATE_USER) VALUES('1070710','10707','親ConductorインスタンスID','Parent Conductor instance ID','parent_conductor_instance_id',NULL,'1',100,NULL,NULL,NULL,NULL,NULL,NULL,NULL,'PARENT_CONDUCTOR_INSTANCE_ID',NULL,'0','1','1','0','0','0','0',NULL,'{
"min_length": 0,
"max_length": 40
}',NULL,NULL,'[最大長]40バイト','[Maximum length] 40 byte',NULL,'0',_____DATE_____,1);
INSERT INTO T_COMN_MENU_COLUMN_LINK_JNL (JOURNAL_SEQ_NO,JOURNAL_REG_DATETIME,JOURNAL_ACTION_CLASS,COLUMN_DEFINITION_ID,MENU_ID,COLUMN_NAME_JA,COLUMN_NAME_EN,COLUMN_NAME_REST,COL_GROUP_ID,COLUMN_CLASS,COLUMN_DISP_SEQ,REF_TABLE_NAME,REF_PKEY_NAME,REF_COL_NAME,REF_SORT_CONDITIONS,REF_MULTI_LANG,SENSITIVE_COL_NAME,FILE_UPLOAD_PLACE,COL_NAME,SAVE_TYPE,AUTO_INPUT,INPUT_ITEM,VIEW_ITEM,UNIQUE_ITEM,REQUIRED_ITEM,AUTOREG_HIDE_ITEM,AUTOREG_ONLY_ITEM,INITIAL_VALUE,VALIDATE_OPTION,BEFORE_VALIDATE_REGISTER,AFTER_VALIDATE_REGISTER,DESCRIPTION_JA,DESCRIPTION_EN,NOTE,DISUSE_FLAG,LAST_UPDATE_TIMESTAMP,LAST_UPDATE_USER) VALUES(1070710,_____DATE_____,'INSERT','1070710','10707','親ConductorインスタンスID','Parent Conductor instance ID','parent_conductor_instance_id',NULL,'1',100,NULL,NULL,NULL,NULL,NULL,NULL,NULL,'PARENT_CONDUCTOR_INSTANCE_ID',NULL,'0','1','1','0','0','0','0',NULL,'{
"min_length": 0,
"max_length": 40
}',NULL,NULL,'[最大長]40バイト','[Maximum length] 40 byte',NULL,'0',_____DATE_____,1);
INSERT INTO T_COMN_MENU_COLUMN_LINK (COLUMN_DEFINITION_ID,MENU_ID,COLUMN_NAME_JA,COLUMN_NAME_EN,COLUMN_NAME_REST,COL_GROUP_ID,COLUMN_CLASS,COLUMN_DISP_SEQ,REF_TABLE_NAME,REF_PKEY_NAME,REF_COL_NAME,REF_SORT_CONDITIONS,REF_MULTI_LANG,SENSITIVE_COL_NAME,FILE_UPLOAD_PLACE,COL_NAME,SAVE_TYPE,AUTO_INPUT,INPUT_ITEM,VIEW_ITEM,UNIQUE_ITEM,REQUIRED_ITEM,AUTOREG_HIDE_ITEM,AUTOREG_ONLY_ITEM,INITIAL_VALUE,VALIDATE_OPTION,BEFORE_VALIDATE_REGISTER,AFTER_VALIDATE_REGISTER,DESCRIPTION_JA,DESCRIPTION_EN,NOTE,DISUSE_FLAG,LAST_UPDATE_TIMESTAMP,LAST_UPDATE_USER) VALUES('1070711','10707','親Conductorインスタンス名','Parent Conductor instance Name','parent_conductor_instance_name',NULL,'1',110,NULL,NULL,NULL,NULL,NULL,NULL,NULL,'PARENT_CONDUCTOR_INSTANCE_NAME',NULL,'0','1','1','0','0','0','0',NULL,'{
"min_length": 0,
"max_length": 255
}',NULL,NULL,'[最大長]255バイト','[Maximum length] 255 byte',NULL,'0',_____DATE_____,1);
INSERT INTO T_COMN_MENU_COLUMN_LINK_JNL (JOURNAL_SEQ_NO,JOURNAL_REG_DATETIME,JOURNAL_ACTION_CLASS,COLUMN_DEFINITION_ID,MENU_ID,COLUMN_NAME_JA,COLUMN_NAME_EN,COLUMN_NAME_REST,COL_GROUP_ID,COLUMN_CLASS,COLUMN_DISP_SEQ,REF_TABLE_NAME,REF_PKEY_NAME,REF_COL_NAME,REF_SORT_CONDITIONS,REF_MULTI_LANG,SENSITIVE_COL_NAME,FILE_UPLOAD_PLACE,COL_NAME,SAVE_TYPE,AUTO_INPUT,INPUT_ITEM,VIEW_ITEM,UNIQUE_ITEM,REQUIRED_ITEM,AUTOREG_HIDE_ITEM,AUTOREG_ONLY_ITEM,INITIAL_VALUE,VALIDATE_OPTION,BEFORE_VALIDATE_REGISTER,AFTER_VALIDATE_REGISTER,DESCRIPTION_JA,DESCRIPTION_EN,NOTE,DISUSE_FLAG,LAST_UPDATE_TIMESTAMP,LAST_UPDATE_USER) VALUES(1070711,_____DATE_____,'INSERT','1070711','10707','親Conductorインスタンス名','Parent Conductor instance Name','parent_conductor_instance_name',NULL,'1',110,NULL,NULL,NULL,NULL,NULL,NULL,NULL,'PARENT_CONDUCTOR_INSTANCE_NAME',NULL,'0','1','1','0','0','0','0',NULL,'{
"min_length": 0,
"max_length": 255
}',NULL,NULL,'[最大長]255バイト','[Maximum length] 255 byte',NULL,'0',_____DATE_____,1);
INSERT INTO T_COMN_MENU_COLUMN_LINK (COLUMN_DEFINITION_ID,MENU_ID,COLUMN_NAME_JA,COLUMN_NAME_EN,COLUMN_NAME_REST,COL_GROUP_ID,COLUMN_CLASS,COLUMN_DISP_SEQ,REF_TABLE_NAME,REF_PKEY_NAME,REF_COL_NAME,REF_SORT_CONDITIONS,REF_MULTI_LANG,SENSITIVE_COL_NAME,FILE_UPLOAD_PLACE,COL_NAME,SAVE_TYPE,AUTO_INPUT,INPUT_ITEM,VIEW_ITEM,UNIQUE_ITEM,REQUIRED_ITEM,AUTOREG_HIDE_ITEM,AUTOREG_ONLY_ITEM,INITIAL_VALUE,VALIDATE_OPTION,BEFORE_VALIDATE_REGISTER,AFTER_VALIDATE_REGISTER,DESCRIPTION_JA,DESCRIPTION_EN,NOTE,DISUSE_FLAG,LAST_UPDATE_TIMESTAMP,LAST_UPDATE_USER) VALUES('1070712','10707','通知設定','Notice info','notice_info',NULL,'19',120,NULL,NULL,NULL,NULL,NULL,NULL,NULL,'NOTICE_INFO',NULL,'0','1','1','0','0','0','0',NULL,NULL,NULL,NULL,NULL,NULL,NULL,'0',_____DATE_____,1);
INSERT INTO T_COMN_MENU_COLUMN_LINK_JNL (JOURNAL_SEQ_NO,JOURNAL_REG_DATETIME,JOURNAL_ACTION_CLASS,COLUMN_DEFINITION_ID,MENU_ID,COLUMN_NAME_JA,COLUMN_NAME_EN,COLUMN_NAME_REST,COL_GROUP_ID,COLUMN_CLASS,COLUMN_DISP_SEQ,REF_TABLE_NAME,REF_PKEY_NAME,REF_COL_NAME,REF_SORT_CONDITIONS,REF_MULTI_LANG,SENSITIVE_COL_NAME,FILE_UPLOAD_PLACE,COL_NAME,SAVE_TYPE,AUTO_INPUT,INPUT_ITEM,VIEW_ITEM,UNIQUE_ITEM,REQUIRED_ITEM,AUTOREG_HIDE_ITEM,AUTOREG_ONLY_ITEM,INITIAL_VALUE,VALIDATE_OPTION,BEFORE_VALIDATE_REGISTER,AFTER_VALIDATE_REGISTER,DESCRIPTION_JA,DESCRIPTION_EN,NOTE,DISUSE_FLAG,LAST_UPDATE_TIMESTAMP,LAST_UPDATE_USER) VALUES(1070712,_____DATE_____,'INSERT','1070712','10707','通知設定','Notice info','notice_info',NULL,'19',120,NULL,NULL,NULL,NULL,NULL,NULL,NULL,'NOTICE_INFO',NULL,'0','1','1','0','0','0','0',NULL,NULL,NULL,NULL,NULL,NULL,NULL,'0',_____DATE_____,1);
INSERT INTO T_COMN_MENU_COLUMN_LINK (COLUMN_DEFINITION_ID,MENU_ID,COLUMN_NAME_JA,COLUMN_NAME_EN,COLUMN_NAME_REST,COL_GROUP_ID,COLUMN_CLASS,COLUMN_DISP_SEQ,REF_TABLE_NAME,REF_PKEY_NAME,REF_COL_NAME,REF_SORT_CONDITIONS,REF_MULTI_LANG,SENSITIVE_COL_NAME,FILE_UPLOAD_PLACE,COL_NAME,SAVE_TYPE,AUTO_INPUT,INPUT_ITEM,VIEW_ITEM,UNIQUE_ITEM,REQUIRED_ITEM,AUTOREG_HIDE_ITEM,AUTOREG_ONLY_ITEM,INITIAL_VALUE,VALIDATE_OPTION,BEFORE_VALIDATE_REGISTER,AFTER_VALIDATE_REGISTER,DESCRIPTION_JA,DESCRIPTION_EN,NOTE,DISUSE_FLAG,LAST_UPDATE_TIMESTAMP,LAST_UPDATE_USER) VALUES('1070713','10707','通知定義','Notice definition','notice_definition',NULL,'19',130,NULL,NULL,NULL,NULL,NULL,NULL,NULL,'NOTICE_DEFINITION',NULL,'0','1','1','0','0','0','0',NULL,NULL,NULL,NULL,NULL,NULL,NULL,'0',_____DATE_____,1);
INSERT INTO T_COMN_MENU_COLUMN_LINK_JNL (JOURNAL_SEQ_NO,JOURNAL_REG_DATETIME,JOURNAL_ACTION_CLASS,COLUMN_DEFINITION_ID,MENU_ID,COLUMN_NAME_JA,COLUMN_NAME_EN,COLUMN_NAME_REST,COL_GROUP_ID,COLUMN_CLASS,COLUMN_DISP_SEQ,REF_TABLE_NAME,REF_PKEY_NAME,REF_COL_NAME,REF_SORT_CONDITIONS,REF_MULTI_LANG,SENSITIVE_COL_NAME,FILE_UPLOAD_PLACE,COL_NAME,SAVE_TYPE,AUTO_INPUT,INPUT_ITEM,VIEW_ITEM,UNIQUE_ITEM,REQUIRED_ITEM,AUTOREG_HIDE_ITEM,AUTOREG_ONLY_ITEM,INITIAL_VALUE,VALIDATE_OPTION,BEFORE_VALIDATE_REGISTER,AFTER_VALIDATE_REGISTER,DESCRIPTION_JA,DESCRIPTION_EN,NOTE,DISUSE_FLAG,LAST_UPDATE_TIMESTAMP,LAST_UPDATE_USER) VALUES(1070713,_____DATE_____,'INSERT','1070713','10707','通知定義','Notice definition','notice_definition',NULL,'19',130,NULL,NULL,NULL,NULL,NULL,NULL,NULL,'NOTICE_DEFINITION',NULL,'0','1','1','0','0','0','0',NULL,NULL,NULL,NULL,NULL,NULL,NULL,'0',_____DATE_____,1);
INSERT INTO T_COMN_MENU_COLUMN_LINK (COLUMN_DEFINITION_ID,MENU_ID,COLUMN_NAME_JA,COLUMN_NAME_EN,COLUMN_NAME_REST,COL_GROUP_ID,COLUMN_CLASS,COLUMN_DISP_SEQ,REF_TABLE_NAME,REF_PKEY_NAME,REF_COL_NAME,REF_SORT_CONDITIONS,REF_MULTI_LANG,SENSITIVE_COL_NAME,FILE_UPLOAD_PLACE,COL_NAME,SAVE_TYPE,AUTO_INPUT,INPUT_ITEM,VIEW_ITEM,UNIQUE_ITEM,REQUIRED_ITEM,AUTOREG_HIDE_ITEM,AUTOREG_ONLY_ITEM,INITIAL_VALUE,VALIDATE_OPTION,BEFORE_VALIDATE_REGISTER,AFTER_VALIDATE_REGISTER,DESCRIPTION_JA,DESCRIPTION_EN,NOTE,DISUSE_FLAG,LAST_UPDATE_TIMESTAMP,LAST_UPDATE_USER) VALUES('1070714','10707','ステータスID','Status ID','status_id',NULL,'7',140,'T_COMN_CONDUCTOR_STATUS','STATUS_ID','STATUS_NAME',NULL,'1',NULL,NULL,'STATUS_ID',NULL,'0','1','1','0','0','0','0',NULL,NULL,NULL,NULL,'ステータスには以下の状態が存在します。
・未実行
・未実行(予約)
・実行中
・実行中(遅延)
・一時停止
・正常終了
・異常終了
・警告終了
・緊急停止
・予約取消
・想定外エラー','The following status states exist. 
・Unexecuted
・Unexecuted (schedule)
・Executing
・Executing (delay)
・Pause
・Normal end
・Abend
・Warning end
・Emergency stop
・Schedule cancellation
・Unexpected error',NULL,'0',_____DATE_____,1);
INSERT INTO T_COMN_MENU_COLUMN_LINK_JNL (JOURNAL_SEQ_NO,JOURNAL_REG_DATETIME,JOURNAL_ACTION_CLASS,COLUMN_DEFINITION_ID,MENU_ID,COLUMN_NAME_JA,COLUMN_NAME_EN,COLUMN_NAME_REST,COL_GROUP_ID,COLUMN_CLASS,COLUMN_DISP_SEQ,REF_TABLE_NAME,REF_PKEY_NAME,REF_COL_NAME,REF_SORT_CONDITIONS,REF_MULTI_LANG,SENSITIVE_COL_NAME,FILE_UPLOAD_PLACE,COL_NAME,SAVE_TYPE,AUTO_INPUT,INPUT_ITEM,VIEW_ITEM,UNIQUE_ITEM,REQUIRED_ITEM,AUTOREG_HIDE_ITEM,AUTOREG_ONLY_ITEM,INITIAL_VALUE,VALIDATE_OPTION,BEFORE_VALIDATE_REGISTER,AFTER_VALIDATE_REGISTER,DESCRIPTION_JA,DESCRIPTION_EN,NOTE,DISUSE_FLAG,LAST_UPDATE_TIMESTAMP,LAST_UPDATE_USER) VALUES(1070714,_____DATE_____,'INSERT','1070714','10707','ステータスID','Status ID','status_id',NULL,'7',140,'T_COMN_CONDUCTOR_STATUS','STATUS_ID','STATUS_NAME',NULL,'1',NULL,NULL,'STATUS_ID',NULL,'0','1','1','0','0','0','0',NULL,NULL,NULL,NULL,'ステータスには以下の状態が存在します。
・未実行
・未実行(予約)
・実行中
・実行中(遅延)
・一時停止
・正常終了
・異常終了
・警告終了
・緊急停止
・予約取消
・想定外エラー','The following status states exist. 
・Unexecuted
・Unexecuted (schedule)
・Executing
・Executing (delay)
・Pause
・Normal end
・Abend
・Warning end
・Emergency stop
・Schedule cancellation
・Unexpected error',NULL,'0',_____DATE_____,1);
INSERT INTO T_COMN_MENU_COLUMN_LINK (COLUMN_DEFINITION_ID,MENU_ID,COLUMN_NAME_JA,COLUMN_NAME_EN,COLUMN_NAME_REST,COL_GROUP_ID,COLUMN_CLASS,COLUMN_DISP_SEQ,REF_TABLE_NAME,REF_PKEY_NAME,REF_COL_NAME,REF_SORT_CONDITIONS,REF_MULTI_LANG,SENSITIVE_COL_NAME,FILE_UPLOAD_PLACE,COL_NAME,SAVE_TYPE,AUTO_INPUT,INPUT_ITEM,VIEW_ITEM,UNIQUE_ITEM,REQUIRED_ITEM,AUTOREG_HIDE_ITEM,AUTOREG_ONLY_ITEM,INITIAL_VALUE,VALIDATE_OPTION,BEFORE_VALIDATE_REGISTER,AFTER_VALIDATE_REGISTER,DESCRIPTION_JA,DESCRIPTION_EN,NOTE,DISUSE_FLAG,LAST_UPDATE_TIMESTAMP,LAST_UPDATE_USER) VALUES('1070715','10707','緊急停止フラグ','Abort execute flag','abort_execute_flag',NULL,'1',150,NULL,NULL,NULL,NULL,NULL,NULL,NULL,'ABORT_EXECUTE_FLAG',NULL,'0','1','1','0','0','0','0',NULL,NULL,NULL,NULL,NULL,NULL,NULL,'0',_____DATE_____,1);
INSERT INTO T_COMN_MENU_COLUMN_LINK_JNL (JOURNAL_SEQ_NO,JOURNAL_REG_DATETIME,JOURNAL_ACTION_CLASS,COLUMN_DEFINITION_ID,MENU_ID,COLUMN_NAME_JA,COLUMN_NAME_EN,COLUMN_NAME_REST,COL_GROUP_ID,COLUMN_CLASS,COLUMN_DISP_SEQ,REF_TABLE_NAME,REF_PKEY_NAME,REF_COL_NAME,REF_SORT_CONDITIONS,REF_MULTI_LANG,SENSITIVE_COL_NAME,FILE_UPLOAD_PLACE,COL_NAME,SAVE_TYPE,AUTO_INPUT,INPUT_ITEM,VIEW_ITEM,UNIQUE_ITEM,REQUIRED_ITEM,AUTOREG_HIDE_ITEM,AUTOREG_ONLY_ITEM,INITIAL_VALUE,VALIDATE_OPTION,BEFORE_VALIDATE_REGISTER,AFTER_VALIDATE_REGISTER,DESCRIPTION_JA,DESCRIPTION_EN,NOTE,DISUSE_FLAG,LAST_UPDATE_TIMESTAMP,LAST_UPDATE_USER) VALUES(1070715,_____DATE_____,'INSERT','1070715','10707','緊急停止フラグ','Abort execute flag','abort_execute_flag',NULL,'1',150,NULL,NULL,NULL,NULL,NULL,NULL,NULL,'ABORT_EXECUTE_FLAG',NULL,'0','1','1','0','0','0','0',NULL,NULL,NULL,NULL,NULL,NULL,NULL,'0',_____DATE_____,1);
INSERT INTO T_COMN_MENU_COLUMN_LINK (COLUMN_DEFINITION_ID,MENU_ID,COLUMN_NAME_JA,COLUMN_NAME_EN,COLUMN_NAME_REST,COL_GROUP_ID,COLUMN_CLASS,COLUMN_DISP_SEQ,REF_TABLE_NAME,REF_PKEY_NAME,REF_COL_NAME,REF_SORT_CONDITIONS,REF_MULTI_LANG,SENSITIVE_COL_NAME,FILE_UPLOAD_PLACE,COL_NAME,SAVE_TYPE,AUTO_INPUT,INPUT_ITEM,VIEW_ITEM,UNIQUE_ITEM,REQUIRED_ITEM,AUTOREG_HIDE_ITEM,AUTOREG_ONLY_ITEM,INITIAL_VALUE,VALIDATE_OPTION,BEFORE_VALIDATE_REGISTER,AFTER_VALIDATE_REGISTER,DESCRIPTION_JA,DESCRIPTION_EN,NOTE,DISUSE_FLAG,LAST_UPDATE_TIMESTAMP,LAST_UPDATE_USER) VALUES('1070716','10707','予約日時','Time book','time_book',NULL,'5',160,NULL,NULL,NULL,NULL,NULL,NULL,NULL,'TIME_BOOK',NULL,'0','1','1','0','0','0','0',NULL,NULL,NULL,NULL,NULL,NULL,NULL,'0',_____DATE_____,1);
INSERT INTO T_COMN_MENU_COLUMN_LINK_JNL (JOURNAL_SEQ_NO,JOURNAL_REG_DATETIME,JOURNAL_ACTION_CLASS,COLUMN_DEFINITION_ID,MENU_ID,COLUMN_NAME_JA,COLUMN_NAME_EN,COLUMN_NAME_REST,COL_GROUP_ID,COLUMN_CLASS,COLUMN_DISP_SEQ,REF_TABLE_NAME,REF_PKEY_NAME,REF_COL_NAME,REF_SORT_CONDITIONS,REF_MULTI_LANG,SENSITIVE_COL_NAME,FILE_UPLOAD_PLACE,COL_NAME,SAVE_TYPE,AUTO_INPUT,INPUT_ITEM,VIEW_ITEM,UNIQUE_ITEM,REQUIRED_ITEM,AUTOREG_HIDE_ITEM,AUTOREG_ONLY_ITEM,INITIAL_VALUE,VALIDATE_OPTION,BEFORE_VALIDATE_REGISTER,AFTER_VALIDATE_REGISTER,DESCRIPTION_JA,DESCRIPTION_EN,NOTE,DISUSE_FLAG,LAST_UPDATE_TIMESTAMP,LAST_UPDATE_USER) VALUES(1070716,_____DATE_____,'INSERT','1070716','10707','予約日時','Time book','time_book',NULL,'5',160,NULL,NULL,NULL,NULL,NULL,NULL,NULL,'TIME_BOOK',NULL,'0','1','1','0','0','0','0',NULL,NULL,NULL,NULL,NULL,NULL,NULL,'0',_____DATE_____,1);
INSERT INTO T_COMN_MENU_COLUMN_LINK (COLUMN_DEFINITION_ID,MENU_ID,COLUMN_NAME_JA,COLUMN_NAME_EN,COLUMN_NAME_REST,COL_GROUP_ID,COLUMN_CLASS,COLUMN_DISP_SEQ,REF_TABLE_NAME,REF_PKEY_NAME,REF_COL_NAME,REF_SORT_CONDITIONS,REF_MULTI_LANG,SENSITIVE_COL_NAME,FILE_UPLOAD_PLACE,COL_NAME,SAVE_TYPE,AUTO_INPUT,INPUT_ITEM,VIEW_ITEM,UNIQUE_ITEM,REQUIRED_ITEM,AUTOREG_HIDE_ITEM,AUTOREG_ONLY_ITEM,INITIAL_VALUE,VALIDATE_OPTION,BEFORE_VALIDATE_REGISTER,AFTER_VALIDATE_REGISTER,DESCRIPTION_JA,DESCRIPTION_EN,NOTE,DISUSE_FLAG,LAST_UPDATE_TIMESTAMP,LAST_UPDATE_USER) VALUES('1070717','10707','開始日時','Time start','time_start',NULL,'5',170,NULL,NULL,NULL,NULL,NULL,NULL,NULL,'TIME_START',NULL,'0','1','1','0','0','0','0',NULL,NULL,NULL,NULL,NULL,NULL,NULL,'0',_____DATE_____,1);
INSERT INTO T_COMN_MENU_COLUMN_LINK_JNL (JOURNAL_SEQ_NO,JOURNAL_REG_DATETIME,JOURNAL_ACTION_CLASS,COLUMN_DEFINITION_ID,MENU_ID,COLUMN_NAME_JA,COLUMN_NAME_EN,COLUMN_NAME_REST,COL_GROUP_ID,COLUMN_CLASS,COLUMN_DISP_SEQ,REF_TABLE_NAME,REF_PKEY_NAME,REF_COL_NAME,REF_SORT_CONDITIONS,REF_MULTI_LANG,SENSITIVE_COL_NAME,FILE_UPLOAD_PLACE,COL_NAME,SAVE_TYPE,AUTO_INPUT,INPUT_ITEM,VIEW_ITEM,UNIQUE_ITEM,REQUIRED_ITEM,AUTOREG_HIDE_ITEM,AUTOREG_ONLY_ITEM,INITIAL_VALUE,VALIDATE_OPTION,BEFORE_VALIDATE_REGISTER,AFTER_VALIDATE_REGISTER,DESCRIPTION_JA,DESCRIPTION_EN,NOTE,DISUSE_FLAG,LAST_UPDATE_TIMESTAMP,LAST_UPDATE_USER) VALUES(1070717,_____DATE_____,'INSERT','1070717','10707','開始日時','Time start','time_start',NULL,'5',170,NULL,NULL,NULL,NULL,NULL,NULL,NULL,'TIME_START',NULL,'0','1','1','0','0','0','0',NULL,NULL,NULL,NULL,NULL,NULL,NULL,'0',_____DATE_____,1);
INSERT INTO T_COMN_MENU_COLUMN_LINK (COLUMN_DEFINITION_ID,MENU_ID,COLUMN_NAME_JA,COLUMN_NAME_EN,COLUMN_NAME_REST,COL_GROUP_ID,COLUMN_CLASS,COLUMN_DISP_SEQ,REF_TABLE_NAME,REF_PKEY_NAME,REF_COL_NAME,REF_SORT_CONDITIONS,REF_MULTI_LANG,SENSITIVE_COL_NAME,FILE_UPLOAD_PLACE,COL_NAME,SAVE_TYPE,AUTO_INPUT,INPUT_ITEM,VIEW_ITEM,UNIQUE_ITEM,REQUIRED_ITEM,AUTOREG_HIDE_ITEM,AUTOREG_ONLY_ITEM,INITIAL_VALUE,VALIDATE_OPTION,BEFORE_VALIDATE_REGISTER,AFTER_VALIDATE_REGISTER,DESCRIPTION_JA,DESCRIPTION_EN,NOTE,DISUSE_FLAG,LAST_UPDATE_TIMESTAMP,LAST_UPDATE_USER) VALUES('1070718','10707','終了日時','Time end','time_end',NULL,'5',180,NULL,NULL,NULL,NULL,NULL,NULL,NULL,'TIME_END',NULL,'0','1','1','0','0','0','0',NULL,NULL,NULL,NULL,NULL,NULL,NULL,'0',_____DATE_____,1);
INSERT INTO T_COMN_MENU_COLUMN_LINK_JNL (JOURNAL_SEQ_NO,JOURNAL_REG_DATETIME,JOURNAL_ACTION_CLASS,COLUMN_DEFINITION_ID,MENU_ID,COLUMN_NAME_JA,COLUMN_NAME_EN,COLUMN_NAME_REST,COL_GROUP_ID,COLUMN_CLASS,COLUMN_DISP_SEQ,REF_TABLE_NAME,REF_PKEY_NAME,REF_COL_NAME,REF_SORT_CONDITIONS,REF_MULTI_LANG,SENSITIVE_COL_NAME,FILE_UPLOAD_PLACE,COL_NAME,SAVE_TYPE,AUTO_INPUT,INPUT_ITEM,VIEW_ITEM,UNIQUE_ITEM,REQUIRED_ITEM,AUTOREG_HIDE_ITEM,AUTOREG_ONLY_ITEM,INITIAL_VALUE,VALIDATE_OPTION,BEFORE_VALIDATE_REGISTER,AFTER_VALIDATE_REGISTER,DESCRIPTION_JA,DESCRIPTION_EN,NOTE,DISUSE_FLAG,LAST_UPDATE_TIMESTAMP,LAST_UPDATE_USER) VALUES(1070718,_____DATE_____,'INSERT','1070718','10707','終了日時','Time end','time_end',NULL,'5',180,NULL,NULL,NULL,NULL,NULL,NULL,NULL,'TIME_END',NULL,'0','1','1','0','0','0','0',NULL,NULL,NULL,NULL,NULL,NULL,NULL,'0',_____DATE_____,1);
INSERT INTO T_COMN_MENU_COLUMN_LINK (COLUMN_DEFINITION_ID,MENU_ID,COLUMN_NAME_JA,COLUMN_NAME_EN,COLUMN_NAME_REST,COL_GROUP_ID,COLUMN_CLASS,COLUMN_DISP_SEQ,REF_TABLE_NAME,REF_PKEY_NAME,REF_COL_NAME,REF_SORT_CONDITIONS,REF_MULTI_LANG,SENSITIVE_COL_NAME,FILE_UPLOAD_PLACE,COL_NAME,SAVE_TYPE,AUTO_INPUT,INPUT_ITEM,VIEW_ITEM,UNIQUE_ITEM,REQUIRED_ITEM,AUTOREG_HIDE_ITEM,AUTOREG_ONLY_ITEM,INITIAL_VALUE,VALIDATE_OPTION,BEFORE_VALIDATE_REGISTER,AFTER_VALIDATE_REGISTER,DESCRIPTION_JA,DESCRIPTION_EN,NOTE,DISUSE_FLAG,LAST_UPDATE_TIMESTAMP,LAST_UPDATE_USER) VALUES('1070719','10707','実行ログ','Execution log','execution_log',NULL,'19',190,NULL,NULL,NULL,NULL,NULL,NULL,NULL,'EXEC_LOG',NULL,'0','1','1','0','0','0','0',NULL,NULL,NULL,NULL,NULL,NULL,NULL,'0',_____DATE_____,1);
INSERT INTO T_COMN_MENU_COLUMN_LINK_JNL (JOURNAL_SEQ_NO,JOURNAL_REG_DATETIME,JOURNAL_ACTION_CLASS,COLUMN_DEFINITION_ID,MENU_ID,COLUMN_NAME_JA,COLUMN_NAME_EN,COLUMN_NAME_REST,COL_GROUP_ID,COLUMN_CLASS,COLUMN_DISP_SEQ,REF_TABLE_NAME,REF_PKEY_NAME,REF_COL_NAME,REF_SORT_CONDITIONS,REF_MULTI_LANG,SENSITIVE_COL_NAME,FILE_UPLOAD_PLACE,COL_NAME,SAVE_TYPE,AUTO_INPUT,INPUT_ITEM,VIEW_ITEM,UNIQUE_ITEM,REQUIRED_ITEM,AUTOREG_HIDE_ITEM,AUTOREG_ONLY_ITEM,INITIAL_VALUE,VALIDATE_OPTION,BEFORE_VALIDATE_REGISTER,AFTER_VALIDATE_REGISTER,DESCRIPTION_JA,DESCRIPTION_EN,NOTE,DISUSE_FLAG,LAST_UPDATE_TIMESTAMP,LAST_UPDATE_USER) VALUES(1070719,_____DATE_____,'INSERT','1070719','10707','実行ログ','Execution log','execution_log',NULL,'19',190,NULL,NULL,NULL,NULL,NULL,NULL,NULL,'EXEC_LOG',NULL,'0','1','1','0','0','0','0',NULL,NULL,NULL,NULL,NULL,NULL,NULL,'0',_____DATE_____,1);
INSERT INTO T_COMN_MENU_COLUMN_LINK (COLUMN_DEFINITION_ID,MENU_ID,COLUMN_NAME_JA,COLUMN_NAME_EN,COLUMN_NAME_REST,COL_GROUP_ID,COLUMN_CLASS,COLUMN_DISP_SEQ,REF_TABLE_NAME,REF_PKEY_NAME,REF_COL_NAME,REF_SORT_CONDITIONS,REF_MULTI_LANG,SENSITIVE_COL_NAME,FILE_UPLOAD_PLACE,COL_NAME,SAVE_TYPE,AUTO_INPUT,INPUT_ITEM,VIEW_ITEM,UNIQUE_ITEM,REQUIRED_ITEM,AUTOREG_HIDE_ITEM,AUTOREG_ONLY_ITEM,INITIAL_VALUE,VALIDATE_OPTION,BEFORE_VALIDATE_REGISTER,AFTER_VALIDATE_REGISTER,DESCRIPTION_JA,DESCRIPTION_EN,NOTE,DISUSE_FLAG,LAST_UPDATE_TIMESTAMP,LAST_UPDATE_USER) VALUES('1070720','10707','通知ログ','Notification log','notification_log',NULL,'9',200,NULL,NULL,NULL,NULL,NULL,NULL,NULL,'NOTICE_LOG',NULL,'0','1','1','0','0','0','0',NULL,NULL,NULL,NULL,NULL,NULL,NULL,'0',_____DATE_____,1);
INSERT INTO T_COMN_MENU_COLUMN_LINK_JNL (JOURNAL_SEQ_NO,JOURNAL_REG_DATETIME,JOURNAL_ACTION_CLASS,COLUMN_DEFINITION_ID,MENU_ID,COLUMN_NAME_JA,COLUMN_NAME_EN,COLUMN_NAME_REST,COL_GROUP_ID,COLUMN_CLASS,COLUMN_DISP_SEQ,REF_TABLE_NAME,REF_PKEY_NAME,REF_COL_NAME,REF_SORT_CONDITIONS,REF_MULTI_LANG,SENSITIVE_COL_NAME,FILE_UPLOAD_PLACE,COL_NAME,SAVE_TYPE,AUTO_INPUT,INPUT_ITEM,VIEW_ITEM,UNIQUE_ITEM,REQUIRED_ITEM,AUTOREG_HIDE_ITEM,AUTOREG_ONLY_ITEM,INITIAL_VALUE,VALIDATE_OPTION,BEFORE_VALIDATE_REGISTER,AFTER_VALIDATE_REGISTER,DESCRIPTION_JA,DESCRIPTION_EN,NOTE,DISUSE_FLAG,LAST_UPDATE_TIMESTAMP,LAST_UPDATE_USER) VALUES(1070720,_____DATE_____,'INSERT','1070720','10707','通知ログ','Notification log','notification_log',NULL,'9',200,NULL,NULL,NULL,NULL,NULL,NULL,NULL,'NOTICE_LOG',NULL,'0','1','1','0','0','0','0',NULL,NULL,NULL,NULL,NULL,NULL,NULL,'0',_____DATE_____,1);
INSERT INTO T_COMN_MENU_COLUMN_LINK (COLUMN_DEFINITION_ID,MENU_ID,COLUMN_NAME_JA,COLUMN_NAME_EN,COLUMN_NAME_REST,COL_GROUP_ID,COLUMN_CLASS,COLUMN_DISP_SEQ,REF_TABLE_NAME,REF_PKEY_NAME,REF_COL_NAME,REF_SORT_CONDITIONS,REF_MULTI_LANG,SENSITIVE_COL_NAME,FILE_UPLOAD_PLACE,COL_NAME,SAVE_TYPE,AUTO_INPUT,INPUT_ITEM,VIEW_ITEM,UNIQUE_ITEM,REQUIRED_ITEM,AUTOREG_HIDE_ITEM,AUTOREG_ONLY_ITEM,INITIAL_VALUE,VALIDATE_OPTION,BEFORE_VALIDATE_REGISTER,AFTER_VALIDATE_REGISTER,DESCRIPTION_JA,DESCRIPTION_EN,NOTE,DISUSE_FLAG,LAST_UPDATE_TIMESTAMP,LAST_UPDATE_USER) VALUES('1070721','10707','備考','Remarks','remarks',NULL,'12',210,NULL,NULL,NULL,NULL,NULL,NULL,NULL,'NOTE',NULL,'0','1','1','0','0','0','0',NULL,'{
"min_length": 0,
"max_length": 4000
}',NULL,NULL,'自由記述欄。レコードの廃止・復活時にも記載可能。','Comments section. Can comment when removing or restoring records.',NULL,'0',_____DATE_____,1);
INSERT INTO T_COMN_MENU_COLUMN_LINK_JNL (JOURNAL_SEQ_NO,JOURNAL_REG_DATETIME,JOURNAL_ACTION_CLASS,COLUMN_DEFINITION_ID,MENU_ID,COLUMN_NAME_JA,COLUMN_NAME_EN,COLUMN_NAME_REST,COL_GROUP_ID,COLUMN_CLASS,COLUMN_DISP_SEQ,REF_TABLE_NAME,REF_PKEY_NAME,REF_COL_NAME,REF_SORT_CONDITIONS,REF_MULTI_LANG,SENSITIVE_COL_NAME,FILE_UPLOAD_PLACE,COL_NAME,SAVE_TYPE,AUTO_INPUT,INPUT_ITEM,VIEW_ITEM,UNIQUE_ITEM,REQUIRED_ITEM,AUTOREG_HIDE_ITEM,AUTOREG_ONLY_ITEM,INITIAL_VALUE,VALIDATE_OPTION,BEFORE_VALIDATE_REGISTER,AFTER_VALIDATE_REGISTER,DESCRIPTION_JA,DESCRIPTION_EN,NOTE,DISUSE_FLAG,LAST_UPDATE_TIMESTAMP,LAST_UPDATE_USER) VALUES(1070721,_____DATE_____,'INSERT','1070721','10707','備考','Remarks','remarks',NULL,'12',210,NULL,NULL,NULL,NULL,NULL,NULL,NULL,'NOTE',NULL,'0','1','1','0','0','0','0',NULL,'{
"min_length": 0,
"max_length": 4000
}',NULL,NULL,'自由記述欄。レコードの廃止・復活時にも記載可能。','Comments section. Can comment when removing or restoring records.',NULL,'0',_____DATE_____,1);
INSERT INTO T_COMN_MENU_COLUMN_LINK (COLUMN_DEFINITION_ID,MENU_ID,COLUMN_NAME_JA,COLUMN_NAME_EN,COLUMN_NAME_REST,COL_GROUP_ID,COLUMN_CLASS,COLUMN_DISP_SEQ,REF_TABLE_NAME,REF_PKEY_NAME,REF_COL_NAME,REF_SORT_CONDITIONS,REF_MULTI_LANG,SENSITIVE_COL_NAME,FILE_UPLOAD_PLACE,COL_NAME,SAVE_TYPE,AUTO_INPUT,INPUT_ITEM,VIEW_ITEM,UNIQUE_ITEM,REQUIRED_ITEM,AUTOREG_HIDE_ITEM,AUTOREG_ONLY_ITEM,INITIAL_VALUE,VALIDATE_OPTION,BEFORE_VALIDATE_REGISTER,AFTER_VALIDATE_REGISTER,DESCRIPTION_JA,DESCRIPTION_EN,NOTE,DISUSE_FLAG,LAST_UPDATE_TIMESTAMP,LAST_UPDATE_USER) VALUES('1070722','10707','廃止フラグ','Discard','discard',NULL,'1',220,NULL,NULL,NULL,NULL,NULL,NULL,NULL,'DISUSE_FLAG',NULL,'1','0','1','0','1','0','0',NULL,NULL,NULL,NULL,'廃止フラグ。復活以外のオペレーションは不可','Discard flag. Cannot do operation other than restore.',NULL,'0',_____DATE_____,1);
INSERT INTO T_COMN_MENU_COLUMN_LINK_JNL (JOURNAL_SEQ_NO,JOURNAL_REG_DATETIME,JOURNAL_ACTION_CLASS,COLUMN_DEFINITION_ID,MENU_ID,COLUMN_NAME_JA,COLUMN_NAME_EN,COLUMN_NAME_REST,COL_GROUP_ID,COLUMN_CLASS,COLUMN_DISP_SEQ,REF_TABLE_NAME,REF_PKEY_NAME,REF_COL_NAME,REF_SORT_CONDITIONS,REF_MULTI_LANG,SENSITIVE_COL_NAME,FILE_UPLOAD_PLACE,COL_NAME,SAVE_TYPE,AUTO_INPUT,INPUT_ITEM,VIEW_ITEM,UNIQUE_ITEM,REQUIRED_ITEM,AUTOREG_HIDE_ITEM,AUTOREG_ONLY_ITEM,INITIAL_VALUE,VALIDATE_OPTION,BEFORE_VALIDATE_REGISTER,AFTER_VALIDATE_REGISTER,DESCRIPTION_JA,DESCRIPTION_EN,NOTE,DISUSE_FLAG,LAST_UPDATE_TIMESTAMP,LAST_UPDATE_USER) VALUES(1070722,_____DATE_____,'INSERT','1070722','10707','廃止フラグ','Discard','discard',NULL,'1',220,NULL,NULL,NULL,NULL,NULL,NULL,NULL,'DISUSE_FLAG',NULL,'1','0','1','0','1','0','0',NULL,NULL,NULL,NULL,'廃止フラグ。復活以外のオペレーションは不可','Discard flag. Cannot do operation other than restore.',NULL,'0',_____DATE_____,1);
INSERT INTO T_COMN_MENU_COLUMN_LINK (COLUMN_DEFINITION_ID,MENU_ID,COLUMN_NAME_JA,COLUMN_NAME_EN,COLUMN_NAME_REST,COL_GROUP_ID,COLUMN_CLASS,COLUMN_DISP_SEQ,REF_TABLE_NAME,REF_PKEY_NAME,REF_COL_NAME,REF_SORT_CONDITIONS,REF_MULTI_LANG,SENSITIVE_COL_NAME,FILE_UPLOAD_PLACE,COL_NAME,SAVE_TYPE,AUTO_INPUT,INPUT_ITEM,VIEW_ITEM,UNIQUE_ITEM,REQUIRED_ITEM,AUTOREG_HIDE_ITEM,AUTOREG_ONLY_ITEM,INITIAL_VALUE,VALIDATE_OPTION,BEFORE_VALIDATE_REGISTER,AFTER_VALIDATE_REGISTER,DESCRIPTION_JA,DESCRIPTION_EN,NOTE,DISUSE_FLAG,LAST_UPDATE_TIMESTAMP,LAST_UPDATE_USER) VALUES('1070723','10707','最終更新日時','Last update date/time','last_update_date_time',NULL,'13',230,NULL,NULL,NULL,NULL,NULL,NULL,NULL,'LAST_UPDATE_TIMESTAMP',NULL,'1','0','1','0','1','0','0',NULL,NULL,NULL,NULL,'レコードの最終更新日。自動登録のため編集不可。','Last update date of record. Cannot edit because of auto-registration.',NULL,'0',_____DATE_____,1);
INSERT INTO T_COMN_MENU_COLUMN_LINK_JNL (JOURNAL_SEQ_NO,JOURNAL_REG_DATETIME,JOURNAL_ACTION_CLASS,COLUMN_DEFINITION_ID,MENU_ID,COLUMN_NAME_JA,COLUMN_NAME_EN,COLUMN_NAME_REST,COL_GROUP_ID,COLUMN_CLASS,COLUMN_DISP_SEQ,REF_TABLE_NAME,REF_PKEY_NAME,REF_COL_NAME,REF_SORT_CONDITIONS,REF_MULTI_LANG,SENSITIVE_COL_NAME,FILE_UPLOAD_PLACE,COL_NAME,SAVE_TYPE,AUTO_INPUT,INPUT_ITEM,VIEW_ITEM,UNIQUE_ITEM,REQUIRED_ITEM,AUTOREG_HIDE_ITEM,AUTOREG_ONLY_ITEM,INITIAL_VALUE,VALIDATE_OPTION,BEFORE_VALIDATE_REGISTER,AFTER_VALIDATE_REGISTER,DESCRIPTION_JA,DESCRIPTION_EN,NOTE,DISUSE_FLAG,LAST_UPDATE_TIMESTAMP,LAST_UPDATE_USER) VALUES(1070723,_____DATE_____,'INSERT','1070723','10707','最終更新日時','Last update date/time','last_update_date_time',NULL,'13',230,NULL,NULL,NULL,NULL,NULL,NULL,NULL,'LAST_UPDATE_TIMESTAMP',NULL,'1','0','1','0','1','0','0',NULL,NULL,NULL,NULL,'レコードの最終更新日。自動登録のため編集不可。','Last update date of record. Cannot edit because of auto-registration.',NULL,'0',_____DATE_____,1);
INSERT INTO T_COMN_MENU_COLUMN_LINK (COLUMN_DEFINITION_ID,MENU_ID,COLUMN_NAME_JA,COLUMN_NAME_EN,COLUMN_NAME_REST,COL_GROUP_ID,COLUMN_CLASS,COLUMN_DISP_SEQ,REF_TABLE_NAME,REF_PKEY_NAME,REF_COL_NAME,REF_SORT_CONDITIONS,REF_MULTI_LANG,SENSITIVE_COL_NAME,FILE_UPLOAD_PLACE,COL_NAME,SAVE_TYPE,AUTO_INPUT,INPUT_ITEM,VIEW_ITEM,UNIQUE_ITEM,REQUIRED_ITEM,AUTOREG_HIDE_ITEM,AUTOREG_ONLY_ITEM,INITIAL_VALUE,VALIDATE_OPTION,BEFORE_VALIDATE_REGISTER,AFTER_VALIDATE_REGISTER,DESCRIPTION_JA,DESCRIPTION_EN,NOTE,DISUSE_FLAG,LAST_UPDATE_TIMESTAMP,LAST_UPDATE_USER) VALUES('1070724','10707','最終更新者','Last updated by','last_updated_user',NULL,'14',240,NULL,NULL,NULL,NULL,NULL,NULL,NULL,'LAST_UPDATE_USER',NULL,'1','0','1','0','1','0','0',NULL,NULL,NULL,NULL,'更新者。ログインユーザのIDが自動的に登録される。編集不可。','Updated by. Login user ID is automatically registered. Cannot edit.',NULL,'0',_____DATE_____,1);
INSERT INTO T_COMN_MENU_COLUMN_LINK_JNL (JOURNAL_SEQ_NO,JOURNAL_REG_DATETIME,JOURNAL_ACTION_CLASS,COLUMN_DEFINITION_ID,MENU_ID,COLUMN_NAME_JA,COLUMN_NAME_EN,COLUMN_NAME_REST,COL_GROUP_ID,COLUMN_CLASS,COLUMN_DISP_SEQ,REF_TABLE_NAME,REF_PKEY_NAME,REF_COL_NAME,REF_SORT_CONDITIONS,REF_MULTI_LANG,SENSITIVE_COL_NAME,FILE_UPLOAD_PLACE,COL_NAME,SAVE_TYPE,AUTO_INPUT,INPUT_ITEM,VIEW_ITEM,UNIQUE_ITEM,REQUIRED_ITEM,AUTOREG_HIDE_ITEM,AUTOREG_ONLY_ITEM,INITIAL_VALUE,VALIDATE_OPTION,BEFORE_VALIDATE_REGISTER,AFTER_VALIDATE_REGISTER,DESCRIPTION_JA,DESCRIPTION_EN,NOTE,DISUSE_FLAG,LAST_UPDATE_TIMESTAMP,LAST_UPDATE_USER) VALUES(1070724,_____DATE_____,'INSERT','1070724','10707','最終更新者','Last updated by','last_updated_user',NULL,'14',240,NULL,NULL,NULL,NULL,NULL,NULL,NULL,'LAST_UPDATE_USER',NULL,'1','0','1','0','1','0','0',NULL,NULL,NULL,NULL,'更新者。ログインユーザのIDが自動的に登録される。編集不可。','Updated by. Login user ID is automatically registered. Cannot edit.',NULL,'0',_____DATE_____,1);
INSERT INTO T_COMN_MENU_COLUMN_LINK (COLUMN_DEFINITION_ID,MENU_ID,COLUMN_NAME_JA,COLUMN_NAME_EN,COLUMN_NAME_REST,COL_GROUP_ID,COLUMN_CLASS,COLUMN_DISP_SEQ,REF_TABLE_NAME,REF_PKEY_NAME,REF_COL_NAME,REF_SORT_CONDITIONS,REF_MULTI_LANG,SENSITIVE_COL_NAME,FILE_UPLOAD_PLACE,COL_NAME,SAVE_TYPE,AUTO_INPUT,INPUT_ITEM,VIEW_ITEM,UNIQUE_ITEM,REQUIRED_ITEM,AUTOREG_HIDE_ITEM,AUTOREG_ONLY_ITEM,INITIAL_VALUE,VALIDATE_OPTION,BEFORE_VALIDATE_REGISTER,AFTER_VALIDATE_REGISTER,DESCRIPTION_JA,DESCRIPTION_EN,NOTE,DISUSE_FLAG,LAST_UPDATE_TIMESTAMP,LAST_UPDATE_USER) VALUES('1070801','10708','ConductorインスタンスID','Conductor instance ID','conductor_instance_id',NULL,'1',10,NULL,NULL,NULL,NULL,NULL,NULL,NULL,'CONDUCTOR_INSTANCE_ID',NULL,'1','1','1','1','1','0','0',NULL,NULL,NULL,NULL,'自動採番のため編集不可。実行処理種別が【登録】の場合、空白のみ可。','Cannot edit because of auto-numbering. Must be blank when execution process type is [Register].',NULL,'0',_____DATE_____,1);
INSERT INTO T_COMN_MENU_COLUMN_LINK_JNL (JOURNAL_SEQ_NO,JOURNAL_REG_DATETIME,JOURNAL_ACTION_CLASS,COLUMN_DEFINITION_ID,MENU_ID,COLUMN_NAME_JA,COLUMN_NAME_EN,COLUMN_NAME_REST,COL_GROUP_ID,COLUMN_CLASS,COLUMN_DISP_SEQ,REF_TABLE_NAME,REF_PKEY_NAME,REF_COL_NAME,REF_SORT_CONDITIONS,REF_MULTI_LANG,SENSITIVE_COL_NAME,FILE_UPLOAD_PLACE,COL_NAME,SAVE_TYPE,AUTO_INPUT,INPUT_ITEM,VIEW_ITEM,UNIQUE_ITEM,REQUIRED_ITEM,AUTOREG_HIDE_ITEM,AUTOREG_ONLY_ITEM,INITIAL_VALUE,VALIDATE_OPTION,BEFORE_VALIDATE_REGISTER,AFTER_VALIDATE_REGISTER,DESCRIPTION_JA,DESCRIPTION_EN,NOTE,DISUSE_FLAG,LAST_UPDATE_TIMESTAMP,LAST_UPDATE_USER) VALUES(1070801,_____DATE_____,'INSERT','1070801','10708','ConductorインスタンスID','Conductor instance ID','conductor_instance_id',NULL,'1',10,NULL,NULL,NULL,NULL,NULL,NULL,NULL,'CONDUCTOR_INSTANCE_ID',NULL,'1','1','1','1','1','0','0',NULL,NULL,NULL,NULL,'自動採番のため編集不可。実行処理種別が【登録】の場合、空白のみ可。','Cannot edit because of auto-numbering. Must be blank when execution process type is [Register].',NULL,'0',_____DATE_____,1);
INSERT INTO T_COMN_MENU_COLUMN_LINK (COLUMN_DEFINITION_ID,MENU_ID,COLUMN_NAME_JA,COLUMN_NAME_EN,COLUMN_NAME_REST,COL_GROUP_ID,COLUMN_CLASS,COLUMN_DISP_SEQ,REF_TABLE_NAME,REF_PKEY_NAME,REF_COL_NAME,REF_SORT_CONDITIONS,REF_MULTI_LANG,SENSITIVE_COL_NAME,FILE_UPLOAD_PLACE,COL_NAME,SAVE_TYPE,AUTO_INPUT,INPUT_ITEM,VIEW_ITEM,UNIQUE_ITEM,REQUIRED_ITEM,AUTOREG_HIDE_ITEM,AUTOREG_ONLY_ITEM,INITIAL_VALUE,VALIDATE_OPTION,BEFORE_VALIDATE_REGISTER,AFTER_VALIDATE_REGISTER,DESCRIPTION_JA,DESCRIPTION_EN,NOTE,DISUSE_FLAG,LAST_UPDATE_TIMESTAMP,LAST_UPDATE_USER) VALUES('1070802','10708','インスタンス元のクラスID','Instance source class ID','instance_source_class_id',NULL,'1',20,NULL,NULL,NULL,NULL,NULL,NULL,NULL,'I_CONDUCTOR_CLASS_ID',NULL,'0','1','1','0','0','0','0',NULL,'{
"min_length": 0,
"max_length": 40
}',NULL,NULL,'[最大長]40バイト','[Maximum length] 40 byte',NULL,'0',_____DATE_____,1);
INSERT INTO T_COMN_MENU_COLUMN_LINK_JNL (JOURNAL_SEQ_NO,JOURNAL_REG_DATETIME,JOURNAL_ACTION_CLASS,COLUMN_DEFINITION_ID,MENU_ID,COLUMN_NAME_JA,COLUMN_NAME_EN,COLUMN_NAME_REST,COL_GROUP_ID,COLUMN_CLASS,COLUMN_DISP_SEQ,REF_TABLE_NAME,REF_PKEY_NAME,REF_COL_NAME,REF_SORT_CONDITIONS,REF_MULTI_LANG,SENSITIVE_COL_NAME,FILE_UPLOAD_PLACE,COL_NAME,SAVE_TYPE,AUTO_INPUT,INPUT_ITEM,VIEW_ITEM,UNIQUE_ITEM,REQUIRED_ITEM,AUTOREG_HIDE_ITEM,AUTOREG_ONLY_ITEM,INITIAL_VALUE,VALIDATE_OPTION,BEFORE_VALIDATE_REGISTER,AFTER_VALIDATE_REGISTER,DESCRIPTION_JA,DESCRIPTION_EN,NOTE,DISUSE_FLAG,LAST_UPDATE_TIMESTAMP,LAST_UPDATE_USER) VALUES(1070802,_____DATE_____,'INSERT','1070802','10708','インスタンス元のクラスID','Instance source class ID','instance_source_class_id',NULL,'1',20,NULL,NULL,NULL,NULL,NULL,NULL,NULL,'I_CONDUCTOR_CLASS_ID',NULL,'0','1','1','0','0','0','0',NULL,'{
"min_length": 0,
"max_length": 40
}',NULL,NULL,'[最大長]40バイト','[Maximum length] 40 byte',NULL,'0',_____DATE_____,1);
INSERT INTO T_COMN_MENU_COLUMN_LINK (COLUMN_DEFINITION_ID,MENU_ID,COLUMN_NAME_JA,COLUMN_NAME_EN,COLUMN_NAME_REST,COL_GROUP_ID,COLUMN_CLASS,COLUMN_DISP_SEQ,REF_TABLE_NAME,REF_PKEY_NAME,REF_COL_NAME,REF_SORT_CONDITIONS,REF_MULTI_LANG,SENSITIVE_COL_NAME,FILE_UPLOAD_PLACE,COL_NAME,SAVE_TYPE,AUTO_INPUT,INPUT_ITEM,VIEW_ITEM,UNIQUE_ITEM,REQUIRED_ITEM,AUTOREG_HIDE_ITEM,AUTOREG_ONLY_ITEM,INITIAL_VALUE,VALIDATE_OPTION,BEFORE_VALIDATE_REGISTER,AFTER_VALIDATE_REGISTER,DESCRIPTION_JA,DESCRIPTION_EN,NOTE,DISUSE_FLAG,LAST_UPDATE_TIMESTAMP,LAST_UPDATE_USER) VALUES('1070803','10708','インスタンス元のクラス名','Instance source class name','instance_source_class_name',NULL,'1',30,NULL,NULL,NULL,NULL,NULL,NULL,NULL,'I_CONDUCTOR_NAME',NULL,'0','1','1','0','0','0','0',NULL,'{
"min_length": 0,
"max_length": 255
}',NULL,NULL,'[最大長]255バイト','[Maximum length] 255 byte',NULL,'0',_____DATE_____,1);
INSERT INTO T_COMN_MENU_COLUMN_LINK_JNL (JOURNAL_SEQ_NO,JOURNAL_REG_DATETIME,JOURNAL_ACTION_CLASS,COLUMN_DEFINITION_ID,MENU_ID,COLUMN_NAME_JA,COLUMN_NAME_EN,COLUMN_NAME_REST,COL_GROUP_ID,COLUMN_CLASS,COLUMN_DISP_SEQ,REF_TABLE_NAME,REF_PKEY_NAME,REF_COL_NAME,REF_SORT_CONDITIONS,REF_MULTI_LANG,SENSITIVE_COL_NAME,FILE_UPLOAD_PLACE,COL_NAME,SAVE_TYPE,AUTO_INPUT,INPUT_ITEM,VIEW_ITEM,UNIQUE_ITEM,REQUIRED_ITEM,AUTOREG_HIDE_ITEM,AUTOREG_ONLY_ITEM,INITIAL_VALUE,VALIDATE_OPTION,BEFORE_VALIDATE_REGISTER,AFTER_VALIDATE_REGISTER,DESCRIPTION_JA,DESCRIPTION_EN,NOTE,DISUSE_FLAG,LAST_UPDATE_TIMESTAMP,LAST_UPDATE_USER) VALUES(1070803,_____DATE_____,'INSERT','1070803','10708','インスタンス元のクラス名','Instance source class name','instance_source_class_name',NULL,'1',30,NULL,NULL,NULL,NULL,NULL,NULL,NULL,'I_CONDUCTOR_NAME',NULL,'0','1','1','0','0','0','0',NULL,'{
"min_length": 0,
"max_length": 255
}',NULL,NULL,'[最大長]255バイト','[Maximum length] 255 byte',NULL,'0',_____DATE_____,1);
INSERT INTO T_COMN_MENU_COLUMN_LINK (COLUMN_DEFINITION_ID,MENU_ID,COLUMN_NAME_JA,COLUMN_NAME_EN,COLUMN_NAME_REST,COL_GROUP_ID,COLUMN_CLASS,COLUMN_DISP_SEQ,REF_TABLE_NAME,REF_PKEY_NAME,REF_COL_NAME,REF_SORT_CONDITIONS,REF_MULTI_LANG,SENSITIVE_COL_NAME,FILE_UPLOAD_PLACE,COL_NAME,SAVE_TYPE,AUTO_INPUT,INPUT_ITEM,VIEW_ITEM,UNIQUE_ITEM,REQUIRED_ITEM,AUTOREG_HIDE_ITEM,AUTOREG_ONLY_ITEM,INITIAL_VALUE,VALIDATE_OPTION,BEFORE_VALIDATE_REGISTER,AFTER_VALIDATE_REGISTER,DESCRIPTION_JA,DESCRIPTION_EN,NOTE,DISUSE_FLAG,LAST_UPDATE_TIMESTAMP,LAST_UPDATE_USER) VALUES('1070804','10708','インスタンス元の設定','Instance source settings','instance_source_settings',NULL,'19',40,NULL,NULL,NULL,NULL,NULL,NULL,NULL,'I_CLASS_JSON',NULL,'0','1','1','0','0','0','0',NULL,NULL,NULL,NULL,NULL,NULL,NULL,'0',_____DATE_____,1);
INSERT INTO T_COMN_MENU_COLUMN_LINK_JNL (JOURNAL_SEQ_NO,JOURNAL_REG_DATETIME,JOURNAL_ACTION_CLASS,COLUMN_DEFINITION_ID,MENU_ID,COLUMN_NAME_JA,COLUMN_NAME_EN,COLUMN_NAME_REST,COL_GROUP_ID,COLUMN_CLASS,COLUMN_DISP_SEQ,REF_TABLE_NAME,REF_PKEY_NAME,REF_COL_NAME,REF_SORT_CONDITIONS,REF_MULTI_LANG,SENSITIVE_COL_NAME,FILE_UPLOAD_PLACE,COL_NAME,SAVE_TYPE,AUTO_INPUT,INPUT_ITEM,VIEW_ITEM,UNIQUE_ITEM,REQUIRED_ITEM,AUTOREG_HIDE_ITEM,AUTOREG_ONLY_ITEM,INITIAL_VALUE,VALIDATE_OPTION,BEFORE_VALIDATE_REGISTER,AFTER_VALIDATE_REGISTER,DESCRIPTION_JA,DESCRIPTION_EN,NOTE,DISUSE_FLAG,LAST_UPDATE_TIMESTAMP,LAST_UPDATE_USER) VALUES(1070804,_____DATE_____,'INSERT','1070804','10708','インスタンス元の設定','Instance source settings','instance_source_settings',NULL,'19',40,NULL,NULL,NULL,NULL,NULL,NULL,NULL,'I_CLASS_JSON',NULL,'0','1','1','0','0','0','0',NULL,NULL,NULL,NULL,NULL,NULL,NULL,'0',_____DATE_____,1);
INSERT INTO T_COMN_MENU_COLUMN_LINK (COLUMN_DEFINITION_ID,MENU_ID,COLUMN_NAME_JA,COLUMN_NAME_EN,COLUMN_NAME_REST,COL_GROUP_ID,COLUMN_CLASS,COLUMN_DISP_SEQ,REF_TABLE_NAME,REF_PKEY_NAME,REF_COL_NAME,REF_SORT_CONDITIONS,REF_MULTI_LANG,SENSITIVE_COL_NAME,FILE_UPLOAD_PLACE,COL_NAME,SAVE_TYPE,AUTO_INPUT,INPUT_ITEM,VIEW_ITEM,UNIQUE_ITEM,REQUIRED_ITEM,AUTOREG_HIDE_ITEM,AUTOREG_ONLY_ITEM,INITIAL_VALUE,VALIDATE_OPTION,BEFORE_VALIDATE_REGISTER,AFTER_VALIDATE_REGISTER,DESCRIPTION_JA,DESCRIPTION_EN,NOTE,DISUSE_FLAG,LAST_UPDATE_TIMESTAMP,LAST_UPDATE_USER) VALUES('1070805','10708','インスタンス元の備考','Instance source Remarks','instance_source_remarks',NULL,'2',50,NULL,NULL,NULL,NULL,NULL,NULL,NULL,'I_NOTE',NULL,'0','1','1','0','0','0','0',NULL,NULL,NULL,NULL,NULL,NULL,NULL,'0',_____DATE_____,1);
INSERT INTO T_COMN_MENU_COLUMN_LINK_JNL (JOURNAL_SEQ_NO,JOURNAL_REG_DATETIME,JOURNAL_ACTION_CLASS,COLUMN_DEFINITION_ID,MENU_ID,COLUMN_NAME_JA,COLUMN_NAME_EN,COLUMN_NAME_REST,COL_GROUP_ID,COLUMN_CLASS,COLUMN_DISP_SEQ,REF_TABLE_NAME,REF_PKEY_NAME,REF_COL_NAME,REF_SORT_CONDITIONS,REF_MULTI_LANG,SENSITIVE_COL_NAME,FILE_UPLOAD_PLACE,COL_NAME,SAVE_TYPE,AUTO_INPUT,INPUT_ITEM,VIEW_ITEM,UNIQUE_ITEM,REQUIRED_ITEM,AUTOREG_HIDE_ITEM,AUTOREG_ONLY_ITEM,INITIAL_VALUE,VALIDATE_OPTION,BEFORE_VALIDATE_REGISTER,AFTER_VALIDATE_REGISTER,DESCRIPTION_JA,DESCRIPTION_EN,NOTE,DISUSE_FLAG,LAST_UPDATE_TIMESTAMP,LAST_UPDATE_USER) VALUES(1070805,_____DATE_____,'INSERT','1070805','10708','インスタンス元の備考','Instance source Remarks','instance_source_remarks',NULL,'2',50,NULL,NULL,NULL,NULL,NULL,NULL,NULL,'I_NOTE',NULL,'0','1','1','0','0','0','0',NULL,NULL,NULL,NULL,NULL,NULL,NULL,'0',_____DATE_____,1);
INSERT INTO T_COMN_MENU_COLUMN_LINK (COLUMN_DEFINITION_ID,MENU_ID,COLUMN_NAME_JA,COLUMN_NAME_EN,COLUMN_NAME_REST,COL_GROUP_ID,COLUMN_CLASS,COLUMN_DISP_SEQ,REF_TABLE_NAME,REF_PKEY_NAME,REF_COL_NAME,REF_SORT_CONDITIONS,REF_MULTI_LANG,SENSITIVE_COL_NAME,FILE_UPLOAD_PLACE,COL_NAME,SAVE_TYPE,AUTO_INPUT,INPUT_ITEM,VIEW_ITEM,UNIQUE_ITEM,REQUIRED_ITEM,AUTOREG_HIDE_ITEM,AUTOREG_ONLY_ITEM,INITIAL_VALUE,VALIDATE_OPTION,BEFORE_VALIDATE_REGISTER,AFTER_VALIDATE_REGISTER,DESCRIPTION_JA,DESCRIPTION_EN,NOTE,DISUSE_FLAG,LAST_UPDATE_TIMESTAMP,LAST_UPDATE_USER) VALUES('1070806','10708','クラス設定','Class settings','class_settings',NULL,'19',60,NULL,NULL,NULL,NULL,NULL,NULL,NULL,'CLASS_JSON',NULL,'0','1','1','0','0','0','0',NULL,NULL,NULL,NULL,NULL,NULL,NULL,'0',_____DATE_____,1);
INSERT INTO T_COMN_MENU_COLUMN_LINK_JNL (JOURNAL_SEQ_NO,JOURNAL_REG_DATETIME,JOURNAL_ACTION_CLASS,COLUMN_DEFINITION_ID,MENU_ID,COLUMN_NAME_JA,COLUMN_NAME_EN,COLUMN_NAME_REST,COL_GROUP_ID,COLUMN_CLASS,COLUMN_DISP_SEQ,REF_TABLE_NAME,REF_PKEY_NAME,REF_COL_NAME,REF_SORT_CONDITIONS,REF_MULTI_LANG,SENSITIVE_COL_NAME,FILE_UPLOAD_PLACE,COL_NAME,SAVE_TYPE,AUTO_INPUT,INPUT_ITEM,VIEW_ITEM,UNIQUE_ITEM,REQUIRED_ITEM,AUTOREG_HIDE_ITEM,AUTOREG_ONLY_ITEM,INITIAL_VALUE,VALIDATE_OPTION,BEFORE_VALIDATE_REGISTER,AFTER_VALIDATE_REGISTER,DESCRIPTION_JA,DESCRIPTION_EN,NOTE,DISUSE_FLAG,LAST_UPDATE_TIMESTAMP,LAST_UPDATE_USER) VALUES(1070806,_____DATE_____,'INSERT','1070806','10708','クラス設定','Class settings','class_settings',NULL,'19',60,NULL,NULL,NULL,NULL,NULL,NULL,NULL,'CLASS_JSON',NULL,'0','1','1','0','0','0','0',NULL,NULL,NULL,NULL,NULL,NULL,NULL,'0',_____DATE_____,1);
INSERT INTO T_COMN_MENU_COLUMN_LINK (COLUMN_DEFINITION_ID,MENU_ID,COLUMN_NAME_JA,COLUMN_NAME_EN,COLUMN_NAME_REST,COL_GROUP_ID,COLUMN_CLASS,COLUMN_DISP_SEQ,REF_TABLE_NAME,REF_PKEY_NAME,REF_COL_NAME,REF_SORT_CONDITIONS,REF_MULTI_LANG,SENSITIVE_COL_NAME,FILE_UPLOAD_PLACE,COL_NAME,SAVE_TYPE,AUTO_INPUT,INPUT_ITEM,VIEW_ITEM,UNIQUE_ITEM,REQUIRED_ITEM,AUTOREG_HIDE_ITEM,AUTOREG_ONLY_ITEM,INITIAL_VALUE,VALIDATE_OPTION,BEFORE_VALIDATE_REGISTER,AFTER_VALIDATE_REGISTER,DESCRIPTION_JA,DESCRIPTION_EN,NOTE,DISUSE_FLAG,LAST_UPDATE_TIMESTAMP,LAST_UPDATE_USER) VALUES('1070807','10708','オペレーションID','Operation ID','operation_id',NULL,'1',70,NULL,NULL,NULL,NULL,NULL,NULL,NULL,'OPERATION_ID',NULL,'0','1','1','0','0','0','0',NULL,'{
"min_length": 0,
"max_length": 40
}',NULL,NULL,'[最大長]40バイト','[Maximum length] 40 byte',NULL,'0',_____DATE_____,1);
INSERT INTO T_COMN_MENU_COLUMN_LINK_JNL (JOURNAL_SEQ_NO,JOURNAL_REG_DATETIME,JOURNAL_ACTION_CLASS,COLUMN_DEFINITION_ID,MENU_ID,COLUMN_NAME_JA,COLUMN_NAME_EN,COLUMN_NAME_REST,COL_GROUP_ID,COLUMN_CLASS,COLUMN_DISP_SEQ,REF_TABLE_NAME,REF_PKEY_NAME,REF_COL_NAME,REF_SORT_CONDITIONS,REF_MULTI_LANG,SENSITIVE_COL_NAME,FILE_UPLOAD_PLACE,COL_NAME,SAVE_TYPE,AUTO_INPUT,INPUT_ITEM,VIEW_ITEM,UNIQUE_ITEM,REQUIRED_ITEM,AUTOREG_HIDE_ITEM,AUTOREG_ONLY_ITEM,INITIAL_VALUE,VALIDATE_OPTION,BEFORE_VALIDATE_REGISTER,AFTER_VALIDATE_REGISTER,DESCRIPTION_JA,DESCRIPTION_EN,NOTE,DISUSE_FLAG,LAST_UPDATE_TIMESTAMP,LAST_UPDATE_USER) VALUES(1070807,_____DATE_____,'INSERT','1070807','10708','オペレーションID','Operation ID','operation_id',NULL,'1',70,NULL,NULL,NULL,NULL,NULL,NULL,NULL,'OPERATION_ID',NULL,'0','1','1','0','0','0','0',NULL,'{
"min_length": 0,
"max_length": 40
}',NULL,NULL,'[最大長]40バイト','[Maximum length] 40 byte',NULL,'0',_____DATE_____,1);
INSERT INTO T_COMN_MENU_COLUMN_LINK (COLUMN_DEFINITION_ID,MENU_ID,COLUMN_NAME_JA,COLUMN_NAME_EN,COLUMN_NAME_REST,COL_GROUP_ID,COLUMN_CLASS,COLUMN_DISP_SEQ,REF_TABLE_NAME,REF_PKEY_NAME,REF_COL_NAME,REF_SORT_CONDITIONS,REF_MULTI_LANG,SENSITIVE_COL_NAME,FILE_UPLOAD_PLACE,COL_NAME,SAVE_TYPE,AUTO_INPUT,INPUT_ITEM,VIEW_ITEM,UNIQUE_ITEM,REQUIRED_ITEM,AUTOREG_HIDE_ITEM,AUTOREG_ONLY_ITEM,INITIAL_VALUE,VALIDATE_OPTION,BEFORE_VALIDATE_REGISTER,AFTER_VALIDATE_REGISTER,DESCRIPTION_JA,DESCRIPTION_EN,NOTE,DISUSE_FLAG,LAST_UPDATE_TIMESTAMP,LAST_UPDATE_USER) VALUES('1070808','10708','実行時のオペレーション名','Operation name','operation_name',NULL,'1',80,NULL,NULL,NULL,NULL,NULL,NULL,NULL,'I_OPERATION_NAME',NULL,'0','1','1','0','0','0','0',NULL,'{
"min_length": 0,
"max_length": 255
}',NULL,NULL,'[最大長]255バイト','[Maximum length] 255 byte',NULL,'0',_____DATE_____,1);
INSERT INTO T_COMN_MENU_COLUMN_LINK_JNL (JOURNAL_SEQ_NO,JOURNAL_REG_DATETIME,JOURNAL_ACTION_CLASS,COLUMN_DEFINITION_ID,MENU_ID,COLUMN_NAME_JA,COLUMN_NAME_EN,COLUMN_NAME_REST,COL_GROUP_ID,COLUMN_CLASS,COLUMN_DISP_SEQ,REF_TABLE_NAME,REF_PKEY_NAME,REF_COL_NAME,REF_SORT_CONDITIONS,REF_MULTI_LANG,SENSITIVE_COL_NAME,FILE_UPLOAD_PLACE,COL_NAME,SAVE_TYPE,AUTO_INPUT,INPUT_ITEM,VIEW_ITEM,UNIQUE_ITEM,REQUIRED_ITEM,AUTOREG_HIDE_ITEM,AUTOREG_ONLY_ITEM,INITIAL_VALUE,VALIDATE_OPTION,BEFORE_VALIDATE_REGISTER,AFTER_VALIDATE_REGISTER,DESCRIPTION_JA,DESCRIPTION_EN,NOTE,DISUSE_FLAG,LAST_UPDATE_TIMESTAMP,LAST_UPDATE_USER) VALUES(1070808,_____DATE_____,'INSERT','1070808','10708','実行時のオペレーション名','Operation name','operation_name',NULL,'1',80,NULL,NULL,NULL,NULL,NULL,NULL,NULL,'I_OPERATION_NAME',NULL,'0','1','1','0','0','0','0',NULL,'{
"min_length": 0,
"max_length": 255
}',NULL,NULL,'[最大長]255バイト','[Maximum length] 255 byte',NULL,'0',_____DATE_____,1);
INSERT INTO T_COMN_MENU_COLUMN_LINK (COLUMN_DEFINITION_ID,MENU_ID,COLUMN_NAME_JA,COLUMN_NAME_EN,COLUMN_NAME_REST,COL_GROUP_ID,COLUMN_CLASS,COLUMN_DISP_SEQ,REF_TABLE_NAME,REF_PKEY_NAME,REF_COL_NAME,REF_SORT_CONDITIONS,REF_MULTI_LANG,SENSITIVE_COL_NAME,FILE_UPLOAD_PLACE,COL_NAME,SAVE_TYPE,AUTO_INPUT,INPUT_ITEM,VIEW_ITEM,UNIQUE_ITEM,REQUIRED_ITEM,AUTOREG_HIDE_ITEM,AUTOREG_ONLY_ITEM,INITIAL_VALUE,VALIDATE_OPTION,BEFORE_VALIDATE_REGISTER,AFTER_VALIDATE_REGISTER,DESCRIPTION_JA,DESCRIPTION_EN,NOTE,DISUSE_FLAG,LAST_UPDATE_TIMESTAMP,LAST_UPDATE_USER) VALUES('1070809','10708','作業実行ユーザー','Execution user','execution_user',NULL,'1',90,NULL,NULL,NULL,NULL,NULL,NULL,NULL,'EXECUTION_USER',NULL,'0','1','1','0','0','0','0',NULL,'{
"min_length": 0,
"max_length": 255
}',NULL,NULL,'[最大長]255バイト','[Maximum length] 255 byte',NULL,'0',_____DATE_____,1);
INSERT INTO T_COMN_MENU_COLUMN_LINK_JNL (JOURNAL_SEQ_NO,JOURNAL_REG_DATETIME,JOURNAL_ACTION_CLASS,COLUMN_DEFINITION_ID,MENU_ID,COLUMN_NAME_JA,COLUMN_NAME_EN,COLUMN_NAME_REST,COL_GROUP_ID,COLUMN_CLASS,COLUMN_DISP_SEQ,REF_TABLE_NAME,REF_PKEY_NAME,REF_COL_NAME,REF_SORT_CONDITIONS,REF_MULTI_LANG,SENSITIVE_COL_NAME,FILE_UPLOAD_PLACE,COL_NAME,SAVE_TYPE,AUTO_INPUT,INPUT_ITEM,VIEW_ITEM,UNIQUE_ITEM,REQUIRED_ITEM,AUTOREG_HIDE_ITEM,AUTOREG_ONLY_ITEM,INITIAL_VALUE,VALIDATE_OPTION,BEFORE_VALIDATE_REGISTER,AFTER_VALIDATE_REGISTER,DESCRIPTION_JA,DESCRIPTION_EN,NOTE,DISUSE_FLAG,LAST_UPDATE_TIMESTAMP,LAST_UPDATE_USER) VALUES(1070809,_____DATE_____,'INSERT','1070809','10708','作業実行ユーザー','Execution user','execution_user',NULL,'1',90,NULL,NULL,NULL,NULL,NULL,NULL,NULL,'EXECUTION_USER',NULL,'0','1','1','0','0','0','0',NULL,'{
"min_length": 0,
"max_length": 255
}',NULL,NULL,'[最大長]255バイト','[Maximum length] 255 byte',NULL,'0',_____DATE_____,1);
INSERT INTO T_COMN_MENU_COLUMN_LINK (COLUMN_DEFINITION_ID,MENU_ID,COLUMN_NAME_JA,COLUMN_NAME_EN,COLUMN_NAME_REST,COL_GROUP_ID,COLUMN_CLASS,COLUMN_DISP_SEQ,REF_TABLE_NAME,REF_PKEY_NAME,REF_COL_NAME,REF_SORT_CONDITIONS,REF_MULTI_LANG,SENSITIVE_COL_NAME,FILE_UPLOAD_PLACE,COL_NAME,SAVE_TYPE,AUTO_INPUT,INPUT_ITEM,VIEW_ITEM,UNIQUE_ITEM,REQUIRED_ITEM,AUTOREG_HIDE_ITEM,AUTOREG_ONLY_ITEM,INITIAL_VALUE,VALIDATE_OPTION,BEFORE_VALIDATE_REGISTER,AFTER_VALIDATE_REGISTER,DESCRIPTION_JA,DESCRIPTION_EN,NOTE,DISUSE_FLAG,LAST_UPDATE_TIMESTAMP,LAST_UPDATE_USER) VALUES('1070810','10708','親ConductorインスタンスID','Parent Conductor instance ID','parent_conductor_instance_id',NULL,'1',100,NULL,NULL,NULL,NULL,NULL,NULL,NULL,'PARENT_CONDUCTOR_INSTANCE_ID',NULL,'0','1','1','0','0','0','0',NULL,'{
"min_length": 0,
"max_length": 40
}',NULL,NULL,'[最大長]40バイト','[Maximum length] 40 byte',NULL,'0',_____DATE_____,1);
INSERT INTO T_COMN_MENU_COLUMN_LINK_JNL (JOURNAL_SEQ_NO,JOURNAL_REG_DATETIME,JOURNAL_ACTION_CLASS,COLUMN_DEFINITION_ID,MENU_ID,COLUMN_NAME_JA,COLUMN_NAME_EN,COLUMN_NAME_REST,COL_GROUP_ID,COLUMN_CLASS,COLUMN_DISP_SEQ,REF_TABLE_NAME,REF_PKEY_NAME,REF_COL_NAME,REF_SORT_CONDITIONS,REF_MULTI_LANG,SENSITIVE_COL_NAME,FILE_UPLOAD_PLACE,COL_NAME,SAVE_TYPE,AUTO_INPUT,INPUT_ITEM,VIEW_ITEM,UNIQUE_ITEM,REQUIRED_ITEM,AUTOREG_HIDE_ITEM,AUTOREG_ONLY_ITEM,INITIAL_VALUE,VALIDATE_OPTION,BEFORE_VALIDATE_REGISTER,AFTER_VALIDATE_REGISTER,DESCRIPTION_JA,DESCRIPTION_EN,NOTE,DISUSE_FLAG,LAST_UPDATE_TIMESTAMP,LAST_UPDATE_USER) VALUES(1070810,_____DATE_____,'INSERT','1070810','10708','親ConductorインスタンスID','Parent Conductor instance ID','parent_conductor_instance_id',NULL,'1',100,NULL,NULL,NULL,NULL,NULL,NULL,NULL,'PARENT_CONDUCTOR_INSTANCE_ID',NULL,'0','1','1','0','0','0','0',NULL,'{
"min_length": 0,
"max_length": 40
}',NULL,NULL,'[最大長]40バイト','[Maximum length] 40 byte',NULL,'0',_____DATE_____,1);
INSERT INTO T_COMN_MENU_COLUMN_LINK (COLUMN_DEFINITION_ID,MENU_ID,COLUMN_NAME_JA,COLUMN_NAME_EN,COLUMN_NAME_REST,COL_GROUP_ID,COLUMN_CLASS,COLUMN_DISP_SEQ,REF_TABLE_NAME,REF_PKEY_NAME,REF_COL_NAME,REF_SORT_CONDITIONS,REF_MULTI_LANG,SENSITIVE_COL_NAME,FILE_UPLOAD_PLACE,COL_NAME,SAVE_TYPE,AUTO_INPUT,INPUT_ITEM,VIEW_ITEM,UNIQUE_ITEM,REQUIRED_ITEM,AUTOREG_HIDE_ITEM,AUTOREG_ONLY_ITEM,INITIAL_VALUE,VALIDATE_OPTION,BEFORE_VALIDATE_REGISTER,AFTER_VALIDATE_REGISTER,DESCRIPTION_JA,DESCRIPTION_EN,NOTE,DISUSE_FLAG,LAST_UPDATE_TIMESTAMP,LAST_UPDATE_USER) VALUES('1070811','10708','親Conductorインスタンス名','Parent Conductor instance Name','parent_conductor_instance_name',NULL,'1',110,NULL,NULL,NULL,NULL,NULL,NULL,NULL,'PARENT_CONDUCTOR_INSTANCE_NAME',NULL,'0','1','1','0','0','0','0',NULL,'{
"min_length": 0,
"max_length": 255
}',NULL,NULL,'[最大長]255バイト','[Maximum length] 255 byte',NULL,'0',_____DATE_____,1);
INSERT INTO T_COMN_MENU_COLUMN_LINK_JNL (JOURNAL_SEQ_NO,JOURNAL_REG_DATETIME,JOURNAL_ACTION_CLASS,COLUMN_DEFINITION_ID,MENU_ID,COLUMN_NAME_JA,COLUMN_NAME_EN,COLUMN_NAME_REST,COL_GROUP_ID,COLUMN_CLASS,COLUMN_DISP_SEQ,REF_TABLE_NAME,REF_PKEY_NAME,REF_COL_NAME,REF_SORT_CONDITIONS,REF_MULTI_LANG,SENSITIVE_COL_NAME,FILE_UPLOAD_PLACE,COL_NAME,SAVE_TYPE,AUTO_INPUT,INPUT_ITEM,VIEW_ITEM,UNIQUE_ITEM,REQUIRED_ITEM,AUTOREG_HIDE_ITEM,AUTOREG_ONLY_ITEM,INITIAL_VALUE,VALIDATE_OPTION,BEFORE_VALIDATE_REGISTER,AFTER_VALIDATE_REGISTER,DESCRIPTION_JA,DESCRIPTION_EN,NOTE,DISUSE_FLAG,LAST_UPDATE_TIMESTAMP,LAST_UPDATE_USER) VALUES(1070811,_____DATE_____,'INSERT','1070811','10708','親Conductorインスタンス名','Parent Conductor instance Name','parent_conductor_instance_name',NULL,'1',110,NULL,NULL,NULL,NULL,NULL,NULL,NULL,'PARENT_CONDUCTOR_INSTANCE_NAME',NULL,'0','1','1','0','0','0','0',NULL,'{
"min_length": 0,
"max_length": 255
}',NULL,NULL,'[最大長]255バイト','[Maximum length] 255 byte',NULL,'0',_____DATE_____,1);
INSERT INTO T_COMN_MENU_COLUMN_LINK (COLUMN_DEFINITION_ID,MENU_ID,COLUMN_NAME_JA,COLUMN_NAME_EN,COLUMN_NAME_REST,COL_GROUP_ID,COLUMN_CLASS,COLUMN_DISP_SEQ,REF_TABLE_NAME,REF_PKEY_NAME,REF_COL_NAME,REF_SORT_CONDITIONS,REF_MULTI_LANG,SENSITIVE_COL_NAME,FILE_UPLOAD_PLACE,COL_NAME,SAVE_TYPE,AUTO_INPUT,INPUT_ITEM,VIEW_ITEM,UNIQUE_ITEM,REQUIRED_ITEM,AUTOREG_HIDE_ITEM,AUTOREG_ONLY_ITEM,INITIAL_VALUE,VALIDATE_OPTION,BEFORE_VALIDATE_REGISTER,AFTER_VALIDATE_REGISTER,DESCRIPTION_JA,DESCRIPTION_EN,NOTE,DISUSE_FLAG,LAST_UPDATE_TIMESTAMP,LAST_UPDATE_USER) VALUES('1070812','10708','通知設定','Notice info','notice_info',NULL,'19',120,NULL,NULL,NULL,NULL,NULL,NULL,NULL,'NOTICE_INFO',NULL,'0','1','1','0','0','0','0',NULL,NULL,NULL,NULL,NULL,NULL,NULL,'0',_____DATE_____,1);
INSERT INTO T_COMN_MENU_COLUMN_LINK_JNL (JOURNAL_SEQ_NO,JOURNAL_REG_DATETIME,JOURNAL_ACTION_CLASS,COLUMN_DEFINITION_ID,MENU_ID,COLUMN_NAME_JA,COLUMN_NAME_EN,COLUMN_NAME_REST,COL_GROUP_ID,COLUMN_CLASS,COLUMN_DISP_SEQ,REF_TABLE_NAME,REF_PKEY_NAME,REF_COL_NAME,REF_SORT_CONDITIONS,REF_MULTI_LANG,SENSITIVE_COL_NAME,FILE_UPLOAD_PLACE,COL_NAME,SAVE_TYPE,AUTO_INPUT,INPUT_ITEM,VIEW_ITEM,UNIQUE_ITEM,REQUIRED_ITEM,AUTOREG_HIDE_ITEM,AUTOREG_ONLY_ITEM,INITIAL_VALUE,VALIDATE_OPTION,BEFORE_VALIDATE_REGISTER,AFTER_VALIDATE_REGISTER,DESCRIPTION_JA,DESCRIPTION_EN,NOTE,DISUSE_FLAG,LAST_UPDATE_TIMESTAMP,LAST_UPDATE_USER) VALUES(1070812,_____DATE_____,'INSERT','1070812','10708','通知設定','Notice info','notice_info',NULL,'19',120,NULL,NULL,NULL,NULL,NULL,NULL,NULL,'NOTICE_INFO',NULL,'0','1','1','0','0','0','0',NULL,NULL,NULL,NULL,NULL,NULL,NULL,'0',_____DATE_____,1);
INSERT INTO T_COMN_MENU_COLUMN_LINK (COLUMN_DEFINITION_ID,MENU_ID,COLUMN_NAME_JA,COLUMN_NAME_EN,COLUMN_NAME_REST,COL_GROUP_ID,COLUMN_CLASS,COLUMN_DISP_SEQ,REF_TABLE_NAME,REF_PKEY_NAME,REF_COL_NAME,REF_SORT_CONDITIONS,REF_MULTI_LANG,SENSITIVE_COL_NAME,FILE_UPLOAD_PLACE,COL_NAME,SAVE_TYPE,AUTO_INPUT,INPUT_ITEM,VIEW_ITEM,UNIQUE_ITEM,REQUIRED_ITEM,AUTOREG_HIDE_ITEM,AUTOREG_ONLY_ITEM,INITIAL_VALUE,VALIDATE_OPTION,BEFORE_VALIDATE_REGISTER,AFTER_VALIDATE_REGISTER,DESCRIPTION_JA,DESCRIPTION_EN,NOTE,DISUSE_FLAG,LAST_UPDATE_TIMESTAMP,LAST_UPDATE_USER) VALUES('1070813','10708','通知定義','Notice definition','notice_definition',NULL,'19',130,NULL,NULL,NULL,NULL,NULL,NULL,NULL,'NOTICE_DEFINITION',NULL,'0','1','1','0','0','0','0',NULL,NULL,NULL,NULL,NULL,NULL,NULL,'0',_____DATE_____,1);
INSERT INTO T_COMN_MENU_COLUMN_LINK_JNL (JOURNAL_SEQ_NO,JOURNAL_REG_DATETIME,JOURNAL_ACTION_CLASS,COLUMN_DEFINITION_ID,MENU_ID,COLUMN_NAME_JA,COLUMN_NAME_EN,COLUMN_NAME_REST,COL_GROUP_ID,COLUMN_CLASS,COLUMN_DISP_SEQ,REF_TABLE_NAME,REF_PKEY_NAME,REF_COL_NAME,REF_SORT_CONDITIONS,REF_MULTI_LANG,SENSITIVE_COL_NAME,FILE_UPLOAD_PLACE,COL_NAME,SAVE_TYPE,AUTO_INPUT,INPUT_ITEM,VIEW_ITEM,UNIQUE_ITEM,REQUIRED_ITEM,AUTOREG_HIDE_ITEM,AUTOREG_ONLY_ITEM,INITIAL_VALUE,VALIDATE_OPTION,BEFORE_VALIDATE_REGISTER,AFTER_VALIDATE_REGISTER,DESCRIPTION_JA,DESCRIPTION_EN,NOTE,DISUSE_FLAG,LAST_UPDATE_TIMESTAMP,LAST_UPDATE_USER) VALUES(1070813,_____DATE_____,'INSERT','1070813','10708','通知定義','Notice definition','notice_definition',NULL,'19',130,NULL,NULL,NULL,NULL,NULL,NULL,NULL,'NOTICE_DEFINITION',NULL,'0','1','1','0','0','0','0',NULL,NULL,NULL,NULL,NULL,NULL,NULL,'0',_____DATE_____,1);
INSERT INTO T_COMN_MENU_COLUMN_LINK (COLUMN_DEFINITION_ID,MENU_ID,COLUMN_NAME_JA,COLUMN_NAME_EN,COLUMN_NAME_REST,COL_GROUP_ID,COLUMN_CLASS,COLUMN_DISP_SEQ,REF_TABLE_NAME,REF_PKEY_NAME,REF_COL_NAME,REF_SORT_CONDITIONS,REF_MULTI_LANG,SENSITIVE_COL_NAME,FILE_UPLOAD_PLACE,COL_NAME,SAVE_TYPE,AUTO_INPUT,INPUT_ITEM,VIEW_ITEM,UNIQUE_ITEM,REQUIRED_ITEM,AUTOREG_HIDE_ITEM,AUTOREG_ONLY_ITEM,INITIAL_VALUE,VALIDATE_OPTION,BEFORE_VALIDATE_REGISTER,AFTER_VALIDATE_REGISTER,DESCRIPTION_JA,DESCRIPTION_EN,NOTE,DISUSE_FLAG,LAST_UPDATE_TIMESTAMP,LAST_UPDATE_USER) VALUES('1070814','10708','ステータスID','Status ID','status_id',NULL,'7',140,'T_COMN_CONDUCTOR_STATUS','STATUS_ID','STATUS_NAME',NULL,'1',NULL,NULL,'STATUS_ID',NULL,'0','1','1','0','0','0','0',NULL,NULL,NULL,NULL,'ステータスには以下の状態が存在します。
・未実行
・未実行(予約)
・実行中
・実行中(遅延)
・一時停止
・正常終了
・異常終了
・警告終了
・緊急停止
・予約取消
・想定外エラー','The following status states exist. 
・Unexecuted
・Unexecuted (schedule)
・Executing
・Executing (delay)
・Pause
・Normal end
・Abend
・Warning end
・Emergency stop
・Schedule cancellation
・Unexpected error',NULL,'0',_____DATE_____,1);
INSERT INTO T_COMN_MENU_COLUMN_LINK_JNL (JOURNAL_SEQ_NO,JOURNAL_REG_DATETIME,JOURNAL_ACTION_CLASS,COLUMN_DEFINITION_ID,MENU_ID,COLUMN_NAME_JA,COLUMN_NAME_EN,COLUMN_NAME_REST,COL_GROUP_ID,COLUMN_CLASS,COLUMN_DISP_SEQ,REF_TABLE_NAME,REF_PKEY_NAME,REF_COL_NAME,REF_SORT_CONDITIONS,REF_MULTI_LANG,SENSITIVE_COL_NAME,FILE_UPLOAD_PLACE,COL_NAME,SAVE_TYPE,AUTO_INPUT,INPUT_ITEM,VIEW_ITEM,UNIQUE_ITEM,REQUIRED_ITEM,AUTOREG_HIDE_ITEM,AUTOREG_ONLY_ITEM,INITIAL_VALUE,VALIDATE_OPTION,BEFORE_VALIDATE_REGISTER,AFTER_VALIDATE_REGISTER,DESCRIPTION_JA,DESCRIPTION_EN,NOTE,DISUSE_FLAG,LAST_UPDATE_TIMESTAMP,LAST_UPDATE_USER) VALUES(1070814,_____DATE_____,'INSERT','1070814','10708','ステータスID','Status ID','status_id',NULL,'7',140,'T_COMN_CONDUCTOR_STATUS','STATUS_ID','STATUS_NAME',NULL,'1',NULL,NULL,'STATUS_ID',NULL,'0','1','1','0','0','0','0',NULL,NULL,NULL,NULL,'ステータスには以下の状態が存在します。
・未実行
・未実行(予約)
・実行中
・実行中(遅延)
・一時停止
・正常終了
・異常終了
・警告終了
・緊急停止
・予約取消
・想定外エラー','The following status states exist. 
・Unexecuted
・Unexecuted (schedule)
・Executing
・Executing (delay)
・Pause
・Normal end
・Abend
・Warning end
・Emergency stop
・Schedule cancellation
・Unexpected error',NULL,'0',_____DATE_____,1);
INSERT INTO T_COMN_MENU_COLUMN_LINK (COLUMN_DEFINITION_ID,MENU_ID,COLUMN_NAME_JA,COLUMN_NAME_EN,COLUMN_NAME_REST,COL_GROUP_ID,COLUMN_CLASS,COLUMN_DISP_SEQ,REF_TABLE_NAME,REF_PKEY_NAME,REF_COL_NAME,REF_SORT_CONDITIONS,REF_MULTI_LANG,SENSITIVE_COL_NAME,FILE_UPLOAD_PLACE,COL_NAME,SAVE_TYPE,AUTO_INPUT,INPUT_ITEM,VIEW_ITEM,UNIQUE_ITEM,REQUIRED_ITEM,AUTOREG_HIDE_ITEM,AUTOREG_ONLY_ITEM,INITIAL_VALUE,VALIDATE_OPTION,BEFORE_VALIDATE_REGISTER,AFTER_VALIDATE_REGISTER,DESCRIPTION_JA,DESCRIPTION_EN,NOTE,DISUSE_FLAG,LAST_UPDATE_TIMESTAMP,LAST_UPDATE_USER) VALUES('1070815','10708','緊急停止フラグ','Abort execute flag','abort_execute_flag',NULL,'1',150,NULL,NULL,NULL,NULL,NULL,NULL,NULL,'ABORT_EXECUTE_FLAG',NULL,'0','1','1','0','0','0','0',NULL,NULL,NULL,NULL,NULL,NULL,NULL,'0',_____DATE_____,1);
INSERT INTO T_COMN_MENU_COLUMN_LINK_JNL (JOURNAL_SEQ_NO,JOURNAL_REG_DATETIME,JOURNAL_ACTION_CLASS,COLUMN_DEFINITION_ID,MENU_ID,COLUMN_NAME_JA,COLUMN_NAME_EN,COLUMN_NAME_REST,COL_GROUP_ID,COLUMN_CLASS,COLUMN_DISP_SEQ,REF_TABLE_NAME,REF_PKEY_NAME,REF_COL_NAME,REF_SORT_CONDITIONS,REF_MULTI_LANG,SENSITIVE_COL_NAME,FILE_UPLOAD_PLACE,COL_NAME,SAVE_TYPE,AUTO_INPUT,INPUT_ITEM,VIEW_ITEM,UNIQUE_ITEM,REQUIRED_ITEM,AUTOREG_HIDE_ITEM,AUTOREG_ONLY_ITEM,INITIAL_VALUE,VALIDATE_OPTION,BEFORE_VALIDATE_REGISTER,AFTER_VALIDATE_REGISTER,DESCRIPTION_JA,DESCRIPTION_EN,NOTE,DISUSE_FLAG,LAST_UPDATE_TIMESTAMP,LAST_UPDATE_USER) VALUES(1070815,_____DATE_____,'INSERT','1070815','10708','緊急停止フラグ','Abort execute flag','abort_execute_flag',NULL,'1',150,NULL,NULL,NULL,NULL,NULL,NULL,NULL,'ABORT_EXECUTE_FLAG',NULL,'0','1','1','0','0','0','0',NULL,NULL,NULL,NULL,NULL,NULL,NULL,'0',_____DATE_____,1);
INSERT INTO T_COMN_MENU_COLUMN_LINK (COLUMN_DEFINITION_ID,MENU_ID,COLUMN_NAME_JA,COLUMN_NAME_EN,COLUMN_NAME_REST,COL_GROUP_ID,COLUMN_CLASS,COLUMN_DISP_SEQ,REF_TABLE_NAME,REF_PKEY_NAME,REF_COL_NAME,REF_SORT_CONDITIONS,REF_MULTI_LANG,SENSITIVE_COL_NAME,FILE_UPLOAD_PLACE,COL_NAME,SAVE_TYPE,AUTO_INPUT,INPUT_ITEM,VIEW_ITEM,UNIQUE_ITEM,REQUIRED_ITEM,AUTOREG_HIDE_ITEM,AUTOREG_ONLY_ITEM,INITIAL_VALUE,VALIDATE_OPTION,BEFORE_VALIDATE_REGISTER,AFTER_VALIDATE_REGISTER,DESCRIPTION_JA,DESCRIPTION_EN,NOTE,DISUSE_FLAG,LAST_UPDATE_TIMESTAMP,LAST_UPDATE_USER) VALUES('1070816','10708','予約日時','Time book','time_book',NULL,'5',160,NULL,NULL,NULL,NULL,NULL,NULL,NULL,'TIME_BOOK',NULL,'0','1','1','0','0','0','0',NULL,NULL,NULL,NULL,NULL,NULL,NULL,'0',_____DATE_____,1);
INSERT INTO T_COMN_MENU_COLUMN_LINK_JNL (JOURNAL_SEQ_NO,JOURNAL_REG_DATETIME,JOURNAL_ACTION_CLASS,COLUMN_DEFINITION_ID,MENU_ID,COLUMN_NAME_JA,COLUMN_NAME_EN,COLUMN_NAME_REST,COL_GROUP_ID,COLUMN_CLASS,COLUMN_DISP_SEQ,REF_TABLE_NAME,REF_PKEY_NAME,REF_COL_NAME,REF_SORT_CONDITIONS,REF_MULTI_LANG,SENSITIVE_COL_NAME,FILE_UPLOAD_PLACE,COL_NAME,SAVE_TYPE,AUTO_INPUT,INPUT_ITEM,VIEW_ITEM,UNIQUE_ITEM,REQUIRED_ITEM,AUTOREG_HIDE_ITEM,AUTOREG_ONLY_ITEM,INITIAL_VALUE,VALIDATE_OPTION,BEFORE_VALIDATE_REGISTER,AFTER_VALIDATE_REGISTER,DESCRIPTION_JA,DESCRIPTION_EN,NOTE,DISUSE_FLAG,LAST_UPDATE_TIMESTAMP,LAST_UPDATE_USER) VALUES(1070816,_____DATE_____,'INSERT','1070816','10708','予約日時','Time book','time_book',NULL,'5',160,NULL,NULL,NULL,NULL,NULL,NULL,NULL,'TIME_BOOK',NULL,'0','1','1','0','0','0','0',NULL,NULL,NULL,NULL,NULL,NULL,NULL,'0',_____DATE_____,1);
INSERT INTO T_COMN_MENU_COLUMN_LINK (COLUMN_DEFINITION_ID,MENU_ID,COLUMN_NAME_JA,COLUMN_NAME_EN,COLUMN_NAME_REST,COL_GROUP_ID,COLUMN_CLASS,COLUMN_DISP_SEQ,REF_TABLE_NAME,REF_PKEY_NAME,REF_COL_NAME,REF_SORT_CONDITIONS,REF_MULTI_LANG,SENSITIVE_COL_NAME,FILE_UPLOAD_PLACE,COL_NAME,SAVE_TYPE,AUTO_INPUT,INPUT_ITEM,VIEW_ITEM,UNIQUE_ITEM,REQUIRED_ITEM,AUTOREG_HIDE_ITEM,AUTOREG_ONLY_ITEM,INITIAL_VALUE,VALIDATE_OPTION,BEFORE_VALIDATE_REGISTER,AFTER_VALIDATE_REGISTER,DESCRIPTION_JA,DESCRIPTION_EN,NOTE,DISUSE_FLAG,LAST_UPDATE_TIMESTAMP,LAST_UPDATE_USER) VALUES('1070817','10708','開始日時','Time start','time_start',NULL,'5',170,NULL,NULL,NULL,NULL,NULL,NULL,NULL,'TIME_START',NULL,'0','1','1','0','0','0','0',NULL,NULL,NULL,NULL,NULL,NULL,NULL,'0',_____DATE_____,1);
INSERT INTO T_COMN_MENU_COLUMN_LINK_JNL (JOURNAL_SEQ_NO,JOURNAL_REG_DATETIME,JOURNAL_ACTION_CLASS,COLUMN_DEFINITION_ID,MENU_ID,COLUMN_NAME_JA,COLUMN_NAME_EN,COLUMN_NAME_REST,COL_GROUP_ID,COLUMN_CLASS,COLUMN_DISP_SEQ,REF_TABLE_NAME,REF_PKEY_NAME,REF_COL_NAME,REF_SORT_CONDITIONS,REF_MULTI_LANG,SENSITIVE_COL_NAME,FILE_UPLOAD_PLACE,COL_NAME,SAVE_TYPE,AUTO_INPUT,INPUT_ITEM,VIEW_ITEM,UNIQUE_ITEM,REQUIRED_ITEM,AUTOREG_HIDE_ITEM,AUTOREG_ONLY_ITEM,INITIAL_VALUE,VALIDATE_OPTION,BEFORE_VALIDATE_REGISTER,AFTER_VALIDATE_REGISTER,DESCRIPTION_JA,DESCRIPTION_EN,NOTE,DISUSE_FLAG,LAST_UPDATE_TIMESTAMP,LAST_UPDATE_USER) VALUES(1070817,_____DATE_____,'INSERT','1070817','10708','開始日時','Time start','time_start',NULL,'5',170,NULL,NULL,NULL,NULL,NULL,NULL,NULL,'TIME_START',NULL,'0','1','1','0','0','0','0',NULL,NULL,NULL,NULL,NULL,NULL,NULL,'0',_____DATE_____,1);
INSERT INTO T_COMN_MENU_COLUMN_LINK (COLUMN_DEFINITION_ID,MENU_ID,COLUMN_NAME_JA,COLUMN_NAME_EN,COLUMN_NAME_REST,COL_GROUP_ID,COLUMN_CLASS,COLUMN_DISP_SEQ,REF_TABLE_NAME,REF_PKEY_NAME,REF_COL_NAME,REF_SORT_CONDITIONS,REF_MULTI_LANG,SENSITIVE_COL_NAME,FILE_UPLOAD_PLACE,COL_NAME,SAVE_TYPE,AUTO_INPUT,INPUT_ITEM,VIEW_ITEM,UNIQUE_ITEM,REQUIRED_ITEM,AUTOREG_HIDE_ITEM,AUTOREG_ONLY_ITEM,INITIAL_VALUE,VALIDATE_OPTION,BEFORE_VALIDATE_REGISTER,AFTER_VALIDATE_REGISTER,DESCRIPTION_JA,DESCRIPTION_EN,NOTE,DISUSE_FLAG,LAST_UPDATE_TIMESTAMP,LAST_UPDATE_USER) VALUES('1070818','10708','終了日時','Time end','time_end',NULL,'5',180,NULL,NULL,NULL,NULL,NULL,NULL,NULL,'TIME_END',NULL,'0','1','1','0','0','0','0',NULL,NULL,NULL,NULL,NULL,NULL,NULL,'0',_____DATE_____,1);
INSERT INTO T_COMN_MENU_COLUMN_LINK_JNL (JOURNAL_SEQ_NO,JOURNAL_REG_DATETIME,JOURNAL_ACTION_CLASS,COLUMN_DEFINITION_ID,MENU_ID,COLUMN_NAME_JA,COLUMN_NAME_EN,COLUMN_NAME_REST,COL_GROUP_ID,COLUMN_CLASS,COLUMN_DISP_SEQ,REF_TABLE_NAME,REF_PKEY_NAME,REF_COL_NAME,REF_SORT_CONDITIONS,REF_MULTI_LANG,SENSITIVE_COL_NAME,FILE_UPLOAD_PLACE,COL_NAME,SAVE_TYPE,AUTO_INPUT,INPUT_ITEM,VIEW_ITEM,UNIQUE_ITEM,REQUIRED_ITEM,AUTOREG_HIDE_ITEM,AUTOREG_ONLY_ITEM,INITIAL_VALUE,VALIDATE_OPTION,BEFORE_VALIDATE_REGISTER,AFTER_VALIDATE_REGISTER,DESCRIPTION_JA,DESCRIPTION_EN,NOTE,DISUSE_FLAG,LAST_UPDATE_TIMESTAMP,LAST_UPDATE_USER) VALUES(1070818,_____DATE_____,'INSERT','1070818','10708','終了日時','Time end','time_end',NULL,'5',180,NULL,NULL,NULL,NULL,NULL,NULL,NULL,'TIME_END',NULL,'0','1','1','0','0','0','0',NULL,NULL,NULL,NULL,NULL,NULL,NULL,'0',_____DATE_____,1);
INSERT INTO T_COMN_MENU_COLUMN_LINK (COLUMN_DEFINITION_ID,MENU_ID,COLUMN_NAME_JA,COLUMN_NAME_EN,COLUMN_NAME_REST,COL_GROUP_ID,COLUMN_CLASS,COLUMN_DISP_SEQ,REF_TABLE_NAME,REF_PKEY_NAME,REF_COL_NAME,REF_SORT_CONDITIONS,REF_MULTI_LANG,SENSITIVE_COL_NAME,FILE_UPLOAD_PLACE,COL_NAME,SAVE_TYPE,AUTO_INPUT,INPUT_ITEM,VIEW_ITEM,UNIQUE_ITEM,REQUIRED_ITEM,AUTOREG_HIDE_ITEM,AUTOREG_ONLY_ITEM,INITIAL_VALUE,VALIDATE_OPTION,BEFORE_VALIDATE_REGISTER,AFTER_VALIDATE_REGISTER,DESCRIPTION_JA,DESCRIPTION_EN,NOTE,DISUSE_FLAG,LAST_UPDATE_TIMESTAMP,LAST_UPDATE_USER) VALUES('1070819','10708','実行ログ','Execution log','execution_log',NULL,'19',190,NULL,NULL,NULL,NULL,NULL,NULL,NULL,'EXEC_LOG',NULL,'0','1','1','0','0','0','0',NULL,NULL,NULL,NULL,NULL,NULL,NULL,'0',_____DATE_____,1);
INSERT INTO T_COMN_MENU_COLUMN_LINK_JNL (JOURNAL_SEQ_NO,JOURNAL_REG_DATETIME,JOURNAL_ACTION_CLASS,COLUMN_DEFINITION_ID,MENU_ID,COLUMN_NAME_JA,COLUMN_NAME_EN,COLUMN_NAME_REST,COL_GROUP_ID,COLUMN_CLASS,COLUMN_DISP_SEQ,REF_TABLE_NAME,REF_PKEY_NAME,REF_COL_NAME,REF_SORT_CONDITIONS,REF_MULTI_LANG,SENSITIVE_COL_NAME,FILE_UPLOAD_PLACE,COL_NAME,SAVE_TYPE,AUTO_INPUT,INPUT_ITEM,VIEW_ITEM,UNIQUE_ITEM,REQUIRED_ITEM,AUTOREG_HIDE_ITEM,AUTOREG_ONLY_ITEM,INITIAL_VALUE,VALIDATE_OPTION,BEFORE_VALIDATE_REGISTER,AFTER_VALIDATE_REGISTER,DESCRIPTION_JA,DESCRIPTION_EN,NOTE,DISUSE_FLAG,LAST_UPDATE_TIMESTAMP,LAST_UPDATE_USER) VALUES(1070819,_____DATE_____,'INSERT','1070819','10708','実行ログ','Execution log','execution_log',NULL,'19',190,NULL,NULL,NULL,NULL,NULL,NULL,NULL,'EXEC_LOG',NULL,'0','1','1','0','0','0','0',NULL,NULL,NULL,NULL,NULL,NULL,NULL,'0',_____DATE_____,1);
INSERT INTO T_COMN_MENU_COLUMN_LINK (COLUMN_DEFINITION_ID,MENU_ID,COLUMN_NAME_JA,COLUMN_NAME_EN,COLUMN_NAME_REST,COL_GROUP_ID,COLUMN_CLASS,COLUMN_DISP_SEQ,REF_TABLE_NAME,REF_PKEY_NAME,REF_COL_NAME,REF_SORT_CONDITIONS,REF_MULTI_LANG,SENSITIVE_COL_NAME,FILE_UPLOAD_PLACE,COL_NAME,SAVE_TYPE,AUTO_INPUT,INPUT_ITEM,VIEW_ITEM,UNIQUE_ITEM,REQUIRED_ITEM,AUTOREG_HIDE_ITEM,AUTOREG_ONLY_ITEM,INITIAL_VALUE,VALIDATE_OPTION,BEFORE_VALIDATE_REGISTER,AFTER_VALIDATE_REGISTER,DESCRIPTION_JA,DESCRIPTION_EN,NOTE,DISUSE_FLAG,LAST_UPDATE_TIMESTAMP,LAST_UPDATE_USER) VALUES('1070820','10708','通知ログ','Notification log','notification_log',NULL,'9',200,NULL,NULL,NULL,NULL,NULL,NULL,NULL,'NOTICE_LOG',NULL,'0','1','1','0','0','0','0',NULL,NULL,NULL,NULL,NULL,NULL,NULL,'0',_____DATE_____,1);
INSERT INTO T_COMN_MENU_COLUMN_LINK_JNL (JOURNAL_SEQ_NO,JOURNAL_REG_DATETIME,JOURNAL_ACTION_CLASS,COLUMN_DEFINITION_ID,MENU_ID,COLUMN_NAME_JA,COLUMN_NAME_EN,COLUMN_NAME_REST,COL_GROUP_ID,COLUMN_CLASS,COLUMN_DISP_SEQ,REF_TABLE_NAME,REF_PKEY_NAME,REF_COL_NAME,REF_SORT_CONDITIONS,REF_MULTI_LANG,SENSITIVE_COL_NAME,FILE_UPLOAD_PLACE,COL_NAME,SAVE_TYPE,AUTO_INPUT,INPUT_ITEM,VIEW_ITEM,UNIQUE_ITEM,REQUIRED_ITEM,AUTOREG_HIDE_ITEM,AUTOREG_ONLY_ITEM,INITIAL_VALUE,VALIDATE_OPTION,BEFORE_VALIDATE_REGISTER,AFTER_VALIDATE_REGISTER,DESCRIPTION_JA,DESCRIPTION_EN,NOTE,DISUSE_FLAG,LAST_UPDATE_TIMESTAMP,LAST_UPDATE_USER) VALUES(1070820,_____DATE_____,'INSERT','1070820','10708','通知ログ','Notification log','notification_log',NULL,'9',200,NULL,NULL,NULL,NULL,NULL,NULL,NULL,'NOTICE_LOG',NULL,'0','1','1','0','0','0','0',NULL,NULL,NULL,NULL,NULL,NULL,NULL,'0',_____DATE_____,1);
INSERT INTO T_COMN_MENU_COLUMN_LINK (COLUMN_DEFINITION_ID,MENU_ID,COLUMN_NAME_JA,COLUMN_NAME_EN,COLUMN_NAME_REST,COL_GROUP_ID,COLUMN_CLASS,COLUMN_DISP_SEQ,REF_TABLE_NAME,REF_PKEY_NAME,REF_COL_NAME,REF_SORT_CONDITIONS,REF_MULTI_LANG,SENSITIVE_COL_NAME,FILE_UPLOAD_PLACE,COL_NAME,SAVE_TYPE,AUTO_INPUT,INPUT_ITEM,VIEW_ITEM,UNIQUE_ITEM,REQUIRED_ITEM,AUTOREG_HIDE_ITEM,AUTOREG_ONLY_ITEM,INITIAL_VALUE,VALIDATE_OPTION,BEFORE_VALIDATE_REGISTER,AFTER_VALIDATE_REGISTER,DESCRIPTION_JA,DESCRIPTION_EN,NOTE,DISUSE_FLAG,LAST_UPDATE_TIMESTAMP,LAST_UPDATE_USER) VALUES('1070821','10708','備考','Remarks','remarks',NULL,'12',210,NULL,NULL,NULL,NULL,NULL,NULL,NULL,'NOTE',NULL,'0','1','1','0','0','0','0',NULL,'{
"min_length": 0,
"max_length": 4000
}',NULL,NULL,'自由記述欄。レコードの廃止・復活時にも記載可能。','Comments section. Can comment when removing or restoring records.',NULL,'0',_____DATE_____,1);
INSERT INTO T_COMN_MENU_COLUMN_LINK_JNL (JOURNAL_SEQ_NO,JOURNAL_REG_DATETIME,JOURNAL_ACTION_CLASS,COLUMN_DEFINITION_ID,MENU_ID,COLUMN_NAME_JA,COLUMN_NAME_EN,COLUMN_NAME_REST,COL_GROUP_ID,COLUMN_CLASS,COLUMN_DISP_SEQ,REF_TABLE_NAME,REF_PKEY_NAME,REF_COL_NAME,REF_SORT_CONDITIONS,REF_MULTI_LANG,SENSITIVE_COL_NAME,FILE_UPLOAD_PLACE,COL_NAME,SAVE_TYPE,AUTO_INPUT,INPUT_ITEM,VIEW_ITEM,UNIQUE_ITEM,REQUIRED_ITEM,AUTOREG_HIDE_ITEM,AUTOREG_ONLY_ITEM,INITIAL_VALUE,VALIDATE_OPTION,BEFORE_VALIDATE_REGISTER,AFTER_VALIDATE_REGISTER,DESCRIPTION_JA,DESCRIPTION_EN,NOTE,DISUSE_FLAG,LAST_UPDATE_TIMESTAMP,LAST_UPDATE_USER) VALUES(1070821,_____DATE_____,'INSERT','1070821','10708','備考','Remarks','remarks',NULL,'12',210,NULL,NULL,NULL,NULL,NULL,NULL,NULL,'NOTE',NULL,'0','1','1','0','0','0','0',NULL,'{
"min_length": 0,
"max_length": 4000
}',NULL,NULL,'自由記述欄。レコードの廃止・復活時にも記載可能。','Comments section. Can comment when removing or restoring records.',NULL,'0',_____DATE_____,1);
INSERT INTO T_COMN_MENU_COLUMN_LINK (COLUMN_DEFINITION_ID,MENU_ID,COLUMN_NAME_JA,COLUMN_NAME_EN,COLUMN_NAME_REST,COL_GROUP_ID,COLUMN_CLASS,COLUMN_DISP_SEQ,REF_TABLE_NAME,REF_PKEY_NAME,REF_COL_NAME,REF_SORT_CONDITIONS,REF_MULTI_LANG,SENSITIVE_COL_NAME,FILE_UPLOAD_PLACE,COL_NAME,SAVE_TYPE,AUTO_INPUT,INPUT_ITEM,VIEW_ITEM,UNIQUE_ITEM,REQUIRED_ITEM,AUTOREG_HIDE_ITEM,AUTOREG_ONLY_ITEM,INITIAL_VALUE,VALIDATE_OPTION,BEFORE_VALIDATE_REGISTER,AFTER_VALIDATE_REGISTER,DESCRIPTION_JA,DESCRIPTION_EN,NOTE,DISUSE_FLAG,LAST_UPDATE_TIMESTAMP,LAST_UPDATE_USER) VALUES('1070822','10708','廃止フラグ','Discard','discard',NULL,'1',220,NULL,NULL,NULL,NULL,NULL,NULL,NULL,'DISUSE_FLAG',NULL,'1','0','1','0','1','0','0',NULL,NULL,NULL,NULL,'廃止フラグ。復活以外のオペレーションは不可','Discard flag. Cannot do operation other than restore.',NULL,'0',_____DATE_____,1);
INSERT INTO T_COMN_MENU_COLUMN_LINK_JNL (JOURNAL_SEQ_NO,JOURNAL_REG_DATETIME,JOURNAL_ACTION_CLASS,COLUMN_DEFINITION_ID,MENU_ID,COLUMN_NAME_JA,COLUMN_NAME_EN,COLUMN_NAME_REST,COL_GROUP_ID,COLUMN_CLASS,COLUMN_DISP_SEQ,REF_TABLE_NAME,REF_PKEY_NAME,REF_COL_NAME,REF_SORT_CONDITIONS,REF_MULTI_LANG,SENSITIVE_COL_NAME,FILE_UPLOAD_PLACE,COL_NAME,SAVE_TYPE,AUTO_INPUT,INPUT_ITEM,VIEW_ITEM,UNIQUE_ITEM,REQUIRED_ITEM,AUTOREG_HIDE_ITEM,AUTOREG_ONLY_ITEM,INITIAL_VALUE,VALIDATE_OPTION,BEFORE_VALIDATE_REGISTER,AFTER_VALIDATE_REGISTER,DESCRIPTION_JA,DESCRIPTION_EN,NOTE,DISUSE_FLAG,LAST_UPDATE_TIMESTAMP,LAST_UPDATE_USER) VALUES(1070822,_____DATE_____,'INSERT','1070822','10708','廃止フラグ','Discard','discard',NULL,'1',220,NULL,NULL,NULL,NULL,NULL,NULL,NULL,'DISUSE_FLAG',NULL,'1','0','1','0','1','0','0',NULL,NULL,NULL,NULL,'廃止フラグ。復活以外のオペレーションは不可','Discard flag. Cannot do operation other than restore.',NULL,'0',_____DATE_____,1);
INSERT INTO T_COMN_MENU_COLUMN_LINK (COLUMN_DEFINITION_ID,MENU_ID,COLUMN_NAME_JA,COLUMN_NAME_EN,COLUMN_NAME_REST,COL_GROUP_ID,COLUMN_CLASS,COLUMN_DISP_SEQ,REF_TABLE_NAME,REF_PKEY_NAME,REF_COL_NAME,REF_SORT_CONDITIONS,REF_MULTI_LANG,SENSITIVE_COL_NAME,FILE_UPLOAD_PLACE,COL_NAME,SAVE_TYPE,AUTO_INPUT,INPUT_ITEM,VIEW_ITEM,UNIQUE_ITEM,REQUIRED_ITEM,AUTOREG_HIDE_ITEM,AUTOREG_ONLY_ITEM,INITIAL_VALUE,VALIDATE_OPTION,BEFORE_VALIDATE_REGISTER,AFTER_VALIDATE_REGISTER,DESCRIPTION_JA,DESCRIPTION_EN,NOTE,DISUSE_FLAG,LAST_UPDATE_TIMESTAMP,LAST_UPDATE_USER) VALUES('1070823','10708','最終更新日時','Last update date/time','last_update_date_time',NULL,'13',230,NULL,NULL,NULL,NULL,NULL,NULL,NULL,'LAST_UPDATE_TIMESTAMP',NULL,'1','0','1','0','1','0','0',NULL,NULL,NULL,NULL,'レコードの最終更新日。自動登録のため編集不可。','Last update date of record. Cannot edit because of auto-registration.',NULL,'0',_____DATE_____,1);
INSERT INTO T_COMN_MENU_COLUMN_LINK_JNL (JOURNAL_SEQ_NO,JOURNAL_REG_DATETIME,JOURNAL_ACTION_CLASS,COLUMN_DEFINITION_ID,MENU_ID,COLUMN_NAME_JA,COLUMN_NAME_EN,COLUMN_NAME_REST,COL_GROUP_ID,COLUMN_CLASS,COLUMN_DISP_SEQ,REF_TABLE_NAME,REF_PKEY_NAME,REF_COL_NAME,REF_SORT_CONDITIONS,REF_MULTI_LANG,SENSITIVE_COL_NAME,FILE_UPLOAD_PLACE,COL_NAME,SAVE_TYPE,AUTO_INPUT,INPUT_ITEM,VIEW_ITEM,UNIQUE_ITEM,REQUIRED_ITEM,AUTOREG_HIDE_ITEM,AUTOREG_ONLY_ITEM,INITIAL_VALUE,VALIDATE_OPTION,BEFORE_VALIDATE_REGISTER,AFTER_VALIDATE_REGISTER,DESCRIPTION_JA,DESCRIPTION_EN,NOTE,DISUSE_FLAG,LAST_UPDATE_TIMESTAMP,LAST_UPDATE_USER) VALUES(1070823,_____DATE_____,'INSERT','1070823','10708','最終更新日時','Last update date/time','last_update_date_time',NULL,'13',230,NULL,NULL,NULL,NULL,NULL,NULL,NULL,'LAST_UPDATE_TIMESTAMP',NULL,'1','0','1','0','1','0','0',NULL,NULL,NULL,NULL,'レコードの最終更新日。自動登録のため編集不可。','Last update date of record. Cannot edit because of auto-registration.',NULL,'0',_____DATE_____,1);
INSERT INTO T_COMN_MENU_COLUMN_LINK (COLUMN_DEFINITION_ID,MENU_ID,COLUMN_NAME_JA,COLUMN_NAME_EN,COLUMN_NAME_REST,COL_GROUP_ID,COLUMN_CLASS,COLUMN_DISP_SEQ,REF_TABLE_NAME,REF_PKEY_NAME,REF_COL_NAME,REF_SORT_CONDITIONS,REF_MULTI_LANG,SENSITIVE_COL_NAME,FILE_UPLOAD_PLACE,COL_NAME,SAVE_TYPE,AUTO_INPUT,INPUT_ITEM,VIEW_ITEM,UNIQUE_ITEM,REQUIRED_ITEM,AUTOREG_HIDE_ITEM,AUTOREG_ONLY_ITEM,INITIAL_VALUE,VALIDATE_OPTION,BEFORE_VALIDATE_REGISTER,AFTER_VALIDATE_REGISTER,DESCRIPTION_JA,DESCRIPTION_EN,NOTE,DISUSE_FLAG,LAST_UPDATE_TIMESTAMP,LAST_UPDATE_USER) VALUES('1070824','10708','最終更新者','Last updated by','last_updated_user',NULL,'14',240,NULL,NULL,NULL,NULL,NULL,NULL,NULL,'LAST_UPDATE_USER',NULL,'1','0','1','0','1','0','0',NULL,NULL,NULL,NULL,'更新者。ログインユーザのIDが自動的に登録される。編集不可。','Updated by. Login user ID is automatically registered. Cannot edit.',NULL,'0',_____DATE_____,1);
INSERT INTO T_COMN_MENU_COLUMN_LINK_JNL (JOURNAL_SEQ_NO,JOURNAL_REG_DATETIME,JOURNAL_ACTION_CLASS,COLUMN_DEFINITION_ID,MENU_ID,COLUMN_NAME_JA,COLUMN_NAME_EN,COLUMN_NAME_REST,COL_GROUP_ID,COLUMN_CLASS,COLUMN_DISP_SEQ,REF_TABLE_NAME,REF_PKEY_NAME,REF_COL_NAME,REF_SORT_CONDITIONS,REF_MULTI_LANG,SENSITIVE_COL_NAME,FILE_UPLOAD_PLACE,COL_NAME,SAVE_TYPE,AUTO_INPUT,INPUT_ITEM,VIEW_ITEM,UNIQUE_ITEM,REQUIRED_ITEM,AUTOREG_HIDE_ITEM,AUTOREG_ONLY_ITEM,INITIAL_VALUE,VALIDATE_OPTION,BEFORE_VALIDATE_REGISTER,AFTER_VALIDATE_REGISTER,DESCRIPTION_JA,DESCRIPTION_EN,NOTE,DISUSE_FLAG,LAST_UPDATE_TIMESTAMP,LAST_UPDATE_USER) VALUES(1070824,_____DATE_____,'INSERT','1070824','10708','最終更新者','Last updated by','last_updated_user',NULL,'14',240,NULL,NULL,NULL,NULL,NULL,NULL,NULL,'LAST_UPDATE_USER',NULL,'1','0','1','0','1','0','0',NULL,NULL,NULL,NULL,'更新者。ログインユーザのIDが自動的に登録される。編集不可。','Updated by. Login user ID is automatically registered. Cannot edit.',NULL,'0',_____DATE_____,1);
INSERT INTO T_COMN_MENU_COLUMN_LINK (COLUMN_DEFINITION_ID,MENU_ID,COLUMN_NAME_JA,COLUMN_NAME_EN,COLUMN_NAME_REST,COL_GROUP_ID,COLUMN_CLASS,COLUMN_DISP_SEQ,REF_TABLE_NAME,REF_PKEY_NAME,REF_COL_NAME,REF_SORT_CONDITIONS,REF_MULTI_LANG,SENSITIVE_COL_NAME,FILE_UPLOAD_PLACE,COL_NAME,SAVE_TYPE,AUTO_INPUT,INPUT_ITEM,VIEW_ITEM,UNIQUE_ITEM,REQUIRED_ITEM,AUTOREG_HIDE_ITEM,AUTOREG_ONLY_ITEM,INITIAL_VALUE,VALIDATE_OPTION,BEFORE_VALIDATE_REGISTER,AFTER_VALIDATE_REGISTER,DESCRIPTION_JA,DESCRIPTION_EN,NOTE,DISUSE_FLAG,LAST_UPDATE_TIMESTAMP,LAST_UPDATE_USER) VALUES('1070901','10709','NodeインスタンスID','Node Instance ID','node_instance_id',NULL,'1',10,NULL,NULL,NULL,NULL,NULL,NULL,NULL,'NODE_INSTANCE_ID',NULL,'1','1','1','1','1','0','0',NULL,NULL,NULL,NULL,'自動採番のため編集不可。実行処理種別が【登録】の場合、空白のみ可。','Cannot edit because of auto-numbering. Must be blank when execution process type is [Register].',NULL,'0',_____DATE_____,1);
INSERT INTO T_COMN_MENU_COLUMN_LINK_JNL (JOURNAL_SEQ_NO,JOURNAL_REG_DATETIME,JOURNAL_ACTION_CLASS,COLUMN_DEFINITION_ID,MENU_ID,COLUMN_NAME_JA,COLUMN_NAME_EN,COLUMN_NAME_REST,COL_GROUP_ID,COLUMN_CLASS,COLUMN_DISP_SEQ,REF_TABLE_NAME,REF_PKEY_NAME,REF_COL_NAME,REF_SORT_CONDITIONS,REF_MULTI_LANG,SENSITIVE_COL_NAME,FILE_UPLOAD_PLACE,COL_NAME,SAVE_TYPE,AUTO_INPUT,INPUT_ITEM,VIEW_ITEM,UNIQUE_ITEM,REQUIRED_ITEM,AUTOREG_HIDE_ITEM,AUTOREG_ONLY_ITEM,INITIAL_VALUE,VALIDATE_OPTION,BEFORE_VALIDATE_REGISTER,AFTER_VALIDATE_REGISTER,DESCRIPTION_JA,DESCRIPTION_EN,NOTE,DISUSE_FLAG,LAST_UPDATE_TIMESTAMP,LAST_UPDATE_USER) VALUES(1070901,_____DATE_____,'INSERT','1070901','10709','NodeインスタンスID','Node Instance ID','node_instance_id',NULL,'1',10,NULL,NULL,NULL,NULL,NULL,NULL,NULL,'NODE_INSTANCE_ID',NULL,'1','1','1','1','1','0','0',NULL,NULL,NULL,NULL,'自動採番のため編集不可。実行処理種別が【登録】の場合、空白のみ可。','Cannot edit because of auto-numbering. Must be blank when execution process type is [Register].',NULL,'0',_____DATE_____,1);
INSERT INTO T_COMN_MENU_COLUMN_LINK (COLUMN_DEFINITION_ID,MENU_ID,COLUMN_NAME_JA,COLUMN_NAME_EN,COLUMN_NAME_REST,COL_GROUP_ID,COLUMN_CLASS,COLUMN_DISP_SEQ,REF_TABLE_NAME,REF_PKEY_NAME,REF_COL_NAME,REF_SORT_CONDITIONS,REF_MULTI_LANG,SENSITIVE_COL_NAME,FILE_UPLOAD_PLACE,COL_NAME,SAVE_TYPE,AUTO_INPUT,INPUT_ITEM,VIEW_ITEM,UNIQUE_ITEM,REQUIRED_ITEM,AUTOREG_HIDE_ITEM,AUTOREG_ONLY_ITEM,INITIAL_VALUE,VALIDATE_OPTION,BEFORE_VALIDATE_REGISTER,AFTER_VALIDATE_REGISTER,DESCRIPTION_JA,DESCRIPTION_EN,NOTE,DISUSE_FLAG,LAST_UPDATE_TIMESTAMP,LAST_UPDATE_USER) VALUES('1070902','10709','インスタンス元のNode名','Instance source Node name','instance_source_node_name',NULL,'1',20,NULL,NULL,NULL,NULL,NULL,NULL,NULL,'I_NODE_NAME',NULL,'0','1','1','0','0','0','0',NULL,NULL,NULL,NULL,'[元データ]Conductorクラス','[Original data]Conductor class list',NULL,'0',_____DATE_____,1);
INSERT INTO T_COMN_MENU_COLUMN_LINK_JNL (JOURNAL_SEQ_NO,JOURNAL_REG_DATETIME,JOURNAL_ACTION_CLASS,COLUMN_DEFINITION_ID,MENU_ID,COLUMN_NAME_JA,COLUMN_NAME_EN,COLUMN_NAME_REST,COL_GROUP_ID,COLUMN_CLASS,COLUMN_DISP_SEQ,REF_TABLE_NAME,REF_PKEY_NAME,REF_COL_NAME,REF_SORT_CONDITIONS,REF_MULTI_LANG,SENSITIVE_COL_NAME,FILE_UPLOAD_PLACE,COL_NAME,SAVE_TYPE,AUTO_INPUT,INPUT_ITEM,VIEW_ITEM,UNIQUE_ITEM,REQUIRED_ITEM,AUTOREG_HIDE_ITEM,AUTOREG_ONLY_ITEM,INITIAL_VALUE,VALIDATE_OPTION,BEFORE_VALIDATE_REGISTER,AFTER_VALIDATE_REGISTER,DESCRIPTION_JA,DESCRIPTION_EN,NOTE,DISUSE_FLAG,LAST_UPDATE_TIMESTAMP,LAST_UPDATE_USER) VALUES(1070902,_____DATE_____,'INSERT','1070902','10709','インスタンス元のNode名','Instance source Node name','instance_source_node_name',NULL,'1',20,NULL,NULL,NULL,NULL,NULL,NULL,NULL,'I_NODE_NAME',NULL,'0','1','1','0','0','0','0',NULL,NULL,NULL,NULL,'[元データ]Conductorクラス','[Original data]Conductor class list',NULL,'0',_____DATE_____,1);
INSERT INTO T_COMN_MENU_COLUMN_LINK (COLUMN_DEFINITION_ID,MENU_ID,COLUMN_NAME_JA,COLUMN_NAME_EN,COLUMN_NAME_REST,COL_GROUP_ID,COLUMN_CLASS,COLUMN_DISP_SEQ,REF_TABLE_NAME,REF_PKEY_NAME,REF_COL_NAME,REF_SORT_CONDITIONS,REF_MULTI_LANG,SENSITIVE_COL_NAME,FILE_UPLOAD_PLACE,COL_NAME,SAVE_TYPE,AUTO_INPUT,INPUT_ITEM,VIEW_ITEM,UNIQUE_ITEM,REQUIRED_ITEM,AUTOREG_HIDE_ITEM,AUTOREG_ONLY_ITEM,INITIAL_VALUE,VALIDATE_OPTION,BEFORE_VALIDATE_REGISTER,AFTER_VALIDATE_REGISTER,DESCRIPTION_JA,DESCRIPTION_EN,NOTE,DISUSE_FLAG,LAST_UPDATE_TIMESTAMP,LAST_UPDATE_USER) VALUES('1070903','10709','インスタンス元の備考','Instance source Remarks','instance_source_remarks',NULL,'2',30,NULL,NULL,NULL,NULL,NULL,NULL,NULL,'I_NOTE',NULL,'0','1','1','0','0','0','0',NULL,NULL,NULL,NULL,'[元データ]Conductorクラス','[Original data]Conductor class list',NULL,'0',_____DATE_____,1);
INSERT INTO T_COMN_MENU_COLUMN_LINK_JNL (JOURNAL_SEQ_NO,JOURNAL_REG_DATETIME,JOURNAL_ACTION_CLASS,COLUMN_DEFINITION_ID,MENU_ID,COLUMN_NAME_JA,COLUMN_NAME_EN,COLUMN_NAME_REST,COL_GROUP_ID,COLUMN_CLASS,COLUMN_DISP_SEQ,REF_TABLE_NAME,REF_PKEY_NAME,REF_COL_NAME,REF_SORT_CONDITIONS,REF_MULTI_LANG,SENSITIVE_COL_NAME,FILE_UPLOAD_PLACE,COL_NAME,SAVE_TYPE,AUTO_INPUT,INPUT_ITEM,VIEW_ITEM,UNIQUE_ITEM,REQUIRED_ITEM,AUTOREG_HIDE_ITEM,AUTOREG_ONLY_ITEM,INITIAL_VALUE,VALIDATE_OPTION,BEFORE_VALIDATE_REGISTER,AFTER_VALIDATE_REGISTER,DESCRIPTION_JA,DESCRIPTION_EN,NOTE,DISUSE_FLAG,LAST_UPDATE_TIMESTAMP,LAST_UPDATE_USER) VALUES(1070903,_____DATE_____,'INSERT','1070903','10709','インスタンス元の備考','Instance source Remarks','instance_source_remarks',NULL,'2',30,NULL,NULL,NULL,NULL,NULL,NULL,NULL,'I_NOTE',NULL,'0','1','1','0','0','0','0',NULL,NULL,NULL,NULL,'[元データ]Conductorクラス','[Original data]Conductor class list',NULL,'0',_____DATE_____,1);
INSERT INTO T_COMN_MENU_COLUMN_LINK (COLUMN_DEFINITION_ID,MENU_ID,COLUMN_NAME_JA,COLUMN_NAME_EN,COLUMN_NAME_REST,COL_GROUP_ID,COLUMN_CLASS,COLUMN_DISP_SEQ,REF_TABLE_NAME,REF_PKEY_NAME,REF_COL_NAME,REF_SORT_CONDITIONS,REF_MULTI_LANG,SENSITIVE_COL_NAME,FILE_UPLOAD_PLACE,COL_NAME,SAVE_TYPE,AUTO_INPUT,INPUT_ITEM,VIEW_ITEM,UNIQUE_ITEM,REQUIRED_ITEM,AUTOREG_HIDE_ITEM,AUTOREG_ONLY_ITEM,INITIAL_VALUE,VALIDATE_OPTION,BEFORE_VALIDATE_REGISTER,AFTER_VALIDATE_REGISTER,DESCRIPTION_JA,DESCRIPTION_EN,NOTE,DISUSE_FLAG,LAST_UPDATE_TIMESTAMP,LAST_UPDATE_USER) VALUES('1070904','10709','Nodeタイプ','Node type','node_type',NULL,'7',40,'T_COMN_CONDUCTOR_NODE','NODE_TYPE_ID','NODE_TYPE_NAME',NULL,NULL,NULL,NULL,'NODE_TYPE_ID',NULL,'0','1','1','0','0','0','0',NULL,NULL,NULL,NULL,NULL,NULL,NULL,'0',_____DATE_____,1);
INSERT INTO T_COMN_MENU_COLUMN_LINK_JNL (JOURNAL_SEQ_NO,JOURNAL_REG_DATETIME,JOURNAL_ACTION_CLASS,COLUMN_DEFINITION_ID,MENU_ID,COLUMN_NAME_JA,COLUMN_NAME_EN,COLUMN_NAME_REST,COL_GROUP_ID,COLUMN_CLASS,COLUMN_DISP_SEQ,REF_TABLE_NAME,REF_PKEY_NAME,REF_COL_NAME,REF_SORT_CONDITIONS,REF_MULTI_LANG,SENSITIVE_COL_NAME,FILE_UPLOAD_PLACE,COL_NAME,SAVE_TYPE,AUTO_INPUT,INPUT_ITEM,VIEW_ITEM,UNIQUE_ITEM,REQUIRED_ITEM,AUTOREG_HIDE_ITEM,AUTOREG_ONLY_ITEM,INITIAL_VALUE,VALIDATE_OPTION,BEFORE_VALIDATE_REGISTER,AFTER_VALIDATE_REGISTER,DESCRIPTION_JA,DESCRIPTION_EN,NOTE,DISUSE_FLAG,LAST_UPDATE_TIMESTAMP,LAST_UPDATE_USER) VALUES(1070904,_____DATE_____,'INSERT','1070904','10709','Nodeタイプ','Node type','node_type',NULL,'7',40,'T_COMN_CONDUCTOR_NODE','NODE_TYPE_ID','NODE_TYPE_NAME',NULL,NULL,NULL,NULL,'NODE_TYPE_ID',NULL,'0','1','1','0','0','0','0',NULL,NULL,NULL,NULL,NULL,NULL,NULL,'0',_____DATE_____,1);
INSERT INTO T_COMN_MENU_COLUMN_LINK (COLUMN_DEFINITION_ID,MENU_ID,COLUMN_NAME_JA,COLUMN_NAME_EN,COLUMN_NAME_REST,COL_GROUP_ID,COLUMN_CLASS,COLUMN_DISP_SEQ,REF_TABLE_NAME,REF_PKEY_NAME,REF_COL_NAME,REF_SORT_CONDITIONS,REF_MULTI_LANG,SENSITIVE_COL_NAME,FILE_UPLOAD_PLACE,COL_NAME,SAVE_TYPE,AUTO_INPUT,INPUT_ITEM,VIEW_ITEM,UNIQUE_ITEM,REQUIRED_ITEM,AUTOREG_HIDE_ITEM,AUTOREG_ONLY_ITEM,INITIAL_VALUE,VALIDATE_OPTION,BEFORE_VALIDATE_REGISTER,AFTER_VALIDATE_REGISTER,DESCRIPTION_JA,DESCRIPTION_EN,NOTE,DISUSE_FLAG,LAST_UPDATE_TIMESTAMP,LAST_UPDATE_USER) VALUES('1070905','10709','Movement種別','Movement type','movement_type',NULL,'7',50,'T_COMN_ORCHESTRA','ORCHESTRA_ID','ORCHESTRA_NAME',NULL,NULL,NULL,NULL,'ORCHESTRA_ID',NULL,'0','1','1','0','0','0','0',NULL,NULL,NULL,NULL,NULL,NULL,NULL,'0',_____DATE_____,1);
INSERT INTO T_COMN_MENU_COLUMN_LINK_JNL (JOURNAL_SEQ_NO,JOURNAL_REG_DATETIME,JOURNAL_ACTION_CLASS,COLUMN_DEFINITION_ID,MENU_ID,COLUMN_NAME_JA,COLUMN_NAME_EN,COLUMN_NAME_REST,COL_GROUP_ID,COLUMN_CLASS,COLUMN_DISP_SEQ,REF_TABLE_NAME,REF_PKEY_NAME,REF_COL_NAME,REF_SORT_CONDITIONS,REF_MULTI_LANG,SENSITIVE_COL_NAME,FILE_UPLOAD_PLACE,COL_NAME,SAVE_TYPE,AUTO_INPUT,INPUT_ITEM,VIEW_ITEM,UNIQUE_ITEM,REQUIRED_ITEM,AUTOREG_HIDE_ITEM,AUTOREG_ONLY_ITEM,INITIAL_VALUE,VALIDATE_OPTION,BEFORE_VALIDATE_REGISTER,AFTER_VALIDATE_REGISTER,DESCRIPTION_JA,DESCRIPTION_EN,NOTE,DISUSE_FLAG,LAST_UPDATE_TIMESTAMP,LAST_UPDATE_USER) VALUES(1070905,_____DATE_____,'INSERT','1070905','10709','Movement種別','Movement type','movement_type',NULL,'7',50,'T_COMN_ORCHESTRA','ORCHESTRA_ID','ORCHESTRA_NAME',NULL,NULL,NULL,NULL,'ORCHESTRA_ID',NULL,'0','1','1','0','0','0','0',NULL,NULL,NULL,NULL,NULL,NULL,NULL,'0',_____DATE_____,1);
INSERT INTO T_COMN_MENU_COLUMN_LINK (COLUMN_DEFINITION_ID,MENU_ID,COLUMN_NAME_JA,COLUMN_NAME_EN,COLUMN_NAME_REST,COL_GROUP_ID,COLUMN_CLASS,COLUMN_DISP_SEQ,REF_TABLE_NAME,REF_PKEY_NAME,REF_COL_NAME,REF_SORT_CONDITIONS,REF_MULTI_LANG,SENSITIVE_COL_NAME,FILE_UPLOAD_PLACE,COL_NAME,SAVE_TYPE,AUTO_INPUT,INPUT_ITEM,VIEW_ITEM,UNIQUE_ITEM,REQUIRED_ITEM,AUTOREG_HIDE_ITEM,AUTOREG_ONLY_ITEM,INITIAL_VALUE,VALIDATE_OPTION,BEFORE_VALIDATE_REGISTER,AFTER_VALIDATE_REGISTER,DESCRIPTION_JA,DESCRIPTION_EN,NOTE,DISUSE_FLAG,LAST_UPDATE_TIMESTAMP,LAST_UPDATE_USER) VALUES('1070906','10709','インスタンス元のMovementID','Instance source Movement ID','instance_source_movement_id',NULL,'2',60,NULL,NULL,NULL,NULL,NULL,NULL,NULL,'I_MOVEMENT_ID',NULL,'0','1','1','0','0','0','0',NULL,NULL,NULL,NULL,'[元データ]Movement一覧','[Original data] Movement list',NULL,'0',_____DATE_____,1);
INSERT INTO T_COMN_MENU_COLUMN_LINK_JNL (JOURNAL_SEQ_NO,JOURNAL_REG_DATETIME,JOURNAL_ACTION_CLASS,COLUMN_DEFINITION_ID,MENU_ID,COLUMN_NAME_JA,COLUMN_NAME_EN,COLUMN_NAME_REST,COL_GROUP_ID,COLUMN_CLASS,COLUMN_DISP_SEQ,REF_TABLE_NAME,REF_PKEY_NAME,REF_COL_NAME,REF_SORT_CONDITIONS,REF_MULTI_LANG,SENSITIVE_COL_NAME,FILE_UPLOAD_PLACE,COL_NAME,SAVE_TYPE,AUTO_INPUT,INPUT_ITEM,VIEW_ITEM,UNIQUE_ITEM,REQUIRED_ITEM,AUTOREG_HIDE_ITEM,AUTOREG_ONLY_ITEM,INITIAL_VALUE,VALIDATE_OPTION,BEFORE_VALIDATE_REGISTER,AFTER_VALIDATE_REGISTER,DESCRIPTION_JA,DESCRIPTION_EN,NOTE,DISUSE_FLAG,LAST_UPDATE_TIMESTAMP,LAST_UPDATE_USER) VALUES(1070906,_____DATE_____,'INSERT','1070906','10709','インスタンス元のMovementID','Instance source Movement ID','instance_source_movement_id',NULL,'2',60,NULL,NULL,NULL,NULL,NULL,NULL,NULL,'I_MOVEMENT_ID',NULL,'0','1','1','0','0','0','0',NULL,NULL,NULL,NULL,'[元データ]Movement一覧','[Original data] Movement list',NULL,'0',_____DATE_____,1);
INSERT INTO T_COMN_MENU_COLUMN_LINK (COLUMN_DEFINITION_ID,MENU_ID,COLUMN_NAME_JA,COLUMN_NAME_EN,COLUMN_NAME_REST,COL_GROUP_ID,COLUMN_CLASS,COLUMN_DISP_SEQ,REF_TABLE_NAME,REF_PKEY_NAME,REF_COL_NAME,REF_SORT_CONDITIONS,REF_MULTI_LANG,SENSITIVE_COL_NAME,FILE_UPLOAD_PLACE,COL_NAME,SAVE_TYPE,AUTO_INPUT,INPUT_ITEM,VIEW_ITEM,UNIQUE_ITEM,REQUIRED_ITEM,AUTOREG_HIDE_ITEM,AUTOREG_ONLY_ITEM,INITIAL_VALUE,VALIDATE_OPTION,BEFORE_VALIDATE_REGISTER,AFTER_VALIDATE_REGISTER,DESCRIPTION_JA,DESCRIPTION_EN,NOTE,DISUSE_FLAG,LAST_UPDATE_TIMESTAMP,LAST_UPDATE_USER) VALUES('1070907','10709','インスタンス元のMovement名','Instance source Movement name','instance_source_movement_name',NULL,'1',70,NULL,NULL,NULL,NULL,NULL,NULL,NULL,'I_MOVEMENT_NAME',NULL,'0','1','1','0','0','0','0',NULL,NULL,NULL,NULL,'[元データ]Movement一覧','[Original data] Movement list',NULL,'0',_____DATE_____,1);
INSERT INTO T_COMN_MENU_COLUMN_LINK_JNL (JOURNAL_SEQ_NO,JOURNAL_REG_DATETIME,JOURNAL_ACTION_CLASS,COLUMN_DEFINITION_ID,MENU_ID,COLUMN_NAME_JA,COLUMN_NAME_EN,COLUMN_NAME_REST,COL_GROUP_ID,COLUMN_CLASS,COLUMN_DISP_SEQ,REF_TABLE_NAME,REF_PKEY_NAME,REF_COL_NAME,REF_SORT_CONDITIONS,REF_MULTI_LANG,SENSITIVE_COL_NAME,FILE_UPLOAD_PLACE,COL_NAME,SAVE_TYPE,AUTO_INPUT,INPUT_ITEM,VIEW_ITEM,UNIQUE_ITEM,REQUIRED_ITEM,AUTOREG_HIDE_ITEM,AUTOREG_ONLY_ITEM,INITIAL_VALUE,VALIDATE_OPTION,BEFORE_VALIDATE_REGISTER,AFTER_VALIDATE_REGISTER,DESCRIPTION_JA,DESCRIPTION_EN,NOTE,DISUSE_FLAG,LAST_UPDATE_TIMESTAMP,LAST_UPDATE_USER) VALUES(1070907,_____DATE_____,'INSERT','1070907','10709','インスタンス元のMovement名','Instance source Movement name','instance_source_movement_name',NULL,'1',70,NULL,NULL,NULL,NULL,NULL,NULL,NULL,'I_MOVEMENT_NAME',NULL,'0','1','1','0','0','0','0',NULL,NULL,NULL,NULL,'[元データ]Movement一覧','[Original data] Movement list',NULL,'0',_____DATE_____,1);
INSERT INTO T_COMN_MENU_COLUMN_LINK (COLUMN_DEFINITION_ID,MENU_ID,COLUMN_NAME_JA,COLUMN_NAME_EN,COLUMN_NAME_REST,COL_GROUP_ID,COLUMN_CLASS,COLUMN_DISP_SEQ,REF_TABLE_NAME,REF_PKEY_NAME,REF_COL_NAME,REF_SORT_CONDITIONS,REF_MULTI_LANG,SENSITIVE_COL_NAME,FILE_UPLOAD_PLACE,COL_NAME,SAVE_TYPE,AUTO_INPUT,INPUT_ITEM,VIEW_ITEM,UNIQUE_ITEM,REQUIRED_ITEM,AUTOREG_HIDE_ITEM,AUTOREG_ONLY_ITEM,INITIAL_VALUE,VALIDATE_OPTION,BEFORE_VALIDATE_REGISTER,AFTER_VALIDATE_REGISTER,DESCRIPTION_JA,DESCRIPTION_EN,NOTE,DISUSE_FLAG,LAST_UPDATE_TIMESTAMP,LAST_UPDATE_USER) VALUES('1070908','10709','インスタンス元のMovement情報','Instance source Movement info','instance_source_movement_info',NULL,'19',80,NULL,NULL,NULL,NULL,NULL,NULL,NULL,'I_MOVEMENT_JSON',NULL,'0','1','1','0','0','0','0',NULL,NULL,NULL,NULL,'[元データ]Movement一覧','[Original data] Movement list',NULL,'0',_____DATE_____,1);
INSERT INTO T_COMN_MENU_COLUMN_LINK_JNL (JOURNAL_SEQ_NO,JOURNAL_REG_DATETIME,JOURNAL_ACTION_CLASS,COLUMN_DEFINITION_ID,MENU_ID,COLUMN_NAME_JA,COLUMN_NAME_EN,COLUMN_NAME_REST,COL_GROUP_ID,COLUMN_CLASS,COLUMN_DISP_SEQ,REF_TABLE_NAME,REF_PKEY_NAME,REF_COL_NAME,REF_SORT_CONDITIONS,REF_MULTI_LANG,SENSITIVE_COL_NAME,FILE_UPLOAD_PLACE,COL_NAME,SAVE_TYPE,AUTO_INPUT,INPUT_ITEM,VIEW_ITEM,UNIQUE_ITEM,REQUIRED_ITEM,AUTOREG_HIDE_ITEM,AUTOREG_ONLY_ITEM,INITIAL_VALUE,VALIDATE_OPTION,BEFORE_VALIDATE_REGISTER,AFTER_VALIDATE_REGISTER,DESCRIPTION_JA,DESCRIPTION_EN,NOTE,DISUSE_FLAG,LAST_UPDATE_TIMESTAMP,LAST_UPDATE_USER) VALUES(1070908,_____DATE_____,'INSERT','1070908','10709','インスタンス元のMovement情報','Instance source Movement info','instance_source_movement_info',NULL,'19',80,NULL,NULL,NULL,NULL,NULL,NULL,NULL,'I_MOVEMENT_JSON',NULL,'0','1','1','0','0','0','0',NULL,NULL,NULL,NULL,'[元データ]Movement一覧','[Original data] Movement list',NULL,'0',_____DATE_____,1);
INSERT INTO T_COMN_MENU_COLUMN_LINK (COLUMN_DEFINITION_ID,MENU_ID,COLUMN_NAME_JA,COLUMN_NAME_EN,COLUMN_NAME_REST,COL_GROUP_ID,COLUMN_CLASS,COLUMN_DISP_SEQ,REF_TABLE_NAME,REF_PKEY_NAME,REF_COL_NAME,REF_SORT_CONDITIONS,REF_MULTI_LANG,SENSITIVE_COL_NAME,FILE_UPLOAD_PLACE,COL_NAME,SAVE_TYPE,AUTO_INPUT,INPUT_ITEM,VIEW_ITEM,UNIQUE_ITEM,REQUIRED_ITEM,AUTOREG_HIDE_ITEM,AUTOREG_ONLY_ITEM,INITIAL_VALUE,VALIDATE_OPTION,BEFORE_VALIDATE_REGISTER,AFTER_VALIDATE_REGISTER,DESCRIPTION_JA,DESCRIPTION_EN,NOTE,DISUSE_FLAG,LAST_UPDATE_TIMESTAMP,LAST_UPDATE_USER) VALUES('1070909','10709','インスタンス元のConductorID','Instance source Conductor ID','instance_source_conductor_id',NULL,'2',90,NULL,NULL,NULL,NULL,NULL,NULL,NULL,'I_CONDUCTOR_CLASS_ID',NULL,'0','1','1','0','0','0','0',NULL,NULL,NULL,NULL,'[元データ]Movement一覧','[Original data] Movement list',NULL,'0',_____DATE_____,1);
INSERT INTO T_COMN_MENU_COLUMN_LINK_JNL (JOURNAL_SEQ_NO,JOURNAL_REG_DATETIME,JOURNAL_ACTION_CLASS,COLUMN_DEFINITION_ID,MENU_ID,COLUMN_NAME_JA,COLUMN_NAME_EN,COLUMN_NAME_REST,COL_GROUP_ID,COLUMN_CLASS,COLUMN_DISP_SEQ,REF_TABLE_NAME,REF_PKEY_NAME,REF_COL_NAME,REF_SORT_CONDITIONS,REF_MULTI_LANG,SENSITIVE_COL_NAME,FILE_UPLOAD_PLACE,COL_NAME,SAVE_TYPE,AUTO_INPUT,INPUT_ITEM,VIEW_ITEM,UNIQUE_ITEM,REQUIRED_ITEM,AUTOREG_HIDE_ITEM,AUTOREG_ONLY_ITEM,INITIAL_VALUE,VALIDATE_OPTION,BEFORE_VALIDATE_REGISTER,AFTER_VALIDATE_REGISTER,DESCRIPTION_JA,DESCRIPTION_EN,NOTE,DISUSE_FLAG,LAST_UPDATE_TIMESTAMP,LAST_UPDATE_USER) VALUES(1070909,_____DATE_____,'INSERT','1070909','10709','インスタンス元のConductorID','Instance source Conductor ID','instance_source_conductor_id',NULL,'2',90,NULL,NULL,NULL,NULL,NULL,NULL,NULL,'I_CONDUCTOR_CLASS_ID',NULL,'0','1','1','0','0','0','0',NULL,NULL,NULL,NULL,'[元データ]Movement一覧','[Original data] Movement list',NULL,'0',_____DATE_____,1);
INSERT INTO T_COMN_MENU_COLUMN_LINK (COLUMN_DEFINITION_ID,MENU_ID,COLUMN_NAME_JA,COLUMN_NAME_EN,COLUMN_NAME_REST,COL_GROUP_ID,COLUMN_CLASS,COLUMN_DISP_SEQ,REF_TABLE_NAME,REF_PKEY_NAME,REF_COL_NAME,REF_SORT_CONDITIONS,REF_MULTI_LANG,SENSITIVE_COL_NAME,FILE_UPLOAD_PLACE,COL_NAME,SAVE_TYPE,AUTO_INPUT,INPUT_ITEM,VIEW_ITEM,UNIQUE_ITEM,REQUIRED_ITEM,AUTOREG_HIDE_ITEM,AUTOREG_ONLY_ITEM,INITIAL_VALUE,VALIDATE_OPTION,BEFORE_VALIDATE_REGISTER,AFTER_VALIDATE_REGISTER,DESCRIPTION_JA,DESCRIPTION_EN,NOTE,DISUSE_FLAG,LAST_UPDATE_TIMESTAMP,LAST_UPDATE_USER) VALUES('1070910','10709','インスタンス元のConductor名','Instance source Conductor name','instance_source_conductor_name',NULL,'1',100,NULL,NULL,NULL,NULL,NULL,NULL,NULL,'I_CONDUCTOR_CLASS_NAME',NULL,'0','1','1','0','0','0','0',NULL,NULL,NULL,NULL,'[元データ]Movement一覧','[Original data] Movement list',NULL,'0',_____DATE_____,1);
INSERT INTO T_COMN_MENU_COLUMN_LINK_JNL (JOURNAL_SEQ_NO,JOURNAL_REG_DATETIME,JOURNAL_ACTION_CLASS,COLUMN_DEFINITION_ID,MENU_ID,COLUMN_NAME_JA,COLUMN_NAME_EN,COLUMN_NAME_REST,COL_GROUP_ID,COLUMN_CLASS,COLUMN_DISP_SEQ,REF_TABLE_NAME,REF_PKEY_NAME,REF_COL_NAME,REF_SORT_CONDITIONS,REF_MULTI_LANG,SENSITIVE_COL_NAME,FILE_UPLOAD_PLACE,COL_NAME,SAVE_TYPE,AUTO_INPUT,INPUT_ITEM,VIEW_ITEM,UNIQUE_ITEM,REQUIRED_ITEM,AUTOREG_HIDE_ITEM,AUTOREG_ONLY_ITEM,INITIAL_VALUE,VALIDATE_OPTION,BEFORE_VALIDATE_REGISTER,AFTER_VALIDATE_REGISTER,DESCRIPTION_JA,DESCRIPTION_EN,NOTE,DISUSE_FLAG,LAST_UPDATE_TIMESTAMP,LAST_UPDATE_USER) VALUES(1070910,_____DATE_____,'INSERT','1070910','10709','インスタンス元のConductor名','Instance source Conductor name','instance_source_conductor_name',NULL,'1',100,NULL,NULL,NULL,NULL,NULL,NULL,NULL,'I_CONDUCTOR_CLASS_NAME',NULL,'0','1','1','0','0','0','0',NULL,NULL,NULL,NULL,'[元データ]Movement一覧','[Original data] Movement list',NULL,'0',_____DATE_____,1);
INSERT INTO T_COMN_MENU_COLUMN_LINK (COLUMN_DEFINITION_ID,MENU_ID,COLUMN_NAME_JA,COLUMN_NAME_EN,COLUMN_NAME_REST,COL_GROUP_ID,COLUMN_CLASS,COLUMN_DISP_SEQ,REF_TABLE_NAME,REF_PKEY_NAME,REF_COL_NAME,REF_SORT_CONDITIONS,REF_MULTI_LANG,SENSITIVE_COL_NAME,FILE_UPLOAD_PLACE,COL_NAME,SAVE_TYPE,AUTO_INPUT,INPUT_ITEM,VIEW_ITEM,UNIQUE_ITEM,REQUIRED_ITEM,AUTOREG_HIDE_ITEM,AUTOREG_ONLY_ITEM,INITIAL_VALUE,VALIDATE_OPTION,BEFORE_VALIDATE_REGISTER,AFTER_VALIDATE_REGISTER,DESCRIPTION_JA,DESCRIPTION_EN,NOTE,DISUSE_FLAG,LAST_UPDATE_TIMESTAMP,LAST_UPDATE_USER) VALUES('1070911','10709','インスタンス元のConductor情報','Instance source Conductor info','instance_source_conductor_info',NULL,'19',110,NULL,NULL,NULL,NULL,NULL,NULL,NULL,'I_CONDUCTOR_CLASS_JSON',NULL,'0','1','1','0','0','0','0',NULL,NULL,NULL,NULL,'[元データ]Movement一覧','[Original data] Movement list',NULL,'0',_____DATE_____,1);
INSERT INTO T_COMN_MENU_COLUMN_LINK_JNL (JOURNAL_SEQ_NO,JOURNAL_REG_DATETIME,JOURNAL_ACTION_CLASS,COLUMN_DEFINITION_ID,MENU_ID,COLUMN_NAME_JA,COLUMN_NAME_EN,COLUMN_NAME_REST,COL_GROUP_ID,COLUMN_CLASS,COLUMN_DISP_SEQ,REF_TABLE_NAME,REF_PKEY_NAME,REF_COL_NAME,REF_SORT_CONDITIONS,REF_MULTI_LANG,SENSITIVE_COL_NAME,FILE_UPLOAD_PLACE,COL_NAME,SAVE_TYPE,AUTO_INPUT,INPUT_ITEM,VIEW_ITEM,UNIQUE_ITEM,REQUIRED_ITEM,AUTOREG_HIDE_ITEM,AUTOREG_ONLY_ITEM,INITIAL_VALUE,VALIDATE_OPTION,BEFORE_VALIDATE_REGISTER,AFTER_VALIDATE_REGISTER,DESCRIPTION_JA,DESCRIPTION_EN,NOTE,DISUSE_FLAG,LAST_UPDATE_TIMESTAMP,LAST_UPDATE_USER) VALUES(1070911,_____DATE_____,'INSERT','1070911','10709','インスタンス元のConductor情報','Instance source Conductor info','instance_source_conductor_info',NULL,'19',110,NULL,NULL,NULL,NULL,NULL,NULL,NULL,'I_CONDUCTOR_CLASS_JSON',NULL,'0','1','1','0','0','0','0',NULL,NULL,NULL,NULL,'[元データ]Movement一覧','[Original data] Movement list',NULL,'0',_____DATE_____,1);
INSERT INTO T_COMN_MENU_COLUMN_LINK (COLUMN_DEFINITION_ID,MENU_ID,COLUMN_NAME_JA,COLUMN_NAME_EN,COLUMN_NAME_REST,COL_GROUP_ID,COLUMN_CLASS,COLUMN_DISP_SEQ,REF_TABLE_NAME,REF_PKEY_NAME,REF_COL_NAME,REF_SORT_CONDITIONS,REF_MULTI_LANG,SENSITIVE_COL_NAME,FILE_UPLOAD_PLACE,COL_NAME,SAVE_TYPE,AUTO_INPUT,INPUT_ITEM,VIEW_ITEM,UNIQUE_ITEM,REQUIRED_ITEM,AUTOREG_HIDE_ITEM,AUTOREG_ONLY_ITEM,INITIAL_VALUE,VALIDATE_OPTION,BEFORE_VALIDATE_REGISTER,AFTER_VALIDATE_REGISTER,DESCRIPTION_JA,DESCRIPTION_EN,NOTE,DISUSE_FLAG,LAST_UPDATE_TIMESTAMP,LAST_UPDATE_USER) VALUES('1070912','10709','ConductorインスタンスID','Conductor instance ID','conductor_instance_id',NULL,'1',120,NULL,NULL,NULL,NULL,NULL,NULL,NULL,'CONDUCTOR_INSTANCE_ID',NULL,'0','1','1','0','0','0','0',NULL,NULL,NULL,NULL,'[元データ]Movement一覧','[Original data] Movement list',NULL,'0',_____DATE_____,1);
INSERT INTO T_COMN_MENU_COLUMN_LINK_JNL (JOURNAL_SEQ_NO,JOURNAL_REG_DATETIME,JOURNAL_ACTION_CLASS,COLUMN_DEFINITION_ID,MENU_ID,COLUMN_NAME_JA,COLUMN_NAME_EN,COLUMN_NAME_REST,COL_GROUP_ID,COLUMN_CLASS,COLUMN_DISP_SEQ,REF_TABLE_NAME,REF_PKEY_NAME,REF_COL_NAME,REF_SORT_CONDITIONS,REF_MULTI_LANG,SENSITIVE_COL_NAME,FILE_UPLOAD_PLACE,COL_NAME,SAVE_TYPE,AUTO_INPUT,INPUT_ITEM,VIEW_ITEM,UNIQUE_ITEM,REQUIRED_ITEM,AUTOREG_HIDE_ITEM,AUTOREG_ONLY_ITEM,INITIAL_VALUE,VALIDATE_OPTION,BEFORE_VALIDATE_REGISTER,AFTER_VALIDATE_REGISTER,DESCRIPTION_JA,DESCRIPTION_EN,NOTE,DISUSE_FLAG,LAST_UPDATE_TIMESTAMP,LAST_UPDATE_USER) VALUES(1070912,_____DATE_____,'INSERT','1070912','10709','ConductorインスタンスID','Conductor instance ID','conductor_instance_id',NULL,'1',120,NULL,NULL,NULL,NULL,NULL,NULL,NULL,'CONDUCTOR_INSTANCE_ID',NULL,'0','1','1','0','0','0','0',NULL,NULL,NULL,NULL,'[元データ]Movement一覧','[Original data] Movement list',NULL,'0',_____DATE_____,1);
INSERT INTO T_COMN_MENU_COLUMN_LINK (COLUMN_DEFINITION_ID,MENU_ID,COLUMN_NAME_JA,COLUMN_NAME_EN,COLUMN_NAME_REST,COL_GROUP_ID,COLUMN_CLASS,COLUMN_DISP_SEQ,REF_TABLE_NAME,REF_PKEY_NAME,REF_COL_NAME,REF_SORT_CONDITIONS,REF_MULTI_LANG,SENSITIVE_COL_NAME,FILE_UPLOAD_PLACE,COL_NAME,SAVE_TYPE,AUTO_INPUT,INPUT_ITEM,VIEW_ITEM,UNIQUE_ITEM,REQUIRED_ITEM,AUTOREG_HIDE_ITEM,AUTOREG_ONLY_ITEM,INITIAL_VALUE,VALIDATE_OPTION,BEFORE_VALIDATE_REGISTER,AFTER_VALIDATE_REGISTER,DESCRIPTION_JA,DESCRIPTION_EN,NOTE,DISUSE_FLAG,LAST_UPDATE_TIMESTAMP,LAST_UPDATE_USER) VALUES('1070913','10709','最上位の親ConductorインスタンスID','Top parent ID','top_parent_id',NULL,'1',130,NULL,NULL,NULL,NULL,NULL,NULL,NULL,'PARENT_CONDUCTOR_INSTANCE_ID',NULL,'0','1','1','0','0','0','0',NULL,NULL,NULL,NULL,NULL,NULL,NULL,'0',_____DATE_____,1);
INSERT INTO T_COMN_MENU_COLUMN_LINK_JNL (JOURNAL_SEQ_NO,JOURNAL_REG_DATETIME,JOURNAL_ACTION_CLASS,COLUMN_DEFINITION_ID,MENU_ID,COLUMN_NAME_JA,COLUMN_NAME_EN,COLUMN_NAME_REST,COL_GROUP_ID,COLUMN_CLASS,COLUMN_DISP_SEQ,REF_TABLE_NAME,REF_PKEY_NAME,REF_COL_NAME,REF_SORT_CONDITIONS,REF_MULTI_LANG,SENSITIVE_COL_NAME,FILE_UPLOAD_PLACE,COL_NAME,SAVE_TYPE,AUTO_INPUT,INPUT_ITEM,VIEW_ITEM,UNIQUE_ITEM,REQUIRED_ITEM,AUTOREG_HIDE_ITEM,AUTOREG_ONLY_ITEM,INITIAL_VALUE,VALIDATE_OPTION,BEFORE_VALIDATE_REGISTER,AFTER_VALIDATE_REGISTER,DESCRIPTION_JA,DESCRIPTION_EN,NOTE,DISUSE_FLAG,LAST_UPDATE_TIMESTAMP,LAST_UPDATE_USER) VALUES(1070913,_____DATE_____,'INSERT','1070913','10709','最上位の親ConductorインスタンスID','Top parent ID','top_parent_id',NULL,'1',130,NULL,NULL,NULL,NULL,NULL,NULL,NULL,'PARENT_CONDUCTOR_INSTANCE_ID',NULL,'0','1','1','0','0','0','0',NULL,NULL,NULL,NULL,NULL,NULL,NULL,'0',_____DATE_____,1);
INSERT INTO T_COMN_MENU_COLUMN_LINK (COLUMN_DEFINITION_ID,MENU_ID,COLUMN_NAME_JA,COLUMN_NAME_EN,COLUMN_NAME_REST,COL_GROUP_ID,COLUMN_CLASS,COLUMN_DISP_SEQ,REF_TABLE_NAME,REF_PKEY_NAME,REF_COL_NAME,REF_SORT_CONDITIONS,REF_MULTI_LANG,SENSITIVE_COL_NAME,FILE_UPLOAD_PLACE,COL_NAME,SAVE_TYPE,AUTO_INPUT,INPUT_ITEM,VIEW_ITEM,UNIQUE_ITEM,REQUIRED_ITEM,AUTOREG_HIDE_ITEM,AUTOREG_ONLY_ITEM,INITIAL_VALUE,VALIDATE_OPTION,BEFORE_VALIDATE_REGISTER,AFTER_VALIDATE_REGISTER,DESCRIPTION_JA,DESCRIPTION_EN,NOTE,DISUSE_FLAG,LAST_UPDATE_TIMESTAMP,LAST_UPDATE_USER) VALUES('1070914','10709','最上位の親Conductorインスタンス名','Top parent Name','top_parent_name',NULL,'1',140,NULL,NULL,NULL,NULL,NULL,NULL,NULL,'PARENT_CONDUCTOR_INSTANCE_NAME',NULL,'0','1','1','0','0','0','0',NULL,NULL,NULL,NULL,NULL,NULL,NULL,'0',_____DATE_____,1);
INSERT INTO T_COMN_MENU_COLUMN_LINK_JNL (JOURNAL_SEQ_NO,JOURNAL_REG_DATETIME,JOURNAL_ACTION_CLASS,COLUMN_DEFINITION_ID,MENU_ID,COLUMN_NAME_JA,COLUMN_NAME_EN,COLUMN_NAME_REST,COL_GROUP_ID,COLUMN_CLASS,COLUMN_DISP_SEQ,REF_TABLE_NAME,REF_PKEY_NAME,REF_COL_NAME,REF_SORT_CONDITIONS,REF_MULTI_LANG,SENSITIVE_COL_NAME,FILE_UPLOAD_PLACE,COL_NAME,SAVE_TYPE,AUTO_INPUT,INPUT_ITEM,VIEW_ITEM,UNIQUE_ITEM,REQUIRED_ITEM,AUTOREG_HIDE_ITEM,AUTOREG_ONLY_ITEM,INITIAL_VALUE,VALIDATE_OPTION,BEFORE_VALIDATE_REGISTER,AFTER_VALIDATE_REGISTER,DESCRIPTION_JA,DESCRIPTION_EN,NOTE,DISUSE_FLAG,LAST_UPDATE_TIMESTAMP,LAST_UPDATE_USER) VALUES(1070914,_____DATE_____,'INSERT','1070914','10709','最上位の親Conductorインスタンス名','Top parent Name','top_parent_name',NULL,'1',140,NULL,NULL,NULL,NULL,NULL,NULL,NULL,'PARENT_CONDUCTOR_INSTANCE_NAME',NULL,'0','1','1','0','0','0','0',NULL,NULL,NULL,NULL,NULL,NULL,NULL,'0',_____DATE_____,1);
INSERT INTO T_COMN_MENU_COLUMN_LINK (COLUMN_DEFINITION_ID,MENU_ID,COLUMN_NAME_JA,COLUMN_NAME_EN,COLUMN_NAME_REST,COL_GROUP_ID,COLUMN_CLASS,COLUMN_DISP_SEQ,REF_TABLE_NAME,REF_PKEY_NAME,REF_COL_NAME,REF_SORT_CONDITIONS,REF_MULTI_LANG,SENSITIVE_COL_NAME,FILE_UPLOAD_PLACE,COL_NAME,SAVE_TYPE,AUTO_INPUT,INPUT_ITEM,VIEW_ITEM,UNIQUE_ITEM,REQUIRED_ITEM,AUTOREG_HIDE_ITEM,AUTOREG_ONLY_ITEM,INITIAL_VALUE,VALIDATE_OPTION,BEFORE_VALIDATE_REGISTER,AFTER_VALIDATE_REGISTER,DESCRIPTION_JA,DESCRIPTION_EN,NOTE,DISUSE_FLAG,LAST_UPDATE_TIMESTAMP,LAST_UPDATE_USER) VALUES('1070915','10709','作業実行ID','Execution id','execution_id',NULL,'1',150,NULL,NULL,NULL,NULL,NULL,NULL,NULL,'EXECUTION_ID',NULL,'0','1','1','0','0','0','0',NULL,NULL,NULL,NULL,NULL,NULL,NULL,'0',_____DATE_____,1);
INSERT INTO T_COMN_MENU_COLUMN_LINK_JNL (JOURNAL_SEQ_NO,JOURNAL_REG_DATETIME,JOURNAL_ACTION_CLASS,COLUMN_DEFINITION_ID,MENU_ID,COLUMN_NAME_JA,COLUMN_NAME_EN,COLUMN_NAME_REST,COL_GROUP_ID,COLUMN_CLASS,COLUMN_DISP_SEQ,REF_TABLE_NAME,REF_PKEY_NAME,REF_COL_NAME,REF_SORT_CONDITIONS,REF_MULTI_LANG,SENSITIVE_COL_NAME,FILE_UPLOAD_PLACE,COL_NAME,SAVE_TYPE,AUTO_INPUT,INPUT_ITEM,VIEW_ITEM,UNIQUE_ITEM,REQUIRED_ITEM,AUTOREG_HIDE_ITEM,AUTOREG_ONLY_ITEM,INITIAL_VALUE,VALIDATE_OPTION,BEFORE_VALIDATE_REGISTER,AFTER_VALIDATE_REGISTER,DESCRIPTION_JA,DESCRIPTION_EN,NOTE,DISUSE_FLAG,LAST_UPDATE_TIMESTAMP,LAST_UPDATE_USER) VALUES(1070915,_____DATE_____,'INSERT','1070915','10709','作業実行ID','Execution id','execution_id',NULL,'1',150,NULL,NULL,NULL,NULL,NULL,NULL,NULL,'EXECUTION_ID',NULL,'0','1','1','0','0','0','0',NULL,NULL,NULL,NULL,NULL,NULL,NULL,'0',_____DATE_____,1);
INSERT INTO T_COMN_MENU_COLUMN_LINK (COLUMN_DEFINITION_ID,MENU_ID,COLUMN_NAME_JA,COLUMN_NAME_EN,COLUMN_NAME_REST,COL_GROUP_ID,COLUMN_CLASS,COLUMN_DISP_SEQ,REF_TABLE_NAME,REF_PKEY_NAME,REF_COL_NAME,REF_SORT_CONDITIONS,REF_MULTI_LANG,SENSITIVE_COL_NAME,FILE_UPLOAD_PLACE,COL_NAME,SAVE_TYPE,AUTO_INPUT,INPUT_ITEM,VIEW_ITEM,UNIQUE_ITEM,REQUIRED_ITEM,AUTOREG_HIDE_ITEM,AUTOREG_ONLY_ITEM,INITIAL_VALUE,VALIDATE_OPTION,BEFORE_VALIDATE_REGISTER,AFTER_VALIDATE_REGISTER,DESCRIPTION_JA,DESCRIPTION_EN,NOTE,DISUSE_FLAG,LAST_UPDATE_TIMESTAMP,LAST_UPDATE_USER) VALUES('1070916','10709','ステータスID','Status ID','status_id',NULL,'7',160,'T_COMN_CONDUCTOR_NODE_STATUS','STATUS_ID','STATUS_NAME',NULL,'1',NULL,NULL,'STATUS_ID',NULL,'0','1','1','0','0','0','0',NULL,NULL,NULL,NULL,NULL,NULL,NULL,'0',_____DATE_____,1);
INSERT INTO T_COMN_MENU_COLUMN_LINK_JNL (JOURNAL_SEQ_NO,JOURNAL_REG_DATETIME,JOURNAL_ACTION_CLASS,COLUMN_DEFINITION_ID,MENU_ID,COLUMN_NAME_JA,COLUMN_NAME_EN,COLUMN_NAME_REST,COL_GROUP_ID,COLUMN_CLASS,COLUMN_DISP_SEQ,REF_TABLE_NAME,REF_PKEY_NAME,REF_COL_NAME,REF_SORT_CONDITIONS,REF_MULTI_LANG,SENSITIVE_COL_NAME,FILE_UPLOAD_PLACE,COL_NAME,SAVE_TYPE,AUTO_INPUT,INPUT_ITEM,VIEW_ITEM,UNIQUE_ITEM,REQUIRED_ITEM,AUTOREG_HIDE_ITEM,AUTOREG_ONLY_ITEM,INITIAL_VALUE,VALIDATE_OPTION,BEFORE_VALIDATE_REGISTER,AFTER_VALIDATE_REGISTER,DESCRIPTION_JA,DESCRIPTION_EN,NOTE,DISUSE_FLAG,LAST_UPDATE_TIMESTAMP,LAST_UPDATE_USER) VALUES(1070916,_____DATE_____,'INSERT','1070916','10709','ステータスID','Status ID','status_id',NULL,'7',160,'T_COMN_CONDUCTOR_NODE_STATUS','STATUS_ID','STATUS_NAME',NULL,'1',NULL,NULL,'STATUS_ID',NULL,'0','1','1','0','0','0','0',NULL,NULL,NULL,NULL,NULL,NULL,NULL,'0',_____DATE_____,1);
INSERT INTO T_COMN_MENU_COLUMN_LINK (COLUMN_DEFINITION_ID,MENU_ID,COLUMN_NAME_JA,COLUMN_NAME_EN,COLUMN_NAME_REST,COL_GROUP_ID,COLUMN_CLASS,COLUMN_DISP_SEQ,REF_TABLE_NAME,REF_PKEY_NAME,REF_COL_NAME,REF_SORT_CONDITIONS,REF_MULTI_LANG,SENSITIVE_COL_NAME,FILE_UPLOAD_PLACE,COL_NAME,SAVE_TYPE,AUTO_INPUT,INPUT_ITEM,VIEW_ITEM,UNIQUE_ITEM,REQUIRED_ITEM,AUTOREG_HIDE_ITEM,AUTOREG_ONLY_ITEM,INITIAL_VALUE,VALIDATE_OPTION,BEFORE_VALIDATE_REGISTER,AFTER_VALIDATE_REGISTER,DESCRIPTION_JA,DESCRIPTION_EN,NOTE,DISUSE_FLAG,LAST_UPDATE_TIMESTAMP,LAST_UPDATE_USER) VALUES('1070917','10709','ステータスファイル','Status File','status_file',NULL,'1',170,NULL,NULL,NULL,NULL,NULL,NULL,NULL,'STATUS_FILE',NULL,'0','1','1','0','0','0','0',NULL,NULL,NULL,NULL,NULL,NULL,NULL,'0',_____DATE_____,1);
INSERT INTO T_COMN_MENU_COLUMN_LINK_JNL (JOURNAL_SEQ_NO,JOURNAL_REG_DATETIME,JOURNAL_ACTION_CLASS,COLUMN_DEFINITION_ID,MENU_ID,COLUMN_NAME_JA,COLUMN_NAME_EN,COLUMN_NAME_REST,COL_GROUP_ID,COLUMN_CLASS,COLUMN_DISP_SEQ,REF_TABLE_NAME,REF_PKEY_NAME,REF_COL_NAME,REF_SORT_CONDITIONS,REF_MULTI_LANG,SENSITIVE_COL_NAME,FILE_UPLOAD_PLACE,COL_NAME,SAVE_TYPE,AUTO_INPUT,INPUT_ITEM,VIEW_ITEM,UNIQUE_ITEM,REQUIRED_ITEM,AUTOREG_HIDE_ITEM,AUTOREG_ONLY_ITEM,INITIAL_VALUE,VALIDATE_OPTION,BEFORE_VALIDATE_REGISTER,AFTER_VALIDATE_REGISTER,DESCRIPTION_JA,DESCRIPTION_EN,NOTE,DISUSE_FLAG,LAST_UPDATE_TIMESTAMP,LAST_UPDATE_USER) VALUES(1070917,_____DATE_____,'INSERT','1070917','10709','ステータスファイル','Status File','status_file',NULL,'1',170,NULL,NULL,NULL,NULL,NULL,NULL,NULL,'STATUS_FILE',NULL,'0','1','1','0','0','0','0',NULL,NULL,NULL,NULL,NULL,NULL,NULL,'0',_____DATE_____,1);
INSERT INTO T_COMN_MENU_COLUMN_LINK (COLUMN_DEFINITION_ID,MENU_ID,COLUMN_NAME_JA,COLUMN_NAME_EN,COLUMN_NAME_REST,COL_GROUP_ID,COLUMN_CLASS,COLUMN_DISP_SEQ,REF_TABLE_NAME,REF_PKEY_NAME,REF_COL_NAME,REF_SORT_CONDITIONS,REF_MULTI_LANG,SENSITIVE_COL_NAME,FILE_UPLOAD_PLACE,COL_NAME,SAVE_TYPE,AUTO_INPUT,INPUT_ITEM,VIEW_ITEM,UNIQUE_ITEM,REQUIRED_ITEM,AUTOREG_HIDE_ITEM,AUTOREG_ONLY_ITEM,INITIAL_VALUE,VALIDATE_OPTION,BEFORE_VALIDATE_REGISTER,AFTER_VALIDATE_REGISTER,DESCRIPTION_JA,DESCRIPTION_EN,NOTE,DISUSE_FLAG,LAST_UPDATE_TIMESTAMP,LAST_UPDATE_USER) VALUES('1070918','10709','保留','Released flag','released_flag',NULL,'1',180,NULL,NULL,NULL,NULL,NULL,NULL,NULL,'RELEASED_FLAG',NULL,'0','1','1','0','0','0','0',NULL,NULL,NULL,NULL,NULL,NULL,NULL,'0',_____DATE_____,1);
INSERT INTO T_COMN_MENU_COLUMN_LINK_JNL (JOURNAL_SEQ_NO,JOURNAL_REG_DATETIME,JOURNAL_ACTION_CLASS,COLUMN_DEFINITION_ID,MENU_ID,COLUMN_NAME_JA,COLUMN_NAME_EN,COLUMN_NAME_REST,COL_GROUP_ID,COLUMN_CLASS,COLUMN_DISP_SEQ,REF_TABLE_NAME,REF_PKEY_NAME,REF_COL_NAME,REF_SORT_CONDITIONS,REF_MULTI_LANG,SENSITIVE_COL_NAME,FILE_UPLOAD_PLACE,COL_NAME,SAVE_TYPE,AUTO_INPUT,INPUT_ITEM,VIEW_ITEM,UNIQUE_ITEM,REQUIRED_ITEM,AUTOREG_HIDE_ITEM,AUTOREG_ONLY_ITEM,INITIAL_VALUE,VALIDATE_OPTION,BEFORE_VALIDATE_REGISTER,AFTER_VALIDATE_REGISTER,DESCRIPTION_JA,DESCRIPTION_EN,NOTE,DISUSE_FLAG,LAST_UPDATE_TIMESTAMP,LAST_UPDATE_USER) VALUES(1070918,_____DATE_____,'INSERT','1070918','10709','保留','Released flag','released_flag',NULL,'1',180,NULL,NULL,NULL,NULL,NULL,NULL,NULL,'RELEASED_FLAG',NULL,'0','1','1','0','0','0','0',NULL,NULL,NULL,NULL,NULL,NULL,NULL,'0',_____DATE_____,1);
INSERT INTO T_COMN_MENU_COLUMN_LINK (COLUMN_DEFINITION_ID,MENU_ID,COLUMN_NAME_JA,COLUMN_NAME_EN,COLUMN_NAME_REST,COL_GROUP_ID,COLUMN_CLASS,COLUMN_DISP_SEQ,REF_TABLE_NAME,REF_PKEY_NAME,REF_COL_NAME,REF_SORT_CONDITIONS,REF_MULTI_LANG,SENSITIVE_COL_NAME,FILE_UPLOAD_PLACE,COL_NAME,SAVE_TYPE,AUTO_INPUT,INPUT_ITEM,VIEW_ITEM,UNIQUE_ITEM,REQUIRED_ITEM,AUTOREG_HIDE_ITEM,AUTOREG_ONLY_ITEM,INITIAL_VALUE,VALIDATE_OPTION,BEFORE_VALIDATE_REGISTER,AFTER_VALIDATE_REGISTER,DESCRIPTION_JA,DESCRIPTION_EN,NOTE,DISUSE_FLAG,LAST_UPDATE_TIMESTAMP,LAST_UPDATE_USER) VALUES('1070919','10709','スキップ','skip','skip',NULL,'1',190,NULL,NULL,NULL,NULL,NULL,NULL,NULL,'EXE_SKIP_FLAG',NULL,'0','1','1','0','0','0','0',NULL,NULL,NULL,NULL,NULL,NULL,NULL,'0',_____DATE_____,1);
INSERT INTO T_COMN_MENU_COLUMN_LINK_JNL (JOURNAL_SEQ_NO,JOURNAL_REG_DATETIME,JOURNAL_ACTION_CLASS,COLUMN_DEFINITION_ID,MENU_ID,COLUMN_NAME_JA,COLUMN_NAME_EN,COLUMN_NAME_REST,COL_GROUP_ID,COLUMN_CLASS,COLUMN_DISP_SEQ,REF_TABLE_NAME,REF_PKEY_NAME,REF_COL_NAME,REF_SORT_CONDITIONS,REF_MULTI_LANG,SENSITIVE_COL_NAME,FILE_UPLOAD_PLACE,COL_NAME,SAVE_TYPE,AUTO_INPUT,INPUT_ITEM,VIEW_ITEM,UNIQUE_ITEM,REQUIRED_ITEM,AUTOREG_HIDE_ITEM,AUTOREG_ONLY_ITEM,INITIAL_VALUE,VALIDATE_OPTION,BEFORE_VALIDATE_REGISTER,AFTER_VALIDATE_REGISTER,DESCRIPTION_JA,DESCRIPTION_EN,NOTE,DISUSE_FLAG,LAST_UPDATE_TIMESTAMP,LAST_UPDATE_USER) VALUES(1070919,_____DATE_____,'INSERT','1070919','10709','スキップ','skip','skip',NULL,'1',190,NULL,NULL,NULL,NULL,NULL,NULL,NULL,'EXE_SKIP_FLAG',NULL,'0','1','1','0','0','0','0',NULL,NULL,NULL,NULL,NULL,NULL,NULL,'0',_____DATE_____,1);
INSERT INTO T_COMN_MENU_COLUMN_LINK (COLUMN_DEFINITION_ID,MENU_ID,COLUMN_NAME_JA,COLUMN_NAME_EN,COLUMN_NAME_REST,COL_GROUP_ID,COLUMN_CLASS,COLUMN_DISP_SEQ,REF_TABLE_NAME,REF_PKEY_NAME,REF_COL_NAME,REF_SORT_CONDITIONS,REF_MULTI_LANG,SENSITIVE_COL_NAME,FILE_UPLOAD_PLACE,COL_NAME,SAVE_TYPE,AUTO_INPUT,INPUT_ITEM,VIEW_ITEM,UNIQUE_ITEM,REQUIRED_ITEM,AUTOREG_HIDE_ITEM,AUTOREG_ONLY_ITEM,INITIAL_VALUE,VALIDATE_OPTION,BEFORE_VALIDATE_REGISTER,AFTER_VALIDATE_REGISTER,DESCRIPTION_JA,DESCRIPTION_EN,NOTE,DISUSE_FLAG,LAST_UPDATE_TIMESTAMP,LAST_UPDATE_USER) VALUES('1070920','10709','終了タイプ','End type','end_type',NULL,'7',200,'T_COMN_CONDUCTOR_STATUS','STATUS_ID','STATUS_NAME',NULL,'1',NULL,NULL,'END_TYPE',NULL,'0','1','1','0','0','0','0',NULL,NULL,NULL,NULL,NULL,NULL,NULL,'0',_____DATE_____,1);
INSERT INTO T_COMN_MENU_COLUMN_LINK_JNL (JOURNAL_SEQ_NO,JOURNAL_REG_DATETIME,JOURNAL_ACTION_CLASS,COLUMN_DEFINITION_ID,MENU_ID,COLUMN_NAME_JA,COLUMN_NAME_EN,COLUMN_NAME_REST,COL_GROUP_ID,COLUMN_CLASS,COLUMN_DISP_SEQ,REF_TABLE_NAME,REF_PKEY_NAME,REF_COL_NAME,REF_SORT_CONDITIONS,REF_MULTI_LANG,SENSITIVE_COL_NAME,FILE_UPLOAD_PLACE,COL_NAME,SAVE_TYPE,AUTO_INPUT,INPUT_ITEM,VIEW_ITEM,UNIQUE_ITEM,REQUIRED_ITEM,AUTOREG_HIDE_ITEM,AUTOREG_ONLY_ITEM,INITIAL_VALUE,VALIDATE_OPTION,BEFORE_VALIDATE_REGISTER,AFTER_VALIDATE_REGISTER,DESCRIPTION_JA,DESCRIPTION_EN,NOTE,DISUSE_FLAG,LAST_UPDATE_TIMESTAMP,LAST_UPDATE_USER) VALUES(1070920,_____DATE_____,'INSERT','1070920','10709','終了タイプ','End type','end_type',NULL,'7',200,'T_COMN_CONDUCTOR_STATUS','STATUS_ID','STATUS_NAME',NULL,'1',NULL,NULL,'END_TYPE',NULL,'0','1','1','0','0','0','0',NULL,NULL,NULL,NULL,NULL,NULL,NULL,'0',_____DATE_____,1);
INSERT INTO T_COMN_MENU_COLUMN_LINK (COLUMN_DEFINITION_ID,MENU_ID,COLUMN_NAME_JA,COLUMN_NAME_EN,COLUMN_NAME_REST,COL_GROUP_ID,COLUMN_CLASS,COLUMN_DISP_SEQ,REF_TABLE_NAME,REF_PKEY_NAME,REF_COL_NAME,REF_SORT_CONDITIONS,REF_MULTI_LANG,SENSITIVE_COL_NAME,FILE_UPLOAD_PLACE,COL_NAME,SAVE_TYPE,AUTO_INPUT,INPUT_ITEM,VIEW_ITEM,UNIQUE_ITEM,REQUIRED_ITEM,AUTOREG_HIDE_ITEM,AUTOREG_ONLY_ITEM,INITIAL_VALUE,VALIDATE_OPTION,BEFORE_VALIDATE_REGISTER,AFTER_VALIDATE_REGISTER,DESCRIPTION_JA,DESCRIPTION_EN,NOTE,DISUSE_FLAG,LAST_UPDATE_TIMESTAMP,LAST_UPDATE_USER) VALUES('1070921','10709','個別オペレーションID','Operation ID','operation_id',NULL,'1',210,NULL,NULL,NULL,NULL,NULL,NULL,NULL,'OVRD_OPERATION_ID',NULL,'0','1','1','0','0','0','0',NULL,NULL,NULL,NULL,'[元データ]オペレーション一覧','[Original data] Operation list',NULL,'0',_____DATE_____,1);
INSERT INTO T_COMN_MENU_COLUMN_LINK_JNL (JOURNAL_SEQ_NO,JOURNAL_REG_DATETIME,JOURNAL_ACTION_CLASS,COLUMN_DEFINITION_ID,MENU_ID,COLUMN_NAME_JA,COLUMN_NAME_EN,COLUMN_NAME_REST,COL_GROUP_ID,COLUMN_CLASS,COLUMN_DISP_SEQ,REF_TABLE_NAME,REF_PKEY_NAME,REF_COL_NAME,REF_SORT_CONDITIONS,REF_MULTI_LANG,SENSITIVE_COL_NAME,FILE_UPLOAD_PLACE,COL_NAME,SAVE_TYPE,AUTO_INPUT,INPUT_ITEM,VIEW_ITEM,UNIQUE_ITEM,REQUIRED_ITEM,AUTOREG_HIDE_ITEM,AUTOREG_ONLY_ITEM,INITIAL_VALUE,VALIDATE_OPTION,BEFORE_VALIDATE_REGISTER,AFTER_VALIDATE_REGISTER,DESCRIPTION_JA,DESCRIPTION_EN,NOTE,DISUSE_FLAG,LAST_UPDATE_TIMESTAMP,LAST_UPDATE_USER) VALUES(1070921,_____DATE_____,'INSERT','1070921','10709','個別オペレーションID','Operation ID','operation_id',NULL,'1',210,NULL,NULL,NULL,NULL,NULL,NULL,NULL,'OVRD_OPERATION_ID',NULL,'0','1','1','0','0','0','0',NULL,NULL,NULL,NULL,'[元データ]オペレーション一覧','[Original data] Operation list',NULL,'0',_____DATE_____,1);
INSERT INTO T_COMN_MENU_COLUMN_LINK (COLUMN_DEFINITION_ID,MENU_ID,COLUMN_NAME_JA,COLUMN_NAME_EN,COLUMN_NAME_REST,COL_GROUP_ID,COLUMN_CLASS,COLUMN_DISP_SEQ,REF_TABLE_NAME,REF_PKEY_NAME,REF_COL_NAME,REF_SORT_CONDITIONS,REF_MULTI_LANG,SENSITIVE_COL_NAME,FILE_UPLOAD_PLACE,COL_NAME,SAVE_TYPE,AUTO_INPUT,INPUT_ITEM,VIEW_ITEM,UNIQUE_ITEM,REQUIRED_ITEM,AUTOREG_HIDE_ITEM,AUTOREG_ONLY_ITEM,INITIAL_VALUE,VALIDATE_OPTION,BEFORE_VALIDATE_REGISTER,AFTER_VALIDATE_REGISTER,DESCRIPTION_JA,DESCRIPTION_EN,NOTE,DISUSE_FLAG,LAST_UPDATE_TIMESTAMP,LAST_UPDATE_USER) VALUES('1070922','10709','個別オペレーション名','Operation name','operation_name',NULL,'1',220,NULL,NULL,NULL,NULL,NULL,NULL,NULL,'OVRD_I_OPERATION_NAME',NULL,'0','1','1','0','0','0','0',NULL,NULL,NULL,NULL,'[元データ]オペレーション一覧','[Original data] Operation list',NULL,'0',_____DATE_____,1);
INSERT INTO T_COMN_MENU_COLUMN_LINK_JNL (JOURNAL_SEQ_NO,JOURNAL_REG_DATETIME,JOURNAL_ACTION_CLASS,COLUMN_DEFINITION_ID,MENU_ID,COLUMN_NAME_JA,COLUMN_NAME_EN,COLUMN_NAME_REST,COL_GROUP_ID,COLUMN_CLASS,COLUMN_DISP_SEQ,REF_TABLE_NAME,REF_PKEY_NAME,REF_COL_NAME,REF_SORT_CONDITIONS,REF_MULTI_LANG,SENSITIVE_COL_NAME,FILE_UPLOAD_PLACE,COL_NAME,SAVE_TYPE,AUTO_INPUT,INPUT_ITEM,VIEW_ITEM,UNIQUE_ITEM,REQUIRED_ITEM,AUTOREG_HIDE_ITEM,AUTOREG_ONLY_ITEM,INITIAL_VALUE,VALIDATE_OPTION,BEFORE_VALIDATE_REGISTER,AFTER_VALIDATE_REGISTER,DESCRIPTION_JA,DESCRIPTION_EN,NOTE,DISUSE_FLAG,LAST_UPDATE_TIMESTAMP,LAST_UPDATE_USER) VALUES(1070922,_____DATE_____,'INSERT','1070922','10709','個別オペレーション名','Operation name','operation_name',NULL,'1',220,NULL,NULL,NULL,NULL,NULL,NULL,NULL,'OVRD_I_OPERATION_NAME',NULL,'0','1','1','0','0','0','0',NULL,NULL,NULL,NULL,'[元データ]オペレーション一覧','[Original data] Operation list',NULL,'0',_____DATE_____,1);
INSERT INTO T_COMN_MENU_COLUMN_LINK (COLUMN_DEFINITION_ID,MENU_ID,COLUMN_NAME_JA,COLUMN_NAME_EN,COLUMN_NAME_REST,COL_GROUP_ID,COLUMN_CLASS,COLUMN_DISP_SEQ,REF_TABLE_NAME,REF_PKEY_NAME,REF_COL_NAME,REF_SORT_CONDITIONS,REF_MULTI_LANG,SENSITIVE_COL_NAME,FILE_UPLOAD_PLACE,COL_NAME,SAVE_TYPE,AUTO_INPUT,INPUT_ITEM,VIEW_ITEM,UNIQUE_ITEM,REQUIRED_ITEM,AUTOREG_HIDE_ITEM,AUTOREG_ONLY_ITEM,INITIAL_VALUE,VALIDATE_OPTION,BEFORE_VALIDATE_REGISTER,AFTER_VALIDATE_REGISTER,DESCRIPTION_JA,DESCRIPTION_EN,NOTE,DISUSE_FLAG,LAST_UPDATE_TIMESTAMP,LAST_UPDATE_USER) VALUES('1070923','10709','開始日時','Time start','time_start',NULL,'5',230,NULL,NULL,NULL,NULL,NULL,NULL,NULL,'TIME_START',NULL,'0','1','1','0','0','0','0',NULL,NULL,NULL,NULL,NULL,NULL,NULL,'0',_____DATE_____,1);
INSERT INTO T_COMN_MENU_COLUMN_LINK_JNL (JOURNAL_SEQ_NO,JOURNAL_REG_DATETIME,JOURNAL_ACTION_CLASS,COLUMN_DEFINITION_ID,MENU_ID,COLUMN_NAME_JA,COLUMN_NAME_EN,COLUMN_NAME_REST,COL_GROUP_ID,COLUMN_CLASS,COLUMN_DISP_SEQ,REF_TABLE_NAME,REF_PKEY_NAME,REF_COL_NAME,REF_SORT_CONDITIONS,REF_MULTI_LANG,SENSITIVE_COL_NAME,FILE_UPLOAD_PLACE,COL_NAME,SAVE_TYPE,AUTO_INPUT,INPUT_ITEM,VIEW_ITEM,UNIQUE_ITEM,REQUIRED_ITEM,AUTOREG_HIDE_ITEM,AUTOREG_ONLY_ITEM,INITIAL_VALUE,VALIDATE_OPTION,BEFORE_VALIDATE_REGISTER,AFTER_VALIDATE_REGISTER,DESCRIPTION_JA,DESCRIPTION_EN,NOTE,DISUSE_FLAG,LAST_UPDATE_TIMESTAMP,LAST_UPDATE_USER) VALUES(1070923,_____DATE_____,'INSERT','1070923','10709','開始日時','Time start','time_start',NULL,'5',230,NULL,NULL,NULL,NULL,NULL,NULL,NULL,'TIME_START',NULL,'0','1','1','0','0','0','0',NULL,NULL,NULL,NULL,NULL,NULL,NULL,'0',_____DATE_____,1);
INSERT INTO T_COMN_MENU_COLUMN_LINK (COLUMN_DEFINITION_ID,MENU_ID,COLUMN_NAME_JA,COLUMN_NAME_EN,COLUMN_NAME_REST,COL_GROUP_ID,COLUMN_CLASS,COLUMN_DISP_SEQ,REF_TABLE_NAME,REF_PKEY_NAME,REF_COL_NAME,REF_SORT_CONDITIONS,REF_MULTI_LANG,SENSITIVE_COL_NAME,FILE_UPLOAD_PLACE,COL_NAME,SAVE_TYPE,AUTO_INPUT,INPUT_ITEM,VIEW_ITEM,UNIQUE_ITEM,REQUIRED_ITEM,AUTOREG_HIDE_ITEM,AUTOREG_ONLY_ITEM,INITIAL_VALUE,VALIDATE_OPTION,BEFORE_VALIDATE_REGISTER,AFTER_VALIDATE_REGISTER,DESCRIPTION_JA,DESCRIPTION_EN,NOTE,DISUSE_FLAG,LAST_UPDATE_TIMESTAMP,LAST_UPDATE_USER) VALUES('1070924','10709','終了日時','Time end','time_end',NULL,'5',240,NULL,NULL,NULL,NULL,NULL,NULL,NULL,'TIME_END',NULL,'0','1','1','0','0','0','0',NULL,NULL,NULL,NULL,NULL,NULL,NULL,'0',_____DATE_____,1);
INSERT INTO T_COMN_MENU_COLUMN_LINK_JNL (JOURNAL_SEQ_NO,JOURNAL_REG_DATETIME,JOURNAL_ACTION_CLASS,COLUMN_DEFINITION_ID,MENU_ID,COLUMN_NAME_JA,COLUMN_NAME_EN,COLUMN_NAME_REST,COL_GROUP_ID,COLUMN_CLASS,COLUMN_DISP_SEQ,REF_TABLE_NAME,REF_PKEY_NAME,REF_COL_NAME,REF_SORT_CONDITIONS,REF_MULTI_LANG,SENSITIVE_COL_NAME,FILE_UPLOAD_PLACE,COL_NAME,SAVE_TYPE,AUTO_INPUT,INPUT_ITEM,VIEW_ITEM,UNIQUE_ITEM,REQUIRED_ITEM,AUTOREG_HIDE_ITEM,AUTOREG_ONLY_ITEM,INITIAL_VALUE,VALIDATE_OPTION,BEFORE_VALIDATE_REGISTER,AFTER_VALIDATE_REGISTER,DESCRIPTION_JA,DESCRIPTION_EN,NOTE,DISUSE_FLAG,LAST_UPDATE_TIMESTAMP,LAST_UPDATE_USER) VALUES(1070924,_____DATE_____,'INSERT','1070924','10709','終了日時','Time end','time_end',NULL,'5',240,NULL,NULL,NULL,NULL,NULL,NULL,NULL,'TIME_END',NULL,'0','1','1','0','0','0','0',NULL,NULL,NULL,NULL,NULL,NULL,NULL,'0',_____DATE_____,1);
INSERT INTO T_COMN_MENU_COLUMN_LINK (COLUMN_DEFINITION_ID,MENU_ID,COLUMN_NAME_JA,COLUMN_NAME_EN,COLUMN_NAME_REST,COL_GROUP_ID,COLUMN_CLASS,COLUMN_DISP_SEQ,REF_TABLE_NAME,REF_PKEY_NAME,REF_COL_NAME,REF_SORT_CONDITIONS,REF_MULTI_LANG,SENSITIVE_COL_NAME,FILE_UPLOAD_PLACE,COL_NAME,SAVE_TYPE,AUTO_INPUT,INPUT_ITEM,VIEW_ITEM,UNIQUE_ITEM,REQUIRED_ITEM,AUTOREG_HIDE_ITEM,AUTOREG_ONLY_ITEM,INITIAL_VALUE,VALIDATE_OPTION,BEFORE_VALIDATE_REGISTER,AFTER_VALIDATE_REGISTER,DESCRIPTION_JA,DESCRIPTION_EN,NOTE,DISUSE_FLAG,LAST_UPDATE_TIMESTAMP,LAST_UPDATE_USER) VALUES('1070925','10709','備考','Remarks','remarks',NULL,'12',250,NULL,NULL,NULL,NULL,NULL,NULL,NULL,'NOTE',NULL,'0','1','1','0','0','0','0',NULL,'{
"min_length": 0,
"max_length": 4000
}',NULL,NULL,'自由記述欄。レコードの廃止・復活時にも記載可能。','Comments section. Can comment when removing or restoring records.',NULL,'0',_____DATE_____,1);
INSERT INTO T_COMN_MENU_COLUMN_LINK_JNL (JOURNAL_SEQ_NO,JOURNAL_REG_DATETIME,JOURNAL_ACTION_CLASS,COLUMN_DEFINITION_ID,MENU_ID,COLUMN_NAME_JA,COLUMN_NAME_EN,COLUMN_NAME_REST,COL_GROUP_ID,COLUMN_CLASS,COLUMN_DISP_SEQ,REF_TABLE_NAME,REF_PKEY_NAME,REF_COL_NAME,REF_SORT_CONDITIONS,REF_MULTI_LANG,SENSITIVE_COL_NAME,FILE_UPLOAD_PLACE,COL_NAME,SAVE_TYPE,AUTO_INPUT,INPUT_ITEM,VIEW_ITEM,UNIQUE_ITEM,REQUIRED_ITEM,AUTOREG_HIDE_ITEM,AUTOREG_ONLY_ITEM,INITIAL_VALUE,VALIDATE_OPTION,BEFORE_VALIDATE_REGISTER,AFTER_VALIDATE_REGISTER,DESCRIPTION_JA,DESCRIPTION_EN,NOTE,DISUSE_FLAG,LAST_UPDATE_TIMESTAMP,LAST_UPDATE_USER) VALUES(1070925,_____DATE_____,'INSERT','1070925','10709','備考','Remarks','remarks',NULL,'12',250,NULL,NULL,NULL,NULL,NULL,NULL,NULL,'NOTE',NULL,'0','1','1','0','0','0','0',NULL,'{
"min_length": 0,
"max_length": 4000
}',NULL,NULL,'自由記述欄。レコードの廃止・復活時にも記載可能。','Comments section. Can comment when removing or restoring records.',NULL,'0',_____DATE_____,1);
INSERT INTO T_COMN_MENU_COLUMN_LINK (COLUMN_DEFINITION_ID,MENU_ID,COLUMN_NAME_JA,COLUMN_NAME_EN,COLUMN_NAME_REST,COL_GROUP_ID,COLUMN_CLASS,COLUMN_DISP_SEQ,REF_TABLE_NAME,REF_PKEY_NAME,REF_COL_NAME,REF_SORT_CONDITIONS,REF_MULTI_LANG,SENSITIVE_COL_NAME,FILE_UPLOAD_PLACE,COL_NAME,SAVE_TYPE,AUTO_INPUT,INPUT_ITEM,VIEW_ITEM,UNIQUE_ITEM,REQUIRED_ITEM,AUTOREG_HIDE_ITEM,AUTOREG_ONLY_ITEM,INITIAL_VALUE,VALIDATE_OPTION,BEFORE_VALIDATE_REGISTER,AFTER_VALIDATE_REGISTER,DESCRIPTION_JA,DESCRIPTION_EN,NOTE,DISUSE_FLAG,LAST_UPDATE_TIMESTAMP,LAST_UPDATE_USER) VALUES('1070926','10709','廃止フラグ','Discard','discard',NULL,'1',260,NULL,NULL,NULL,NULL,NULL,NULL,NULL,'DISUSE_FLAG',NULL,'1','0','0','0','1','0','0',NULL,NULL,NULL,NULL,'廃止フラグ。復活以外のオペレーションは不可','Discard flag. Cannot do operation other than restore.',NULL,'0',_____DATE_____,1);
INSERT INTO T_COMN_MENU_COLUMN_LINK_JNL (JOURNAL_SEQ_NO,JOURNAL_REG_DATETIME,JOURNAL_ACTION_CLASS,COLUMN_DEFINITION_ID,MENU_ID,COLUMN_NAME_JA,COLUMN_NAME_EN,COLUMN_NAME_REST,COL_GROUP_ID,COLUMN_CLASS,COLUMN_DISP_SEQ,REF_TABLE_NAME,REF_PKEY_NAME,REF_COL_NAME,REF_SORT_CONDITIONS,REF_MULTI_LANG,SENSITIVE_COL_NAME,FILE_UPLOAD_PLACE,COL_NAME,SAVE_TYPE,AUTO_INPUT,INPUT_ITEM,VIEW_ITEM,UNIQUE_ITEM,REQUIRED_ITEM,AUTOREG_HIDE_ITEM,AUTOREG_ONLY_ITEM,INITIAL_VALUE,VALIDATE_OPTION,BEFORE_VALIDATE_REGISTER,AFTER_VALIDATE_REGISTER,DESCRIPTION_JA,DESCRIPTION_EN,NOTE,DISUSE_FLAG,LAST_UPDATE_TIMESTAMP,LAST_UPDATE_USER) VALUES(1070926,_____DATE_____,'INSERT','1070926','10709','廃止フラグ','Discard','discard',NULL,'1',260,NULL,NULL,NULL,NULL,NULL,NULL,NULL,'DISUSE_FLAG',NULL,'1','0','0','0','1','0','0',NULL,NULL,NULL,NULL,'廃止フラグ。復活以外のオペレーションは不可','Discard flag. Cannot do operation other than restore.',NULL,'0',_____DATE_____,1);
INSERT INTO T_COMN_MENU_COLUMN_LINK (COLUMN_DEFINITION_ID,MENU_ID,COLUMN_NAME_JA,COLUMN_NAME_EN,COLUMN_NAME_REST,COL_GROUP_ID,COLUMN_CLASS,COLUMN_DISP_SEQ,REF_TABLE_NAME,REF_PKEY_NAME,REF_COL_NAME,REF_SORT_CONDITIONS,REF_MULTI_LANG,SENSITIVE_COL_NAME,FILE_UPLOAD_PLACE,COL_NAME,SAVE_TYPE,AUTO_INPUT,INPUT_ITEM,VIEW_ITEM,UNIQUE_ITEM,REQUIRED_ITEM,AUTOREG_HIDE_ITEM,AUTOREG_ONLY_ITEM,INITIAL_VALUE,VALIDATE_OPTION,BEFORE_VALIDATE_REGISTER,AFTER_VALIDATE_REGISTER,DESCRIPTION_JA,DESCRIPTION_EN,NOTE,DISUSE_FLAG,LAST_UPDATE_TIMESTAMP,LAST_UPDATE_USER) VALUES('1070927','10709','最終更新日時','Last update date/time','last_update_date_time',NULL,'13',270,NULL,NULL,NULL,NULL,NULL,NULL,NULL,'LAST_UPDATE_TIMESTAMP',NULL,'1','0','1','0','1','0','0',NULL,NULL,NULL,NULL,'レコードの最終更新日。自動登録のため編集不可。','Last update date of record. Cannot edit because of auto-registration.',NULL,'0',_____DATE_____,1);
INSERT INTO T_COMN_MENU_COLUMN_LINK_JNL (JOURNAL_SEQ_NO,JOURNAL_REG_DATETIME,JOURNAL_ACTION_CLASS,COLUMN_DEFINITION_ID,MENU_ID,COLUMN_NAME_JA,COLUMN_NAME_EN,COLUMN_NAME_REST,COL_GROUP_ID,COLUMN_CLASS,COLUMN_DISP_SEQ,REF_TABLE_NAME,REF_PKEY_NAME,REF_COL_NAME,REF_SORT_CONDITIONS,REF_MULTI_LANG,SENSITIVE_COL_NAME,FILE_UPLOAD_PLACE,COL_NAME,SAVE_TYPE,AUTO_INPUT,INPUT_ITEM,VIEW_ITEM,UNIQUE_ITEM,REQUIRED_ITEM,AUTOREG_HIDE_ITEM,AUTOREG_ONLY_ITEM,INITIAL_VALUE,VALIDATE_OPTION,BEFORE_VALIDATE_REGISTER,AFTER_VALIDATE_REGISTER,DESCRIPTION_JA,DESCRIPTION_EN,NOTE,DISUSE_FLAG,LAST_UPDATE_TIMESTAMP,LAST_UPDATE_USER) VALUES(1070927,_____DATE_____,'INSERT','1070927','10709','最終更新日時','Last update date/time','last_update_date_time',NULL,'13',270,NULL,NULL,NULL,NULL,NULL,NULL,NULL,'LAST_UPDATE_TIMESTAMP',NULL,'1','0','1','0','1','0','0',NULL,NULL,NULL,NULL,'レコードの最終更新日。自動登録のため編集不可。','Last update date of record. Cannot edit because of auto-registration.',NULL,'0',_____DATE_____,1);
INSERT INTO T_COMN_MENU_COLUMN_LINK (COLUMN_DEFINITION_ID,MENU_ID,COLUMN_NAME_JA,COLUMN_NAME_EN,COLUMN_NAME_REST,COL_GROUP_ID,COLUMN_CLASS,COLUMN_DISP_SEQ,REF_TABLE_NAME,REF_PKEY_NAME,REF_COL_NAME,REF_SORT_CONDITIONS,REF_MULTI_LANG,SENSITIVE_COL_NAME,FILE_UPLOAD_PLACE,COL_NAME,SAVE_TYPE,AUTO_INPUT,INPUT_ITEM,VIEW_ITEM,UNIQUE_ITEM,REQUIRED_ITEM,AUTOREG_HIDE_ITEM,AUTOREG_ONLY_ITEM,INITIAL_VALUE,VALIDATE_OPTION,BEFORE_VALIDATE_REGISTER,AFTER_VALIDATE_REGISTER,DESCRIPTION_JA,DESCRIPTION_EN,NOTE,DISUSE_FLAG,LAST_UPDATE_TIMESTAMP,LAST_UPDATE_USER) VALUES('1070928','10709','最終更新者','Last updated by','last_updated_user',NULL,'14',280,NULL,NULL,NULL,NULL,NULL,NULL,NULL,'LAST_UPDATE_USER',NULL,'1','0','1','0','1','0','0',NULL,NULL,NULL,NULL,'更新者。ログインユーザのIDが自動的に登録される。編集不可。','Updated by. Login user ID is automatically registered. Cannot edit.',NULL,'0',_____DATE_____,1);
INSERT INTO T_COMN_MENU_COLUMN_LINK_JNL (JOURNAL_SEQ_NO,JOURNAL_REG_DATETIME,JOURNAL_ACTION_CLASS,COLUMN_DEFINITION_ID,MENU_ID,COLUMN_NAME_JA,COLUMN_NAME_EN,COLUMN_NAME_REST,COL_GROUP_ID,COLUMN_CLASS,COLUMN_DISP_SEQ,REF_TABLE_NAME,REF_PKEY_NAME,REF_COL_NAME,REF_SORT_CONDITIONS,REF_MULTI_LANG,SENSITIVE_COL_NAME,FILE_UPLOAD_PLACE,COL_NAME,SAVE_TYPE,AUTO_INPUT,INPUT_ITEM,VIEW_ITEM,UNIQUE_ITEM,REQUIRED_ITEM,AUTOREG_HIDE_ITEM,AUTOREG_ONLY_ITEM,INITIAL_VALUE,VALIDATE_OPTION,BEFORE_VALIDATE_REGISTER,AFTER_VALIDATE_REGISTER,DESCRIPTION_JA,DESCRIPTION_EN,NOTE,DISUSE_FLAG,LAST_UPDATE_TIMESTAMP,LAST_UPDATE_USER) VALUES(1070928,_____DATE_____,'INSERT','1070928','10709','最終更新者','Last updated by','last_updated_user',NULL,'14',280,NULL,NULL,NULL,NULL,NULL,NULL,NULL,'LAST_UPDATE_USER',NULL,'1','0','1','0','1','0','0',NULL,NULL,NULL,NULL,'更新者。ログインユーザのIDが自動的に登録される。編集不可。','Updated by. Login user ID is automatically registered. Cannot edit.',NULL,'0',_____DATE_____,1);

