INSERT INTO T_COMN_SYSTEM_CONFIG (ITEM_ID,CONFIG_ID,CONFIG_NAME,VALUE,NOTE,DISUSE_FLAG,LAST_UPDATE_TIMESTAMP,LAST_UPDATE_USER) VALUES(1,'FORBIDDEN_UPLOAD','アップロード禁止拡張子','.exe;.com;.php;.cgi;.sh;.sql;.vbs;.js;.pl;.ini;.htaccess',CONCAT('ファイルアップロードを禁止する拡張子','\n','(半角セミコロン区切り)','\n','Extension to prohibit file upload','\n','(single byte semicolon delimiter)'),'0',STR_TO_DATE('2015/04/01 10:00:00.000000','%Y/%m/%d %H:%i:%s.%f'),1);
INSERT INTO T_COMN_SYSTEM_CONFIG_JNL (JOURNAL_SEQ_NO,JOURNAL_REG_DATETIME,JOURNAL_ACTION_CLASS,ITEM_ID,CONFIG_ID,CONFIG_NAME,VALUE,NOTE,DISUSE_FLAG,LAST_UPDATE_TIMESTAMP,LAST_UPDATE_USER) VALUES(1,STR_TO_DATE('2015/04/01 10:00:00.000000','%Y/%m/%d %H:%i:%s.%f'),'INSERT',1,'FORBIDDEN_UPLOAD','アップロード禁止拡張子','.exe;.com;.php;.cgi;.sh;.sql;.vbs;.js;.pl;.ini;.htaccess',CONCAT('ファイルアップロードを禁止する拡張子','\n','(半角セミコロン区切り)','\n','Extension to prohibit file upload','\n','(single byte semicolon delimiter)'),'0',STR_TO_DATE('2015/04/01 10:00:00.000000','%Y/%m/%d %H:%i:%s.%f'),1);
INSERT INTO T_COMN_SYSTEM_CONFIG (ITEM_ID,CONFIG_ID,CONFIG_NAME,VALUE,NOTE,DISUSE_FLAG,LAST_UPDATE_TIMESTAMP,LAST_UPDATE_USER) VALUES(2,'DESIGN_TYPE','画面デザイン選択','default',CONCAT('画面のデザイン設定','\n','設定値を以下のいずれかのキーに指定することで画面のデザインの変更が可能。','\n','未入力や誤った設定値の場合はdefaultを自動選択。','\n','・default(青色を基調とした初期デザイン)','\n','・red(赤色を基調としたデザイン)','\n','・green(緑色を基調としたデザイン)','\n','・blue(青色を基調としたデザイン)','\n','・orange(オレンジ色を基調としたデザイン)','\n','・yellow(黄色を基調としたデザイン)','\n','・purple(紫色を基調としたデザイン)','\n','・brown(茶色を基調としたデザイン)','\n','・gray(灰色を基調としたデザイン)','\n','・cool(寒色を基調としたデザイン)','\n','・cute(ピンク色を基調としたデザイン)','\n','・natural(自然をイメージしたデザイン)','\n','・gorgeous(赤と黒を基調としたゴージャスなデザイン)','\n','・oase(ExastroOASEをイメージしたデザイン)','\n','・epoch(ExastroEPOCHをイメージしたデザイン)','\n','・darkmode(夜間などに最適な暗色デザイン)','\n','Screen design settings','\n','The screen design can be changed by specifying the setting value to one of the following keys.','\n','If there is no input or the setting value is incorrect, it is automatically selected by default.','\n','  default(Initial design based on blue)','\n','  red(Design based on  red)','\n','  green(Design based on green)','\n','  blue(Design based on blue)','\n','  orange(Design based on orange)','\n','  yellow(Design based on yellow)','\n','  purple(Design based on purple)','\n','  brown(Design based on brown)','\n','  gray(Design based on gray)','\n','  cool(Design based on cool colors)','\n','  cute(Design based on pink)','\n','  natural(Design inspired by nature)','\n','  gorgeous(Gorgeous design based on red and black)','\n','  oase(ExastroOASE-inspired design)','\n','  epoch(ExastroEPOCH-inspired design)','\n','  darkmode(Dark design ideal for nighttime)'),'0',STR_TO_DATE('2015/04/01 10:00:00.000000','%Y/%m/%d %H:%i:%s.%f'),1);
INSERT INTO T_COMN_SYSTEM_CONFIG_JNL (JOURNAL_SEQ_NO,JOURNAL_REG_DATETIME,JOURNAL_ACTION_CLASS,ITEM_ID,CONFIG_ID,CONFIG_NAME,VALUE,NOTE,DISUSE_FLAG,LAST_UPDATE_TIMESTAMP,LAST_UPDATE_USER) VALUES(2,STR_TO_DATE('2015/04/01 10:00:00.000000','%Y/%m/%d %H:%i:%s.%f'),'INSERT',2,'DESIGN_TYPE','画面デザイン選択','default',CONCAT('画面のデザイン設定','\n','設定値を以下のいずれかのキーに指定することで画面のデザインの変更が可能。','\n','未入力や誤った設定値の場合はdefaultを自動選択。','\n','・default(青色を基調とした初期デザイン)','\n','・red(赤色を基調としたデザイン)','\n','・green(緑色を基調としたデザイン)','\n','・blue(青色を基調としたデザイン)','\n','・orange(オレンジ色を基調としたデザイン)','\n','・yellow(黄色を基調としたデザイン)','\n','・purple(紫色を基調としたデザイン)','\n','・brown(茶色を基調としたデザイン)','\n','・gray(灰色を基調としたデザイン)','\n','・cool(寒色を基調としたデザイン)','\n','・cute(ピンク色を基調としたデザイン)','\n','・natural(自然をイメージしたデザイン)','\n','・gorgeous(赤と黒を基調としたゴージャスなデザイン)','\n','・oase(ExastroOASEをイメージしたデザイン)','\n','・epoch(ExastroEPOCHをイメージしたデザイン)','\n','・darkmode(夜間などに最適な暗色デザイン)','\n','Screen design settings','\n','The screen design can be changed by specifying the setting value to one of the following keys.','\n','If there is no input or the setting value is incorrect, it is automatically selected by default.','\n','  default(Initial design based on blue)','\n','  red(Design based on  red)','\n','  green(Design based on green)','\n','  blue(Design based on blue)','\n','  orange(Design based on orange)','\n','  yellow(Design based on yellow)','\n','  purple(Design based on purple)','\n','  brown(Design based on brown)','\n','  gray(Design based on gray)','\n','  cool(Design based on cool colors)','\n','  cute(Design based on pink)','\n','  natural(Design inspired by nature)','\n','  gorgeous(Gorgeous design based on red and black)','\n','  oase(ExastroOASE-inspired design)','\n','  epoch(ExastroEPOCH-inspired design)','\n','  darkmode(Dark design ideal for nighttime)'),'0',STR_TO_DATE('2015/04/01 10:00:00.000000','%Y/%m/%d %H:%i:%s.%f'),1);
INSERT INTO T_COMN_SYSTEM_CONFIG (ITEM_ID,CONFIG_ID,CONFIG_NAME,VALUE,NOTE,DISUSE_FLAG,LAST_UPDATE_TIMESTAMP,LAST_UPDATE_USER) VALUES(3,'INTERVAL_TIME','Symphony / Conductor インターバル時間（分）','3',CONCAT('定期作業実行に登録されたSymphony・Conductorが未実行（予約）ステータスに遷移するまでのインターバル時間（分）','\n','1～525600：設定した値','\n','上記以外：3','\n','Time before the Symphony/Conductor, registered in the "Regularly execution" menu, changes status to "Not yet executed" (Reserved). (Minutes).','\n','1～525600: Set value','\n','Other than: 3'),'0',STR_TO_DATE('2015/04/01 10:00:00.000000','%Y/%m/%d %H:%i:%s.%f'),1);
INSERT INTO T_COMN_SYSTEM_CONFIG_JNL (JOURNAL_SEQ_NO,JOURNAL_REG_DATETIME,JOURNAL_ACTION_CLASS,ITEM_ID,CONFIG_ID,CONFIG_NAME,VALUE,NOTE,DISUSE_FLAG,LAST_UPDATE_TIMESTAMP,LAST_UPDATE_USER) VALUES(3,STR_TO_DATE('2015/04/01 10:00:00.000000','%Y/%m/%d %H:%i:%s.%f'),'INSERT',3,'INTERVAL_TIME','Symphony / Conductor インターバル時間（分）','3',CONCAT('定期作業実行に登録されたSymphony・Conductorが未実行（予約）ステータスに遷移するまでのインターバル時間（分）','\n','1～525600：設定した値','\n','上記以外：3','\n','Time before the Symphony/Conductor, registered in the "Regularly execution" menu, changes status to "Not yet executed" (Reserved). (Minutes).','\n','1～525600: Set value','\n','Other than: 3'),'0',STR_TO_DATE('2015/04/01 10:00:00.000000','%Y/%m/%d %H:%i:%s.%f'),1);
INSERT INTO T_COMN_SYSTEM_CONFIG (ITEM_ID,CONFIG_ID,CONFIG_NAME,VALUE,NOTE,DISUSE_FLAG,LAST_UPDATE_TIMESTAMP,LAST_UPDATE_USER) VALUES(4,'ROLE_BUTTON','「ロール」ボタンの表示切替','1',CONCAT('ログインしているユーザがどのロールに所属しているかを表示する「ロール」ボタンの有効/無効を選択できる。','\n','1：有効','\n','上記以外：無効','\n','Configures if the "Role" button will be displayed or not. Clicking the "Role" button will display what role the logged in user belongs to.','\n','1: Activated','\n','Other than: Deactivated.'),'0',STR_TO_DATE('2015/04/01 10:00:00.000000','%Y/%m/%d %H:%i:%s.%f'),1);
INSERT INTO T_COMN_SYSTEM_CONFIG_JNL (JOURNAL_SEQ_NO,JOURNAL_REG_DATETIME,JOURNAL_ACTION_CLASS,ITEM_ID,CONFIG_ID,CONFIG_NAME,VALUE,NOTE,DISUSE_FLAG,LAST_UPDATE_TIMESTAMP,LAST_UPDATE_USER) VALUES(4,STR_TO_DATE('2015/04/01 10:00:00.000000','%Y/%m/%d %H:%i:%s.%f'),'INSERT',4,'ROLE_BUTTON','「ロール」ボタンの表示切替','1',CONCAT('ログインしているユーザがどのロールに所属しているかを表示する「ロール」ボタンの有効/無効を選択できる。','\n','1：有効','\n','上記以外：無効','\n','Configures if the "Role" button will be displayed or not. Clicking the "Role" button will display what role the logged in user belongs to.','\n','1: Activated','\n','Other than: Deactivated.'),'0',STR_TO_DATE('2015/04/01 10:00:00.000000','%Y/%m/%d %H:%i:%s.%f'),1);

INSERT INTO T_COMN_MENU_GROUP (MENU_GROUP_ID,PARENT_MENU_GROUP_ID,MENU_GROUP_NAME_JA,MENU_GROUP_NAME_EN,MENU_GROUP_ICON,DISP_SEQ,NOTE,DISUSE_FLAG,LAST_UPDATE_TIMESTAMP,LAST_UPDATE_USER) VALUES(101,NULL,'管理コンソール','Management Console','kanri.png',10,NULL,'0',STR_TO_DATE('2015/04/01 10:00:00.000000','%Y/%m/%d %H:%i:%s.%f'),1);
INSERT INTO T_COMN_MENU_GROUP_JNL (JOURNAL_SEQ_NO,JOURNAL_REG_DATETIME,JOURNAL_ACTION_CLASS,MENU_GROUP_ID,PARENT_MENU_GROUP_ID,MENU_GROUP_NAME_JA,MENU_GROUP_NAME_EN,MENU_GROUP_ICON,DISP_SEQ,NOTE,DISUSE_FLAG,LAST_UPDATE_TIMESTAMP,LAST_UPDATE_USER) VALUES(1,STR_TO_DATE('2015/04/01 10:00:00.000000','%Y/%m/%d %H:%i:%s.%f'),'INSERT',101,NULL,'管理コンソール','Management Console','kanri.png',10,NULL,'0',STR_TO_DATE('2015/04/01 10:00:00.000000','%Y/%m/%d %H:%i:%s.%f'),1);
INSERT INTO T_COMN_MENU_GROUP (MENU_GROUP_ID,PARENT_MENU_GROUP_ID,MENU_GROUP_NAME_JA,MENU_GROUP_NAME_EN,MENU_GROUP_ICON,DISP_SEQ,NOTE,DISUSE_FLAG,LAST_UPDATE_TIMESTAMP,LAST_UPDATE_USER) VALUES(102,NULL,'基本コンソール','Basic Console','kihon.png',20,NULL,'0',STR_TO_DATE('2015/04/01 10:00:00.000000','%Y/%m/%d %H:%i:%s.%f'),1);
INSERT INTO T_COMN_MENU_GROUP_JNL (JOURNAL_SEQ_NO,JOURNAL_REG_DATETIME,JOURNAL_ACTION_CLASS,MENU_GROUP_ID,PARENT_MENU_GROUP_ID,MENU_GROUP_NAME_JA,MENU_GROUP_NAME_EN,MENU_GROUP_ICON,DISP_SEQ,NOTE,DISUSE_FLAG,LAST_UPDATE_TIMESTAMP,LAST_UPDATE_USER) VALUES(2,STR_TO_DATE('2015/04/01 10:00:00.000000','%Y/%m/%d %H:%i:%s.%f'),'INSERT',102,NULL,'基本コンソール','Basic Console','kihon.png',20,NULL,'0',STR_TO_DATE('2015/04/01 10:00:00.000000','%Y/%m/%d %H:%i:%s.%f'),1);

INSERT INTO T_COMN_MENU (MENU_ID,MENU_GROUP_ID,MENU_NAME_JA,MENU_NAME_EN,MENU_NAME_REST,LOGIN_NECESSITY,DISP_SEQ,AUTOFILTER_FLG,INITIAL_FILTER_FLG,WEB_PRINT_LIMIT,WEB_PRINT_CONFIRM,XLS_PRINT_LIMIT,NOTE,DISUSE_FLAG,LAST_UPDATE_TIMESTAMP,LAST_UPDATE_USER) VALUES(10101,101,'システム設定','System settings','system_settings','1',10,0,0,NULL,NULL,NULL,NULL,'0',STR_TO_DATE('2015/04/01 10:00:00.000000','%Y/%m/%d %H:%i:%s.%f'),1);
INSERT INTO T_COMN_MENU_JNL (JOURNAL_SEQ_NO,JOURNAL_REG_DATETIME,JOURNAL_ACTION_CLASS,MENU_ID,MENU_GROUP_ID,MENU_NAME_JA,MENU_NAME_EN,MENU_NAME_REST,LOGIN_NECESSITY,DISP_SEQ,AUTOFILTER_FLG,INITIAL_FILTER_FLG,WEB_PRINT_LIMIT,WEB_PRINT_CONFIRM,XLS_PRINT_LIMIT,NOTE,DISUSE_FLAG,LAST_UPDATE_TIMESTAMP,LAST_UPDATE_USER) VALUES(1,STR_TO_DATE('2015/04/01 10:00:00.000000','%Y/%m/%d %H:%i:%s.%f'),'INSERT',10101,101,'システム設定','System settings','system_settings','1',10,0,0,NULL,NULL,NULL,NULL,'0',STR_TO_DATE('2015/04/01 10:00:00.000000','%Y/%m/%d %H:%i:%s.%f'),1);
INSERT INTO T_COMN_MENU (MENU_ID,MENU_GROUP_ID,MENU_NAME_JA,MENU_NAME_EN,MENU_NAME_REST,LOGIN_NECESSITY,DISP_SEQ,AUTOFILTER_FLG,INITIAL_FILTER_FLG,WEB_PRINT_LIMIT,WEB_PRINT_CONFIRM,XLS_PRINT_LIMIT,NOTE,DISUSE_FLAG,LAST_UPDATE_TIMESTAMP,LAST_UPDATE_USER) VALUES(10102,101,'メニューグループ管理','Menu group list','menu_group_list','1',20,0,0,NULL,NULL,NULL,NULL,'0',STR_TO_DATE('2015/04/01 10:00:00.000000','%Y/%m/%d %H:%i:%s.%f'),1);
INSERT INTO T_COMN_MENU_JNL (JOURNAL_SEQ_NO,JOURNAL_REG_DATETIME,JOURNAL_ACTION_CLASS,MENU_ID,MENU_GROUP_ID,MENU_NAME_JA,MENU_NAME_EN,MENU_NAME_REST,LOGIN_NECESSITY,DISP_SEQ,AUTOFILTER_FLG,INITIAL_FILTER_FLG,WEB_PRINT_LIMIT,WEB_PRINT_CONFIRM,XLS_PRINT_LIMIT,NOTE,DISUSE_FLAG,LAST_UPDATE_TIMESTAMP,LAST_UPDATE_USER) VALUES(2,STR_TO_DATE('2015/04/01 10:00:00.000000','%Y/%m/%d %H:%i:%s.%f'),'INSERT',10102,101,'メニューグループ管理','Menu group list','menu_group_list','1',20,0,0,NULL,NULL,NULL,NULL,'0',STR_TO_DATE('2015/04/01 10:00:00.000000','%Y/%m/%d %H:%i:%s.%f'),1);
INSERT INTO T_COMN_MENU (MENU_ID,MENU_GROUP_ID,MENU_NAME_JA,MENU_NAME_EN,MENU_NAME_REST,LOGIN_NECESSITY,DISP_SEQ,AUTOFILTER_FLG,INITIAL_FILTER_FLG,WEB_PRINT_LIMIT,WEB_PRINT_CONFIRM,XLS_PRINT_LIMIT,NOTE,DISUSE_FLAG,LAST_UPDATE_TIMESTAMP,LAST_UPDATE_USER) VALUES(10103,101,'メニュー管理','Menu list','menu_list','1',30,0,0,NULL,NULL,NULL,NULL,'0',STR_TO_DATE('2015/04/01 10:00:00.000000','%Y/%m/%d %H:%i:%s.%f'),1);
INSERT INTO T_COMN_MENU_JNL (JOURNAL_SEQ_NO,JOURNAL_REG_DATETIME,JOURNAL_ACTION_CLASS,MENU_ID,MENU_GROUP_ID,MENU_NAME_JA,MENU_NAME_EN,MENU_NAME_REST,LOGIN_NECESSITY,DISP_SEQ,AUTOFILTER_FLG,INITIAL_FILTER_FLG,WEB_PRINT_LIMIT,WEB_PRINT_CONFIRM,XLS_PRINT_LIMIT,NOTE,DISUSE_FLAG,LAST_UPDATE_TIMESTAMP,LAST_UPDATE_USER) VALUES(3,STR_TO_DATE('2015/04/01 10:00:00.000000','%Y/%m/%d %H:%i:%s.%f'),'INSERT',10103,101,'メニュー管理','Menu list','menu_list','1',30,0,0,NULL,NULL,NULL,NULL,'0',STR_TO_DATE('2015/04/01 10:00:00.000000','%Y/%m/%d %H:%i:%s.%f'),1);
INSERT INTO T_COMN_MENU (MENU_ID,MENU_GROUP_ID,MENU_NAME_JA,MENU_NAME_EN,MENU_NAME_REST,LOGIN_NECESSITY,DISP_SEQ,AUTOFILTER_FLG,INITIAL_FILTER_FLG,WEB_PRINT_LIMIT,WEB_PRINT_CONFIRM,XLS_PRINT_LIMIT,NOTE,DISUSE_FLAG,LAST_UPDATE_TIMESTAMP,LAST_UPDATE_USER) VALUES(10104,101,'ロール-メニュー紐付管理','Role-Menu link list','role_menu_link_list','1',40,0,0,NULL,NULL,NULL,NULL,'0',STR_TO_DATE('2015/04/01 10:00:00.000000','%Y/%m/%d %H:%i:%s.%f'),1);
INSERT INTO T_COMN_MENU_JNL (JOURNAL_SEQ_NO,JOURNAL_REG_DATETIME,JOURNAL_ACTION_CLASS,MENU_ID,MENU_GROUP_ID,MENU_NAME_JA,MENU_NAME_EN,MENU_NAME_REST,LOGIN_NECESSITY,DISP_SEQ,AUTOFILTER_FLG,INITIAL_FILTER_FLG,WEB_PRINT_LIMIT,WEB_PRINT_CONFIRM,XLS_PRINT_LIMIT,NOTE,DISUSE_FLAG,LAST_UPDATE_TIMESTAMP,LAST_UPDATE_USER) VALUES(4,STR_TO_DATE('2015/04/01 10:00:00.000000','%Y/%m/%d %H:%i:%s.%f'),'INSERT',10104,101,'ロール-メニュー紐付管理','Role-Menu link list','role_menu_link_list','1',40,0,0,NULL,NULL,NULL,NULL,'0',STR_TO_DATE('2015/04/01 10:00:00.000000','%Y/%m/%d %H:%i:%s.%f'),1);
INSERT INTO T_COMN_MENU (MENU_ID,MENU_GROUP_ID,MENU_NAME_JA,MENU_NAME_EN,MENU_NAME_REST,LOGIN_NECESSITY,DISP_SEQ,AUTOFILTER_FLG,INITIAL_FILTER_FLG,WEB_PRINT_LIMIT,WEB_PRINT_CONFIRM,XLS_PRINT_LIMIT,NOTE,DISUSE_FLAG,LAST_UPDATE_TIMESTAMP,LAST_UPDATE_USER) VALUES(10105,101,'ロール-ユーザ紐付管理','Role-User link list','role_user_link_list','1',50,0,0,NULL,NULL,NULL,NULL,'0',STR_TO_DATE('2015/04/01 10:00:00.000000','%Y/%m/%d %H:%i:%s.%f'),1);
INSERT INTO T_COMN_MENU_JNL (JOURNAL_SEQ_NO,JOURNAL_REG_DATETIME,JOURNAL_ACTION_CLASS,MENU_ID,MENU_GROUP_ID,MENU_NAME_JA,MENU_NAME_EN,MENU_NAME_REST,LOGIN_NECESSITY,DISP_SEQ,AUTOFILTER_FLG,INITIAL_FILTER_FLG,WEB_PRINT_LIMIT,WEB_PRINT_CONFIRM,XLS_PRINT_LIMIT,NOTE,DISUSE_FLAG,LAST_UPDATE_TIMESTAMP,LAST_UPDATE_USER) VALUES(5,STR_TO_DATE('2015/04/01 10:00:00.000000','%Y/%m/%d %H:%i:%s.%f'),'INSERT',10105,101,'ロール-ユーザ紐付管理','Role-User link list','role_user_link_list','1',50,0,0,NULL,NULL,NULL,NULL,'0',STR_TO_DATE('2015/04/01 10:00:00.000000','%Y/%m/%d %H:%i:%s.%f'),1);
INSERT INTO T_COMN_MENU (MENU_ID,MENU_GROUP_ID,MENU_NAME_JA,MENU_NAME_EN,MENU_NAME_REST,LOGIN_NECESSITY,DISP_SEQ,AUTOFILTER_FLG,INITIAL_FILTER_FLG,WEB_PRINT_LIMIT,WEB_PRINT_CONFIRM,XLS_PRINT_LIMIT,NOTE,DISUSE_FLAG,LAST_UPDATE_TIMESTAMP,LAST_UPDATE_USER) VALUES(10106,101,'バージョン確認','Version list','version_list','1',60,0,0,NULL,NULL,NULL,NULL,'0',STR_TO_DATE('2015/04/01 10:00:00.000000','%Y/%m/%d %H:%i:%s.%f'),1);
INSERT INTO T_COMN_MENU_JNL (JOURNAL_SEQ_NO,JOURNAL_REG_DATETIME,JOURNAL_ACTION_CLASS,MENU_ID,MENU_GROUP_ID,MENU_NAME_JA,MENU_NAME_EN,MENU_NAME_REST,LOGIN_NECESSITY,DISP_SEQ,AUTOFILTER_FLG,INITIAL_FILTER_FLG,WEB_PRINT_LIMIT,WEB_PRINT_CONFIRM,XLS_PRINT_LIMIT,NOTE,DISUSE_FLAG,LAST_UPDATE_TIMESTAMP,LAST_UPDATE_USER) VALUES(6,STR_TO_DATE('2015/04/01 10:00:00.000000','%Y/%m/%d %H:%i:%s.%f'),'INSERT',10106,101,'バージョン確認','Version list','version_list','1',60,0,0,NULL,NULL,NULL,NULL,'0',STR_TO_DATE('2015/04/01 10:00:00.000000','%Y/%m/%d %H:%i:%s.%f'),1);
INSERT INTO T_COMN_MENU (MENU_ID,MENU_GROUP_ID,MENU_NAME_JA,MENU_NAME_EN,MENU_NAME_REST,LOGIN_NECESSITY,DISP_SEQ,AUTOFILTER_FLG,INITIAL_FILTER_FLG,WEB_PRINT_LIMIT,WEB_PRINT_CONFIRM,XLS_PRINT_LIMIT,NOTE,DISUSE_FLAG,LAST_UPDATE_TIMESTAMP,LAST_UPDATE_USER) VALUES(10201,102,'オペレーション一覧','Operation list','operation_list','1',10,0,0,NULL,NULL,NULL,NULL,'0',STR_TO_DATE('2015/04/01 10:00:00.000000','%Y/%m/%d %H:%i:%s.%f'),1);
INSERT INTO T_COMN_MENU_JNL (JOURNAL_SEQ_NO,JOURNAL_REG_DATETIME,JOURNAL_ACTION_CLASS,MENU_ID,MENU_GROUP_ID,MENU_NAME_JA,MENU_NAME_EN,MENU_NAME_REST,LOGIN_NECESSITY,DISP_SEQ,AUTOFILTER_FLG,INITIAL_FILTER_FLG,WEB_PRINT_LIMIT,WEB_PRINT_CONFIRM,XLS_PRINT_LIMIT,NOTE,DISUSE_FLAG,LAST_UPDATE_TIMESTAMP,LAST_UPDATE_USER) VALUES(7,STR_TO_DATE('2015/04/01 10:00:00.000000','%Y/%m/%d %H:%i:%s.%f'),'INSERT',10201,102,'オペレーション一覧','Operation list','operation_list','1',10,0,0,NULL,NULL,NULL,NULL,'0',STR_TO_DATE('2015/04/01 10:00:00.000000','%Y/%m/%d %H:%i:%s.%f'),1);
INSERT INTO T_COMN_MENU (MENU_ID,MENU_GROUP_ID,MENU_NAME_JA,MENU_NAME_EN,MENU_NAME_REST,LOGIN_NECESSITY,DISP_SEQ,AUTOFILTER_FLG,INITIAL_FILTER_FLG,WEB_PRINT_LIMIT,WEB_PRINT_CONFIRM,XLS_PRINT_LIMIT,NOTE,DISUSE_FLAG,LAST_UPDATE_TIMESTAMP,LAST_UPDATE_USER) VALUES(10202,102,'Movement一覧','Movement list','movement_list','1',20,0,0,NULL,NULL,NULL,NULL,'0',STR_TO_DATE('2015/04/01 10:00:00.000000','%Y/%m/%d %H:%i:%s.%f'),1);
INSERT INTO T_COMN_MENU_JNL (JOURNAL_SEQ_NO,JOURNAL_REG_DATETIME,JOURNAL_ACTION_CLASS,MENU_ID,MENU_GROUP_ID,MENU_NAME_JA,MENU_NAME_EN,MENU_NAME_REST,LOGIN_NECESSITY,DISP_SEQ,AUTOFILTER_FLG,INITIAL_FILTER_FLG,WEB_PRINT_LIMIT,WEB_PRINT_CONFIRM,XLS_PRINT_LIMIT,NOTE,DISUSE_FLAG,LAST_UPDATE_TIMESTAMP,LAST_UPDATE_USER) VALUES(8,STR_TO_DATE('2015/04/01 10:00:00.000000','%Y/%m/%d %H:%i:%s.%f'),'INSERT',10202,102,'Movement一覧','Movement list','movement_list','1',20,0,0,NULL,NULL,NULL,NULL,'0',STR_TO_DATE('2015/04/01 10:00:00.000000','%Y/%m/%d %H:%i:%s.%f'),1);
INSERT INTO T_COMN_MENU (MENU_ID,MENU_GROUP_ID,MENU_NAME_JA,MENU_NAME_EN,MENU_NAME_REST,LOGIN_NECESSITY,DISP_SEQ,AUTOFILTER_FLG,INITIAL_FILTER_FLG,WEB_PRINT_LIMIT,WEB_PRINT_CONFIRM,XLS_PRINT_LIMIT,NOTE,DISUSE_FLAG,LAST_UPDATE_TIMESTAMP,LAST_UPDATE_USER) VALUES(10203,102,'紐付対象メニュー','Associated menu','associated_menu','1',30,0,0,NULL,NULL,NULL,NULL,'0',STR_TO_DATE('2015/04/01 10:00:00.000000','%Y/%m/%d %H:%i:%s.%f'),1);
INSERT INTO T_COMN_MENU_JNL (JOURNAL_SEQ_NO,JOURNAL_REG_DATETIME,JOURNAL_ACTION_CLASS,MENU_ID,MENU_GROUP_ID,MENU_NAME_JA,MENU_NAME_EN,MENU_NAME_REST,LOGIN_NECESSITY,DISP_SEQ,AUTOFILTER_FLG,INITIAL_FILTER_FLG,WEB_PRINT_LIMIT,WEB_PRINT_CONFIRM,XLS_PRINT_LIMIT,NOTE,DISUSE_FLAG,LAST_UPDATE_TIMESTAMP,LAST_UPDATE_USER) VALUES(9,STR_TO_DATE('2015/04/01 10:00:00.000000','%Y/%m/%d %H:%i:%s.%f'),'INSERT',10203,102,'紐付対象メニュー','Associated menu','associated_menu','1',30,0,0,NULL,NULL,NULL,NULL,'0',STR_TO_DATE('2015/04/01 10:00:00.000000','%Y/%m/%d %H:%i:%s.%f'),1);
INSERT INTO T_COMN_MENU (MENU_ID,MENU_GROUP_ID,MENU_NAME_JA,MENU_NAME_EN,MENU_NAME_REST,LOGIN_NECESSITY,DISP_SEQ,AUTOFILTER_FLG,INITIAL_FILTER_FLG,WEB_PRINT_LIMIT,WEB_PRINT_CONFIRM,XLS_PRINT_LIMIT,NOTE,DISUSE_FLAG,LAST_UPDATE_TIMESTAMP,LAST_UPDATE_USER) VALUES(10204,102,'メニュー-テーブル紐付管理','Menu-Table link list','menu_table_link_list','1',40,0,0,NULL,NULL,NULL,NULL,'0',STR_TO_DATE('2015/04/01 10:00:00.000000','%Y/%m/%d %H:%i:%s.%f'),1);
INSERT INTO T_COMN_MENU_JNL (JOURNAL_SEQ_NO,JOURNAL_REG_DATETIME,JOURNAL_ACTION_CLASS,MENU_ID,MENU_GROUP_ID,MENU_NAME_JA,MENU_NAME_EN,MENU_NAME_REST,LOGIN_NECESSITY,DISP_SEQ,AUTOFILTER_FLG,INITIAL_FILTER_FLG,WEB_PRINT_LIMIT,WEB_PRINT_CONFIRM,XLS_PRINT_LIMIT,NOTE,DISUSE_FLAG,LAST_UPDATE_TIMESTAMP,LAST_UPDATE_USER) VALUES(10,STR_TO_DATE('2015/04/01 10:00:00.000000','%Y/%m/%d %H:%i:%s.%f'),'INSERT',10204,102,'メニュー-テーブル紐付管理','Menu-Table link list','menu_table_link_list','1',40,0,0,NULL,NULL,NULL,NULL,'0',STR_TO_DATE('2015/04/01 10:00:00.000000','%Y/%m/%d %H:%i:%s.%f'),1);
INSERT INTO T_COMN_MENU (MENU_ID,MENU_GROUP_ID,MENU_NAME_JA,MENU_NAME_EN,MENU_NAME_REST,LOGIN_NECESSITY,DISP_SEQ,AUTOFILTER_FLG,INITIAL_FILTER_FLG,WEB_PRINT_LIMIT,WEB_PRINT_CONFIRM,XLS_PRINT_LIMIT,NOTE,DISUSE_FLAG,LAST_UPDATE_TIMESTAMP,LAST_UPDATE_USER) VALUES(10205,102,'メニュー-カラム紐付管理','Menu-Column link list','menu_column_link_list','1',50,0,0,NULL,NULL,NULL,NULL,'0',STR_TO_DATE('2015/04/01 10:00:00.000000','%Y/%m/%d %H:%i:%s.%f'),1);
INSERT INTO T_COMN_MENU_JNL (JOURNAL_SEQ_NO,JOURNAL_REG_DATETIME,JOURNAL_ACTION_CLASS,MENU_ID,MENU_GROUP_ID,MENU_NAME_JA,MENU_NAME_EN,MENU_NAME_REST,LOGIN_NECESSITY,DISP_SEQ,AUTOFILTER_FLG,INITIAL_FILTER_FLG,WEB_PRINT_LIMIT,WEB_PRINT_CONFIRM,XLS_PRINT_LIMIT,NOTE,DISUSE_FLAG,LAST_UPDATE_TIMESTAMP,LAST_UPDATE_USER) VALUES(11,STR_TO_DATE('2015/04/01 10:00:00.000000','%Y/%m/%d %H:%i:%s.%f'),'INSERT',10205,102,'メニュー-カラム紐付管理','Menu-Column link list','menu_column_link_list','1',50,0,0,NULL,NULL,NULL,NULL,'0',STR_TO_DATE('2015/04/01 10:00:00.000000','%Y/%m/%d %H:%i:%s.%f'),1);
INSERT INTO T_COMN_MENU (MENU_ID,MENU_GROUP_ID,MENU_NAME_JA,MENU_NAME_EN,MENU_NAME_REST,LOGIN_NECESSITY,DISP_SEQ,AUTOFILTER_FLG,INITIAL_FILTER_FLG,WEB_PRINT_LIMIT,WEB_PRINT_CONFIRM,XLS_PRINT_LIMIT,NOTE,DISUSE_FLAG,LAST_UPDATE_TIMESTAMP,LAST_UPDATE_USER) VALUES(10206,102,'カラムグループ管理','Column group list','column_group_list','1',60,0,0,NULL,NULL,NULL,NULL,'0',STR_TO_DATE('2015/04/01 10:00:00.000000','%Y/%m/%d %H:%i:%s.%f'),1);
INSERT INTO T_COMN_MENU_JNL (JOURNAL_SEQ_NO,JOURNAL_REG_DATETIME,JOURNAL_ACTION_CLASS,MENU_ID,MENU_GROUP_ID,MENU_NAME_JA,MENU_NAME_EN,MENU_NAME_REST,LOGIN_NECESSITY,DISP_SEQ,AUTOFILTER_FLG,INITIAL_FILTER_FLG,WEB_PRINT_LIMIT,WEB_PRINT_CONFIRM,XLS_PRINT_LIMIT,NOTE,DISUSE_FLAG,LAST_UPDATE_TIMESTAMP,LAST_UPDATE_USER) VALUES(12,STR_TO_DATE('2015/04/01 10:00:00.000000','%Y/%m/%d %H:%i:%s.%f'),'INSERT',10206,102,'カラムグループ管理','Column group list','column_group_list','1',60,0,0,NULL,NULL,NULL,NULL,'0',STR_TO_DATE('2015/04/01 10:00:00.000000','%Y/%m/%d %H:%i:%s.%f'),1);

INSERT INTO T_COMN_ROLE_MENU_LINK (LINK_ID,MENU_ID,ROLE_ID,PRIVILEGE,NOTE,DISUSE_FLAG,LAST_UPDATE_TIMESTAMP,LAST_UPDATE_USER) VALUES('1','10101','__ROLE_ID__','1',NULL,'0',STR_TO_DATE('2015/04/01 10:00:00.000000','%Y/%m/%d %H:%i:%s.%f'),1);
INSERT INTO T_COMN_ROLE_MENU_LINK_JNL (JOURNAL_SEQ_NO,JOURNAL_REG_DATETIME,JOURNAL_ACTION_CLASS,LINK_ID,MENU_ID,ROLE_ID,PRIVILEGE,NOTE,DISUSE_FLAG,LAST_UPDATE_TIMESTAMP,LAST_UPDATE_USER) VALUES(1,STR_TO_DATE('2015/04/01 10:00:00.000000','%Y/%m/%d %H:%i:%s.%f'),'INSERT','1','10101','__ROLE_ID__','1',NULL,'0',STR_TO_DATE('2015/04/01 10:00:00.000000','%Y/%m/%d %H:%i:%s.%f'),1);
INSERT INTO T_COMN_ROLE_MENU_LINK (LINK_ID,MENU_ID,ROLE_ID,PRIVILEGE,NOTE,DISUSE_FLAG,LAST_UPDATE_TIMESTAMP,LAST_UPDATE_USER) VALUES('2','10102','__ROLE_ID__','1',NULL,'0',STR_TO_DATE('2015/04/01 10:00:00.000000','%Y/%m/%d %H:%i:%s.%f'),1);
INSERT INTO T_COMN_ROLE_MENU_LINK_JNL (JOURNAL_SEQ_NO,JOURNAL_REG_DATETIME,JOURNAL_ACTION_CLASS,LINK_ID,MENU_ID,ROLE_ID,PRIVILEGE,NOTE,DISUSE_FLAG,LAST_UPDATE_TIMESTAMP,LAST_UPDATE_USER) VALUES(2,STR_TO_DATE('2015/04/01 10:00:00.000000','%Y/%m/%d %H:%i:%s.%f'),'INSERT','2','10102','__ROLE_ID__','1',NULL,'0',STR_TO_DATE('2015/04/01 10:00:00.000000','%Y/%m/%d %H:%i:%s.%f'),1);
INSERT INTO T_COMN_ROLE_MENU_LINK (LINK_ID,MENU_ID,ROLE_ID,PRIVILEGE,NOTE,DISUSE_FLAG,LAST_UPDATE_TIMESTAMP,LAST_UPDATE_USER) VALUES('3','10103','__ROLE_ID__','1',NULL,'0',STR_TO_DATE('2015/04/01 10:00:00.000000','%Y/%m/%d %H:%i:%s.%f'),1);
INSERT INTO T_COMN_ROLE_MENU_LINK_JNL (JOURNAL_SEQ_NO,JOURNAL_REG_DATETIME,JOURNAL_ACTION_CLASS,LINK_ID,MENU_ID,ROLE_ID,PRIVILEGE,NOTE,DISUSE_FLAG,LAST_UPDATE_TIMESTAMP,LAST_UPDATE_USER) VALUES(3,STR_TO_DATE('2015/04/01 10:00:00.000000','%Y/%m/%d %H:%i:%s.%f'),'INSERT','3','10103','__ROLE_ID__','1',NULL,'0',STR_TO_DATE('2015/04/01 10:00:00.000000','%Y/%m/%d %H:%i:%s.%f'),1);
INSERT INTO T_COMN_ROLE_MENU_LINK (LINK_ID,MENU_ID,ROLE_ID,PRIVILEGE,NOTE,DISUSE_FLAG,LAST_UPDATE_TIMESTAMP,LAST_UPDATE_USER) VALUES('4','10104','__ROLE_ID__','1',NULL,'0',STR_TO_DATE('2015/04/01 10:00:00.000000','%Y/%m/%d %H:%i:%s.%f'),1);
INSERT INTO T_COMN_ROLE_MENU_LINK_JNL (JOURNAL_SEQ_NO,JOURNAL_REG_DATETIME,JOURNAL_ACTION_CLASS,LINK_ID,MENU_ID,ROLE_ID,PRIVILEGE,NOTE,DISUSE_FLAG,LAST_UPDATE_TIMESTAMP,LAST_UPDATE_USER) VALUES(4,STR_TO_DATE('2015/04/01 10:00:00.000000','%Y/%m/%d %H:%i:%s.%f'),'INSERT','4','10104','__ROLE_ID__','1',NULL,'0',STR_TO_DATE('2015/04/01 10:00:00.000000','%Y/%m/%d %H:%i:%s.%f'),1);
INSERT INTO T_COMN_ROLE_MENU_LINK (LINK_ID,MENU_ID,ROLE_ID,PRIVILEGE,NOTE,DISUSE_FLAG,LAST_UPDATE_TIMESTAMP,LAST_UPDATE_USER) VALUES('5','10105','__ROLE_ID__','1',NULL,'0',STR_TO_DATE('2015/04/01 10:00:00.000000','%Y/%m/%d %H:%i:%s.%f'),1);
INSERT INTO T_COMN_ROLE_MENU_LINK_JNL (JOURNAL_SEQ_NO,JOURNAL_REG_DATETIME,JOURNAL_ACTION_CLASS,LINK_ID,MENU_ID,ROLE_ID,PRIVILEGE,NOTE,DISUSE_FLAG,LAST_UPDATE_TIMESTAMP,LAST_UPDATE_USER) VALUES(5,STR_TO_DATE('2015/04/01 10:00:00.000000','%Y/%m/%d %H:%i:%s.%f'),'INSERT','5','10105','__ROLE_ID__','1',NULL,'0',STR_TO_DATE('2015/04/01 10:00:00.000000','%Y/%m/%d %H:%i:%s.%f'),1);
INSERT INTO T_COMN_ROLE_MENU_LINK (LINK_ID,MENU_ID,ROLE_ID,PRIVILEGE,NOTE,DISUSE_FLAG,LAST_UPDATE_TIMESTAMP,LAST_UPDATE_USER) VALUES('6','10106','__ROLE_ID__','1',NULL,'0',STR_TO_DATE('2015/04/01 10:00:00.000000','%Y/%m/%d %H:%i:%s.%f'),1);
INSERT INTO T_COMN_ROLE_MENU_LINK_JNL (JOURNAL_SEQ_NO,JOURNAL_REG_DATETIME,JOURNAL_ACTION_CLASS,LINK_ID,MENU_ID,ROLE_ID,PRIVILEGE,NOTE,DISUSE_FLAG,LAST_UPDATE_TIMESTAMP,LAST_UPDATE_USER) VALUES(6,STR_TO_DATE('2015/04/01 10:00:00.000000','%Y/%m/%d %H:%i:%s.%f'),'INSERT','6','10106','__ROLE_ID__','1',NULL,'0',STR_TO_DATE('2015/04/01 10:00:00.000000','%Y/%m/%d %H:%i:%s.%f'),1);
INSERT INTO T_COMN_ROLE_MENU_LINK (LINK_ID,MENU_ID,ROLE_ID,PRIVILEGE,NOTE,DISUSE_FLAG,LAST_UPDATE_TIMESTAMP,LAST_UPDATE_USER) VALUES('7','10201','__ROLE_ID__','1',NULL,'0',STR_TO_DATE('2015/04/01 10:00:00.000000','%Y/%m/%d %H:%i:%s.%f'),1);
INSERT INTO T_COMN_ROLE_MENU_LINK_JNL (JOURNAL_SEQ_NO,JOURNAL_REG_DATETIME,JOURNAL_ACTION_CLASS,LINK_ID,MENU_ID,ROLE_ID,PRIVILEGE,NOTE,DISUSE_FLAG,LAST_UPDATE_TIMESTAMP,LAST_UPDATE_USER) VALUES(7,STR_TO_DATE('2015/04/01 10:00:00.000000','%Y/%m/%d %H:%i:%s.%f'),'INSERT','7','10201','__ROLE_ID__','1',NULL,'0',STR_TO_DATE('2015/04/01 10:00:00.000000','%Y/%m/%d %H:%i:%s.%f'),1);
INSERT INTO T_COMN_ROLE_MENU_LINK (LINK_ID,MENU_ID,ROLE_ID,PRIVILEGE,NOTE,DISUSE_FLAG,LAST_UPDATE_TIMESTAMP,LAST_UPDATE_USER) VALUES('8','10202','__ROLE_ID__','1',NULL,'0',STR_TO_DATE('2015/04/01 10:00:00.000000','%Y/%m/%d %H:%i:%s.%f'),1);
INSERT INTO T_COMN_ROLE_MENU_LINK_JNL (JOURNAL_SEQ_NO,JOURNAL_REG_DATETIME,JOURNAL_ACTION_CLASS,LINK_ID,MENU_ID,ROLE_ID,PRIVILEGE,NOTE,DISUSE_FLAG,LAST_UPDATE_TIMESTAMP,LAST_UPDATE_USER) VALUES(8,STR_TO_DATE('2015/04/01 10:00:00.000000','%Y/%m/%d %H:%i:%s.%f'),'INSERT','8','10202','__ROLE_ID__','1',NULL,'0',STR_TO_DATE('2015/04/01 10:00:00.000000','%Y/%m/%d %H:%i:%s.%f'),1);
INSERT INTO T_COMN_ROLE_MENU_LINK (LINK_ID,MENU_ID,ROLE_ID,PRIVILEGE,NOTE,DISUSE_FLAG,LAST_UPDATE_TIMESTAMP,LAST_UPDATE_USER) VALUES('9','10203','__ROLE_ID__','1',NULL,'0',STR_TO_DATE('2015/04/01 10:00:00.000000','%Y/%m/%d %H:%i:%s.%f'),1);
INSERT INTO T_COMN_ROLE_MENU_LINK_JNL (JOURNAL_SEQ_NO,JOURNAL_REG_DATETIME,JOURNAL_ACTION_CLASS,LINK_ID,MENU_ID,ROLE_ID,PRIVILEGE,NOTE,DISUSE_FLAG,LAST_UPDATE_TIMESTAMP,LAST_UPDATE_USER) VALUES(9,STR_TO_DATE('2015/04/01 10:00:00.000000','%Y/%m/%d %H:%i:%s.%f'),'INSERT','9','10203','__ROLE_ID__','1',NULL,'0',STR_TO_DATE('2015/04/01 10:00:00.000000','%Y/%m/%d %H:%i:%s.%f'),1);
INSERT INTO T_COMN_ROLE_MENU_LINK (LINK_ID,MENU_ID,ROLE_ID,PRIVILEGE,NOTE,DISUSE_FLAG,LAST_UPDATE_TIMESTAMP,LAST_UPDATE_USER) VALUES('10','10204','__ROLE_ID__','1',NULL,'0',STR_TO_DATE('2015/04/01 10:00:00.000000','%Y/%m/%d %H:%i:%s.%f'),1);
INSERT INTO T_COMN_ROLE_MENU_LINK_JNL (JOURNAL_SEQ_NO,JOURNAL_REG_DATETIME,JOURNAL_ACTION_CLASS,LINK_ID,MENU_ID,ROLE_ID,PRIVILEGE,NOTE,DISUSE_FLAG,LAST_UPDATE_TIMESTAMP,LAST_UPDATE_USER) VALUES(10,STR_TO_DATE('2015/04/01 10:00:00.000000','%Y/%m/%d %H:%i:%s.%f'),'INSERT','10','10204','__ROLE_ID__','1',NULL,'0',STR_TO_DATE('2015/04/01 10:00:00.000000','%Y/%m/%d %H:%i:%s.%f'),1);
INSERT INTO T_COMN_ROLE_MENU_LINK (LINK_ID,MENU_ID,ROLE_ID,PRIVILEGE,NOTE,DISUSE_FLAG,LAST_UPDATE_TIMESTAMP,LAST_UPDATE_USER) VALUES('11','10205','__ROLE_ID__','1',NULL,'0',STR_TO_DATE('2015/04/01 10:00:00.000000','%Y/%m/%d %H:%i:%s.%f'),1);
INSERT INTO T_COMN_ROLE_MENU_LINK_JNL (JOURNAL_SEQ_NO,JOURNAL_REG_DATETIME,JOURNAL_ACTION_CLASS,LINK_ID,MENU_ID,ROLE_ID,PRIVILEGE,NOTE,DISUSE_FLAG,LAST_UPDATE_TIMESTAMP,LAST_UPDATE_USER) VALUES(11,STR_TO_DATE('2015/04/01 10:00:00.000000','%Y/%m/%d %H:%i:%s.%f'),'INSERT','11','10205','__ROLE_ID__','1',NULL,'0',STR_TO_DATE('2015/04/01 10:00:00.000000','%Y/%m/%d %H:%i:%s.%f'),1);
INSERT INTO T_COMN_ROLE_MENU_LINK (LINK_ID,MENU_ID,ROLE_ID,PRIVILEGE,NOTE,DISUSE_FLAG,LAST_UPDATE_TIMESTAMP,LAST_UPDATE_USER) VALUES('12','10206','__ROLE_ID__','1',NULL,'0',STR_TO_DATE('2015/04/01 10:00:00.000000','%Y/%m/%d %H:%i:%s.%f'),1);
INSERT INTO T_COMN_ROLE_MENU_LINK_JNL (JOURNAL_SEQ_NO,JOURNAL_REG_DATETIME,JOURNAL_ACTION_CLASS,LINK_ID,MENU_ID,ROLE_ID,PRIVILEGE,NOTE,DISUSE_FLAG,LAST_UPDATE_TIMESTAMP,LAST_UPDATE_USER) VALUES(12,STR_TO_DATE('2015/04/01 10:00:00.000000','%Y/%m/%d %H:%i:%s.%f'),'INSERT','12','10206','__ROLE_ID__','1',NULL,'0',STR_TO_DATE('2015/04/01 10:00:00.000000','%Y/%m/%d %H:%i:%s.%f'),1);
INSERT INTO T_COMN_ROLE_MENU_LINK (LINK_ID,MENU_ID,ROLE_ID,PRIVILEGE,NOTE,DISUSE_FLAG,LAST_UPDATE_TIMESTAMP,LAST_UPDATE_USER) VALUES('13','10207','__ROLE_ID__','1',NULL,'0',STR_TO_DATE('2015/04/01 10:00:00.000000','%Y/%m/%d %H:%i:%s.%f'),1);
INSERT INTO T_COMN_ROLE_MENU_LINK_JNL (JOURNAL_SEQ_NO,JOURNAL_REG_DATETIME,JOURNAL_ACTION_CLASS,LINK_ID,MENU_ID,ROLE_ID,PRIVILEGE,NOTE,DISUSE_FLAG,LAST_UPDATE_TIMESTAMP,LAST_UPDATE_USER) VALUES(13,STR_TO_DATE('2015/04/01 10:00:00.000000','%Y/%m/%d %H:%i:%s.%f'),'INSERT','13','10207','__ROLE_ID__','1',NULL,'0',STR_TO_DATE('2015/04/01 10:00:00.000000','%Y/%m/%d %H:%i:%s.%f'),1);

INSERT INTO T_COMN_MENU_TABLE_LINK (TABLE_DEFINITION_ID,MENU_ID,TABLE_NAME,VIEW_NAME,MENU_INFO_JA,MENU_INFO_EN,SHEET_TYPE,INHERIT,VERTICAL,ROW_INSERT_FLAG,ROW_UPDATE_FLAG,ROW_DISUSE_FLAG,ROW_REUSE_FLAG,LOCK_TABLE,UNIQUE_CONSTRAINT,BEFORE_VALIDATE_REGISTER,AFTER_VALIDATE_REGISTER,NOTE,DISUSE_FLAG,LAST_UPDATE_TIMESTAMP,LAST_UPDATE_USER) VALUES('1','10101','T_COMN_SYSTEM_CONFIG',NULL,'システム設定をメンテナンス(閲覧/登録/更新/廃止)できます。','You can perform maintenance (view/register/update/discard) of system settings.','0','0','0','1','1','1','1',NULL,NULL,NULL,NULL,NULL,'0',STR_TO_DATE('2015/04/01 10:00:00.000000','%Y/%m/%d %H:%i:%s.%f'),1);
INSERT INTO T_COMN_MENU_TABLE_LINK_JNL (JOURNAL_SEQ_NO,JOURNAL_REG_DATETIME,JOURNAL_ACTION_CLASS,TABLE_DEFINITION_ID,MENU_ID,TABLE_NAME,VIEW_NAME,MENU_INFO_JA,MENU_INFO_EN,SHEET_TYPE,INHERIT,VERTICAL,ROW_INSERT_FLAG,ROW_UPDATE_FLAG,ROW_DISUSE_FLAG,ROW_REUSE_FLAG,LOCK_TABLE,UNIQUE_CONSTRAINT,BEFORE_VALIDATE_REGISTER,AFTER_VALIDATE_REGISTER,NOTE,DISUSE_FLAG,LAST_UPDATE_TIMESTAMP,LAST_UPDATE_USER) VALUES(1,STR_TO_DATE('2015/04/01 10:00:00.000000','%Y/%m/%d %H:%i:%s.%f'),'INSERT','1','10101','T_COMN_SYSTEM_CONFIG',NULL,'システム設定をメンテナンス(閲覧/登録/更新/廃止)できます。','You can perform maintenance (view/register/update/discard) of system settings.','0','0','0','1','1','1','1',NULL,NULL,NULL,NULL,NULL,'0',STR_TO_DATE('2015/04/01 10:00:00.000000','%Y/%m/%d %H:%i:%s.%f'),1);
INSERT INTO T_COMN_MENU_TABLE_LINK (TABLE_DEFINITION_ID,MENU_ID,TABLE_NAME,VIEW_NAME,MENU_INFO_JA,MENU_INFO_EN,SHEET_TYPE,INHERIT,VERTICAL,ROW_INSERT_FLAG,ROW_UPDATE_FLAG,ROW_DISUSE_FLAG,ROW_REUSE_FLAG,LOCK_TABLE,UNIQUE_CONSTRAINT,BEFORE_VALIDATE_REGISTER,AFTER_VALIDATE_REGISTER,NOTE,DISUSE_FLAG,LAST_UPDATE_TIMESTAMP,LAST_UPDATE_USER) VALUES('2','10102','T_COMN_MENU_GROUP',NULL,'下記の機能を提供しています。
・メニューグループのメンテナンス(閲覧/登録/更新/削除)
・メニューグループに紐付くメニューの閲覧(メンテナンスは不可)','The following functions are provided.
・Maintenance of menu group (view/register/update/discard/restore)
・View of menu associated with menu group (cannot maintain)','0','0','0','1','1','1','1',NULL,NULL,NULL,NULL,NULL,'0',STR_TO_DATE('2015/04/01 10:00:00.000000','%Y/%m/%d %H:%i:%s.%f'),1);
INSERT INTO T_COMN_MENU_TABLE_LINK_JNL (JOURNAL_SEQ_NO,JOURNAL_REG_DATETIME,JOURNAL_ACTION_CLASS,TABLE_DEFINITION_ID,MENU_ID,TABLE_NAME,VIEW_NAME,MENU_INFO_JA,MENU_INFO_EN,SHEET_TYPE,INHERIT,VERTICAL,ROW_INSERT_FLAG,ROW_UPDATE_FLAG,ROW_DISUSE_FLAG,ROW_REUSE_FLAG,LOCK_TABLE,UNIQUE_CONSTRAINT,BEFORE_VALIDATE_REGISTER,AFTER_VALIDATE_REGISTER,NOTE,DISUSE_FLAG,LAST_UPDATE_TIMESTAMP,LAST_UPDATE_USER) VALUES(2,STR_TO_DATE('2015/04/01 10:00:00.000000','%Y/%m/%d %H:%i:%s.%f'),'INSERT','2','10102','T_COMN_MENU_GROUP',NULL,'下記の機能を提供しています。
・メニューグループのメンテナンス(閲覧/登録/更新/削除)
・メニューグループに紐付くメニューの閲覧(メンテナンスは不可)','The following functions are provided.
・Maintenance of menu group (view/register/update/discard/restore)
・View of menu associated with menu group (cannot maintain)','0','0','0','1','1','1','1',NULL,NULL,NULL,NULL,NULL,'0',STR_TO_DATE('2015/04/01 10:00:00.000000','%Y/%m/%d %H:%i:%s.%f'),1);
INSERT INTO T_COMN_MENU_TABLE_LINK (TABLE_DEFINITION_ID,MENU_ID,TABLE_NAME,VIEW_NAME,MENU_INFO_JA,MENU_INFO_EN,SHEET_TYPE,INHERIT,VERTICAL,ROW_INSERT_FLAG,ROW_UPDATE_FLAG,ROW_DISUSE_FLAG,ROW_REUSE_FLAG,LOCK_TABLE,UNIQUE_CONSTRAINT,BEFORE_VALIDATE_REGISTER,AFTER_VALIDATE_REGISTER,NOTE,DISUSE_FLAG,LAST_UPDATE_TIMESTAMP,LAST_UPDATE_USER) VALUES('3','10103','T_COMN_MENU',NULL,'下記の機能を提供しています。
・メニューのメンテナンス(閲覧/登録/更新/削除)
・メニューが紐付いているロールの閲覧(メンテナンスはできません。)
・メニューのロールへの紐付
・メニューに所属するコンテンツファイルの閲覧(メンテナンスはできません。)','The following functions are provided.
・Maintenance of menu (view/register/update/discard/restore)
・View of role associated with menu(cannot maintain)
・Association with role of menu
・View of contents file associated to the menu(cannot maintain)','0','0','0','1','1','1','1',NULL,'[["MENU_GROUP","MENU_NAME_JA"],["MENU_GROUP","MENU_NAME_EN"]]',NULL,NULL,NULL,'0',STR_TO_DATE('2015/04/01 10:00:00.000000','%Y/%m/%d %H:%i:%s.%f'),1);
INSERT INTO T_COMN_MENU_TABLE_LINK_JNL (JOURNAL_SEQ_NO,JOURNAL_REG_DATETIME,JOURNAL_ACTION_CLASS,TABLE_DEFINITION_ID,MENU_ID,TABLE_NAME,VIEW_NAME,MENU_INFO_JA,MENU_INFO_EN,SHEET_TYPE,INHERIT,VERTICAL,ROW_INSERT_FLAG,ROW_UPDATE_FLAG,ROW_DISUSE_FLAG,ROW_REUSE_FLAG,LOCK_TABLE,UNIQUE_CONSTRAINT,BEFORE_VALIDATE_REGISTER,AFTER_VALIDATE_REGISTER,NOTE,DISUSE_FLAG,LAST_UPDATE_TIMESTAMP,LAST_UPDATE_USER) VALUES(3,STR_TO_DATE('2015/04/01 10:00:00.000000','%Y/%m/%d %H:%i:%s.%f'),'INSERT','3','10103','T_COMN_MENU',NULL,'下記の機能を提供しています。
・メニューのメンテナンス(閲覧/登録/更新/削除)
・メニューが紐付いているロールの閲覧(メンテナンスはできません。)
・メニューのロールへの紐付
・メニューに所属するコンテンツファイルの閲覧(メンテナンスはできません。)','The following functions are provided.
・Maintenance of menu (view/register/update/discard/restore)
・View of role associated with menu(cannot maintain)
・Association with role of menu
・View of contents file associated to the menu(cannot maintain)','0','0','0','1','1','1','1',NULL,'[["MENU_GROUP","MENU_NAME_JA"],["MENU_GROUP","MENU_NAME_EN"]]',NULL,NULL,NULL,'0',STR_TO_DATE('2015/04/01 10:00:00.000000','%Y/%m/%d %H:%i:%s.%f'),1);
INSERT INTO T_COMN_MENU_TABLE_LINK (TABLE_DEFINITION_ID,MENU_ID,TABLE_NAME,VIEW_NAME,MENU_INFO_JA,MENU_INFO_EN,SHEET_TYPE,INHERIT,VERTICAL,ROW_INSERT_FLAG,ROW_UPDATE_FLAG,ROW_DISUSE_FLAG,ROW_REUSE_FLAG,LOCK_TABLE,UNIQUE_CONSTRAINT,BEFORE_VALIDATE_REGISTER,AFTER_VALIDATE_REGISTER,NOTE,DISUSE_FLAG,LAST_UPDATE_TIMESTAMP,LAST_UPDATE_USER) VALUES('4','10104','T_COMN_MENU_TABLE_LINK',NULL,'下記の機能を提供しています。
・ロールとメニューの紐付(閲覧/登録/更新/削除)','The following functions are provided.
・Role/menu link list (view/register/update/discard/restore)','0','0','0','1','1','1','1',NULL,NULL,NULL,NULL,NULL,'0',STR_TO_DATE('2015/04/01 10:00:00.000000','%Y/%m/%d %H:%i:%s.%f'),1);
INSERT INTO T_COMN_MENU_TABLE_LINK_JNL (JOURNAL_SEQ_NO,JOURNAL_REG_DATETIME,JOURNAL_ACTION_CLASS,TABLE_DEFINITION_ID,MENU_ID,TABLE_NAME,VIEW_NAME,MENU_INFO_JA,MENU_INFO_EN,SHEET_TYPE,INHERIT,VERTICAL,ROW_INSERT_FLAG,ROW_UPDATE_FLAG,ROW_DISUSE_FLAG,ROW_REUSE_FLAG,LOCK_TABLE,UNIQUE_CONSTRAINT,BEFORE_VALIDATE_REGISTER,AFTER_VALIDATE_REGISTER,NOTE,DISUSE_FLAG,LAST_UPDATE_TIMESTAMP,LAST_UPDATE_USER) VALUES(4,STR_TO_DATE('2015/04/01 10:00:00.000000','%Y/%m/%d %H:%i:%s.%f'),'INSERT','4','10104','T_COMN_MENU_TABLE_LINK',NULL,'下記の機能を提供しています。
・ロールとメニューの紐付(閲覧/登録/更新/削除)','The following functions are provided.
・Role/menu link list (view/register/update/discard/restore)','0','0','0','1','1','1','1',NULL,NULL,NULL,NULL,NULL,'0',STR_TO_DATE('2015/04/01 10:00:00.000000','%Y/%m/%d %H:%i:%s.%f'),1);
INSERT INTO T_COMN_MENU_TABLE_LINK (TABLE_DEFINITION_ID,MENU_ID,TABLE_NAME,VIEW_NAME,MENU_INFO_JA,MENU_INFO_EN,SHEET_TYPE,INHERIT,VERTICAL,ROW_INSERT_FLAG,ROW_UPDATE_FLAG,ROW_DISUSE_FLAG,ROW_REUSE_FLAG,LOCK_TABLE,UNIQUE_CONSTRAINT,BEFORE_VALIDATE_REGISTER,AFTER_VALIDATE_REGISTER,NOTE,DISUSE_FLAG,LAST_UPDATE_TIMESTAMP,LAST_UPDATE_USER) VALUES('5','10105',NULL,NULL,'下記の機能を提供しています。
・ロールとユーザ情報の紐付(閲覧/登録/更新/削除)','The following functions are provided.
・Role/user link list(view/register/update/discard/restore)','0','0','0','1','1','1','1',NULL,NULL,NULL,NULL,NULL,'0',STR_TO_DATE('2015/04/01 10:00:00.000000','%Y/%m/%d %H:%i:%s.%f'),1);
INSERT INTO T_COMN_MENU_TABLE_LINK_JNL (JOURNAL_SEQ_NO,JOURNAL_REG_DATETIME,JOURNAL_ACTION_CLASS,TABLE_DEFINITION_ID,MENU_ID,TABLE_NAME,VIEW_NAME,MENU_INFO_JA,MENU_INFO_EN,SHEET_TYPE,INHERIT,VERTICAL,ROW_INSERT_FLAG,ROW_UPDATE_FLAG,ROW_DISUSE_FLAG,ROW_REUSE_FLAG,LOCK_TABLE,UNIQUE_CONSTRAINT,BEFORE_VALIDATE_REGISTER,AFTER_VALIDATE_REGISTER,NOTE,DISUSE_FLAG,LAST_UPDATE_TIMESTAMP,LAST_UPDATE_USER) VALUES(5,STR_TO_DATE('2015/04/01 10:00:00.000000','%Y/%m/%d %H:%i:%s.%f'),'INSERT','5','10105',NULL,NULL,'下記の機能を提供しています。
・ロールとユーザ情報の紐付(閲覧/登録/更新/削除)','The following functions are provided.
・Role/user link list(view/register/update/discard/restore)','0','0','0','1','1','1','1',NULL,NULL,NULL,NULL,NULL,'0',STR_TO_DATE('2015/04/01 10:00:00.000000','%Y/%m/%d %H:%i:%s.%f'),1);
INSERT INTO T_COMN_MENU_TABLE_LINK (TABLE_DEFINITION_ID,MENU_ID,TABLE_NAME,VIEW_NAME,MENU_INFO_JA,MENU_INFO_EN,SHEET_TYPE,INHERIT,VERTICAL,ROW_INSERT_FLAG,ROW_UPDATE_FLAG,ROW_DISUSE_FLAG,ROW_REUSE_FLAG,LOCK_TABLE,UNIQUE_CONSTRAINT,BEFORE_VALIDATE_REGISTER,AFTER_VALIDATE_REGISTER,NOTE,DISUSE_FLAG,LAST_UPDATE_TIMESTAMP,LAST_UPDATE_USER) VALUES('6','10106','T_COMN_VERSION',NULL,'バージョン情報を閲覧できます。','You can browse the version information.','0','0','0','0','0','0','0',NULL,NULL,NULL,NULL,NULL,'0',STR_TO_DATE('2015/04/01 10:00:00.000000','%Y/%m/%d %H:%i:%s.%f'),1);
INSERT INTO T_COMN_MENU_TABLE_LINK_JNL (JOURNAL_SEQ_NO,JOURNAL_REG_DATETIME,JOURNAL_ACTION_CLASS,TABLE_DEFINITION_ID,MENU_ID,TABLE_NAME,VIEW_NAME,MENU_INFO_JA,MENU_INFO_EN,SHEET_TYPE,INHERIT,VERTICAL,ROW_INSERT_FLAG,ROW_UPDATE_FLAG,ROW_DISUSE_FLAG,ROW_REUSE_FLAG,LOCK_TABLE,UNIQUE_CONSTRAINT,BEFORE_VALIDATE_REGISTER,AFTER_VALIDATE_REGISTER,NOTE,DISUSE_FLAG,LAST_UPDATE_TIMESTAMP,LAST_UPDATE_USER) VALUES(6,STR_TO_DATE('2015/04/01 10:00:00.000000','%Y/%m/%d %H:%i:%s.%f'),'INSERT','6','10106','T_COMN_VERSION',NULL,'バージョン情報を閲覧できます。','You can browse the version information.','0','0','0','0','0','0','0',NULL,NULL,NULL,NULL,NULL,'0',STR_TO_DATE('2015/04/01 10:00:00.000000','%Y/%m/%d %H:%i:%s.%f'),1);
INSERT INTO T_COMN_MENU_TABLE_LINK (TABLE_DEFINITION_ID,MENU_ID,TABLE_NAME,VIEW_NAME,MENU_INFO_JA,MENU_INFO_EN,SHEET_TYPE,INHERIT,VERTICAL,ROW_INSERT_FLAG,ROW_UPDATE_FLAG,ROW_DISUSE_FLAG,ROW_REUSE_FLAG,LOCK_TABLE,UNIQUE_CONSTRAINT,BEFORE_VALIDATE_REGISTER,AFTER_VALIDATE_REGISTER,NOTE,DISUSE_FLAG,LAST_UPDATE_TIMESTAMP,LAST_UPDATE_USER) VALUES('7','10201','T_COMN_OPERATION',NULL,'オペレーション一覧をメンテナンス(閲覧/登録/更新/廃止)できます。','You can perform maintenance (view/register/update/discard) of operation list.','0','0','0','1','1','1','1',NULL,NULL,NULL,NULL,NULL,'0',STR_TO_DATE('2015/04/01 10:00:00.000000','%Y/%m/%d %H:%i:%s.%f'),1);
INSERT INTO T_COMN_MENU_TABLE_LINK_JNL (JOURNAL_SEQ_NO,JOURNAL_REG_DATETIME,JOURNAL_ACTION_CLASS,TABLE_DEFINITION_ID,MENU_ID,TABLE_NAME,VIEW_NAME,MENU_INFO_JA,MENU_INFO_EN,SHEET_TYPE,INHERIT,VERTICAL,ROW_INSERT_FLAG,ROW_UPDATE_FLAG,ROW_DISUSE_FLAG,ROW_REUSE_FLAG,LOCK_TABLE,UNIQUE_CONSTRAINT,BEFORE_VALIDATE_REGISTER,AFTER_VALIDATE_REGISTER,NOTE,DISUSE_FLAG,LAST_UPDATE_TIMESTAMP,LAST_UPDATE_USER) VALUES(7,STR_TO_DATE('2015/04/01 10:00:00.000000','%Y/%m/%d %H:%i:%s.%f'),'INSERT','7','10201','T_COMN_OPERATION',NULL,'オペレーション一覧をメンテナンス(閲覧/登録/更新/廃止)できます。','You can perform maintenance (view/register/update/discard) of operation list.','0','0','0','1','1','1','1',NULL,NULL,NULL,NULL,NULL,'0',STR_TO_DATE('2015/04/01 10:00:00.000000','%Y/%m/%d %H:%i:%s.%f'),1);
INSERT INTO T_COMN_MENU_TABLE_LINK (TABLE_DEFINITION_ID,MENU_ID,TABLE_NAME,VIEW_NAME,MENU_INFO_JA,MENU_INFO_EN,SHEET_TYPE,INHERIT,VERTICAL,ROW_INSERT_FLAG,ROW_UPDATE_FLAG,ROW_DISUSE_FLAG,ROW_REUSE_FLAG,LOCK_TABLE,UNIQUE_CONSTRAINT,BEFORE_VALIDATE_REGISTER,AFTER_VALIDATE_REGISTER,NOTE,DISUSE_FLAG,LAST_UPDATE_TIMESTAMP,LAST_UPDATE_USER) VALUES('8','10202','T_COMN_MOVEMENT',NULL,'Movementとオーケストレータの関連付けを閲覧できます。','You can browse the association between Movement and the orchestra.','0','0','0','0','0','0','0',NULL,NULL,NULL,NULL,NULL,'0',STR_TO_DATE('2015/04/01 10:00:00.000000','%Y/%m/%d %H:%i:%s.%f'),1);
INSERT INTO T_COMN_MENU_TABLE_LINK_JNL (JOURNAL_SEQ_NO,JOURNAL_REG_DATETIME,JOURNAL_ACTION_CLASS,TABLE_DEFINITION_ID,MENU_ID,TABLE_NAME,VIEW_NAME,MENU_INFO_JA,MENU_INFO_EN,SHEET_TYPE,INHERIT,VERTICAL,ROW_INSERT_FLAG,ROW_UPDATE_FLAG,ROW_DISUSE_FLAG,ROW_REUSE_FLAG,LOCK_TABLE,UNIQUE_CONSTRAINT,BEFORE_VALIDATE_REGISTER,AFTER_VALIDATE_REGISTER,NOTE,DISUSE_FLAG,LAST_UPDATE_TIMESTAMP,LAST_UPDATE_USER) VALUES(8,STR_TO_DATE('2015/04/01 10:00:00.000000','%Y/%m/%d %H:%i:%s.%f'),'INSERT','8','10202','T_COMN_MOVEMENT',NULL,'Movementとオーケストレータの関連付けを閲覧できます。','You can browse the association between Movement and the orchestra.','0','0','0','0','0','0','0',NULL,NULL,NULL,NULL,NULL,'0',STR_TO_DATE('2015/04/01 10:00:00.000000','%Y/%m/%d %H:%i:%s.%f'),1);
INSERT INTO T_COMN_MENU_TABLE_LINK (TABLE_DEFINITION_ID,MENU_ID,TABLE_NAME,VIEW_NAME,MENU_INFO_JA,MENU_INFO_EN,SHEET_TYPE,INHERIT,VERTICAL,ROW_INSERT_FLAG,ROW_UPDATE_FLAG,ROW_DISUSE_FLAG,ROW_REUSE_FLAG,LOCK_TABLE,UNIQUE_CONSTRAINT,BEFORE_VALIDATE_REGISTER,AFTER_VALIDATE_REGISTER,NOTE,DISUSE_FLAG,LAST_UPDATE_TIMESTAMP,LAST_UPDATE_USER) VALUES('9','10203','T_COMN_LINK_TARGET_MENU',NULL,'代入値自動登録設定に紐付けるメニューをメンテナンス(閲覧/登録/更新/廃止)できます。','Maintenance (view/register/update/discard) can be performed on the menu associated with the substitution value auto-registration setting.','0','0','0','1','1','1','1',NULL,NULL,NULL,NULL,NULL,'0',STR_TO_DATE('2015/04/01 10:00:00.000000','%Y/%m/%d %H:%i:%s.%f'),1);
INSERT INTO T_COMN_MENU_TABLE_LINK_JNL (JOURNAL_SEQ_NO,JOURNAL_REG_DATETIME,JOURNAL_ACTION_CLASS,TABLE_DEFINITION_ID,MENU_ID,TABLE_NAME,VIEW_NAME,MENU_INFO_JA,MENU_INFO_EN,SHEET_TYPE,INHERIT,VERTICAL,ROW_INSERT_FLAG,ROW_UPDATE_FLAG,ROW_DISUSE_FLAG,ROW_REUSE_FLAG,LOCK_TABLE,UNIQUE_CONSTRAINT,BEFORE_VALIDATE_REGISTER,AFTER_VALIDATE_REGISTER,NOTE,DISUSE_FLAG,LAST_UPDATE_TIMESTAMP,LAST_UPDATE_USER) VALUES(9,STR_TO_DATE('2015/04/01 10:00:00.000000','%Y/%m/%d %H:%i:%s.%f'),'INSERT','9','10203','T_COMN_LINK_TARGET_MENU',NULL,'代入値自動登録設定に紐付けるメニューをメンテナンス(閲覧/登録/更新/廃止)できます。','Maintenance (view/register/update/discard) can be performed on the menu associated with the substitution value auto-registration setting.','0','0','0','1','1','1','1',NULL,NULL,NULL,NULL,NULL,'0',STR_TO_DATE('2015/04/01 10:00:00.000000','%Y/%m/%d %H:%i:%s.%f'),1);
INSERT INTO T_COMN_MENU_TABLE_LINK (TABLE_DEFINITION_ID,MENU_ID,TABLE_NAME,VIEW_NAME,MENU_INFO_JA,MENU_INFO_EN,SHEET_TYPE,INHERIT,VERTICAL,ROW_INSERT_FLAG,ROW_UPDATE_FLAG,ROW_DISUSE_FLAG,ROW_REUSE_FLAG,LOCK_TABLE,UNIQUE_CONSTRAINT,BEFORE_VALIDATE_REGISTER,AFTER_VALIDATE_REGISTER,NOTE,DISUSE_FLAG,LAST_UPDATE_TIMESTAMP,LAST_UPDATE_USER) VALUES('10','10204','T_COMN_MENU_TABLE_LINK',NULL,'メニューに紐付けるデータベース情報をメンテナンス(閲覧/登録/更新/廃止)できます。','You can maintain (view / register / update / abolish) the database information associated with the menu.','0','0','0','1','1','1','1',NULL,NULL,NULL,NULL,NULL,'0',STR_TO_DATE('2015/04/01 10:00:00.000000','%Y/%m/%d %H:%i:%s.%f'),1);
INSERT INTO T_COMN_MENU_TABLE_LINK_JNL (JOURNAL_SEQ_NO,JOURNAL_REG_DATETIME,JOURNAL_ACTION_CLASS,TABLE_DEFINITION_ID,MENU_ID,TABLE_NAME,VIEW_NAME,MENU_INFO_JA,MENU_INFO_EN,SHEET_TYPE,INHERIT,VERTICAL,ROW_INSERT_FLAG,ROW_UPDATE_FLAG,ROW_DISUSE_FLAG,ROW_REUSE_FLAG,LOCK_TABLE,UNIQUE_CONSTRAINT,BEFORE_VALIDATE_REGISTER,AFTER_VALIDATE_REGISTER,NOTE,DISUSE_FLAG,LAST_UPDATE_TIMESTAMP,LAST_UPDATE_USER) VALUES(10,STR_TO_DATE('2015/04/01 10:00:00.000000','%Y/%m/%d %H:%i:%s.%f'),'INSERT','10','10204','T_COMN_MENU_TABLE_LINK',NULL,'メニューに紐付けるデータベース情報をメンテナンス(閲覧/登録/更新/廃止)できます。','You can maintain (view / register / update / abolish) the database information associated with the menu.','0','0','0','1','1','1','1',NULL,NULL,NULL,NULL,NULL,'0',STR_TO_DATE('2015/04/01 10:00:00.000000','%Y/%m/%d %H:%i:%s.%f'),1);
INSERT INTO T_COMN_MENU_TABLE_LINK (TABLE_DEFINITION_ID,MENU_ID,TABLE_NAME,VIEW_NAME,MENU_INFO_JA,MENU_INFO_EN,SHEET_TYPE,INHERIT,VERTICAL,ROW_INSERT_FLAG,ROW_UPDATE_FLAG,ROW_DISUSE_FLAG,ROW_REUSE_FLAG,LOCK_TABLE,UNIQUE_CONSTRAINT,BEFORE_VALIDATE_REGISTER,AFTER_VALIDATE_REGISTER,NOTE,DISUSE_FLAG,LAST_UPDATE_TIMESTAMP,LAST_UPDATE_USER) VALUES('11','10205','T_COMN_MENU_COLUMN_LINK',NULL,'メニューのカラム情報をメンテナンス(閲覧/登録/更新/廃止)できます。','You can maintain (view / register / update / discontinue) the column information of the menu.','0','0','0','1','1','1','1',NULL,'[["MENU_ID","COLUMN_NAME_JA"],["MENU_ID","COLUMN_NAME_EN"],["MENU_ID","COLUMN_NAME_REST"],["MENU_ID","COLUMN_DISP_SEQ"]]',NULL,NULL,NULL,'0',STR_TO_DATE('2015/04/01 10:00:00.000000','%Y/%m/%d %H:%i:%s.%f'),1);
INSERT INTO T_COMN_MENU_TABLE_LINK_JNL (JOURNAL_SEQ_NO,JOURNAL_REG_DATETIME,JOURNAL_ACTION_CLASS,TABLE_DEFINITION_ID,MENU_ID,TABLE_NAME,VIEW_NAME,MENU_INFO_JA,MENU_INFO_EN,SHEET_TYPE,INHERIT,VERTICAL,ROW_INSERT_FLAG,ROW_UPDATE_FLAG,ROW_DISUSE_FLAG,ROW_REUSE_FLAG,LOCK_TABLE,UNIQUE_CONSTRAINT,BEFORE_VALIDATE_REGISTER,AFTER_VALIDATE_REGISTER,NOTE,DISUSE_FLAG,LAST_UPDATE_TIMESTAMP,LAST_UPDATE_USER) VALUES(11,STR_TO_DATE('2015/04/01 10:00:00.000000','%Y/%m/%d %H:%i:%s.%f'),'INSERT','11','10205','T_COMN_MENU_COLUMN_LINK',NULL,'メニューのカラム情報をメンテナンス(閲覧/登録/更新/廃止)できます。','You can maintain (view / register / update / discontinue) the column information of the menu.','0','0','0','1','1','1','1',NULL,'[["MENU_ID","COLUMN_NAME_JA"],["MENU_ID","COLUMN_NAME_EN"],["MENU_ID","COLUMN_NAME_REST"],["MENU_ID","COLUMN_DISP_SEQ"]]',NULL,NULL,NULL,'0',STR_TO_DATE('2015/04/01 10:00:00.000000','%Y/%m/%d %H:%i:%s.%f'),1);
INSERT INTO T_COMN_MENU_TABLE_LINK (TABLE_DEFINITION_ID,MENU_ID,TABLE_NAME,VIEW_NAME,MENU_INFO_JA,MENU_INFO_EN,SHEET_TYPE,INHERIT,VERTICAL,ROW_INSERT_FLAG,ROW_UPDATE_FLAG,ROW_DISUSE_FLAG,ROW_REUSE_FLAG,LOCK_TABLE,UNIQUE_CONSTRAINT,BEFORE_VALIDATE_REGISTER,AFTER_VALIDATE_REGISTER,NOTE,DISUSE_FLAG,LAST_UPDATE_TIMESTAMP,LAST_UPDATE_USER) VALUES('12','10206','T_COMN_COLUMN_GROUP',NULL,'メニューのカラムグループ情報をメンテナンス(閲覧/登録/更新/廃止)できます。','You can maintain (view / register / update / discontinue) the column group information of the menu.','0','0','0','1','1','1','1',NULL,NULL,NULL,NULL,NULL,'0',STR_TO_DATE('2015/04/01 10:00:00.000000','%Y/%m/%d %H:%i:%s.%f'),1);
INSERT INTO T_COMN_MENU_TABLE_LINK_JNL (JOURNAL_SEQ_NO,JOURNAL_REG_DATETIME,JOURNAL_ACTION_CLASS,TABLE_DEFINITION_ID,MENU_ID,TABLE_NAME,VIEW_NAME,MENU_INFO_JA,MENU_INFO_EN,SHEET_TYPE,INHERIT,VERTICAL,ROW_INSERT_FLAG,ROW_UPDATE_FLAG,ROW_DISUSE_FLAG,ROW_REUSE_FLAG,LOCK_TABLE,UNIQUE_CONSTRAINT,BEFORE_VALIDATE_REGISTER,AFTER_VALIDATE_REGISTER,NOTE,DISUSE_FLAG,LAST_UPDATE_TIMESTAMP,LAST_UPDATE_USER) VALUES(12,STR_TO_DATE('2015/04/01 10:00:00.000000','%Y/%m/%d %H:%i:%s.%f'),'INSERT','12','10206','T_COMN_COLUMN_GROUP',NULL,'メニューのカラムグループ情報をメンテナンス(閲覧/登録/更新/廃止)できます。','You can maintain (view / register / update / discontinue) the column group information of the menu.','0','0','0','1','1','1','1',NULL,NULL,NULL,NULL,NULL,'0',STR_TO_DATE('2015/04/01 10:00:00.000000','%Y/%m/%d %H:%i:%s.%f'),1);

INSERT INTO T_COMN_MENU_COLUMN_LINK (COLUMN_DEFINITION_ID,MENU_ID,COLUMN_NAME_JA,COLUMN_NAME_EN,COLUMN_NAME_REST,COL_GROUP_ID,COLUMN_CLASS,COLUMN_DISP_SEQ,REF_TABLE_NAME,REF_PKEY_NAME,REF_COL_NAME,REF_SORT_CONDITIONS,REF_MULTI_LANG,SENSITIVE_COL_NAME,COL_NAME,SAVE_TYPE,AUTO_INPUT,INPUT_ITEM,VIEW_ITEM,UNIQUE_ITEM,REQUIRED_ITEM,INITIAL_VALUE,VALIDATE_OPTION,BEFORE_VALIDATE_REGISTER,AFTER_VALIDATE_REGISTER,DESCRIPTION_JA,DESCRIPTION_EN,NOTE,DISUSE_FLAG,LAST_UPDATE_TIMESTAMP,LAST_UPDATE_USER) VALUES('1','10101','項番','Item No','item_id',NULL,'1',10,NULL,NULL,NULL,NULL,'0',NULL,'ITEM_ID',NULL,'1','1','1','1','1',NULL,NULL,NULL,NULL,'自動採番のため編集不可。実行処理種別が【登録】の場合、空白のみ可。','Cannot edit because of auto-numbering. Must be blank when execution process type is [Register].',NULL,'0',STR_TO_DATE('2015/04/01 10:00:00.000000','%Y/%m/%d %H:%i:%s.%f'),1);
INSERT INTO T_COMN_MENU_COLUMN_LINK_JNL (JOURNAL_SEQ_NO,JOURNAL_REG_DATETIME,JOURNAL_ACTION_CLASS,COLUMN_DEFINITION_ID,MENU_ID,COLUMN_NAME_JA,COLUMN_NAME_EN,COLUMN_NAME_REST,COL_GROUP_ID,COLUMN_CLASS,COLUMN_DISP_SEQ,REF_TABLE_NAME,REF_PKEY_NAME,REF_COL_NAME,REF_SORT_CONDITIONS,REF_MULTI_LANG,SENSITIVE_COL_NAME,COL_NAME,SAVE_TYPE,AUTO_INPUT,INPUT_ITEM,VIEW_ITEM,UNIQUE_ITEM,REQUIRED_ITEM,INITIAL_VALUE,VALIDATE_OPTION,BEFORE_VALIDATE_REGISTER,AFTER_VALIDATE_REGISTER,DESCRIPTION_JA,DESCRIPTION_EN,NOTE,DISUSE_FLAG,LAST_UPDATE_TIMESTAMP,LAST_UPDATE_USER) VALUES(1,STR_TO_DATE('2015/04/01 10:00:00.000000','%Y/%m/%d %H:%i:%s.%f'),'INSERT','1','10101','項番','Item No','item_id',NULL,'1',10,NULL,NULL,NULL,NULL,'0',NULL,'ITEM_ID',NULL,'1','1','1','1','1',NULL,NULL,NULL,NULL,'自動採番のため編集不可。実行処理種別が【登録】の場合、空白のみ可。','Cannot edit because of auto-numbering. Must be blank when execution process type is [Register].',NULL,'0',STR_TO_DATE('2015/04/01 10:00:00.000000','%Y/%m/%d %H:%i:%s.%f'),1);
INSERT INTO T_COMN_MENU_COLUMN_LINK (COLUMN_DEFINITION_ID,MENU_ID,COLUMN_NAME_JA,COLUMN_NAME_EN,COLUMN_NAME_REST,COL_GROUP_ID,COLUMN_CLASS,COLUMN_DISP_SEQ,REF_TABLE_NAME,REF_PKEY_NAME,REF_COL_NAME,REF_SORT_CONDITIONS,REF_MULTI_LANG,SENSITIVE_COL_NAME,COL_NAME,SAVE_TYPE,AUTO_INPUT,INPUT_ITEM,VIEW_ITEM,UNIQUE_ITEM,REQUIRED_ITEM,INITIAL_VALUE,VALIDATE_OPTION,BEFORE_VALIDATE_REGISTER,AFTER_VALIDATE_REGISTER,DESCRIPTION_JA,DESCRIPTION_EN,NOTE,DISUSE_FLAG,LAST_UPDATE_TIMESTAMP,LAST_UPDATE_USER) VALUES('2','10101','識別ID','ID','id',NULL,'1',20,NULL,NULL,NULL,NULL,'0',NULL,'CONFIG_ID',NULL,'0','1','1','1','1',NULL,'{
"min_length": 1,
"max_length": 255
}',NULL,NULL,'識別ID','ID',NULL,'0',STR_TO_DATE('2015/04/01 10:00:00.000000','%Y/%m/%d %H:%i:%s.%f'),1);
INSERT INTO T_COMN_MENU_COLUMN_LINK_JNL (JOURNAL_SEQ_NO,JOURNAL_REG_DATETIME,JOURNAL_ACTION_CLASS,COLUMN_DEFINITION_ID,MENU_ID,COLUMN_NAME_JA,COLUMN_NAME_EN,COLUMN_NAME_REST,COL_GROUP_ID,COLUMN_CLASS,COLUMN_DISP_SEQ,REF_TABLE_NAME,REF_PKEY_NAME,REF_COL_NAME,REF_SORT_CONDITIONS,REF_MULTI_LANG,SENSITIVE_COL_NAME,COL_NAME,SAVE_TYPE,AUTO_INPUT,INPUT_ITEM,VIEW_ITEM,UNIQUE_ITEM,REQUIRED_ITEM,INITIAL_VALUE,VALIDATE_OPTION,BEFORE_VALIDATE_REGISTER,AFTER_VALIDATE_REGISTER,DESCRIPTION_JA,DESCRIPTION_EN,NOTE,DISUSE_FLAG,LAST_UPDATE_TIMESTAMP,LAST_UPDATE_USER) VALUES(2,STR_TO_DATE('2015/04/01 10:00:00.000000','%Y/%m/%d %H:%i:%s.%f'),'INSERT','2','10101','識別ID','ID','id',NULL,'1',20,NULL,NULL,NULL,NULL,'0',NULL,'CONFIG_ID',NULL,'0','1','1','1','1',NULL,'{
"min_length": 1,
"max_length": 255
}',NULL,NULL,'識別ID','ID',NULL,'0',STR_TO_DATE('2015/04/01 10:00:00.000000','%Y/%m/%d %H:%i:%s.%f'),1);
INSERT INTO T_COMN_MENU_COLUMN_LINK (COLUMN_DEFINITION_ID,MENU_ID,COLUMN_NAME_JA,COLUMN_NAME_EN,COLUMN_NAME_REST,COL_GROUP_ID,COLUMN_CLASS,COLUMN_DISP_SEQ,REF_TABLE_NAME,REF_PKEY_NAME,REF_COL_NAME,REF_SORT_CONDITIONS,REF_MULTI_LANG,SENSITIVE_COL_NAME,COL_NAME,SAVE_TYPE,AUTO_INPUT,INPUT_ITEM,VIEW_ITEM,UNIQUE_ITEM,REQUIRED_ITEM,INITIAL_VALUE,VALIDATE_OPTION,BEFORE_VALIDATE_REGISTER,AFTER_VALIDATE_REGISTER,DESCRIPTION_JA,DESCRIPTION_EN,NOTE,DISUSE_FLAG,LAST_UPDATE_TIMESTAMP,LAST_UPDATE_USER) VALUES('3','10101','項目名','Item name','item_name',NULL,'1',30,NULL,NULL,NULL,NULL,'0',NULL,'CONFIG_NAME',NULL,'0','1','1','1','0',NULL,'{
"min_length": 0,
"max_length": 255
"preg_match": "/^[^:\t]*$/s"
}',NULL,NULL,'文字列 複数行を許容する（非推奨）, 文字数は0～64バイト、タブは入力不可','Multiple lines of character string is allowed (not recommended), character count is 0 to 64 bytes, tabs cannot be entered',NULL,'0',STR_TO_DATE('2015/04/01 10:00:00.000000','%Y/%m/%d %H:%i:%s.%f'),1);
INSERT INTO T_COMN_MENU_COLUMN_LINK_JNL (JOURNAL_SEQ_NO,JOURNAL_REG_DATETIME,JOURNAL_ACTION_CLASS,COLUMN_DEFINITION_ID,MENU_ID,COLUMN_NAME_JA,COLUMN_NAME_EN,COLUMN_NAME_REST,COL_GROUP_ID,COLUMN_CLASS,COLUMN_DISP_SEQ,REF_TABLE_NAME,REF_PKEY_NAME,REF_COL_NAME,REF_SORT_CONDITIONS,REF_MULTI_LANG,SENSITIVE_COL_NAME,COL_NAME,SAVE_TYPE,AUTO_INPUT,INPUT_ITEM,VIEW_ITEM,UNIQUE_ITEM,REQUIRED_ITEM,INITIAL_VALUE,VALIDATE_OPTION,BEFORE_VALIDATE_REGISTER,AFTER_VALIDATE_REGISTER,DESCRIPTION_JA,DESCRIPTION_EN,NOTE,DISUSE_FLAG,LAST_UPDATE_TIMESTAMP,LAST_UPDATE_USER) VALUES(3,STR_TO_DATE('2015/04/01 10:00:00.000000','%Y/%m/%d %H:%i:%s.%f'),'INSERT','3','10101','項目名','Item name','item_name',NULL,'1',30,NULL,NULL,NULL,NULL,'0',NULL,'CONFIG_NAME',NULL,'0','1','1','1','0',NULL,'{
"min_length": 0,
"max_length": 255
"preg_match": "/^[^:\t]*$/s"
}',NULL,NULL,'文字列 複数行を許容する（非推奨）, 文字数は0～64バイト、タブは入力不可','Multiple lines of character string is allowed (not recommended), character count is 0 to 64 bytes, tabs cannot be entered',NULL,'0',STR_TO_DATE('2015/04/01 10:00:00.000000','%Y/%m/%d %H:%i:%s.%f'),1);
INSERT INTO T_COMN_MENU_COLUMN_LINK (COLUMN_DEFINITION_ID,MENU_ID,COLUMN_NAME_JA,COLUMN_NAME_EN,COLUMN_NAME_REST,COL_GROUP_ID,COLUMN_CLASS,COLUMN_DISP_SEQ,REF_TABLE_NAME,REF_PKEY_NAME,REF_COL_NAME,REF_SORT_CONDITIONS,REF_MULTI_LANG,SENSITIVE_COL_NAME,COL_NAME,SAVE_TYPE,AUTO_INPUT,INPUT_ITEM,VIEW_ITEM,UNIQUE_ITEM,REQUIRED_ITEM,INITIAL_VALUE,VALIDATE_OPTION,BEFORE_VALIDATE_REGISTER,AFTER_VALIDATE_REGISTER,DESCRIPTION_JA,DESCRIPTION_EN,NOTE,DISUSE_FLAG,LAST_UPDATE_TIMESTAMP,LAST_UPDATE_USER) VALUES('4','10101','設定値','Setting value','setting_value',NULL,'2',40,NULL,NULL,NULL,NULL,'0',NULL,'VALUE',NULL,'0','1','1','0','0',NULL,'{
"min_length": 0,
"max_length": 4000
"preg_match": "/^[^:\t]*$/s"
}',NULL,NULL,'文字列 複数行を許容する（非推奨）, 文字数は1～1024バイト、タブは入力不可','Multiple lines of character string is allowed (not recommended), character count is 1 to 1024 bytes, tabs cannot be entered',NULL,'0',STR_TO_DATE('2015/04/01 10:00:00.000000','%Y/%m/%d %H:%i:%s.%f'),1);
INSERT INTO T_COMN_MENU_COLUMN_LINK_JNL (JOURNAL_SEQ_NO,JOURNAL_REG_DATETIME,JOURNAL_ACTION_CLASS,COLUMN_DEFINITION_ID,MENU_ID,COLUMN_NAME_JA,COLUMN_NAME_EN,COLUMN_NAME_REST,COL_GROUP_ID,COLUMN_CLASS,COLUMN_DISP_SEQ,REF_TABLE_NAME,REF_PKEY_NAME,REF_COL_NAME,REF_SORT_CONDITIONS,REF_MULTI_LANG,SENSITIVE_COL_NAME,COL_NAME,SAVE_TYPE,AUTO_INPUT,INPUT_ITEM,VIEW_ITEM,UNIQUE_ITEM,REQUIRED_ITEM,INITIAL_VALUE,VALIDATE_OPTION,BEFORE_VALIDATE_REGISTER,AFTER_VALIDATE_REGISTER,DESCRIPTION_JA,DESCRIPTION_EN,NOTE,DISUSE_FLAG,LAST_UPDATE_TIMESTAMP,LAST_UPDATE_USER) VALUES(4,STR_TO_DATE('2015/04/01 10:00:00.000000','%Y/%m/%d %H:%i:%s.%f'),'INSERT','4','10101','設定値','Setting value','setting_value',NULL,'2',40,NULL,NULL,NULL,NULL,'0',NULL,'VALUE',NULL,'0','1','1','0','0',NULL,'{
"min_length": 0,
"max_length": 4000
"preg_match": "/^[^:\t]*$/s"
}',NULL,NULL,'文字列 複数行を許容する（非推奨）, 文字数は1～1024バイト、タブは入力不可','Multiple lines of character string is allowed (not recommended), character count is 1 to 1024 bytes, tabs cannot be entered',NULL,'0',STR_TO_DATE('2015/04/01 10:00:00.000000','%Y/%m/%d %H:%i:%s.%f'),1);
INSERT INTO T_COMN_MENU_COLUMN_LINK (COLUMN_DEFINITION_ID,MENU_ID,COLUMN_NAME_JA,COLUMN_NAME_EN,COLUMN_NAME_REST,COL_GROUP_ID,COLUMN_CLASS,COLUMN_DISP_SEQ,REF_TABLE_NAME,REF_PKEY_NAME,REF_COL_NAME,REF_SORT_CONDITIONS,REF_MULTI_LANG,SENSITIVE_COL_NAME,COL_NAME,SAVE_TYPE,AUTO_INPUT,INPUT_ITEM,VIEW_ITEM,UNIQUE_ITEM,REQUIRED_ITEM,INITIAL_VALUE,VALIDATE_OPTION,BEFORE_VALIDATE_REGISTER,AFTER_VALIDATE_REGISTER,DESCRIPTION_JA,DESCRIPTION_EN,NOTE,DISUSE_FLAG,LAST_UPDATE_TIMESTAMP,LAST_UPDATE_USER) VALUES('5','10101','備考','Remarks','remarks',NULL,'12',50,NULL,NULL,NULL,NULL,'0',NULL,'NOTE                 ',NULL,'0','1','1','0','0',NULL,'{
"int_min": 0,
"int_max": 4000
}',NULL,NULL,'自由記述欄。レコードの廃止・復活時にも記載可能。','Comments section. Can comment when removing or restoring records.',NULL,'0',STR_TO_DATE('2015/04/01 10:00:00.000000','%Y/%m/%d %H:%i:%s.%f'),1);
INSERT INTO T_COMN_MENU_COLUMN_LINK_JNL (JOURNAL_SEQ_NO,JOURNAL_REG_DATETIME,JOURNAL_ACTION_CLASS,COLUMN_DEFINITION_ID,MENU_ID,COLUMN_NAME_JA,COLUMN_NAME_EN,COLUMN_NAME_REST,COL_GROUP_ID,COLUMN_CLASS,COLUMN_DISP_SEQ,REF_TABLE_NAME,REF_PKEY_NAME,REF_COL_NAME,REF_SORT_CONDITIONS,REF_MULTI_LANG,SENSITIVE_COL_NAME,COL_NAME,SAVE_TYPE,AUTO_INPUT,INPUT_ITEM,VIEW_ITEM,UNIQUE_ITEM,REQUIRED_ITEM,INITIAL_VALUE,VALIDATE_OPTION,BEFORE_VALIDATE_REGISTER,AFTER_VALIDATE_REGISTER,DESCRIPTION_JA,DESCRIPTION_EN,NOTE,DISUSE_FLAG,LAST_UPDATE_TIMESTAMP,LAST_UPDATE_USER) VALUES(5,STR_TO_DATE('2015/04/01 10:00:00.000000','%Y/%m/%d %H:%i:%s.%f'),'INSERT','5','10101','備考','Remarks','remarks',NULL,'12',50,NULL,NULL,NULL,NULL,'0',NULL,'NOTE                 ',NULL,'0','1','1','0','0',NULL,'{
"int_min": 0,
"int_max": 4000
}',NULL,NULL,'自由記述欄。レコードの廃止・復活時にも記載可能。','Comments section. Can comment when removing or restoring records.',NULL,'0',STR_TO_DATE('2015/04/01 10:00:00.000000','%Y/%m/%d %H:%i:%s.%f'),1);
INSERT INTO T_COMN_MENU_COLUMN_LINK (COLUMN_DEFINITION_ID,MENU_ID,COLUMN_NAME_JA,COLUMN_NAME_EN,COLUMN_NAME_REST,COL_GROUP_ID,COLUMN_CLASS,COLUMN_DISP_SEQ,REF_TABLE_NAME,REF_PKEY_NAME,REF_COL_NAME,REF_SORT_CONDITIONS,REF_MULTI_LANG,SENSITIVE_COL_NAME,COL_NAME,SAVE_TYPE,AUTO_INPUT,INPUT_ITEM,VIEW_ITEM,UNIQUE_ITEM,REQUIRED_ITEM,INITIAL_VALUE,VALIDATE_OPTION,BEFORE_VALIDATE_REGISTER,AFTER_VALIDATE_REGISTER,DESCRIPTION_JA,DESCRIPTION_EN,NOTE,DISUSE_FLAG,LAST_UPDATE_TIMESTAMP,LAST_UPDATE_USER) VALUES('6','10101','廃止フラグ','Discard','discard',NULL,'1',60,NULL,NULL,NULL,NULL,'0',NULL,'DISUSE_FLAG',NULL,'1','0','0','0','1',NULL,NULL,NULL,NULL,'廃止フラグ。復活以外のオペレーションは不可','Discard flag. Cannot do operation other than restore.',NULL,'0',STR_TO_DATE('2015/04/01 10:00:00.000000','%Y/%m/%d %H:%i:%s.%f'),1);
INSERT INTO T_COMN_MENU_COLUMN_LINK_JNL (JOURNAL_SEQ_NO,JOURNAL_REG_DATETIME,JOURNAL_ACTION_CLASS,COLUMN_DEFINITION_ID,MENU_ID,COLUMN_NAME_JA,COLUMN_NAME_EN,COLUMN_NAME_REST,COL_GROUP_ID,COLUMN_CLASS,COLUMN_DISP_SEQ,REF_TABLE_NAME,REF_PKEY_NAME,REF_COL_NAME,REF_SORT_CONDITIONS,REF_MULTI_LANG,SENSITIVE_COL_NAME,COL_NAME,SAVE_TYPE,AUTO_INPUT,INPUT_ITEM,VIEW_ITEM,UNIQUE_ITEM,REQUIRED_ITEM,INITIAL_VALUE,VALIDATE_OPTION,BEFORE_VALIDATE_REGISTER,AFTER_VALIDATE_REGISTER,DESCRIPTION_JA,DESCRIPTION_EN,NOTE,DISUSE_FLAG,LAST_UPDATE_TIMESTAMP,LAST_UPDATE_USER) VALUES(6,STR_TO_DATE('2015/04/01 10:00:00.000000','%Y/%m/%d %H:%i:%s.%f'),'INSERT','6','10101','廃止フラグ','Discard','discard',NULL,'1',60,NULL,NULL,NULL,NULL,'0',NULL,'DISUSE_FLAG',NULL,'1','0','0','0','1',NULL,NULL,NULL,NULL,'廃止フラグ。復活以外のオペレーションは不可','Discard flag. Cannot do operation other than restore.',NULL,'0',STR_TO_DATE('2015/04/01 10:00:00.000000','%Y/%m/%d %H:%i:%s.%f'),1);
INSERT INTO T_COMN_MENU_COLUMN_LINK (COLUMN_DEFINITION_ID,MENU_ID,COLUMN_NAME_JA,COLUMN_NAME_EN,COLUMN_NAME_REST,COL_GROUP_ID,COLUMN_CLASS,COLUMN_DISP_SEQ,REF_TABLE_NAME,REF_PKEY_NAME,REF_COL_NAME,REF_SORT_CONDITIONS,REF_MULTI_LANG,SENSITIVE_COL_NAME,COL_NAME,SAVE_TYPE,AUTO_INPUT,INPUT_ITEM,VIEW_ITEM,UNIQUE_ITEM,REQUIRED_ITEM,INITIAL_VALUE,VALIDATE_OPTION,BEFORE_VALIDATE_REGISTER,AFTER_VALIDATE_REGISTER,DESCRIPTION_JA,DESCRIPTION_EN,NOTE,DISUSE_FLAG,LAST_UPDATE_TIMESTAMP,LAST_UPDATE_USER) VALUES('7','10101','最終更新日時','Last update date/time','last_update_date_time',NULL,'13',70,NULL,NULL,NULL,NULL,'0',NULL,'LAST_UPDATE_TIMESTAMP',NULL,'1','0','1','0','1',NULL,NULL,NULL,NULL,'レコードの最終更新日。自動登録のため編集不可。','Last update date of record. Cannot edit because of auto-registration.',NULL,'0',STR_TO_DATE('2015/04/01 10:00:00.000000','%Y/%m/%d %H:%i:%s.%f'),1);
INSERT INTO T_COMN_MENU_COLUMN_LINK_JNL (JOURNAL_SEQ_NO,JOURNAL_REG_DATETIME,JOURNAL_ACTION_CLASS,COLUMN_DEFINITION_ID,MENU_ID,COLUMN_NAME_JA,COLUMN_NAME_EN,COLUMN_NAME_REST,COL_GROUP_ID,COLUMN_CLASS,COLUMN_DISP_SEQ,REF_TABLE_NAME,REF_PKEY_NAME,REF_COL_NAME,REF_SORT_CONDITIONS,REF_MULTI_LANG,SENSITIVE_COL_NAME,COL_NAME,SAVE_TYPE,AUTO_INPUT,INPUT_ITEM,VIEW_ITEM,UNIQUE_ITEM,REQUIRED_ITEM,INITIAL_VALUE,VALIDATE_OPTION,BEFORE_VALIDATE_REGISTER,AFTER_VALIDATE_REGISTER,DESCRIPTION_JA,DESCRIPTION_EN,NOTE,DISUSE_FLAG,LAST_UPDATE_TIMESTAMP,LAST_UPDATE_USER) VALUES(7,STR_TO_DATE('2015/04/01 10:00:00.000000','%Y/%m/%d %H:%i:%s.%f'),'INSERT','7','10101','最終更新日時','Last update date/time','last_update_date_time',NULL,'13',70,NULL,NULL,NULL,NULL,'0',NULL,'LAST_UPDATE_TIMESTAMP',NULL,'1','0','1','0','1',NULL,NULL,NULL,NULL,'レコードの最終更新日。自動登録のため編集不可。','Last update date of record. Cannot edit because of auto-registration.',NULL,'0',STR_TO_DATE('2015/04/01 10:00:00.000000','%Y/%m/%d %H:%i:%s.%f'),1);
INSERT INTO T_COMN_MENU_COLUMN_LINK (COLUMN_DEFINITION_ID,MENU_ID,COLUMN_NAME_JA,COLUMN_NAME_EN,COLUMN_NAME_REST,COL_GROUP_ID,COLUMN_CLASS,COLUMN_DISP_SEQ,REF_TABLE_NAME,REF_PKEY_NAME,REF_COL_NAME,REF_SORT_CONDITIONS,REF_MULTI_LANG,SENSITIVE_COL_NAME,COL_NAME,SAVE_TYPE,AUTO_INPUT,INPUT_ITEM,VIEW_ITEM,UNIQUE_ITEM,REQUIRED_ITEM,INITIAL_VALUE,VALIDATE_OPTION,BEFORE_VALIDATE_REGISTER,AFTER_VALIDATE_REGISTER,DESCRIPTION_JA,DESCRIPTION_EN,NOTE,DISUSE_FLAG,LAST_UPDATE_TIMESTAMP,LAST_UPDATE_USER) VALUES('8','10101','最終更新者','Last updated by','last_updated_by',NULL,'14',80,NULL,NULL,NULL,NULL,'0',NULL,'LAST_UPDATE_USER',NULL,'1','0','1','0','1',NULL,NULL,NULL,NULL,'更新者。ログインユーザのIDが自動的に登録される。編集不可。','Updated by. Login user ID is automatically registered. Cannot edit.',NULL,'0',STR_TO_DATE('2015/04/01 10:00:00.000000','%Y/%m/%d %H:%i:%s.%f'),1);
INSERT INTO T_COMN_MENU_COLUMN_LINK_JNL (JOURNAL_SEQ_NO,JOURNAL_REG_DATETIME,JOURNAL_ACTION_CLASS,COLUMN_DEFINITION_ID,MENU_ID,COLUMN_NAME_JA,COLUMN_NAME_EN,COLUMN_NAME_REST,COL_GROUP_ID,COLUMN_CLASS,COLUMN_DISP_SEQ,REF_TABLE_NAME,REF_PKEY_NAME,REF_COL_NAME,REF_SORT_CONDITIONS,REF_MULTI_LANG,SENSITIVE_COL_NAME,COL_NAME,SAVE_TYPE,AUTO_INPUT,INPUT_ITEM,VIEW_ITEM,UNIQUE_ITEM,REQUIRED_ITEM,INITIAL_VALUE,VALIDATE_OPTION,BEFORE_VALIDATE_REGISTER,AFTER_VALIDATE_REGISTER,DESCRIPTION_JA,DESCRIPTION_EN,NOTE,DISUSE_FLAG,LAST_UPDATE_TIMESTAMP,LAST_UPDATE_USER) VALUES(8,STR_TO_DATE('2015/04/01 10:00:00.000000','%Y/%m/%d %H:%i:%s.%f'),'INSERT','8','10101','最終更新者','Last updated by','last_updated_by',NULL,'14',80,NULL,NULL,NULL,NULL,'0',NULL,'LAST_UPDATE_USER',NULL,'1','0','1','0','1',NULL,NULL,NULL,NULL,'更新者。ログインユーザのIDが自動的に登録される。編集不可。','Updated by. Login user ID is automatically registered. Cannot edit.',NULL,'0',STR_TO_DATE('2015/04/01 10:00:00.000000','%Y/%m/%d %H:%i:%s.%f'),1);
INSERT INTO T_COMN_MENU_COLUMN_LINK (COLUMN_DEFINITION_ID,MENU_ID,COLUMN_NAME_JA,COLUMN_NAME_EN,COLUMN_NAME_REST,COL_GROUP_ID,COLUMN_CLASS,COLUMN_DISP_SEQ,REF_TABLE_NAME,REF_PKEY_NAME,REF_COL_NAME,REF_SORT_CONDITIONS,REF_MULTI_LANG,SENSITIVE_COL_NAME,COL_NAME,SAVE_TYPE,AUTO_INPUT,INPUT_ITEM,VIEW_ITEM,UNIQUE_ITEM,REQUIRED_ITEM,INITIAL_VALUE,VALIDATE_OPTION,BEFORE_VALIDATE_REGISTER,AFTER_VALIDATE_REGISTER,DESCRIPTION_JA,DESCRIPTION_EN,NOTE,DISUSE_FLAG,LAST_UPDATE_TIMESTAMP,LAST_UPDATE_USER) VALUES('9','10102','メニューグループID','Menu group ID','menu_group_id',NULL,'1',10,NULL,NULL,NULL,NULL,'0',NULL,'MENU_GROUP_ID',NULL,'1','1','1','1','1',NULL,NULL,NULL,NULL,'自動採番のため編集不可。実行処理種別が【登録】の場合、空白のみ可。','Cannot edit because of auto-numbering. Must be blank when execution process type is [Register].',NULL,'0',STR_TO_DATE('2015/04/01 10:00:00.000000','%Y/%m/%d %H:%i:%s.%f'),1);
INSERT INTO T_COMN_MENU_COLUMN_LINK_JNL (JOURNAL_SEQ_NO,JOURNAL_REG_DATETIME,JOURNAL_ACTION_CLASS,COLUMN_DEFINITION_ID,MENU_ID,COLUMN_NAME_JA,COLUMN_NAME_EN,COLUMN_NAME_REST,COL_GROUP_ID,COLUMN_CLASS,COLUMN_DISP_SEQ,REF_TABLE_NAME,REF_PKEY_NAME,REF_COL_NAME,REF_SORT_CONDITIONS,REF_MULTI_LANG,SENSITIVE_COL_NAME,COL_NAME,SAVE_TYPE,AUTO_INPUT,INPUT_ITEM,VIEW_ITEM,UNIQUE_ITEM,REQUIRED_ITEM,INITIAL_VALUE,VALIDATE_OPTION,BEFORE_VALIDATE_REGISTER,AFTER_VALIDATE_REGISTER,DESCRIPTION_JA,DESCRIPTION_EN,NOTE,DISUSE_FLAG,LAST_UPDATE_TIMESTAMP,LAST_UPDATE_USER) VALUES(9,STR_TO_DATE('2015/04/01 10:00:00.000000','%Y/%m/%d %H:%i:%s.%f'),'INSERT','9','10102','メニューグループID','Menu group ID','menu_group_id',NULL,'1',10,NULL,NULL,NULL,NULL,'0',NULL,'MENU_GROUP_ID',NULL,'1','1','1','1','1',NULL,NULL,NULL,NULL,'自動採番のため編集不可。実行処理種別が【登録】の場合、空白のみ可。','Cannot edit because of auto-numbering. Must be blank when execution process type is [Register].',NULL,'0',STR_TO_DATE('2015/04/01 10:00:00.000000','%Y/%m/%d %H:%i:%s.%f'),1);
INSERT INTO T_COMN_MENU_COLUMN_LINK (COLUMN_DEFINITION_ID,MENU_ID,COLUMN_NAME_JA,COLUMN_NAME_EN,COLUMN_NAME_REST,COL_GROUP_ID,COLUMN_CLASS,COLUMN_DISP_SEQ,REF_TABLE_NAME,REF_PKEY_NAME,REF_COL_NAME,REF_SORT_CONDITIONS,REF_MULTI_LANG,SENSITIVE_COL_NAME,COL_NAME,SAVE_TYPE,AUTO_INPUT,INPUT_ITEM,VIEW_ITEM,UNIQUE_ITEM,REQUIRED_ITEM,INITIAL_VALUE,VALIDATE_OPTION,BEFORE_VALIDATE_REGISTER,AFTER_VALIDATE_REGISTER,DESCRIPTION_JA,DESCRIPTION_EN,NOTE,DISUSE_FLAG,LAST_UPDATE_TIMESTAMP,LAST_UPDATE_USER) VALUES('10','10102','親メニューグループ','Parent menu group name','parent_menu_group_name',NULL,'7',20,'T_COMN_MENU_GROUP','MENU_GROUP_ID','MENU_GROUP_NAME',NULL,'1',NULL,'PARENT_MENU_GROUP_ID',NULL,'0','1','1','0','0',NULL,NULL,NULL,NULL,'親のメニューグループです。','parent menu group.',NULL,'0',STR_TO_DATE('2015/04/01 10:00:00.000000','%Y/%m/%d %H:%i:%s.%f'),1);
INSERT INTO T_COMN_MENU_COLUMN_LINK_JNL (JOURNAL_SEQ_NO,JOURNAL_REG_DATETIME,JOURNAL_ACTION_CLASS,COLUMN_DEFINITION_ID,MENU_ID,COLUMN_NAME_JA,COLUMN_NAME_EN,COLUMN_NAME_REST,COL_GROUP_ID,COLUMN_CLASS,COLUMN_DISP_SEQ,REF_TABLE_NAME,REF_PKEY_NAME,REF_COL_NAME,REF_SORT_CONDITIONS,REF_MULTI_LANG,SENSITIVE_COL_NAME,COL_NAME,SAVE_TYPE,AUTO_INPUT,INPUT_ITEM,VIEW_ITEM,UNIQUE_ITEM,REQUIRED_ITEM,INITIAL_VALUE,VALIDATE_OPTION,BEFORE_VALIDATE_REGISTER,AFTER_VALIDATE_REGISTER,DESCRIPTION_JA,DESCRIPTION_EN,NOTE,DISUSE_FLAG,LAST_UPDATE_TIMESTAMP,LAST_UPDATE_USER) VALUES(10,STR_TO_DATE('2015/04/01 10:00:00.000000','%Y/%m/%d %H:%i:%s.%f'),'INSERT','10','10102','親メニューグループ','Parent menu group name','parent_menu_group_name',NULL,'7',20,'T_COMN_MENU_GROUP','MENU_GROUP_ID','MENU_GROUP_NAME',NULL,'1',NULL,'PARENT_MENU_GROUP_ID',NULL,'0','1','1','0','0',NULL,NULL,NULL,NULL,'親のメニューグループです。','parent menu group.',NULL,'0',STR_TO_DATE('2015/04/01 10:00:00.000000','%Y/%m/%d %H:%i:%s.%f'),1);
INSERT INTO T_COMN_MENU_COLUMN_LINK (COLUMN_DEFINITION_ID,MENU_ID,COLUMN_NAME_JA,COLUMN_NAME_EN,COLUMN_NAME_REST,COL_GROUP_ID,COLUMN_CLASS,COLUMN_DISP_SEQ,REF_TABLE_NAME,REF_PKEY_NAME,REF_COL_NAME,REF_SORT_CONDITIONS,REF_MULTI_LANG,SENSITIVE_COL_NAME,COL_NAME,SAVE_TYPE,AUTO_INPUT,INPUT_ITEM,VIEW_ITEM,UNIQUE_ITEM,REQUIRED_ITEM,INITIAL_VALUE,VALIDATE_OPTION,BEFORE_VALIDATE_REGISTER,AFTER_VALIDATE_REGISTER,DESCRIPTION_JA,DESCRIPTION_EN,NOTE,DISUSE_FLAG,LAST_UPDATE_TIMESTAMP,LAST_UPDATE_USER) VALUES('11','10102','メニューグループ名(ja)','Menu group name (ja)','menu_group_name_ja',NULL,'1',30,NULL,NULL,NULL,NULL,'0',NULL,'MENU_GROUP_NAME_JA',NULL,'0','1','1','1','1',NULL,'{
"min_length": 1,
"max_length": 255,
"preg_match": "/^[^:\t\r\n]*$/s"
}',NULL,NULL,'日本語のメニューグループ名です。複数行を許容しない、文字数は1～255バイト、タブと改行は入力不可、必須項目、他レコードとの重複を許容しない。','Japanese menu group name. Multiple lines are not allowed, the number of characters is 1 to 255 bytes, tabs and line breaks cannot be entered, required items, and duplication with other records is not allowed.',NULL,'0',STR_TO_DATE('2015/04/01 10:00:00.000000','%Y/%m/%d %H:%i:%s.%f'),1);
INSERT INTO T_COMN_MENU_COLUMN_LINK_JNL (JOURNAL_SEQ_NO,JOURNAL_REG_DATETIME,JOURNAL_ACTION_CLASS,COLUMN_DEFINITION_ID,MENU_ID,COLUMN_NAME_JA,COLUMN_NAME_EN,COLUMN_NAME_REST,COL_GROUP_ID,COLUMN_CLASS,COLUMN_DISP_SEQ,REF_TABLE_NAME,REF_PKEY_NAME,REF_COL_NAME,REF_SORT_CONDITIONS,REF_MULTI_LANG,SENSITIVE_COL_NAME,COL_NAME,SAVE_TYPE,AUTO_INPUT,INPUT_ITEM,VIEW_ITEM,UNIQUE_ITEM,REQUIRED_ITEM,INITIAL_VALUE,VALIDATE_OPTION,BEFORE_VALIDATE_REGISTER,AFTER_VALIDATE_REGISTER,DESCRIPTION_JA,DESCRIPTION_EN,NOTE,DISUSE_FLAG,LAST_UPDATE_TIMESTAMP,LAST_UPDATE_USER) VALUES(11,STR_TO_DATE('2015/04/01 10:00:00.000000','%Y/%m/%d %H:%i:%s.%f'),'INSERT','11','10102','メニューグループ名(ja)','Menu group name (ja)','menu_group_name_ja',NULL,'1',30,NULL,NULL,NULL,NULL,'0',NULL,'MENU_GROUP_NAME_JA',NULL,'0','1','1','1','1',NULL,'{
"min_length": 1,
"max_length": 255,
"preg_match": "/^[^:\t\r\n]*$/s"
}',NULL,NULL,'日本語のメニューグループ名です。複数行を許容しない、文字数は1～255バイト、タブと改行は入力不可、必須項目、他レコードとの重複を許容しない。','Japanese menu group name. Multiple lines are not allowed, the number of characters is 1 to 255 bytes, tabs and line breaks cannot be entered, required items, and duplication with other records is not allowed.',NULL,'0',STR_TO_DATE('2015/04/01 10:00:00.000000','%Y/%m/%d %H:%i:%s.%f'),1);
INSERT INTO T_COMN_MENU_COLUMN_LINK (COLUMN_DEFINITION_ID,MENU_ID,COLUMN_NAME_JA,COLUMN_NAME_EN,COLUMN_NAME_REST,COL_GROUP_ID,COLUMN_CLASS,COLUMN_DISP_SEQ,REF_TABLE_NAME,REF_PKEY_NAME,REF_COL_NAME,REF_SORT_CONDITIONS,REF_MULTI_LANG,SENSITIVE_COL_NAME,COL_NAME,SAVE_TYPE,AUTO_INPUT,INPUT_ITEM,VIEW_ITEM,UNIQUE_ITEM,REQUIRED_ITEM,INITIAL_VALUE,VALIDATE_OPTION,BEFORE_VALIDATE_REGISTER,AFTER_VALIDATE_REGISTER,DESCRIPTION_JA,DESCRIPTION_EN,NOTE,DISUSE_FLAG,LAST_UPDATE_TIMESTAMP,LAST_UPDATE_USER) VALUES('12','10102','メニューグループ名(en)','Menu group name (en)','menu_group_name_en',NULL,'1',40,NULL,NULL,NULL,NULL,'0',NULL,'MENU_GROUP_NAME_EN',NULL,'0','1','1','1','1',NULL,'{
"min_length": 1,
"max_length": 255,
"preg_match": "/^[^:\t\r\n]*$/s"
}',NULL,NULL,'英語のメニューグループ名です。複数行を許容しない, 文字数は1～255バイト、タブと改行は入力不可、必須項目、他レコードとの重複を許容しない','English menu group name. Multiple lines are not allowed, the number of characters is 1 to 255 bytes, tabs and line breaks cannot be entered, required items, and duplication with other records is not allowed.',NULL,'0',STR_TO_DATE('2015/04/01 10:00:00.000000','%Y/%m/%d %H:%i:%s.%f'),1);
INSERT INTO T_COMN_MENU_COLUMN_LINK_JNL (JOURNAL_SEQ_NO,JOURNAL_REG_DATETIME,JOURNAL_ACTION_CLASS,COLUMN_DEFINITION_ID,MENU_ID,COLUMN_NAME_JA,COLUMN_NAME_EN,COLUMN_NAME_REST,COL_GROUP_ID,COLUMN_CLASS,COLUMN_DISP_SEQ,REF_TABLE_NAME,REF_PKEY_NAME,REF_COL_NAME,REF_SORT_CONDITIONS,REF_MULTI_LANG,SENSITIVE_COL_NAME,COL_NAME,SAVE_TYPE,AUTO_INPUT,INPUT_ITEM,VIEW_ITEM,UNIQUE_ITEM,REQUIRED_ITEM,INITIAL_VALUE,VALIDATE_OPTION,BEFORE_VALIDATE_REGISTER,AFTER_VALIDATE_REGISTER,DESCRIPTION_JA,DESCRIPTION_EN,NOTE,DISUSE_FLAG,LAST_UPDATE_TIMESTAMP,LAST_UPDATE_USER) VALUES(12,STR_TO_DATE('2015/04/01 10:00:00.000000','%Y/%m/%d %H:%i:%s.%f'),'INSERT','12','10102','メニューグループ名(en)','Menu group name (en)','menu_group_name_en',NULL,'1',40,NULL,NULL,NULL,NULL,'0',NULL,'MENU_GROUP_NAME_EN',NULL,'0','1','1','1','1',NULL,'{
"min_length": 1,
"max_length": 255,
"preg_match": "/^[^:\t\r\n]*$/s"
}',NULL,NULL,'英語のメニューグループ名です。複数行を許容しない, 文字数は1～255バイト、タブと改行は入力不可、必須項目、他レコードとの重複を許容しない','English menu group name. Multiple lines are not allowed, the number of characters is 1 to 255 bytes, tabs and line breaks cannot be entered, required items, and duplication with other records is not allowed.',NULL,'0',STR_TO_DATE('2015/04/01 10:00:00.000000','%Y/%m/%d %H:%i:%s.%f'),1);
INSERT INTO T_COMN_MENU_COLUMN_LINK (COLUMN_DEFINITION_ID,MENU_ID,COLUMN_NAME_JA,COLUMN_NAME_EN,COLUMN_NAME_REST,COL_GROUP_ID,COLUMN_CLASS,COLUMN_DISP_SEQ,REF_TABLE_NAME,REF_PKEY_NAME,REF_COL_NAME,REF_SORT_CONDITIONS,REF_MULTI_LANG,SENSITIVE_COL_NAME,COL_NAME,SAVE_TYPE,AUTO_INPUT,INPUT_ITEM,VIEW_ITEM,UNIQUE_ITEM,REQUIRED_ITEM,INITIAL_VALUE,VALIDATE_OPTION,BEFORE_VALIDATE_REGISTER,AFTER_VALIDATE_REGISTER,DESCRIPTION_JA,DESCRIPTION_EN,NOTE,DISUSE_FLAG,LAST_UPDATE_TIMESTAMP,LAST_UPDATE_USER) VALUES('13','10102','パネル用画像','Image for panel','menu_group_icon',NULL,'9',50,NULL,NULL,NULL,NULL,'0',NULL,'MENU_GROUP_ICON',NULL,'0','1','1','0','0',NULL,'{
"upload_max_size": 4294967296
}',NULL,NULL,'ダッシュボードに表示する画像です。','This is the image to be displayed on the dashboard.',NULL,'0',STR_TO_DATE('2015/04/01 10:00:00.000000','%Y/%m/%d %H:%i:%s.%f'),1);
INSERT INTO T_COMN_MENU_COLUMN_LINK_JNL (JOURNAL_SEQ_NO,JOURNAL_REG_DATETIME,JOURNAL_ACTION_CLASS,COLUMN_DEFINITION_ID,MENU_ID,COLUMN_NAME_JA,COLUMN_NAME_EN,COLUMN_NAME_REST,COL_GROUP_ID,COLUMN_CLASS,COLUMN_DISP_SEQ,REF_TABLE_NAME,REF_PKEY_NAME,REF_COL_NAME,REF_SORT_CONDITIONS,REF_MULTI_LANG,SENSITIVE_COL_NAME,COL_NAME,SAVE_TYPE,AUTO_INPUT,INPUT_ITEM,VIEW_ITEM,UNIQUE_ITEM,REQUIRED_ITEM,INITIAL_VALUE,VALIDATE_OPTION,BEFORE_VALIDATE_REGISTER,AFTER_VALIDATE_REGISTER,DESCRIPTION_JA,DESCRIPTION_EN,NOTE,DISUSE_FLAG,LAST_UPDATE_TIMESTAMP,LAST_UPDATE_USER) VALUES(13,STR_TO_DATE('2015/04/01 10:00:00.000000','%Y/%m/%d %H:%i:%s.%f'),'INSERT','13','10102','パネル用画像','Image for panel','menu_group_icon',NULL,'9',50,NULL,NULL,NULL,NULL,'0',NULL,'MENU_GROUP_ICON',NULL,'0','1','1','0','0',NULL,'{
"upload_max_size": 4294967296
}',NULL,NULL,'ダッシュボードに表示する画像です。','This is the image to be displayed on the dashboard.',NULL,'0',STR_TO_DATE('2015/04/01 10:00:00.000000','%Y/%m/%d %H:%i:%s.%f'),1);
INSERT INTO T_COMN_MENU_COLUMN_LINK (COLUMN_DEFINITION_ID,MENU_ID,COLUMN_NAME_JA,COLUMN_NAME_EN,COLUMN_NAME_REST,COL_GROUP_ID,COLUMN_CLASS,COLUMN_DISP_SEQ,REF_TABLE_NAME,REF_PKEY_NAME,REF_COL_NAME,REF_SORT_CONDITIONS,REF_MULTI_LANG,SENSITIVE_COL_NAME,COL_NAME,SAVE_TYPE,AUTO_INPUT,INPUT_ITEM,VIEW_ITEM,UNIQUE_ITEM,REQUIRED_ITEM,INITIAL_VALUE,VALIDATE_OPTION,BEFORE_VALIDATE_REGISTER,AFTER_VALIDATE_REGISTER,DESCRIPTION_JA,DESCRIPTION_EN,NOTE,DISUSE_FLAG,LAST_UPDATE_TIMESTAMP,LAST_UPDATE_USER) VALUES('14','10102','表示順序','Display order','display_order',NULL,'3',60,NULL,NULL,NULL,NULL,'0',NULL,'DISP_SEQ',NULL,'0','1','1','1','1',NULL,'{
"int_max": 0,
"int_min": 2147483647
}',NULL,NULL,'数値のみ入力可　
0～2147483647','Only numerical values can be entered
0～2147483647',NULL,'0',STR_TO_DATE('2015/04/01 10:00:00.000000','%Y/%m/%d %H:%i:%s.%f'),1);
INSERT INTO T_COMN_MENU_COLUMN_LINK_JNL (JOURNAL_SEQ_NO,JOURNAL_REG_DATETIME,JOURNAL_ACTION_CLASS,COLUMN_DEFINITION_ID,MENU_ID,COLUMN_NAME_JA,COLUMN_NAME_EN,COLUMN_NAME_REST,COL_GROUP_ID,COLUMN_CLASS,COLUMN_DISP_SEQ,REF_TABLE_NAME,REF_PKEY_NAME,REF_COL_NAME,REF_SORT_CONDITIONS,REF_MULTI_LANG,SENSITIVE_COL_NAME,COL_NAME,SAVE_TYPE,AUTO_INPUT,INPUT_ITEM,VIEW_ITEM,UNIQUE_ITEM,REQUIRED_ITEM,INITIAL_VALUE,VALIDATE_OPTION,BEFORE_VALIDATE_REGISTER,AFTER_VALIDATE_REGISTER,DESCRIPTION_JA,DESCRIPTION_EN,NOTE,DISUSE_FLAG,LAST_UPDATE_TIMESTAMP,LAST_UPDATE_USER) VALUES(14,STR_TO_DATE('2015/04/01 10:00:00.000000','%Y/%m/%d %H:%i:%s.%f'),'INSERT','14','10102','表示順序','Display order','display_order',NULL,'3',60,NULL,NULL,NULL,NULL,'0',NULL,'DISP_SEQ',NULL,'0','1','1','1','1',NULL,'{
"int_max": 0,
"int_min": 2147483647
}',NULL,NULL,'数値のみ入力可　
0～2147483647','Only numerical values can be entered
0～2147483647',NULL,'0',STR_TO_DATE('2015/04/01 10:00:00.000000','%Y/%m/%d %H:%i:%s.%f'),1);
INSERT INTO T_COMN_MENU_COLUMN_LINK (COLUMN_DEFINITION_ID,MENU_ID,COLUMN_NAME_JA,COLUMN_NAME_EN,COLUMN_NAME_REST,COL_GROUP_ID,COLUMN_CLASS,COLUMN_DISP_SEQ,REF_TABLE_NAME,REF_PKEY_NAME,REF_COL_NAME,REF_SORT_CONDITIONS,REF_MULTI_LANG,SENSITIVE_COL_NAME,COL_NAME,SAVE_TYPE,AUTO_INPUT,INPUT_ITEM,VIEW_ITEM,UNIQUE_ITEM,REQUIRED_ITEM,INITIAL_VALUE,VALIDATE_OPTION,BEFORE_VALIDATE_REGISTER,AFTER_VALIDATE_REGISTER,DESCRIPTION_JA,DESCRIPTION_EN,NOTE,DISUSE_FLAG,LAST_UPDATE_TIMESTAMP,LAST_UPDATE_USER) VALUES('15','10102','備考','Remarks','remarks',NULL,'12',70,NULL,NULL,NULL,NULL,'0',NULL,'NOTE                 ',NULL,'0','1','1','0','0',NULL,'{
"int_min": 0,
"int_max": 4000
}',NULL,NULL,'自由記述欄。レコードの廃止・復活時にも記載可能。','Comments section. Can comment when removing or restoring records.',NULL,'0',STR_TO_DATE('2015/04/01 10:00:00.000000','%Y/%m/%d %H:%i:%s.%f'),1);
INSERT INTO T_COMN_MENU_COLUMN_LINK_JNL (JOURNAL_SEQ_NO,JOURNAL_REG_DATETIME,JOURNAL_ACTION_CLASS,COLUMN_DEFINITION_ID,MENU_ID,COLUMN_NAME_JA,COLUMN_NAME_EN,COLUMN_NAME_REST,COL_GROUP_ID,COLUMN_CLASS,COLUMN_DISP_SEQ,REF_TABLE_NAME,REF_PKEY_NAME,REF_COL_NAME,REF_SORT_CONDITIONS,REF_MULTI_LANG,SENSITIVE_COL_NAME,COL_NAME,SAVE_TYPE,AUTO_INPUT,INPUT_ITEM,VIEW_ITEM,UNIQUE_ITEM,REQUIRED_ITEM,INITIAL_VALUE,VALIDATE_OPTION,BEFORE_VALIDATE_REGISTER,AFTER_VALIDATE_REGISTER,DESCRIPTION_JA,DESCRIPTION_EN,NOTE,DISUSE_FLAG,LAST_UPDATE_TIMESTAMP,LAST_UPDATE_USER) VALUES(15,STR_TO_DATE('2015/04/01 10:00:00.000000','%Y/%m/%d %H:%i:%s.%f'),'INSERT','15','10102','備考','Remarks','remarks',NULL,'12',70,NULL,NULL,NULL,NULL,'0',NULL,'NOTE                 ',NULL,'0','1','1','0','0',NULL,'{
"int_min": 0,
"int_max": 4000
}',NULL,NULL,'自由記述欄。レコードの廃止・復活時にも記載可能。','Comments section. Can comment when removing or restoring records.',NULL,'0',STR_TO_DATE('2015/04/01 10:00:00.000000','%Y/%m/%d %H:%i:%s.%f'),1);
INSERT INTO T_COMN_MENU_COLUMN_LINK (COLUMN_DEFINITION_ID,MENU_ID,COLUMN_NAME_JA,COLUMN_NAME_EN,COLUMN_NAME_REST,COL_GROUP_ID,COLUMN_CLASS,COLUMN_DISP_SEQ,REF_TABLE_NAME,REF_PKEY_NAME,REF_COL_NAME,REF_SORT_CONDITIONS,REF_MULTI_LANG,SENSITIVE_COL_NAME,COL_NAME,SAVE_TYPE,AUTO_INPUT,INPUT_ITEM,VIEW_ITEM,UNIQUE_ITEM,REQUIRED_ITEM,INITIAL_VALUE,VALIDATE_OPTION,BEFORE_VALIDATE_REGISTER,AFTER_VALIDATE_REGISTER,DESCRIPTION_JA,DESCRIPTION_EN,NOTE,DISUSE_FLAG,LAST_UPDATE_TIMESTAMP,LAST_UPDATE_USER) VALUES('16','10102','廃止フラグ','Discard','discard',NULL,'1',80,NULL,NULL,NULL,NULL,'0',NULL,'DISUSE_FLAG',NULL,'1','0','0','0','1',NULL,NULL,NULL,NULL,'廃止フラグ。復活以外のオペレーションは不可','Discard flag. Cannot do operation other than restore.',NULL,'0',STR_TO_DATE('2015/04/01 10:00:00.000000','%Y/%m/%d %H:%i:%s.%f'),1);
INSERT INTO T_COMN_MENU_COLUMN_LINK_JNL (JOURNAL_SEQ_NO,JOURNAL_REG_DATETIME,JOURNAL_ACTION_CLASS,COLUMN_DEFINITION_ID,MENU_ID,COLUMN_NAME_JA,COLUMN_NAME_EN,COLUMN_NAME_REST,COL_GROUP_ID,COLUMN_CLASS,COLUMN_DISP_SEQ,REF_TABLE_NAME,REF_PKEY_NAME,REF_COL_NAME,REF_SORT_CONDITIONS,REF_MULTI_LANG,SENSITIVE_COL_NAME,COL_NAME,SAVE_TYPE,AUTO_INPUT,INPUT_ITEM,VIEW_ITEM,UNIQUE_ITEM,REQUIRED_ITEM,INITIAL_VALUE,VALIDATE_OPTION,BEFORE_VALIDATE_REGISTER,AFTER_VALIDATE_REGISTER,DESCRIPTION_JA,DESCRIPTION_EN,NOTE,DISUSE_FLAG,LAST_UPDATE_TIMESTAMP,LAST_UPDATE_USER) VALUES(16,STR_TO_DATE('2015/04/01 10:00:00.000000','%Y/%m/%d %H:%i:%s.%f'),'INSERT','16','10102','廃止フラグ','Discard','discard',NULL,'1',80,NULL,NULL,NULL,NULL,'0',NULL,'DISUSE_FLAG',NULL,'1','0','0','0','1',NULL,NULL,NULL,NULL,'廃止フラグ。復活以外のオペレーションは不可','Discard flag. Cannot do operation other than restore.',NULL,'0',STR_TO_DATE('2015/04/01 10:00:00.000000','%Y/%m/%d %H:%i:%s.%f'),1);
INSERT INTO T_COMN_MENU_COLUMN_LINK (COLUMN_DEFINITION_ID,MENU_ID,COLUMN_NAME_JA,COLUMN_NAME_EN,COLUMN_NAME_REST,COL_GROUP_ID,COLUMN_CLASS,COLUMN_DISP_SEQ,REF_TABLE_NAME,REF_PKEY_NAME,REF_COL_NAME,REF_SORT_CONDITIONS,REF_MULTI_LANG,SENSITIVE_COL_NAME,COL_NAME,SAVE_TYPE,AUTO_INPUT,INPUT_ITEM,VIEW_ITEM,UNIQUE_ITEM,REQUIRED_ITEM,INITIAL_VALUE,VALIDATE_OPTION,BEFORE_VALIDATE_REGISTER,AFTER_VALIDATE_REGISTER,DESCRIPTION_JA,DESCRIPTION_EN,NOTE,DISUSE_FLAG,LAST_UPDATE_TIMESTAMP,LAST_UPDATE_USER) VALUES('17','10102','最終更新日時','Last update date/time','last_update_date_time',NULL,'13',90,NULL,NULL,NULL,NULL,'0',NULL,'LAST_UPDATE_TIMESTAMP',NULL,'1','0','1','0','1',NULL,NULL,NULL,NULL,'レコードの最終更新日。自動登録のため編集不可。','Last update date of record. Cannot edit because of auto-registration.',NULL,'0',STR_TO_DATE('2015/04/01 10:00:00.000000','%Y/%m/%d %H:%i:%s.%f'),1);
INSERT INTO T_COMN_MENU_COLUMN_LINK_JNL (JOURNAL_SEQ_NO,JOURNAL_REG_DATETIME,JOURNAL_ACTION_CLASS,COLUMN_DEFINITION_ID,MENU_ID,COLUMN_NAME_JA,COLUMN_NAME_EN,COLUMN_NAME_REST,COL_GROUP_ID,COLUMN_CLASS,COLUMN_DISP_SEQ,REF_TABLE_NAME,REF_PKEY_NAME,REF_COL_NAME,REF_SORT_CONDITIONS,REF_MULTI_LANG,SENSITIVE_COL_NAME,COL_NAME,SAVE_TYPE,AUTO_INPUT,INPUT_ITEM,VIEW_ITEM,UNIQUE_ITEM,REQUIRED_ITEM,INITIAL_VALUE,VALIDATE_OPTION,BEFORE_VALIDATE_REGISTER,AFTER_VALIDATE_REGISTER,DESCRIPTION_JA,DESCRIPTION_EN,NOTE,DISUSE_FLAG,LAST_UPDATE_TIMESTAMP,LAST_UPDATE_USER) VALUES(17,STR_TO_DATE('2015/04/01 10:00:00.000000','%Y/%m/%d %H:%i:%s.%f'),'INSERT','17','10102','最終更新日時','Last update date/time','last_update_date_time',NULL,'13',90,NULL,NULL,NULL,NULL,'0',NULL,'LAST_UPDATE_TIMESTAMP',NULL,'1','0','1','0','1',NULL,NULL,NULL,NULL,'レコードの最終更新日。自動登録のため編集不可。','Last update date of record. Cannot edit because of auto-registration.',NULL,'0',STR_TO_DATE('2015/04/01 10:00:00.000000','%Y/%m/%d %H:%i:%s.%f'),1);
INSERT INTO T_COMN_MENU_COLUMN_LINK (COLUMN_DEFINITION_ID,MENU_ID,COLUMN_NAME_JA,COLUMN_NAME_EN,COLUMN_NAME_REST,COL_GROUP_ID,COLUMN_CLASS,COLUMN_DISP_SEQ,REF_TABLE_NAME,REF_PKEY_NAME,REF_COL_NAME,REF_SORT_CONDITIONS,REF_MULTI_LANG,SENSITIVE_COL_NAME,COL_NAME,SAVE_TYPE,AUTO_INPUT,INPUT_ITEM,VIEW_ITEM,UNIQUE_ITEM,REQUIRED_ITEM,INITIAL_VALUE,VALIDATE_OPTION,BEFORE_VALIDATE_REGISTER,AFTER_VALIDATE_REGISTER,DESCRIPTION_JA,DESCRIPTION_EN,NOTE,DISUSE_FLAG,LAST_UPDATE_TIMESTAMP,LAST_UPDATE_USER) VALUES('18','10102','最終更新者','Last updated by','last_updated_user',NULL,'14',100,NULL,NULL,NULL,NULL,'0',NULL,'LAST_UPDATE_USER',NULL,'1','0','1','0','1',NULL,NULL,NULL,NULL,'更新者。ログインユーザのIDが自動的に登録される。編集不可。','Updated by. Login user ID is automatically registered. Cannot edit.',NULL,'0',STR_TO_DATE('2015/04/01 10:00:00.000000','%Y/%m/%d %H:%i:%s.%f'),1);
INSERT INTO T_COMN_MENU_COLUMN_LINK_JNL (JOURNAL_SEQ_NO,JOURNAL_REG_DATETIME,JOURNAL_ACTION_CLASS,COLUMN_DEFINITION_ID,MENU_ID,COLUMN_NAME_JA,COLUMN_NAME_EN,COLUMN_NAME_REST,COL_GROUP_ID,COLUMN_CLASS,COLUMN_DISP_SEQ,REF_TABLE_NAME,REF_PKEY_NAME,REF_COL_NAME,REF_SORT_CONDITIONS,REF_MULTI_LANG,SENSITIVE_COL_NAME,COL_NAME,SAVE_TYPE,AUTO_INPUT,INPUT_ITEM,VIEW_ITEM,UNIQUE_ITEM,REQUIRED_ITEM,INITIAL_VALUE,VALIDATE_OPTION,BEFORE_VALIDATE_REGISTER,AFTER_VALIDATE_REGISTER,DESCRIPTION_JA,DESCRIPTION_EN,NOTE,DISUSE_FLAG,LAST_UPDATE_TIMESTAMP,LAST_UPDATE_USER) VALUES(18,STR_TO_DATE('2015/04/01 10:00:00.000000','%Y/%m/%d %H:%i:%s.%f'),'INSERT','18','10102','最終更新者','Last updated by','last_updated_user',NULL,'14',100,NULL,NULL,NULL,NULL,'0',NULL,'LAST_UPDATE_USER',NULL,'1','0','1','0','1',NULL,NULL,NULL,NULL,'更新者。ログインユーザのIDが自動的に登録される。編集不可。','Updated by. Login user ID is automatically registered. Cannot edit.',NULL,'0',STR_TO_DATE('2015/04/01 10:00:00.000000','%Y/%m/%d %H:%i:%s.%f'),1);
INSERT INTO T_COMN_MENU_COLUMN_LINK (COLUMN_DEFINITION_ID,MENU_ID,COLUMN_NAME_JA,COLUMN_NAME_EN,COLUMN_NAME_REST,COL_GROUP_ID,COLUMN_CLASS,COLUMN_DISP_SEQ,REF_TABLE_NAME,REF_PKEY_NAME,REF_COL_NAME,REF_SORT_CONDITIONS,REF_MULTI_LANG,SENSITIVE_COL_NAME,COL_NAME,SAVE_TYPE,AUTO_INPUT,INPUT_ITEM,VIEW_ITEM,UNIQUE_ITEM,REQUIRED_ITEM,INITIAL_VALUE,VALIDATE_OPTION,BEFORE_VALIDATE_REGISTER,AFTER_VALIDATE_REGISTER,DESCRIPTION_JA,DESCRIPTION_EN,NOTE,DISUSE_FLAG,LAST_UPDATE_TIMESTAMP,LAST_UPDATE_USER) VALUES('19','10103','メニューID','Menu id','menu_id',NULL,'1',10,NULL,NULL,NULL,NULL,'0',NULL,'MENU_ID',NULL,'1','1','1','1','1',NULL,NULL,NULL,NULL,'自動採番のため編集不可。実行処理種別が【登録】の場合、空白のみ可。','Cannot edit because of auto-numbering. Must be blank when execution process type is [Register].',NULL,'0',STR_TO_DATE('2015/04/01 10:00:00.000000','%Y/%m/%d %H:%i:%s.%f'),1);
INSERT INTO T_COMN_MENU_COLUMN_LINK_JNL (JOURNAL_SEQ_NO,JOURNAL_REG_DATETIME,JOURNAL_ACTION_CLASS,COLUMN_DEFINITION_ID,MENU_ID,COLUMN_NAME_JA,COLUMN_NAME_EN,COLUMN_NAME_REST,COL_GROUP_ID,COLUMN_CLASS,COLUMN_DISP_SEQ,REF_TABLE_NAME,REF_PKEY_NAME,REF_COL_NAME,REF_SORT_CONDITIONS,REF_MULTI_LANG,SENSITIVE_COL_NAME,COL_NAME,SAVE_TYPE,AUTO_INPUT,INPUT_ITEM,VIEW_ITEM,UNIQUE_ITEM,REQUIRED_ITEM,INITIAL_VALUE,VALIDATE_OPTION,BEFORE_VALIDATE_REGISTER,AFTER_VALIDATE_REGISTER,DESCRIPTION_JA,DESCRIPTION_EN,NOTE,DISUSE_FLAG,LAST_UPDATE_TIMESTAMP,LAST_UPDATE_USER) VALUES(19,STR_TO_DATE('2015/04/01 10:00:00.000000','%Y/%m/%d %H:%i:%s.%f'),'INSERT','19','10103','メニューID','Menu id','menu_id',NULL,'1',10,NULL,NULL,NULL,NULL,'0',NULL,'MENU_ID',NULL,'1','1','1','1','1',NULL,NULL,NULL,NULL,'自動採番のため編集不可。実行処理種別が【登録】の場合、空白のみ可。','Cannot edit because of auto-numbering. Must be blank when execution process type is [Register].',NULL,'0',STR_TO_DATE('2015/04/01 10:00:00.000000','%Y/%m/%d %H:%i:%s.%f'),1);
INSERT INTO T_COMN_MENU_COLUMN_LINK (COLUMN_DEFINITION_ID,MENU_ID,COLUMN_NAME_JA,COLUMN_NAME_EN,COLUMN_NAME_REST,COL_GROUP_ID,COLUMN_CLASS,COLUMN_DISP_SEQ,REF_TABLE_NAME,REF_PKEY_NAME,REF_COL_NAME,REF_SORT_CONDITIONS,REF_MULTI_LANG,SENSITIVE_COL_NAME,COL_NAME,SAVE_TYPE,AUTO_INPUT,INPUT_ITEM,VIEW_ITEM,UNIQUE_ITEM,REQUIRED_ITEM,INITIAL_VALUE,VALIDATE_OPTION,BEFORE_VALIDATE_REGISTER,AFTER_VALIDATE_REGISTER,DESCRIPTION_JA,DESCRIPTION_EN,NOTE,DISUSE_FLAG,LAST_UPDATE_TIMESTAMP,LAST_UPDATE_USER) VALUES('20','10103','メニューグループ','Menu group','menu_group_name',NULL,'7',20,'T_COMN_MENU_GROUP','MENU_GROUP_ID','MENU_GROUP_NAME',NULL,'1',NULL,'MENU_GROUP_ID',NULL,'0','1','1','0','1',NULL,NULL,NULL,NULL,'プルダウン選択 必須項目','Pull-down selection  required item',NULL,'0',STR_TO_DATE('2015/04/01 10:00:00.000000','%Y/%m/%d %H:%i:%s.%f'),1);
INSERT INTO T_COMN_MENU_COLUMN_LINK_JNL (JOURNAL_SEQ_NO,JOURNAL_REG_DATETIME,JOURNAL_ACTION_CLASS,COLUMN_DEFINITION_ID,MENU_ID,COLUMN_NAME_JA,COLUMN_NAME_EN,COLUMN_NAME_REST,COL_GROUP_ID,COLUMN_CLASS,COLUMN_DISP_SEQ,REF_TABLE_NAME,REF_PKEY_NAME,REF_COL_NAME,REF_SORT_CONDITIONS,REF_MULTI_LANG,SENSITIVE_COL_NAME,COL_NAME,SAVE_TYPE,AUTO_INPUT,INPUT_ITEM,VIEW_ITEM,UNIQUE_ITEM,REQUIRED_ITEM,INITIAL_VALUE,VALIDATE_OPTION,BEFORE_VALIDATE_REGISTER,AFTER_VALIDATE_REGISTER,DESCRIPTION_JA,DESCRIPTION_EN,NOTE,DISUSE_FLAG,LAST_UPDATE_TIMESTAMP,LAST_UPDATE_USER) VALUES(20,STR_TO_DATE('2015/04/01 10:00:00.000000','%Y/%m/%d %H:%i:%s.%f'),'INSERT','20','10103','メニューグループ','Menu group','menu_group_name',NULL,'7',20,'T_COMN_MENU_GROUP','MENU_GROUP_ID','MENU_GROUP_NAME',NULL,'1',NULL,'MENU_GROUP_ID',NULL,'0','1','1','0','1',NULL,NULL,NULL,NULL,'プルダウン選択 必須項目','Pull-down selection  required item',NULL,'0',STR_TO_DATE('2015/04/01 10:00:00.000000','%Y/%m/%d %H:%i:%s.%f'),1);
INSERT INTO T_COMN_MENU_COLUMN_LINK (COLUMN_DEFINITION_ID,MENU_ID,COLUMN_NAME_JA,COLUMN_NAME_EN,COLUMN_NAME_REST,COL_GROUP_ID,COLUMN_CLASS,COLUMN_DISP_SEQ,REF_TABLE_NAME,REF_PKEY_NAME,REF_COL_NAME,REF_SORT_CONDITIONS,REF_MULTI_LANG,SENSITIVE_COL_NAME,COL_NAME,SAVE_TYPE,AUTO_INPUT,INPUT_ITEM,VIEW_ITEM,UNIQUE_ITEM,REQUIRED_ITEM,INITIAL_VALUE,VALIDATE_OPTION,BEFORE_VALIDATE_REGISTER,AFTER_VALIDATE_REGISTER,DESCRIPTION_JA,DESCRIPTION_EN,NOTE,DISUSE_FLAG,LAST_UPDATE_TIMESTAMP,LAST_UPDATE_USER) VALUES('21','10103','メニュー名(ja)','Menu name(ja)','menu_name_ja',NULL,'1',30,NULL,NULL,NULL,NULL,'0',NULL,'MENU_NAME_JA',NULL,'0','1','1','1','1',NULL,'{
"min_length": 0,
"max_length": 255
}',NULL,NULL,'日本語のメニュー名です。複数行を許容しない、文字数は1～255バイト、タブと改行は入力不可、必須項目、他レコードとの重複を許容しない。
','Japanese menu group name. Multiple lines are not allowed, the number of characters is 1 to 255 bytes, tabs and line breaks cannot be entered, required items, and duplication with other records is not allowed.
',NULL,'0',STR_TO_DATE('2015/04/01 10:00:00.000000','%Y/%m/%d %H:%i:%s.%f'),1);
INSERT INTO T_COMN_MENU_COLUMN_LINK_JNL (JOURNAL_SEQ_NO,JOURNAL_REG_DATETIME,JOURNAL_ACTION_CLASS,COLUMN_DEFINITION_ID,MENU_ID,COLUMN_NAME_JA,COLUMN_NAME_EN,COLUMN_NAME_REST,COL_GROUP_ID,COLUMN_CLASS,COLUMN_DISP_SEQ,REF_TABLE_NAME,REF_PKEY_NAME,REF_COL_NAME,REF_SORT_CONDITIONS,REF_MULTI_LANG,SENSITIVE_COL_NAME,COL_NAME,SAVE_TYPE,AUTO_INPUT,INPUT_ITEM,VIEW_ITEM,UNIQUE_ITEM,REQUIRED_ITEM,INITIAL_VALUE,VALIDATE_OPTION,BEFORE_VALIDATE_REGISTER,AFTER_VALIDATE_REGISTER,DESCRIPTION_JA,DESCRIPTION_EN,NOTE,DISUSE_FLAG,LAST_UPDATE_TIMESTAMP,LAST_UPDATE_USER) VALUES(21,STR_TO_DATE('2015/04/01 10:00:00.000000','%Y/%m/%d %H:%i:%s.%f'),'INSERT','21','10103','メニュー名(ja)','Menu name(ja)','menu_name_ja',NULL,'1',30,NULL,NULL,NULL,NULL,'0',NULL,'MENU_NAME_JA',NULL,'0','1','1','1','1',NULL,'{
"min_length": 0,
"max_length": 255
}',NULL,NULL,'日本語のメニュー名です。複数行を許容しない、文字数は1～255バイト、タブと改行は入力不可、必須項目、他レコードとの重複を許容しない。
','Japanese menu group name. Multiple lines are not allowed, the number of characters is 1 to 255 bytes, tabs and line breaks cannot be entered, required items, and duplication with other records is not allowed.
',NULL,'0',STR_TO_DATE('2015/04/01 10:00:00.000000','%Y/%m/%d %H:%i:%s.%f'),1);
INSERT INTO T_COMN_MENU_COLUMN_LINK (COLUMN_DEFINITION_ID,MENU_ID,COLUMN_NAME_JA,COLUMN_NAME_EN,COLUMN_NAME_REST,COL_GROUP_ID,COLUMN_CLASS,COLUMN_DISP_SEQ,REF_TABLE_NAME,REF_PKEY_NAME,REF_COL_NAME,REF_SORT_CONDITIONS,REF_MULTI_LANG,SENSITIVE_COL_NAME,COL_NAME,SAVE_TYPE,AUTO_INPUT,INPUT_ITEM,VIEW_ITEM,UNIQUE_ITEM,REQUIRED_ITEM,INITIAL_VALUE,VALIDATE_OPTION,BEFORE_VALIDATE_REGISTER,AFTER_VALIDATE_REGISTER,DESCRIPTION_JA,DESCRIPTION_EN,NOTE,DISUSE_FLAG,LAST_UPDATE_TIMESTAMP,LAST_UPDATE_USER) VALUES('22','10103','メニュー名(en)','Menu name(en)','menu_name_en',NULL,'1',40,NULL,NULL,NULL,NULL,'0',NULL,'MENU_NAME_EN',NULL,'0','1','1','1','1',NULL,'{
"min_length": 0,
"max_length": 255
}',NULL,NULL,'英語のメニュー名です。複数行を許容しない, 文字数は1～255バイト、タブと改行は入力不可、必須項目、他レコードとの重複を許容しない
','English menu group name. Multiple lines are not allowed, the number of characters is 1 to 255 bytes, tabs and line breaks cannot be entered, required items, and duplication with other records is not allowed.
',NULL,'0',STR_TO_DATE('2015/04/01 10:00:00.000000','%Y/%m/%d %H:%i:%s.%f'),1);
INSERT INTO T_COMN_MENU_COLUMN_LINK_JNL (JOURNAL_SEQ_NO,JOURNAL_REG_DATETIME,JOURNAL_ACTION_CLASS,COLUMN_DEFINITION_ID,MENU_ID,COLUMN_NAME_JA,COLUMN_NAME_EN,COLUMN_NAME_REST,COL_GROUP_ID,COLUMN_CLASS,COLUMN_DISP_SEQ,REF_TABLE_NAME,REF_PKEY_NAME,REF_COL_NAME,REF_SORT_CONDITIONS,REF_MULTI_LANG,SENSITIVE_COL_NAME,COL_NAME,SAVE_TYPE,AUTO_INPUT,INPUT_ITEM,VIEW_ITEM,UNIQUE_ITEM,REQUIRED_ITEM,INITIAL_VALUE,VALIDATE_OPTION,BEFORE_VALIDATE_REGISTER,AFTER_VALIDATE_REGISTER,DESCRIPTION_JA,DESCRIPTION_EN,NOTE,DISUSE_FLAG,LAST_UPDATE_TIMESTAMP,LAST_UPDATE_USER) VALUES(22,STR_TO_DATE('2015/04/01 10:00:00.000000','%Y/%m/%d %H:%i:%s.%f'),'INSERT','22','10103','メニュー名(en)','Menu name(en)','menu_name_en',NULL,'1',40,NULL,NULL,NULL,NULL,'0',NULL,'MENU_NAME_EN',NULL,'0','1','1','1','1',NULL,'{
"min_length": 0,
"max_length": 255
}',NULL,NULL,'英語のメニュー名です。複数行を許容しない, 文字数は1～255バイト、タブと改行は入力不可、必須項目、他レコードとの重複を許容しない
','English menu group name. Multiple lines are not allowed, the number of characters is 1 to 255 bytes, tabs and line breaks cannot be entered, required items, and duplication with other records is not allowed.
',NULL,'0',STR_TO_DATE('2015/04/01 10:00:00.000000','%Y/%m/%d %H:%i:%s.%f'),1);
INSERT INTO T_COMN_MENU_COLUMN_LINK (COLUMN_DEFINITION_ID,MENU_ID,COLUMN_NAME_JA,COLUMN_NAME_EN,COLUMN_NAME_REST,COL_GROUP_ID,COLUMN_CLASS,COLUMN_DISP_SEQ,REF_TABLE_NAME,REF_PKEY_NAME,REF_COL_NAME,REF_SORT_CONDITIONS,REF_MULTI_LANG,SENSITIVE_COL_NAME,COL_NAME,SAVE_TYPE,AUTO_INPUT,INPUT_ITEM,VIEW_ITEM,UNIQUE_ITEM,REQUIRED_ITEM,INITIAL_VALUE,VALIDATE_OPTION,BEFORE_VALIDATE_REGISTER,AFTER_VALIDATE_REGISTER,DESCRIPTION_JA,DESCRIPTION_EN,NOTE,DISUSE_FLAG,LAST_UPDATE_TIMESTAMP,LAST_UPDATE_USER) VALUES('23','10103','認証有無','LOGIN_NECESSITY','login_necessity',NULL,'7',50,'T_COMN_BOOLEAN_FLAG','FLAG_ID','FLAG_NAME',NULL,'0',NULL,'LOGIN_NECESSITY',NULL,'0','1','1','0','1',NULL,NULL,NULL,NULL,'プルダウン選択 必須項目
True: 要
False: 不要','Pull-down selection  required item
True: Required
False: Not required',NULL,'0',STR_TO_DATE('2015/04/01 10:00:00.000000','%Y/%m/%d %H:%i:%s.%f'),1);
INSERT INTO T_COMN_MENU_COLUMN_LINK_JNL (JOURNAL_SEQ_NO,JOURNAL_REG_DATETIME,JOURNAL_ACTION_CLASS,COLUMN_DEFINITION_ID,MENU_ID,COLUMN_NAME_JA,COLUMN_NAME_EN,COLUMN_NAME_REST,COL_GROUP_ID,COLUMN_CLASS,COLUMN_DISP_SEQ,REF_TABLE_NAME,REF_PKEY_NAME,REF_COL_NAME,REF_SORT_CONDITIONS,REF_MULTI_LANG,SENSITIVE_COL_NAME,COL_NAME,SAVE_TYPE,AUTO_INPUT,INPUT_ITEM,VIEW_ITEM,UNIQUE_ITEM,REQUIRED_ITEM,INITIAL_VALUE,VALIDATE_OPTION,BEFORE_VALIDATE_REGISTER,AFTER_VALIDATE_REGISTER,DESCRIPTION_JA,DESCRIPTION_EN,NOTE,DISUSE_FLAG,LAST_UPDATE_TIMESTAMP,LAST_UPDATE_USER) VALUES(23,STR_TO_DATE('2015/04/01 10:00:00.000000','%Y/%m/%d %H:%i:%s.%f'),'INSERT','23','10103','認証有無','LOGIN_NECESSITY','login_necessity',NULL,'7',50,'T_COMN_BOOLEAN_FLAG','FLAG_ID','FLAG_NAME',NULL,'0',NULL,'LOGIN_NECESSITY',NULL,'0','1','1','0','1',NULL,NULL,NULL,NULL,'プルダウン選択 必須項目
True: 要
False: 不要','Pull-down selection  required item
True: Required
False: Not required',NULL,'0',STR_TO_DATE('2015/04/01 10:00:00.000000','%Y/%m/%d %H:%i:%s.%f'),1);
INSERT INTO T_COMN_MENU_COLUMN_LINK (COLUMN_DEFINITION_ID,MENU_ID,COLUMN_NAME_JA,COLUMN_NAME_EN,COLUMN_NAME_REST,COL_GROUP_ID,COLUMN_CLASS,COLUMN_DISP_SEQ,REF_TABLE_NAME,REF_PKEY_NAME,REF_COL_NAME,REF_SORT_CONDITIONS,REF_MULTI_LANG,SENSITIVE_COL_NAME,COL_NAME,SAVE_TYPE,AUTO_INPUT,INPUT_ITEM,VIEW_ITEM,UNIQUE_ITEM,REQUIRED_ITEM,INITIAL_VALUE,VALIDATE_OPTION,BEFORE_VALIDATE_REGISTER,AFTER_VALIDATE_REGISTER,DESCRIPTION_JA,DESCRIPTION_EN,NOTE,DISUSE_FLAG,LAST_UPDATE_TIMESTAMP,LAST_UPDATE_USER) VALUES('24','10103','メニューグループ内表示順序','DISP_SEQ','display_order',NULL,'3',60,NULL,NULL,NULL,NULL,'0',NULL,'DISP_SEQ',NULL,'0','1','1','0','1',NULL,'{
"int_max": 0,
"int_min": 2147483647
}',NULL,NULL,'数値のみ入力可　
0～2147483647','Only numerical values can be entered
0～2147483647',NULL,'0',STR_TO_DATE('2015/04/01 10:00:00.000000','%Y/%m/%d %H:%i:%s.%f'),1);
INSERT INTO T_COMN_MENU_COLUMN_LINK_JNL (JOURNAL_SEQ_NO,JOURNAL_REG_DATETIME,JOURNAL_ACTION_CLASS,COLUMN_DEFINITION_ID,MENU_ID,COLUMN_NAME_JA,COLUMN_NAME_EN,COLUMN_NAME_REST,COL_GROUP_ID,COLUMN_CLASS,COLUMN_DISP_SEQ,REF_TABLE_NAME,REF_PKEY_NAME,REF_COL_NAME,REF_SORT_CONDITIONS,REF_MULTI_LANG,SENSITIVE_COL_NAME,COL_NAME,SAVE_TYPE,AUTO_INPUT,INPUT_ITEM,VIEW_ITEM,UNIQUE_ITEM,REQUIRED_ITEM,INITIAL_VALUE,VALIDATE_OPTION,BEFORE_VALIDATE_REGISTER,AFTER_VALIDATE_REGISTER,DESCRIPTION_JA,DESCRIPTION_EN,NOTE,DISUSE_FLAG,LAST_UPDATE_TIMESTAMP,LAST_UPDATE_USER) VALUES(24,STR_TO_DATE('2015/04/01 10:00:00.000000','%Y/%m/%d %H:%i:%s.%f'),'INSERT','24','10103','メニューグループ内表示順序','DISP_SEQ','display_order',NULL,'3',60,NULL,NULL,NULL,NULL,'0',NULL,'DISP_SEQ',NULL,'0','1','1','0','1',NULL,'{
"int_max": 0,
"int_min": 2147483647
}',NULL,NULL,'数値のみ入力可　
0～2147483647','Only numerical values can be entered
0～2147483647',NULL,'0',STR_TO_DATE('2015/04/01 10:00:00.000000','%Y/%m/%d %H:%i:%s.%f'),1);
INSERT INTO T_COMN_MENU_COLUMN_LINK (COLUMN_DEFINITION_ID,MENU_ID,COLUMN_NAME_JA,COLUMN_NAME_EN,COLUMN_NAME_REST,COL_GROUP_ID,COLUMN_CLASS,COLUMN_DISP_SEQ,REF_TABLE_NAME,REF_PKEY_NAME,REF_COL_NAME,REF_SORT_CONDITIONS,REF_MULTI_LANG,SENSITIVE_COL_NAME,COL_NAME,SAVE_TYPE,AUTO_INPUT,INPUT_ITEM,VIEW_ITEM,UNIQUE_ITEM,REQUIRED_ITEM,INITIAL_VALUE,VALIDATE_OPTION,BEFORE_VALIDATE_REGISTER,AFTER_VALIDATE_REGISTER,DESCRIPTION_JA,DESCRIPTION_EN,NOTE,DISUSE_FLAG,LAST_UPDATE_TIMESTAMP,LAST_UPDATE_USER) VALUES('25','10103','オートフィルタチェック','AUTOFILTER_FLG','autofilter_flg',NULL,'7',70,'T_COMN_BOOLEAN_FLAG','FLAG_ID','FLAG_NAME',NULL,'0',NULL,'AUTOFILTER_FLG',NULL,'0','1','1','0','1',NULL,NULL,NULL,NULL,'プルダウン選択 必須項目
True: する
False: しない','Pull-down selection  required item
True: Required
False: Not required',NULL,'0',STR_TO_DATE('2015/04/01 10:00:00.000000','%Y/%m/%d %H:%i:%s.%f'),1);
INSERT INTO T_COMN_MENU_COLUMN_LINK_JNL (JOURNAL_SEQ_NO,JOURNAL_REG_DATETIME,JOURNAL_ACTION_CLASS,COLUMN_DEFINITION_ID,MENU_ID,COLUMN_NAME_JA,COLUMN_NAME_EN,COLUMN_NAME_REST,COL_GROUP_ID,COLUMN_CLASS,COLUMN_DISP_SEQ,REF_TABLE_NAME,REF_PKEY_NAME,REF_COL_NAME,REF_SORT_CONDITIONS,REF_MULTI_LANG,SENSITIVE_COL_NAME,COL_NAME,SAVE_TYPE,AUTO_INPUT,INPUT_ITEM,VIEW_ITEM,UNIQUE_ITEM,REQUIRED_ITEM,INITIAL_VALUE,VALIDATE_OPTION,BEFORE_VALIDATE_REGISTER,AFTER_VALIDATE_REGISTER,DESCRIPTION_JA,DESCRIPTION_EN,NOTE,DISUSE_FLAG,LAST_UPDATE_TIMESTAMP,LAST_UPDATE_USER) VALUES(25,STR_TO_DATE('2015/04/01 10:00:00.000000','%Y/%m/%d %H:%i:%s.%f'),'INSERT','25','10103','オートフィルタチェック','AUTOFILTER_FLG','autofilter_flg',NULL,'7',70,'T_COMN_BOOLEAN_FLAG','FLAG_ID','FLAG_NAME',NULL,'0',NULL,'AUTOFILTER_FLG',NULL,'0','1','1','0','1',NULL,NULL,NULL,NULL,'プルダウン選択 必須項目
True: する
False: しない','Pull-down selection  required item
True: Required
False: Not required',NULL,'0',STR_TO_DATE('2015/04/01 10:00:00.000000','%Y/%m/%d %H:%i:%s.%f'),1);
INSERT INTO T_COMN_MENU_COLUMN_LINK (COLUMN_DEFINITION_ID,MENU_ID,COLUMN_NAME_JA,COLUMN_NAME_EN,COLUMN_NAME_REST,COL_GROUP_ID,COLUMN_CLASS,COLUMN_DISP_SEQ,REF_TABLE_NAME,REF_PKEY_NAME,REF_COL_NAME,REF_SORT_CONDITIONS,REF_MULTI_LANG,SENSITIVE_COL_NAME,COL_NAME,SAVE_TYPE,AUTO_INPUT,INPUT_ITEM,VIEW_ITEM,UNIQUE_ITEM,REQUIRED_ITEM,INITIAL_VALUE,VALIDATE_OPTION,BEFORE_VALIDATE_REGISTER,AFTER_VALIDATE_REGISTER,DESCRIPTION_JA,DESCRIPTION_EN,NOTE,DISUSE_FLAG,LAST_UPDATE_TIMESTAMP,LAST_UPDATE_USER) VALUES('26','10103','初回フィルタ','INITIAL_FILTER_FLG','initial_filter_flg',NULL,'7',80,'T_COMN_BOOLEAN_FLAG','FLAG_ID','FLAG_NAME',NULL,'0',NULL,'INITIAL_FILTER_FLG',NULL,'0','1','1','0','1',NULL,NULL,NULL,NULL,'プルダウン選択 必須項目
True: する
False: しない','Pull-down selection  required item
True: Required
False: Not required',NULL,'0',STR_TO_DATE('2015/04/01 10:00:00.000000','%Y/%m/%d %H:%i:%s.%f'),1);
INSERT INTO T_COMN_MENU_COLUMN_LINK_JNL (JOURNAL_SEQ_NO,JOURNAL_REG_DATETIME,JOURNAL_ACTION_CLASS,COLUMN_DEFINITION_ID,MENU_ID,COLUMN_NAME_JA,COLUMN_NAME_EN,COLUMN_NAME_REST,COL_GROUP_ID,COLUMN_CLASS,COLUMN_DISP_SEQ,REF_TABLE_NAME,REF_PKEY_NAME,REF_COL_NAME,REF_SORT_CONDITIONS,REF_MULTI_LANG,SENSITIVE_COL_NAME,COL_NAME,SAVE_TYPE,AUTO_INPUT,INPUT_ITEM,VIEW_ITEM,UNIQUE_ITEM,REQUIRED_ITEM,INITIAL_VALUE,VALIDATE_OPTION,BEFORE_VALIDATE_REGISTER,AFTER_VALIDATE_REGISTER,DESCRIPTION_JA,DESCRIPTION_EN,NOTE,DISUSE_FLAG,LAST_UPDATE_TIMESTAMP,LAST_UPDATE_USER) VALUES(26,STR_TO_DATE('2015/04/01 10:00:00.000000','%Y/%m/%d %H:%i:%s.%f'),'INSERT','26','10103','初回フィルタ','INITIAL_FILTER_FLG','initial_filter_flg',NULL,'7',80,'T_COMN_BOOLEAN_FLAG','FLAG_ID','FLAG_NAME',NULL,'0',NULL,'INITIAL_FILTER_FLG',NULL,'0','1','1','0','1',NULL,NULL,NULL,NULL,'プルダウン選択 必須項目
True: する
False: しない','Pull-down selection  required item
True: Required
False: Not required',NULL,'0',STR_TO_DATE('2015/04/01 10:00:00.000000','%Y/%m/%d %H:%i:%s.%f'),1);
INSERT INTO T_COMN_MENU_COLUMN_LINK (COLUMN_DEFINITION_ID,MENU_ID,COLUMN_NAME_JA,COLUMN_NAME_EN,COLUMN_NAME_REST,COL_GROUP_ID,COLUMN_CLASS,COLUMN_DISP_SEQ,REF_TABLE_NAME,REF_PKEY_NAME,REF_COL_NAME,REF_SORT_CONDITIONS,REF_MULTI_LANG,SENSITIVE_COL_NAME,COL_NAME,SAVE_TYPE,AUTO_INPUT,INPUT_ITEM,VIEW_ITEM,UNIQUE_ITEM,REQUIRED_ITEM,INITIAL_VALUE,VALIDATE_OPTION,BEFORE_VALIDATE_REGISTER,AFTER_VALIDATE_REGISTER,DESCRIPTION_JA,DESCRIPTION_EN,NOTE,DISUSE_FLAG,LAST_UPDATE_TIMESTAMP,LAST_UPDATE_USER) VALUES('27','10103','Web表示最大行数','WEB_PRINT_LIMIT','web_print_limit',NULL,'3',90,NULL,NULL,NULL,NULL,'0',NULL,'WEB_PRINT_LIMIT',NULL,'0','1','1','0','0',NULL,'{
"int_max": 0,
"int_min": 2147483647
}',NULL,NULL,'数値のみ入力可　
0～2147483647','Only numerical values can be entered
0～2147483647',NULL,'0',STR_TO_DATE('2015/04/01 10:00:00.000000','%Y/%m/%d %H:%i:%s.%f'),1);
INSERT INTO T_COMN_MENU_COLUMN_LINK_JNL (JOURNAL_SEQ_NO,JOURNAL_REG_DATETIME,JOURNAL_ACTION_CLASS,COLUMN_DEFINITION_ID,MENU_ID,COLUMN_NAME_JA,COLUMN_NAME_EN,COLUMN_NAME_REST,COL_GROUP_ID,COLUMN_CLASS,COLUMN_DISP_SEQ,REF_TABLE_NAME,REF_PKEY_NAME,REF_COL_NAME,REF_SORT_CONDITIONS,REF_MULTI_LANG,SENSITIVE_COL_NAME,COL_NAME,SAVE_TYPE,AUTO_INPUT,INPUT_ITEM,VIEW_ITEM,UNIQUE_ITEM,REQUIRED_ITEM,INITIAL_VALUE,VALIDATE_OPTION,BEFORE_VALIDATE_REGISTER,AFTER_VALIDATE_REGISTER,DESCRIPTION_JA,DESCRIPTION_EN,NOTE,DISUSE_FLAG,LAST_UPDATE_TIMESTAMP,LAST_UPDATE_USER) VALUES(27,STR_TO_DATE('2015/04/01 10:00:00.000000','%Y/%m/%d %H:%i:%s.%f'),'INSERT','27','10103','Web表示最大行数','WEB_PRINT_LIMIT','web_print_limit',NULL,'3',90,NULL,NULL,NULL,NULL,'0',NULL,'WEB_PRINT_LIMIT',NULL,'0','1','1','0','0',NULL,'{
"int_max": 0,
"int_min": 2147483647
}',NULL,NULL,'数値のみ入力可　
0～2147483647','Only numerical values can be entered
0～2147483647',NULL,'0',STR_TO_DATE('2015/04/01 10:00:00.000000','%Y/%m/%d %H:%i:%s.%f'),1);
INSERT INTO T_COMN_MENU_COLUMN_LINK (COLUMN_DEFINITION_ID,MENU_ID,COLUMN_NAME_JA,COLUMN_NAME_EN,COLUMN_NAME_REST,COL_GROUP_ID,COLUMN_CLASS,COLUMN_DISP_SEQ,REF_TABLE_NAME,REF_PKEY_NAME,REF_COL_NAME,REF_SORT_CONDITIONS,REF_MULTI_LANG,SENSITIVE_COL_NAME,COL_NAME,SAVE_TYPE,AUTO_INPUT,INPUT_ITEM,VIEW_ITEM,UNIQUE_ITEM,REQUIRED_ITEM,INITIAL_VALUE,VALIDATE_OPTION,BEFORE_VALIDATE_REGISTER,AFTER_VALIDATE_REGISTER,DESCRIPTION_JA,DESCRIPTION_EN,NOTE,DISUSE_FLAG,LAST_UPDATE_TIMESTAMP,LAST_UPDATE_USER) VALUES('28','10103','Web表示前確認行数','WEB_PRINT_CONFIRM','web_print_confirm',NULL,'3',100,NULL,NULL,NULL,NULL,'0',NULL,'WEB_PRINT_CONFIRM',NULL,'0','1','1','0','0',NULL,'{
"int_max": 0,
"int_min": 2147483647
}',NULL,NULL,'数値のみ入力可　
0～2147483647','Only numerical values can be entered
0～2147483647',NULL,'0',STR_TO_DATE('2015/04/01 10:00:00.000000','%Y/%m/%d %H:%i:%s.%f'),1);
INSERT INTO T_COMN_MENU_COLUMN_LINK_JNL (JOURNAL_SEQ_NO,JOURNAL_REG_DATETIME,JOURNAL_ACTION_CLASS,COLUMN_DEFINITION_ID,MENU_ID,COLUMN_NAME_JA,COLUMN_NAME_EN,COLUMN_NAME_REST,COL_GROUP_ID,COLUMN_CLASS,COLUMN_DISP_SEQ,REF_TABLE_NAME,REF_PKEY_NAME,REF_COL_NAME,REF_SORT_CONDITIONS,REF_MULTI_LANG,SENSITIVE_COL_NAME,COL_NAME,SAVE_TYPE,AUTO_INPUT,INPUT_ITEM,VIEW_ITEM,UNIQUE_ITEM,REQUIRED_ITEM,INITIAL_VALUE,VALIDATE_OPTION,BEFORE_VALIDATE_REGISTER,AFTER_VALIDATE_REGISTER,DESCRIPTION_JA,DESCRIPTION_EN,NOTE,DISUSE_FLAG,LAST_UPDATE_TIMESTAMP,LAST_UPDATE_USER) VALUES(28,STR_TO_DATE('2015/04/01 10:00:00.000000','%Y/%m/%d %H:%i:%s.%f'),'INSERT','28','10103','Web表示前確認行数','WEB_PRINT_CONFIRM','web_print_confirm',NULL,'3',100,NULL,NULL,NULL,NULL,'0',NULL,'WEB_PRINT_CONFIRM',NULL,'0','1','1','0','0',NULL,'{
"int_max": 0,
"int_min": 2147483647
}',NULL,NULL,'数値のみ入力可　
0～2147483647','Only numerical values can be entered
0～2147483647',NULL,'0',STR_TO_DATE('2015/04/01 10:00:00.000000','%Y/%m/%d %H:%i:%s.%f'),1);
INSERT INTO T_COMN_MENU_COLUMN_LINK (COLUMN_DEFINITION_ID,MENU_ID,COLUMN_NAME_JA,COLUMN_NAME_EN,COLUMN_NAME_REST,COL_GROUP_ID,COLUMN_CLASS,COLUMN_DISP_SEQ,REF_TABLE_NAME,REF_PKEY_NAME,REF_COL_NAME,REF_SORT_CONDITIONS,REF_MULTI_LANG,SENSITIVE_COL_NAME,COL_NAME,SAVE_TYPE,AUTO_INPUT,INPUT_ITEM,VIEW_ITEM,UNIQUE_ITEM,REQUIRED_ITEM,INITIAL_VALUE,VALIDATE_OPTION,BEFORE_VALIDATE_REGISTER,AFTER_VALIDATE_REGISTER,DESCRIPTION_JA,DESCRIPTION_EN,NOTE,DISUSE_FLAG,LAST_UPDATE_TIMESTAMP,LAST_UPDATE_USER) VALUES('29','10103','Excel出力最大行数','XLS_PRINT_LIMIT','xls_print_limit',NULL,'3',110,NULL,NULL,NULL,NULL,'0',NULL,'XLS_PRINT_LIMIT',NULL,'0','1','1','0','0',NULL,'{
"int_max": 0,
"int_min": 2147483647
}',NULL,NULL,'数値のみ入力可　
0～2147483647','Only numerical values can be entered
0～2147483647',NULL,'0',STR_TO_DATE('2015/04/01 10:00:00.000000','%Y/%m/%d %H:%i:%s.%f'),1);
INSERT INTO T_COMN_MENU_COLUMN_LINK_JNL (JOURNAL_SEQ_NO,JOURNAL_REG_DATETIME,JOURNAL_ACTION_CLASS,COLUMN_DEFINITION_ID,MENU_ID,COLUMN_NAME_JA,COLUMN_NAME_EN,COLUMN_NAME_REST,COL_GROUP_ID,COLUMN_CLASS,COLUMN_DISP_SEQ,REF_TABLE_NAME,REF_PKEY_NAME,REF_COL_NAME,REF_SORT_CONDITIONS,REF_MULTI_LANG,SENSITIVE_COL_NAME,COL_NAME,SAVE_TYPE,AUTO_INPUT,INPUT_ITEM,VIEW_ITEM,UNIQUE_ITEM,REQUIRED_ITEM,INITIAL_VALUE,VALIDATE_OPTION,BEFORE_VALIDATE_REGISTER,AFTER_VALIDATE_REGISTER,DESCRIPTION_JA,DESCRIPTION_EN,NOTE,DISUSE_FLAG,LAST_UPDATE_TIMESTAMP,LAST_UPDATE_USER) VALUES(29,STR_TO_DATE('2015/04/01 10:00:00.000000','%Y/%m/%d %H:%i:%s.%f'),'INSERT','29','10103','Excel出力最大行数','XLS_PRINT_LIMIT','xls_print_limit',NULL,'3',110,NULL,NULL,NULL,NULL,'0',NULL,'XLS_PRINT_LIMIT',NULL,'0','1','1','0','0',NULL,'{
"int_max": 0,
"int_min": 2147483647
}',NULL,NULL,'数値のみ入力可　
0～2147483647','Only numerical values can be entered
0～2147483647',NULL,'0',STR_TO_DATE('2015/04/01 10:00:00.000000','%Y/%m/%d %H:%i:%s.%f'),1);
INSERT INTO T_COMN_MENU_COLUMN_LINK (COLUMN_DEFINITION_ID,MENU_ID,COLUMN_NAME_JA,COLUMN_NAME_EN,COLUMN_NAME_REST,COL_GROUP_ID,COLUMN_CLASS,COLUMN_DISP_SEQ,REF_TABLE_NAME,REF_PKEY_NAME,REF_COL_NAME,REF_SORT_CONDITIONS,REF_MULTI_LANG,SENSITIVE_COL_NAME,COL_NAME,SAVE_TYPE,AUTO_INPUT,INPUT_ITEM,VIEW_ITEM,UNIQUE_ITEM,REQUIRED_ITEM,INITIAL_VALUE,VALIDATE_OPTION,BEFORE_VALIDATE_REGISTER,AFTER_VALIDATE_REGISTER,DESCRIPTION_JA,DESCRIPTION_EN,NOTE,DISUSE_FLAG,LAST_UPDATE_TIMESTAMP,LAST_UPDATE_USER) VALUES('30','10103','ソートキー','SORT_KEY','sort_key',NULL,'2',120,NULL,NULL,NULL,NULL,'0',NULL,'SORT_KEY',NULL,'0','1','1','0','0',NULL,'{
"min_length": 0,
"max_length": 4000
}',NULL,NULL,'最大文字数4000バイト','Maximum number of characters 4000 bytes',NULL,'0',STR_TO_DATE('2015/04/01 10:00:00.000000','%Y/%m/%d %H:%i:%s.%f'),1);
INSERT INTO T_COMN_MENU_COLUMN_LINK_JNL (JOURNAL_SEQ_NO,JOURNAL_REG_DATETIME,JOURNAL_ACTION_CLASS,COLUMN_DEFINITION_ID,MENU_ID,COLUMN_NAME_JA,COLUMN_NAME_EN,COLUMN_NAME_REST,COL_GROUP_ID,COLUMN_CLASS,COLUMN_DISP_SEQ,REF_TABLE_NAME,REF_PKEY_NAME,REF_COL_NAME,REF_SORT_CONDITIONS,REF_MULTI_LANG,SENSITIVE_COL_NAME,COL_NAME,SAVE_TYPE,AUTO_INPUT,INPUT_ITEM,VIEW_ITEM,UNIQUE_ITEM,REQUIRED_ITEM,INITIAL_VALUE,VALIDATE_OPTION,BEFORE_VALIDATE_REGISTER,AFTER_VALIDATE_REGISTER,DESCRIPTION_JA,DESCRIPTION_EN,NOTE,DISUSE_FLAG,LAST_UPDATE_TIMESTAMP,LAST_UPDATE_USER) VALUES(30,STR_TO_DATE('2015/04/01 10:00:00.000000','%Y/%m/%d %H:%i:%s.%f'),'INSERT','30','10103','ソートキー','SORT_KEY','sort_key',NULL,'2',120,NULL,NULL,NULL,NULL,'0',NULL,'SORT_KEY',NULL,'0','1','1','0','0',NULL,'{
"min_length": 0,
"max_length": 4000
}',NULL,NULL,'最大文字数4000バイト','Maximum number of characters 4000 bytes',NULL,'0',STR_TO_DATE('2015/04/01 10:00:00.000000','%Y/%m/%d %H:%i:%s.%f'),1);
INSERT INTO T_COMN_MENU_COLUMN_LINK (COLUMN_DEFINITION_ID,MENU_ID,COLUMN_NAME_JA,COLUMN_NAME_EN,COLUMN_NAME_REST,COL_GROUP_ID,COLUMN_CLASS,COLUMN_DISP_SEQ,REF_TABLE_NAME,REF_PKEY_NAME,REF_COL_NAME,REF_SORT_CONDITIONS,REF_MULTI_LANG,SENSITIVE_COL_NAME,COL_NAME,SAVE_TYPE,AUTO_INPUT,INPUT_ITEM,VIEW_ITEM,UNIQUE_ITEM,REQUIRED_ITEM,INITIAL_VALUE,VALIDATE_OPTION,BEFORE_VALIDATE_REGISTER,AFTER_VALIDATE_REGISTER,DESCRIPTION_JA,DESCRIPTION_EN,NOTE,DISUSE_FLAG,LAST_UPDATE_TIMESTAMP,LAST_UPDATE_USER) VALUES('31','10103','備考','Remarks','remarks',NULL,'12',130,NULL,NULL,NULL,NULL,'0',NULL,'NOTE                 ',NULL,'0','1','1','0','0',NULL,'{
"int_min": 0,
"int_max": 4000
}',NULL,NULL,'自由記述欄。レコードの廃止・復活時にも記載可能。','Comments section. Can comment when removing or restoring records.',NULL,'0',STR_TO_DATE('2015/04/01 10:00:00.000000','%Y/%m/%d %H:%i:%s.%f'),1);
INSERT INTO T_COMN_MENU_COLUMN_LINK_JNL (JOURNAL_SEQ_NO,JOURNAL_REG_DATETIME,JOURNAL_ACTION_CLASS,COLUMN_DEFINITION_ID,MENU_ID,COLUMN_NAME_JA,COLUMN_NAME_EN,COLUMN_NAME_REST,COL_GROUP_ID,COLUMN_CLASS,COLUMN_DISP_SEQ,REF_TABLE_NAME,REF_PKEY_NAME,REF_COL_NAME,REF_SORT_CONDITIONS,REF_MULTI_LANG,SENSITIVE_COL_NAME,COL_NAME,SAVE_TYPE,AUTO_INPUT,INPUT_ITEM,VIEW_ITEM,UNIQUE_ITEM,REQUIRED_ITEM,INITIAL_VALUE,VALIDATE_OPTION,BEFORE_VALIDATE_REGISTER,AFTER_VALIDATE_REGISTER,DESCRIPTION_JA,DESCRIPTION_EN,NOTE,DISUSE_FLAG,LAST_UPDATE_TIMESTAMP,LAST_UPDATE_USER) VALUES(31,STR_TO_DATE('2015/04/01 10:00:00.000000','%Y/%m/%d %H:%i:%s.%f'),'INSERT','31','10103','備考','Remarks','remarks',NULL,'12',130,NULL,NULL,NULL,NULL,'0',NULL,'NOTE                 ',NULL,'0','1','1','0','0',NULL,'{
"int_min": 0,
"int_max": 4000
}',NULL,NULL,'自由記述欄。レコードの廃止・復活時にも記載可能。','Comments section. Can comment when removing or restoring records.',NULL,'0',STR_TO_DATE('2015/04/01 10:00:00.000000','%Y/%m/%d %H:%i:%s.%f'),1);
INSERT INTO T_COMN_MENU_COLUMN_LINK (COLUMN_DEFINITION_ID,MENU_ID,COLUMN_NAME_JA,COLUMN_NAME_EN,COLUMN_NAME_REST,COL_GROUP_ID,COLUMN_CLASS,COLUMN_DISP_SEQ,REF_TABLE_NAME,REF_PKEY_NAME,REF_COL_NAME,REF_SORT_CONDITIONS,REF_MULTI_LANG,SENSITIVE_COL_NAME,COL_NAME,SAVE_TYPE,AUTO_INPUT,INPUT_ITEM,VIEW_ITEM,UNIQUE_ITEM,REQUIRED_ITEM,INITIAL_VALUE,VALIDATE_OPTION,BEFORE_VALIDATE_REGISTER,AFTER_VALIDATE_REGISTER,DESCRIPTION_JA,DESCRIPTION_EN,NOTE,DISUSE_FLAG,LAST_UPDATE_TIMESTAMP,LAST_UPDATE_USER) VALUES('32','10103','廃止フラグ','Discard','discard',NULL,'1',140,NULL,NULL,NULL,NULL,'0',NULL,'DISUSE_FLAG',NULL,'1','0','0','0','1',NULL,NULL,NULL,NULL,'廃止フラグ。復活以外のオペレーションは不可','Discard flag. Cannot do operation other than restore.',NULL,'0',STR_TO_DATE('2015/04/01 10:00:00.000000','%Y/%m/%d %H:%i:%s.%f'),1);
INSERT INTO T_COMN_MENU_COLUMN_LINK_JNL (JOURNAL_SEQ_NO,JOURNAL_REG_DATETIME,JOURNAL_ACTION_CLASS,COLUMN_DEFINITION_ID,MENU_ID,COLUMN_NAME_JA,COLUMN_NAME_EN,COLUMN_NAME_REST,COL_GROUP_ID,COLUMN_CLASS,COLUMN_DISP_SEQ,REF_TABLE_NAME,REF_PKEY_NAME,REF_COL_NAME,REF_SORT_CONDITIONS,REF_MULTI_LANG,SENSITIVE_COL_NAME,COL_NAME,SAVE_TYPE,AUTO_INPUT,INPUT_ITEM,VIEW_ITEM,UNIQUE_ITEM,REQUIRED_ITEM,INITIAL_VALUE,VALIDATE_OPTION,BEFORE_VALIDATE_REGISTER,AFTER_VALIDATE_REGISTER,DESCRIPTION_JA,DESCRIPTION_EN,NOTE,DISUSE_FLAG,LAST_UPDATE_TIMESTAMP,LAST_UPDATE_USER) VALUES(32,STR_TO_DATE('2015/04/01 10:00:00.000000','%Y/%m/%d %H:%i:%s.%f'),'INSERT','32','10103','廃止フラグ','Discard','discard',NULL,'1',140,NULL,NULL,NULL,NULL,'0',NULL,'DISUSE_FLAG',NULL,'1','0','0','0','1',NULL,NULL,NULL,NULL,'廃止フラグ。復活以外のオペレーションは不可','Discard flag. Cannot do operation other than restore.',NULL,'0',STR_TO_DATE('2015/04/01 10:00:00.000000','%Y/%m/%d %H:%i:%s.%f'),1);
INSERT INTO T_COMN_MENU_COLUMN_LINK (COLUMN_DEFINITION_ID,MENU_ID,COLUMN_NAME_JA,COLUMN_NAME_EN,COLUMN_NAME_REST,COL_GROUP_ID,COLUMN_CLASS,COLUMN_DISP_SEQ,REF_TABLE_NAME,REF_PKEY_NAME,REF_COL_NAME,REF_SORT_CONDITIONS,REF_MULTI_LANG,SENSITIVE_COL_NAME,COL_NAME,SAVE_TYPE,AUTO_INPUT,INPUT_ITEM,VIEW_ITEM,UNIQUE_ITEM,REQUIRED_ITEM,INITIAL_VALUE,VALIDATE_OPTION,BEFORE_VALIDATE_REGISTER,AFTER_VALIDATE_REGISTER,DESCRIPTION_JA,DESCRIPTION_EN,NOTE,DISUSE_FLAG,LAST_UPDATE_TIMESTAMP,LAST_UPDATE_USER) VALUES('33','10103','最終更新日時','Last update date/time','last_update_date_time',NULL,'13',150,NULL,NULL,NULL,NULL,'0',NULL,'LAST_UPDATE_TIMESTAMP',NULL,'1','0','1','0','1',NULL,NULL,NULL,NULL,'レコードの最終更新日。自動登録のため編集不可。','Last update date of record. Cannot edit because of auto-registration.',NULL,'0',STR_TO_DATE('2015/04/01 10:00:00.000000','%Y/%m/%d %H:%i:%s.%f'),1);
INSERT INTO T_COMN_MENU_COLUMN_LINK_JNL (JOURNAL_SEQ_NO,JOURNAL_REG_DATETIME,JOURNAL_ACTION_CLASS,COLUMN_DEFINITION_ID,MENU_ID,COLUMN_NAME_JA,COLUMN_NAME_EN,COLUMN_NAME_REST,COL_GROUP_ID,COLUMN_CLASS,COLUMN_DISP_SEQ,REF_TABLE_NAME,REF_PKEY_NAME,REF_COL_NAME,REF_SORT_CONDITIONS,REF_MULTI_LANG,SENSITIVE_COL_NAME,COL_NAME,SAVE_TYPE,AUTO_INPUT,INPUT_ITEM,VIEW_ITEM,UNIQUE_ITEM,REQUIRED_ITEM,INITIAL_VALUE,VALIDATE_OPTION,BEFORE_VALIDATE_REGISTER,AFTER_VALIDATE_REGISTER,DESCRIPTION_JA,DESCRIPTION_EN,NOTE,DISUSE_FLAG,LAST_UPDATE_TIMESTAMP,LAST_UPDATE_USER) VALUES(33,STR_TO_DATE('2015/04/01 10:00:00.000000','%Y/%m/%d %H:%i:%s.%f'),'INSERT','33','10103','最終更新日時','Last update date/time','last_update_date_time',NULL,'13',150,NULL,NULL,NULL,NULL,'0',NULL,'LAST_UPDATE_TIMESTAMP',NULL,'1','0','1','0','1',NULL,NULL,NULL,NULL,'レコードの最終更新日。自動登録のため編集不可。','Last update date of record. Cannot edit because of auto-registration.',NULL,'0',STR_TO_DATE('2015/04/01 10:00:00.000000','%Y/%m/%d %H:%i:%s.%f'),1);
INSERT INTO T_COMN_MENU_COLUMN_LINK (COLUMN_DEFINITION_ID,MENU_ID,COLUMN_NAME_JA,COLUMN_NAME_EN,COLUMN_NAME_REST,COL_GROUP_ID,COLUMN_CLASS,COLUMN_DISP_SEQ,REF_TABLE_NAME,REF_PKEY_NAME,REF_COL_NAME,REF_SORT_CONDITIONS,REF_MULTI_LANG,SENSITIVE_COL_NAME,COL_NAME,SAVE_TYPE,AUTO_INPUT,INPUT_ITEM,VIEW_ITEM,UNIQUE_ITEM,REQUIRED_ITEM,INITIAL_VALUE,VALIDATE_OPTION,BEFORE_VALIDATE_REGISTER,AFTER_VALIDATE_REGISTER,DESCRIPTION_JA,DESCRIPTION_EN,NOTE,DISUSE_FLAG,LAST_UPDATE_TIMESTAMP,LAST_UPDATE_USER) VALUES('34','10103','最終更新者','Last updated by','last_updated_user',NULL,'14',160,NULL,NULL,NULL,NULL,'0',NULL,'LAST_UPDATE_USER',NULL,'1','0','1','0','1',NULL,NULL,NULL,NULL,'更新者。ログインユーザのIDが自動的に登録される。編集不可。','Updated by. Login user ID is automatically registered. Cannot edit.',NULL,'0',STR_TO_DATE('2015/04/01 10:00:00.000000','%Y/%m/%d %H:%i:%s.%f'),1);
INSERT INTO T_COMN_MENU_COLUMN_LINK_JNL (JOURNAL_SEQ_NO,JOURNAL_REG_DATETIME,JOURNAL_ACTION_CLASS,COLUMN_DEFINITION_ID,MENU_ID,COLUMN_NAME_JA,COLUMN_NAME_EN,COLUMN_NAME_REST,COL_GROUP_ID,COLUMN_CLASS,COLUMN_DISP_SEQ,REF_TABLE_NAME,REF_PKEY_NAME,REF_COL_NAME,REF_SORT_CONDITIONS,REF_MULTI_LANG,SENSITIVE_COL_NAME,COL_NAME,SAVE_TYPE,AUTO_INPUT,INPUT_ITEM,VIEW_ITEM,UNIQUE_ITEM,REQUIRED_ITEM,INITIAL_VALUE,VALIDATE_OPTION,BEFORE_VALIDATE_REGISTER,AFTER_VALIDATE_REGISTER,DESCRIPTION_JA,DESCRIPTION_EN,NOTE,DISUSE_FLAG,LAST_UPDATE_TIMESTAMP,LAST_UPDATE_USER) VALUES(34,STR_TO_DATE('2015/04/01 10:00:00.000000','%Y/%m/%d %H:%i:%s.%f'),'INSERT','34','10103','最終更新者','Last updated by','last_updated_user',NULL,'14',160,NULL,NULL,NULL,NULL,'0',NULL,'LAST_UPDATE_USER',NULL,'1','0','1','0','1',NULL,NULL,NULL,NULL,'更新者。ログインユーザのIDが自動的に登録される。編集不可。','Updated by. Login user ID is automatically registered. Cannot edit.',NULL,'0',STR_TO_DATE('2015/04/01 10:00:00.000000','%Y/%m/%d %H:%i:%s.%f'),1);
INSERT INTO T_COMN_MENU_COLUMN_LINK (COLUMN_DEFINITION_ID,MENU_ID,COLUMN_NAME_JA,COLUMN_NAME_EN,COLUMN_NAME_REST,COL_GROUP_ID,COLUMN_CLASS,COLUMN_DISP_SEQ,REF_TABLE_NAME,REF_PKEY_NAME,REF_COL_NAME,REF_SORT_CONDITIONS,REF_MULTI_LANG,SENSITIVE_COL_NAME,COL_NAME,SAVE_TYPE,AUTO_INPUT,INPUT_ITEM,VIEW_ITEM,UNIQUE_ITEM,REQUIRED_ITEM,INITIAL_VALUE,VALIDATE_OPTION,BEFORE_VALIDATE_REGISTER,AFTER_VALIDATE_REGISTER,DESCRIPTION_JA,DESCRIPTION_EN,NOTE,DISUSE_FLAG,LAST_UPDATE_TIMESTAMP,LAST_UPDATE_USER) VALUES('35','10104','UUID','UUID','uuid',NULL,'1',10,NULL,NULL,NULL,NULL,'0',NULL,'LINK_ID',NULL,'1','1','1','1','1',NULL,NULL,NULL,NULL,'自動採番のため編集不可。実行処理種別が【登録】の場合、空白のみ可。','Cannot edit because of auto-numbering. Must be blank when execution process type is [Register].',NULL,'0',STR_TO_DATE('2015/04/01 10:00:00.000000','%Y/%m/%d %H:%i:%s.%f'),1);
INSERT INTO T_COMN_MENU_COLUMN_LINK_JNL (JOURNAL_SEQ_NO,JOURNAL_REG_DATETIME,JOURNAL_ACTION_CLASS,COLUMN_DEFINITION_ID,MENU_ID,COLUMN_NAME_JA,COLUMN_NAME_EN,COLUMN_NAME_REST,COL_GROUP_ID,COLUMN_CLASS,COLUMN_DISP_SEQ,REF_TABLE_NAME,REF_PKEY_NAME,REF_COL_NAME,REF_SORT_CONDITIONS,REF_MULTI_LANG,SENSITIVE_COL_NAME,COL_NAME,SAVE_TYPE,AUTO_INPUT,INPUT_ITEM,VIEW_ITEM,UNIQUE_ITEM,REQUIRED_ITEM,INITIAL_VALUE,VALIDATE_OPTION,BEFORE_VALIDATE_REGISTER,AFTER_VALIDATE_REGISTER,DESCRIPTION_JA,DESCRIPTION_EN,NOTE,DISUSE_FLAG,LAST_UPDATE_TIMESTAMP,LAST_UPDATE_USER) VALUES(35,STR_TO_DATE('2015/04/01 10:00:00.000000','%Y/%m/%d %H:%i:%s.%f'),'INSERT','35','10104','UUID','UUID','uuid',NULL,'1',10,NULL,NULL,NULL,NULL,'0',NULL,'LINK_ID',NULL,'1','1','1','1','1',NULL,NULL,NULL,NULL,'自動採番のため編集不可。実行処理種別が【登録】の場合、空白のみ可。','Cannot edit because of auto-numbering. Must be blank when execution process type is [Register].',NULL,'0',STR_TO_DATE('2015/04/01 10:00:00.000000','%Y/%m/%d %H:%i:%s.%f'),1);
INSERT INTO T_COMN_MENU_COLUMN_LINK (COLUMN_DEFINITION_ID,MENU_ID,COLUMN_NAME_JA,COLUMN_NAME_EN,COLUMN_NAME_REST,COL_GROUP_ID,COLUMN_CLASS,COLUMN_DISP_SEQ,REF_TABLE_NAME,REF_PKEY_NAME,REF_COL_NAME,REF_SORT_CONDITIONS,REF_MULTI_LANG,SENSITIVE_COL_NAME,COL_NAME,SAVE_TYPE,AUTO_INPUT,INPUT_ITEM,VIEW_ITEM,UNIQUE_ITEM,REQUIRED_ITEM,INITIAL_VALUE,VALIDATE_OPTION,BEFORE_VALIDATE_REGISTER,AFTER_VALIDATE_REGISTER,DESCRIPTION_JA,DESCRIPTION_EN,NOTE,DISUSE_FLAG,LAST_UPDATE_TIMESTAMP,LAST_UPDATE_USER) VALUES('36','10104','メニュー','Menu name','menu_name',NULL,'7',20,'V_COMN_MENU_GROUP_MENU_PULLDOWN','MENU_ID','MENU_GROUP_NAME_PULLDOWN',NULL,'1',NULL,'MENU_ID',NULL,'0','1','1','0','1',NULL,NULL,NULL,NULL,'プルダウン選択 必須項目','Pull-down selection  required item',NULL,'0',STR_TO_DATE('2015/04/01 10:00:00.000000','%Y/%m/%d %H:%i:%s.%f'),1);
INSERT INTO T_COMN_MENU_COLUMN_LINK_JNL (JOURNAL_SEQ_NO,JOURNAL_REG_DATETIME,JOURNAL_ACTION_CLASS,COLUMN_DEFINITION_ID,MENU_ID,COLUMN_NAME_JA,COLUMN_NAME_EN,COLUMN_NAME_REST,COL_GROUP_ID,COLUMN_CLASS,COLUMN_DISP_SEQ,REF_TABLE_NAME,REF_PKEY_NAME,REF_COL_NAME,REF_SORT_CONDITIONS,REF_MULTI_LANG,SENSITIVE_COL_NAME,COL_NAME,SAVE_TYPE,AUTO_INPUT,INPUT_ITEM,VIEW_ITEM,UNIQUE_ITEM,REQUIRED_ITEM,INITIAL_VALUE,VALIDATE_OPTION,BEFORE_VALIDATE_REGISTER,AFTER_VALIDATE_REGISTER,DESCRIPTION_JA,DESCRIPTION_EN,NOTE,DISUSE_FLAG,LAST_UPDATE_TIMESTAMP,LAST_UPDATE_USER) VALUES(36,STR_TO_DATE('2015/04/01 10:00:00.000000','%Y/%m/%d %H:%i:%s.%f'),'INSERT','36','10104','メニュー','Menu name','menu_name',NULL,'7',20,'V_COMN_MENU_GROUP_MENU_PULLDOWN','MENU_ID','MENU_GROUP_NAME_PULLDOWN',NULL,'1',NULL,'MENU_ID',NULL,'0','1','1','0','1',NULL,NULL,NULL,NULL,'プルダウン選択 必須項目','Pull-down selection  required item',NULL,'0',STR_TO_DATE('2015/04/01 10:00:00.000000','%Y/%m/%d %H:%i:%s.%f'),1);
INSERT INTO T_COMN_MENU_COLUMN_LINK (COLUMN_DEFINITION_ID,MENU_ID,COLUMN_NAME_JA,COLUMN_NAME_EN,COLUMN_NAME_REST,COL_GROUP_ID,COLUMN_CLASS,COLUMN_DISP_SEQ,REF_TABLE_NAME,REF_PKEY_NAME,REF_COL_NAME,REF_SORT_CONDITIONS,REF_MULTI_LANG,SENSITIVE_COL_NAME,COL_NAME,SAVE_TYPE,AUTO_INPUT,INPUT_ITEM,VIEW_ITEM,UNIQUE_ITEM,REQUIRED_ITEM,INITIAL_VALUE,VALIDATE_OPTION,BEFORE_VALIDATE_REGISTER,AFTER_VALIDATE_REGISTER,DESCRIPTION_JA,DESCRIPTION_EN,NOTE,DISUSE_FLAG,LAST_UPDATE_TIMESTAMP,LAST_UPDATE_USER) VALUES('37','10104','ロール','Role name','role_name',NULL,'18',30,NULL,NULL,NULL,NULL,'0',NULL,'ROLE_ID',NULL,'0','1','1','0','1',NULL,NULL,NULL,NULL,'プルダウン選択 必須項目','Pull-down selection  required item',NULL,'0',STR_TO_DATE('2015/04/01 10:00:00.000000','%Y/%m/%d %H:%i:%s.%f'),1);
INSERT INTO T_COMN_MENU_COLUMN_LINK_JNL (JOURNAL_SEQ_NO,JOURNAL_REG_DATETIME,JOURNAL_ACTION_CLASS,COLUMN_DEFINITION_ID,MENU_ID,COLUMN_NAME_JA,COLUMN_NAME_EN,COLUMN_NAME_REST,COL_GROUP_ID,COLUMN_CLASS,COLUMN_DISP_SEQ,REF_TABLE_NAME,REF_PKEY_NAME,REF_COL_NAME,REF_SORT_CONDITIONS,REF_MULTI_LANG,SENSITIVE_COL_NAME,COL_NAME,SAVE_TYPE,AUTO_INPUT,INPUT_ITEM,VIEW_ITEM,UNIQUE_ITEM,REQUIRED_ITEM,INITIAL_VALUE,VALIDATE_OPTION,BEFORE_VALIDATE_REGISTER,AFTER_VALIDATE_REGISTER,DESCRIPTION_JA,DESCRIPTION_EN,NOTE,DISUSE_FLAG,LAST_UPDATE_TIMESTAMP,LAST_UPDATE_USER) VALUES(37,STR_TO_DATE('2015/04/01 10:00:00.000000','%Y/%m/%d %H:%i:%s.%f'),'INSERT','37','10104','ロール','Role name','role_name',NULL,'18',30,NULL,NULL,NULL,NULL,'0',NULL,'ROLE_ID',NULL,'0','1','1','0','1',NULL,NULL,NULL,NULL,'プルダウン選択 必須項目','Pull-down selection  required item',NULL,'0',STR_TO_DATE('2015/04/01 10:00:00.000000','%Y/%m/%d %H:%i:%s.%f'),1);
INSERT INTO T_COMN_MENU_COLUMN_LINK (COLUMN_DEFINITION_ID,MENU_ID,COLUMN_NAME_JA,COLUMN_NAME_EN,COLUMN_NAME_REST,COL_GROUP_ID,COLUMN_CLASS,COLUMN_DISP_SEQ,REF_TABLE_NAME,REF_PKEY_NAME,REF_COL_NAME,REF_SORT_CONDITIONS,REF_MULTI_LANG,SENSITIVE_COL_NAME,COL_NAME,SAVE_TYPE,AUTO_INPUT,INPUT_ITEM,VIEW_ITEM,UNIQUE_ITEM,REQUIRED_ITEM,INITIAL_VALUE,VALIDATE_OPTION,BEFORE_VALIDATE_REGISTER,AFTER_VALIDATE_REGISTER,DESCRIPTION_JA,DESCRIPTION_EN,NOTE,DISUSE_FLAG,LAST_UPDATE_TIMESTAMP,LAST_UPDATE_USER) VALUES('38','10104','紐付','Associate','associate',NULL,'7',40,'T_COMN_OPERATION_PRIVILEGES','PRIVILEGES_ID','PRIVILEGES_NAME',NULL,'1',NULL,'PRIVILEGE',NULL,'0','1','1','0','1',NULL,NULL,NULL,NULL,'プルダウン選択 必須項目','Pull-down selection  required item',NULL,'0',STR_TO_DATE('2015/04/01 10:00:00.000000','%Y/%m/%d %H:%i:%s.%f'),1);
INSERT INTO T_COMN_MENU_COLUMN_LINK_JNL (JOURNAL_SEQ_NO,JOURNAL_REG_DATETIME,JOURNAL_ACTION_CLASS,COLUMN_DEFINITION_ID,MENU_ID,COLUMN_NAME_JA,COLUMN_NAME_EN,COLUMN_NAME_REST,COL_GROUP_ID,COLUMN_CLASS,COLUMN_DISP_SEQ,REF_TABLE_NAME,REF_PKEY_NAME,REF_COL_NAME,REF_SORT_CONDITIONS,REF_MULTI_LANG,SENSITIVE_COL_NAME,COL_NAME,SAVE_TYPE,AUTO_INPUT,INPUT_ITEM,VIEW_ITEM,UNIQUE_ITEM,REQUIRED_ITEM,INITIAL_VALUE,VALIDATE_OPTION,BEFORE_VALIDATE_REGISTER,AFTER_VALIDATE_REGISTER,DESCRIPTION_JA,DESCRIPTION_EN,NOTE,DISUSE_FLAG,LAST_UPDATE_TIMESTAMP,LAST_UPDATE_USER) VALUES(38,STR_TO_DATE('2015/04/01 10:00:00.000000','%Y/%m/%d %H:%i:%s.%f'),'INSERT','38','10104','紐付','Associate','associate',NULL,'7',40,'T_COMN_OPERATION_PRIVILEGES','PRIVILEGES_ID','PRIVILEGES_NAME',NULL,'1',NULL,'PRIVILEGE',NULL,'0','1','1','0','1',NULL,NULL,NULL,NULL,'プルダウン選択 必須項目','Pull-down selection  required item',NULL,'0',STR_TO_DATE('2015/04/01 10:00:00.000000','%Y/%m/%d %H:%i:%s.%f'),1);
INSERT INTO T_COMN_MENU_COLUMN_LINK (COLUMN_DEFINITION_ID,MENU_ID,COLUMN_NAME_JA,COLUMN_NAME_EN,COLUMN_NAME_REST,COL_GROUP_ID,COLUMN_CLASS,COLUMN_DISP_SEQ,REF_TABLE_NAME,REF_PKEY_NAME,REF_COL_NAME,REF_SORT_CONDITIONS,REF_MULTI_LANG,SENSITIVE_COL_NAME,COL_NAME,SAVE_TYPE,AUTO_INPUT,INPUT_ITEM,VIEW_ITEM,UNIQUE_ITEM,REQUIRED_ITEM,INITIAL_VALUE,VALIDATE_OPTION,BEFORE_VALIDATE_REGISTER,AFTER_VALIDATE_REGISTER,DESCRIPTION_JA,DESCRIPTION_EN,NOTE,DISUSE_FLAG,LAST_UPDATE_TIMESTAMP,LAST_UPDATE_USER) VALUES('39','10104','備考','Remarks','remarks',NULL,'12',50,NULL,NULL,NULL,NULL,'0',NULL,'NOTE                 ',NULL,'0','1','1','0','0',NULL,'{
"int_min": 0,
"int_max": 4000
}',NULL,NULL,'自由記述欄。レコードの廃止・復活時にも記載可能。','Comments section. Can comment when removing or restoring records.',NULL,'0',STR_TO_DATE('2015/04/01 10:00:00.000000','%Y/%m/%d %H:%i:%s.%f'),1);
INSERT INTO T_COMN_MENU_COLUMN_LINK_JNL (JOURNAL_SEQ_NO,JOURNAL_REG_DATETIME,JOURNAL_ACTION_CLASS,COLUMN_DEFINITION_ID,MENU_ID,COLUMN_NAME_JA,COLUMN_NAME_EN,COLUMN_NAME_REST,COL_GROUP_ID,COLUMN_CLASS,COLUMN_DISP_SEQ,REF_TABLE_NAME,REF_PKEY_NAME,REF_COL_NAME,REF_SORT_CONDITIONS,REF_MULTI_LANG,SENSITIVE_COL_NAME,COL_NAME,SAVE_TYPE,AUTO_INPUT,INPUT_ITEM,VIEW_ITEM,UNIQUE_ITEM,REQUIRED_ITEM,INITIAL_VALUE,VALIDATE_OPTION,BEFORE_VALIDATE_REGISTER,AFTER_VALIDATE_REGISTER,DESCRIPTION_JA,DESCRIPTION_EN,NOTE,DISUSE_FLAG,LAST_UPDATE_TIMESTAMP,LAST_UPDATE_USER) VALUES(39,STR_TO_DATE('2015/04/01 10:00:00.000000','%Y/%m/%d %H:%i:%s.%f'),'INSERT','39','10104','備考','Remarks','remarks',NULL,'12',50,NULL,NULL,NULL,NULL,'0',NULL,'NOTE                 ',NULL,'0','1','1','0','0',NULL,'{
"int_min": 0,
"int_max": 4000
}',NULL,NULL,'自由記述欄。レコードの廃止・復活時にも記載可能。','Comments section. Can comment when removing or restoring records.',NULL,'0',STR_TO_DATE('2015/04/01 10:00:00.000000','%Y/%m/%d %H:%i:%s.%f'),1);
INSERT INTO T_COMN_MENU_COLUMN_LINK (COLUMN_DEFINITION_ID,MENU_ID,COLUMN_NAME_JA,COLUMN_NAME_EN,COLUMN_NAME_REST,COL_GROUP_ID,COLUMN_CLASS,COLUMN_DISP_SEQ,REF_TABLE_NAME,REF_PKEY_NAME,REF_COL_NAME,REF_SORT_CONDITIONS,REF_MULTI_LANG,SENSITIVE_COL_NAME,COL_NAME,SAVE_TYPE,AUTO_INPUT,INPUT_ITEM,VIEW_ITEM,UNIQUE_ITEM,REQUIRED_ITEM,INITIAL_VALUE,VALIDATE_OPTION,BEFORE_VALIDATE_REGISTER,AFTER_VALIDATE_REGISTER,DESCRIPTION_JA,DESCRIPTION_EN,NOTE,DISUSE_FLAG,LAST_UPDATE_TIMESTAMP,LAST_UPDATE_USER) VALUES('40','10104','廃止フラグ','Discard','discard',NULL,'1',60,NULL,NULL,NULL,NULL,'0',NULL,'DISUSE_FLAG',NULL,'1','0','0','0','1',NULL,NULL,NULL,NULL,'廃止フラグ。復活以外のオペレーションは不可','Discard flag. Cannot do operation other than restore.',NULL,'0',STR_TO_DATE('2015/04/01 10:00:00.000000','%Y/%m/%d %H:%i:%s.%f'),1);
INSERT INTO T_COMN_MENU_COLUMN_LINK_JNL (JOURNAL_SEQ_NO,JOURNAL_REG_DATETIME,JOURNAL_ACTION_CLASS,COLUMN_DEFINITION_ID,MENU_ID,COLUMN_NAME_JA,COLUMN_NAME_EN,COLUMN_NAME_REST,COL_GROUP_ID,COLUMN_CLASS,COLUMN_DISP_SEQ,REF_TABLE_NAME,REF_PKEY_NAME,REF_COL_NAME,REF_SORT_CONDITIONS,REF_MULTI_LANG,SENSITIVE_COL_NAME,COL_NAME,SAVE_TYPE,AUTO_INPUT,INPUT_ITEM,VIEW_ITEM,UNIQUE_ITEM,REQUIRED_ITEM,INITIAL_VALUE,VALIDATE_OPTION,BEFORE_VALIDATE_REGISTER,AFTER_VALIDATE_REGISTER,DESCRIPTION_JA,DESCRIPTION_EN,NOTE,DISUSE_FLAG,LAST_UPDATE_TIMESTAMP,LAST_UPDATE_USER) VALUES(40,STR_TO_DATE('2015/04/01 10:00:00.000000','%Y/%m/%d %H:%i:%s.%f'),'INSERT','40','10104','廃止フラグ','Discard','discard',NULL,'1',60,NULL,NULL,NULL,NULL,'0',NULL,'DISUSE_FLAG',NULL,'1','0','0','0','1',NULL,NULL,NULL,NULL,'廃止フラグ。復活以外のオペレーションは不可','Discard flag. Cannot do operation other than restore.',NULL,'0',STR_TO_DATE('2015/04/01 10:00:00.000000','%Y/%m/%d %H:%i:%s.%f'),1);
INSERT INTO T_COMN_MENU_COLUMN_LINK (COLUMN_DEFINITION_ID,MENU_ID,COLUMN_NAME_JA,COLUMN_NAME_EN,COLUMN_NAME_REST,COL_GROUP_ID,COLUMN_CLASS,COLUMN_DISP_SEQ,REF_TABLE_NAME,REF_PKEY_NAME,REF_COL_NAME,REF_SORT_CONDITIONS,REF_MULTI_LANG,SENSITIVE_COL_NAME,COL_NAME,SAVE_TYPE,AUTO_INPUT,INPUT_ITEM,VIEW_ITEM,UNIQUE_ITEM,REQUIRED_ITEM,INITIAL_VALUE,VALIDATE_OPTION,BEFORE_VALIDATE_REGISTER,AFTER_VALIDATE_REGISTER,DESCRIPTION_JA,DESCRIPTION_EN,NOTE,DISUSE_FLAG,LAST_UPDATE_TIMESTAMP,LAST_UPDATE_USER) VALUES('41','10104','最終更新日時','Last update date/time','last_update_date_time',NULL,'13',70,NULL,NULL,NULL,NULL,'0',NULL,'LAST_UPDATE_TIMESTAMP',NULL,'1','0','1','0','1',NULL,NULL,NULL,NULL,'レコードの最終更新日。自動登録のため編集不可。','Last update date of record. Cannot edit because of auto-registration.',NULL,'0',STR_TO_DATE('2015/04/01 10:00:00.000000','%Y/%m/%d %H:%i:%s.%f'),1);
INSERT INTO T_COMN_MENU_COLUMN_LINK_JNL (JOURNAL_SEQ_NO,JOURNAL_REG_DATETIME,JOURNAL_ACTION_CLASS,COLUMN_DEFINITION_ID,MENU_ID,COLUMN_NAME_JA,COLUMN_NAME_EN,COLUMN_NAME_REST,COL_GROUP_ID,COLUMN_CLASS,COLUMN_DISP_SEQ,REF_TABLE_NAME,REF_PKEY_NAME,REF_COL_NAME,REF_SORT_CONDITIONS,REF_MULTI_LANG,SENSITIVE_COL_NAME,COL_NAME,SAVE_TYPE,AUTO_INPUT,INPUT_ITEM,VIEW_ITEM,UNIQUE_ITEM,REQUIRED_ITEM,INITIAL_VALUE,VALIDATE_OPTION,BEFORE_VALIDATE_REGISTER,AFTER_VALIDATE_REGISTER,DESCRIPTION_JA,DESCRIPTION_EN,NOTE,DISUSE_FLAG,LAST_UPDATE_TIMESTAMP,LAST_UPDATE_USER) VALUES(41,STR_TO_DATE('2015/04/01 10:00:00.000000','%Y/%m/%d %H:%i:%s.%f'),'INSERT','41','10104','最終更新日時','Last update date/time','last_update_date_time',NULL,'13',70,NULL,NULL,NULL,NULL,'0',NULL,'LAST_UPDATE_TIMESTAMP',NULL,'1','0','1','0','1',NULL,NULL,NULL,NULL,'レコードの最終更新日。自動登録のため編集不可。','Last update date of record. Cannot edit because of auto-registration.',NULL,'0',STR_TO_DATE('2015/04/01 10:00:00.000000','%Y/%m/%d %H:%i:%s.%f'),1);
INSERT INTO T_COMN_MENU_COLUMN_LINK (COLUMN_DEFINITION_ID,MENU_ID,COLUMN_NAME_JA,COLUMN_NAME_EN,COLUMN_NAME_REST,COL_GROUP_ID,COLUMN_CLASS,COLUMN_DISP_SEQ,REF_TABLE_NAME,REF_PKEY_NAME,REF_COL_NAME,REF_SORT_CONDITIONS,REF_MULTI_LANG,SENSITIVE_COL_NAME,COL_NAME,SAVE_TYPE,AUTO_INPUT,INPUT_ITEM,VIEW_ITEM,UNIQUE_ITEM,REQUIRED_ITEM,INITIAL_VALUE,VALIDATE_OPTION,BEFORE_VALIDATE_REGISTER,AFTER_VALIDATE_REGISTER,DESCRIPTION_JA,DESCRIPTION_EN,NOTE,DISUSE_FLAG,LAST_UPDATE_TIMESTAMP,LAST_UPDATE_USER) VALUES('42','10104','最終更新者','Last updated by','last_updated_user',NULL,'14',80,NULL,NULL,NULL,NULL,'0',NULL,'LAST_UPDATE_USER',NULL,'1','0','1','0','1',NULL,NULL,NULL,NULL,'更新者。ログインユーザのIDが自動的に登録される。編集不可。','Updated by. Login user ID is automatically registered. Cannot edit.',NULL,'0',STR_TO_DATE('2015/04/01 10:00:00.000000','%Y/%m/%d %H:%i:%s.%f'),1);
INSERT INTO T_COMN_MENU_COLUMN_LINK_JNL (JOURNAL_SEQ_NO,JOURNAL_REG_DATETIME,JOURNAL_ACTION_CLASS,COLUMN_DEFINITION_ID,MENU_ID,COLUMN_NAME_JA,COLUMN_NAME_EN,COLUMN_NAME_REST,COL_GROUP_ID,COLUMN_CLASS,COLUMN_DISP_SEQ,REF_TABLE_NAME,REF_PKEY_NAME,REF_COL_NAME,REF_SORT_CONDITIONS,REF_MULTI_LANG,SENSITIVE_COL_NAME,COL_NAME,SAVE_TYPE,AUTO_INPUT,INPUT_ITEM,VIEW_ITEM,UNIQUE_ITEM,REQUIRED_ITEM,INITIAL_VALUE,VALIDATE_OPTION,BEFORE_VALIDATE_REGISTER,AFTER_VALIDATE_REGISTER,DESCRIPTION_JA,DESCRIPTION_EN,NOTE,DISUSE_FLAG,LAST_UPDATE_TIMESTAMP,LAST_UPDATE_USER) VALUES(42,STR_TO_DATE('2015/04/01 10:00:00.000000','%Y/%m/%d %H:%i:%s.%f'),'INSERT','42','10104','最終更新者','Last updated by','last_updated_user',NULL,'14',80,NULL,NULL,NULL,NULL,'0',NULL,'LAST_UPDATE_USER',NULL,'1','0','1','0','1',NULL,NULL,NULL,NULL,'更新者。ログインユーザのIDが自動的に登録される。編集不可。','Updated by. Login user ID is automatically registered. Cannot edit.',NULL,'0',STR_TO_DATE('2015/04/01 10:00:00.000000','%Y/%m/%d %H:%i:%s.%f'),1);
INSERT INTO T_COMN_MENU_COLUMN_LINK (COLUMN_DEFINITION_ID,MENU_ID,COLUMN_NAME_JA,COLUMN_NAME_EN,COLUMN_NAME_REST,COL_GROUP_ID,COLUMN_CLASS,COLUMN_DISP_SEQ,REF_TABLE_NAME,REF_PKEY_NAME,REF_COL_NAME,REF_SORT_CONDITIONS,REF_MULTI_LANG,SENSITIVE_COL_NAME,COL_NAME,SAVE_TYPE,AUTO_INPUT,INPUT_ITEM,VIEW_ITEM,UNIQUE_ITEM,REQUIRED_ITEM,INITIAL_VALUE,VALIDATE_OPTION,BEFORE_VALIDATE_REGISTER,AFTER_VALIDATE_REGISTER,DESCRIPTION_JA,DESCRIPTION_EN,NOTE,DISUSE_FLAG,LAST_UPDATE_TIMESTAMP,LAST_UPDATE_USER) VALUES('43','10106','UUID','UUID','uuid',NULL,'1',10,NULL,NULL,NULL,NULL,'0',NULL,'SERVICE_ID',NULL,'1','1','1','1','1',NULL,NULL,NULL,NULL,'自動採番のため編集不可。実行処理種別が【登録】の場合、空白のみ可。','Cannot edit because of auto-numbering. Must be blank when execution process type is [Register].',NULL,'0',STR_TO_DATE('2015/04/01 10:00:00.000000','%Y/%m/%d %H:%i:%s.%f'),1);
INSERT INTO T_COMN_MENU_COLUMN_LINK_JNL (JOURNAL_SEQ_NO,JOURNAL_REG_DATETIME,JOURNAL_ACTION_CLASS,COLUMN_DEFINITION_ID,MENU_ID,COLUMN_NAME_JA,COLUMN_NAME_EN,COLUMN_NAME_REST,COL_GROUP_ID,COLUMN_CLASS,COLUMN_DISP_SEQ,REF_TABLE_NAME,REF_PKEY_NAME,REF_COL_NAME,REF_SORT_CONDITIONS,REF_MULTI_LANG,SENSITIVE_COL_NAME,COL_NAME,SAVE_TYPE,AUTO_INPUT,INPUT_ITEM,VIEW_ITEM,UNIQUE_ITEM,REQUIRED_ITEM,INITIAL_VALUE,VALIDATE_OPTION,BEFORE_VALIDATE_REGISTER,AFTER_VALIDATE_REGISTER,DESCRIPTION_JA,DESCRIPTION_EN,NOTE,DISUSE_FLAG,LAST_UPDATE_TIMESTAMP,LAST_UPDATE_USER) VALUES(43,STR_TO_DATE('2015/04/01 10:00:00.000000','%Y/%m/%d %H:%i:%s.%f'),'INSERT','43','10106','UUID','UUID','uuid',NULL,'1',10,NULL,NULL,NULL,NULL,'0',NULL,'SERVICE_ID',NULL,'1','1','1','1','1',NULL,NULL,NULL,NULL,'自動採番のため編集不可。実行処理種別が【登録】の場合、空白のみ可。','Cannot edit because of auto-numbering. Must be blank when execution process type is [Register].',NULL,'0',STR_TO_DATE('2015/04/01 10:00:00.000000','%Y/%m/%d %H:%i:%s.%f'),1);
INSERT INTO T_COMN_MENU_COLUMN_LINK (COLUMN_DEFINITION_ID,MENU_ID,COLUMN_NAME_JA,COLUMN_NAME_EN,COLUMN_NAME_REST,COL_GROUP_ID,COLUMN_CLASS,COLUMN_DISP_SEQ,REF_TABLE_NAME,REF_PKEY_NAME,REF_COL_NAME,REF_SORT_CONDITIONS,REF_MULTI_LANG,SENSITIVE_COL_NAME,COL_NAME,SAVE_TYPE,AUTO_INPUT,INPUT_ITEM,VIEW_ITEM,UNIQUE_ITEM,REQUIRED_ITEM,INITIAL_VALUE,VALIDATE_OPTION,BEFORE_VALIDATE_REGISTER,AFTER_VALIDATE_REGISTER,DESCRIPTION_JA,DESCRIPTION_EN,NOTE,DISUSE_FLAG,LAST_UPDATE_TIMESTAMP,LAST_UPDATE_USER) VALUES('44','10106','サービス','Service','service',NULL,'1',20,NULL,NULL,NULL,NULL,'0',NULL,'SERVICE_NAME',NULL,'0','1','1','0','0',NULL,'{
"min_length": 0,
"max_length": 255
}',NULL,NULL,'サービス名','Service name',NULL,'0',STR_TO_DATE('2015/04/01 10:00:00.000000','%Y/%m/%d %H:%i:%s.%f'),1);
INSERT INTO T_COMN_MENU_COLUMN_LINK_JNL (JOURNAL_SEQ_NO,JOURNAL_REG_DATETIME,JOURNAL_ACTION_CLASS,COLUMN_DEFINITION_ID,MENU_ID,COLUMN_NAME_JA,COLUMN_NAME_EN,COLUMN_NAME_REST,COL_GROUP_ID,COLUMN_CLASS,COLUMN_DISP_SEQ,REF_TABLE_NAME,REF_PKEY_NAME,REF_COL_NAME,REF_SORT_CONDITIONS,REF_MULTI_LANG,SENSITIVE_COL_NAME,COL_NAME,SAVE_TYPE,AUTO_INPUT,INPUT_ITEM,VIEW_ITEM,UNIQUE_ITEM,REQUIRED_ITEM,INITIAL_VALUE,VALIDATE_OPTION,BEFORE_VALIDATE_REGISTER,AFTER_VALIDATE_REGISTER,DESCRIPTION_JA,DESCRIPTION_EN,NOTE,DISUSE_FLAG,LAST_UPDATE_TIMESTAMP,LAST_UPDATE_USER) VALUES(44,STR_TO_DATE('2015/04/01 10:00:00.000000','%Y/%m/%d %H:%i:%s.%f'),'INSERT','44','10106','サービス','Service','service',NULL,'1',20,NULL,NULL,NULL,NULL,'0',NULL,'SERVICE_NAME',NULL,'0','1','1','0','0',NULL,'{
"min_length": 0,
"max_length": 255
}',NULL,NULL,'サービス名','Service name',NULL,'0',STR_TO_DATE('2015/04/01 10:00:00.000000','%Y/%m/%d %H:%i:%s.%f'),1);
INSERT INTO T_COMN_MENU_COLUMN_LINK (COLUMN_DEFINITION_ID,MENU_ID,COLUMN_NAME_JA,COLUMN_NAME_EN,COLUMN_NAME_REST,COL_GROUP_ID,COLUMN_CLASS,COLUMN_DISP_SEQ,REF_TABLE_NAME,REF_PKEY_NAME,REF_COL_NAME,REF_SORT_CONDITIONS,REF_MULTI_LANG,SENSITIVE_COL_NAME,COL_NAME,SAVE_TYPE,AUTO_INPUT,INPUT_ITEM,VIEW_ITEM,UNIQUE_ITEM,REQUIRED_ITEM,INITIAL_VALUE,VALIDATE_OPTION,BEFORE_VALIDATE_REGISTER,AFTER_VALIDATE_REGISTER,DESCRIPTION_JA,DESCRIPTION_EN,NOTE,DISUSE_FLAG,LAST_UPDATE_TIMESTAMP,LAST_UPDATE_USER) VALUES('45','10106','バージョン','Version','version',NULL,'1',30,NULL,NULL,NULL,NULL,'0',NULL,'VERSION',NULL,'0','1','1','0','0',NULL,'{
"min_length": 0,
"max_length": 32
}',NULL,NULL,'バージョン名','Version name',NULL,'0',STR_TO_DATE('2015/04/01 10:00:00.000000','%Y/%m/%d %H:%i:%s.%f'),1);
INSERT INTO T_COMN_MENU_COLUMN_LINK_JNL (JOURNAL_SEQ_NO,JOURNAL_REG_DATETIME,JOURNAL_ACTION_CLASS,COLUMN_DEFINITION_ID,MENU_ID,COLUMN_NAME_JA,COLUMN_NAME_EN,COLUMN_NAME_REST,COL_GROUP_ID,COLUMN_CLASS,COLUMN_DISP_SEQ,REF_TABLE_NAME,REF_PKEY_NAME,REF_COL_NAME,REF_SORT_CONDITIONS,REF_MULTI_LANG,SENSITIVE_COL_NAME,COL_NAME,SAVE_TYPE,AUTO_INPUT,INPUT_ITEM,VIEW_ITEM,UNIQUE_ITEM,REQUIRED_ITEM,INITIAL_VALUE,VALIDATE_OPTION,BEFORE_VALIDATE_REGISTER,AFTER_VALIDATE_REGISTER,DESCRIPTION_JA,DESCRIPTION_EN,NOTE,DISUSE_FLAG,LAST_UPDATE_TIMESTAMP,LAST_UPDATE_USER) VALUES(45,STR_TO_DATE('2015/04/01 10:00:00.000000','%Y/%m/%d %H:%i:%s.%f'),'INSERT','45','10106','バージョン','Version','version',NULL,'1',30,NULL,NULL,NULL,NULL,'0',NULL,'VERSION',NULL,'0','1','1','0','0',NULL,'{
"min_length": 0,
"max_length": 32
}',NULL,NULL,'バージョン名','Version name',NULL,'0',STR_TO_DATE('2015/04/01 10:00:00.000000','%Y/%m/%d %H:%i:%s.%f'),1);
INSERT INTO T_COMN_MENU_COLUMN_LINK (COLUMN_DEFINITION_ID,MENU_ID,COLUMN_NAME_JA,COLUMN_NAME_EN,COLUMN_NAME_REST,COL_GROUP_ID,COLUMN_CLASS,COLUMN_DISP_SEQ,REF_TABLE_NAME,REF_PKEY_NAME,REF_COL_NAME,REF_SORT_CONDITIONS,REF_MULTI_LANG,SENSITIVE_COL_NAME,COL_NAME,SAVE_TYPE,AUTO_INPUT,INPUT_ITEM,VIEW_ITEM,UNIQUE_ITEM,REQUIRED_ITEM,INITIAL_VALUE,VALIDATE_OPTION,BEFORE_VALIDATE_REGISTER,AFTER_VALIDATE_REGISTER,DESCRIPTION_JA,DESCRIPTION_EN,NOTE,DISUSE_FLAG,LAST_UPDATE_TIMESTAMP,LAST_UPDATE_USER) VALUES('46','10106','備考','Remarks','remarks',NULL,'12',40,NULL,NULL,NULL,NULL,'0',NULL,'NOTE                 ',NULL,'0','1','1','0','0',NULL,'{
"int_min": 0,
"int_max": 4000
}',NULL,NULL,'自由記述欄。レコードの廃止・復活時にも記載可能。','Comments section. Can comment when removing or restoring records.',NULL,'0',STR_TO_DATE('2015/04/01 10:00:00.000000','%Y/%m/%d %H:%i:%s.%f'),1);
INSERT INTO T_COMN_MENU_COLUMN_LINK_JNL (JOURNAL_SEQ_NO,JOURNAL_REG_DATETIME,JOURNAL_ACTION_CLASS,COLUMN_DEFINITION_ID,MENU_ID,COLUMN_NAME_JA,COLUMN_NAME_EN,COLUMN_NAME_REST,COL_GROUP_ID,COLUMN_CLASS,COLUMN_DISP_SEQ,REF_TABLE_NAME,REF_PKEY_NAME,REF_COL_NAME,REF_SORT_CONDITIONS,REF_MULTI_LANG,SENSITIVE_COL_NAME,COL_NAME,SAVE_TYPE,AUTO_INPUT,INPUT_ITEM,VIEW_ITEM,UNIQUE_ITEM,REQUIRED_ITEM,INITIAL_VALUE,VALIDATE_OPTION,BEFORE_VALIDATE_REGISTER,AFTER_VALIDATE_REGISTER,DESCRIPTION_JA,DESCRIPTION_EN,NOTE,DISUSE_FLAG,LAST_UPDATE_TIMESTAMP,LAST_UPDATE_USER) VALUES(46,STR_TO_DATE('2015/04/01 10:00:00.000000','%Y/%m/%d %H:%i:%s.%f'),'INSERT','46','10106','備考','Remarks','remarks',NULL,'12',40,NULL,NULL,NULL,NULL,'0',NULL,'NOTE                 ',NULL,'0','1','1','0','0',NULL,'{
"int_min": 0,
"int_max": 4000
}',NULL,NULL,'自由記述欄。レコードの廃止・復活時にも記載可能。','Comments section. Can comment when removing or restoring records.',NULL,'0',STR_TO_DATE('2015/04/01 10:00:00.000000','%Y/%m/%d %H:%i:%s.%f'),1);
INSERT INTO T_COMN_MENU_COLUMN_LINK (COLUMN_DEFINITION_ID,MENU_ID,COLUMN_NAME_JA,COLUMN_NAME_EN,COLUMN_NAME_REST,COL_GROUP_ID,COLUMN_CLASS,COLUMN_DISP_SEQ,REF_TABLE_NAME,REF_PKEY_NAME,REF_COL_NAME,REF_SORT_CONDITIONS,REF_MULTI_LANG,SENSITIVE_COL_NAME,COL_NAME,SAVE_TYPE,AUTO_INPUT,INPUT_ITEM,VIEW_ITEM,UNIQUE_ITEM,REQUIRED_ITEM,INITIAL_VALUE,VALIDATE_OPTION,BEFORE_VALIDATE_REGISTER,AFTER_VALIDATE_REGISTER,DESCRIPTION_JA,DESCRIPTION_EN,NOTE,DISUSE_FLAG,LAST_UPDATE_TIMESTAMP,LAST_UPDATE_USER) VALUES('47','10106','廃止フラグ','Discard','discard',NULL,'1',50,NULL,NULL,NULL,NULL,'0',NULL,'DISUSE_FLAG',NULL,'1','0','0','0','1',NULL,NULL,NULL,NULL,'廃止フラグ。復活以外のオペレーションは不可','Discard flag. Cannot do operation other than restore.',NULL,'0',STR_TO_DATE('2015/04/01 10:00:00.000000','%Y/%m/%d %H:%i:%s.%f'),1);
INSERT INTO T_COMN_MENU_COLUMN_LINK_JNL (JOURNAL_SEQ_NO,JOURNAL_REG_DATETIME,JOURNAL_ACTION_CLASS,COLUMN_DEFINITION_ID,MENU_ID,COLUMN_NAME_JA,COLUMN_NAME_EN,COLUMN_NAME_REST,COL_GROUP_ID,COLUMN_CLASS,COLUMN_DISP_SEQ,REF_TABLE_NAME,REF_PKEY_NAME,REF_COL_NAME,REF_SORT_CONDITIONS,REF_MULTI_LANG,SENSITIVE_COL_NAME,COL_NAME,SAVE_TYPE,AUTO_INPUT,INPUT_ITEM,VIEW_ITEM,UNIQUE_ITEM,REQUIRED_ITEM,INITIAL_VALUE,VALIDATE_OPTION,BEFORE_VALIDATE_REGISTER,AFTER_VALIDATE_REGISTER,DESCRIPTION_JA,DESCRIPTION_EN,NOTE,DISUSE_FLAG,LAST_UPDATE_TIMESTAMP,LAST_UPDATE_USER) VALUES(47,STR_TO_DATE('2015/04/01 10:00:00.000000','%Y/%m/%d %H:%i:%s.%f'),'INSERT','47','10106','廃止フラグ','Discard','discard',NULL,'1',50,NULL,NULL,NULL,NULL,'0',NULL,'DISUSE_FLAG',NULL,'1','0','0','0','1',NULL,NULL,NULL,NULL,'廃止フラグ。復活以外のオペレーションは不可','Discard flag. Cannot do operation other than restore.',NULL,'0',STR_TO_DATE('2015/04/01 10:00:00.000000','%Y/%m/%d %H:%i:%s.%f'),1);
INSERT INTO T_COMN_MENU_COLUMN_LINK (COLUMN_DEFINITION_ID,MENU_ID,COLUMN_NAME_JA,COLUMN_NAME_EN,COLUMN_NAME_REST,COL_GROUP_ID,COLUMN_CLASS,COLUMN_DISP_SEQ,REF_TABLE_NAME,REF_PKEY_NAME,REF_COL_NAME,REF_SORT_CONDITIONS,REF_MULTI_LANG,SENSITIVE_COL_NAME,COL_NAME,SAVE_TYPE,AUTO_INPUT,INPUT_ITEM,VIEW_ITEM,UNIQUE_ITEM,REQUIRED_ITEM,INITIAL_VALUE,VALIDATE_OPTION,BEFORE_VALIDATE_REGISTER,AFTER_VALIDATE_REGISTER,DESCRIPTION_JA,DESCRIPTION_EN,NOTE,DISUSE_FLAG,LAST_UPDATE_TIMESTAMP,LAST_UPDATE_USER) VALUES('48','10106','最終更新日時','Last update date/time','last_update_date_time',NULL,'13',60,NULL,NULL,NULL,NULL,'0',NULL,'LAST_UPDATE_TIMESTAMP',NULL,'1','0','1','0','1',NULL,NULL,NULL,NULL,'レコードの最終更新日。自動登録のため編集不可。','Last update date of record. Cannot edit because of auto-registration.',NULL,'0',STR_TO_DATE('2015/04/01 10:00:00.000000','%Y/%m/%d %H:%i:%s.%f'),1);
INSERT INTO T_COMN_MENU_COLUMN_LINK_JNL (JOURNAL_SEQ_NO,JOURNAL_REG_DATETIME,JOURNAL_ACTION_CLASS,COLUMN_DEFINITION_ID,MENU_ID,COLUMN_NAME_JA,COLUMN_NAME_EN,COLUMN_NAME_REST,COL_GROUP_ID,COLUMN_CLASS,COLUMN_DISP_SEQ,REF_TABLE_NAME,REF_PKEY_NAME,REF_COL_NAME,REF_SORT_CONDITIONS,REF_MULTI_LANG,SENSITIVE_COL_NAME,COL_NAME,SAVE_TYPE,AUTO_INPUT,INPUT_ITEM,VIEW_ITEM,UNIQUE_ITEM,REQUIRED_ITEM,INITIAL_VALUE,VALIDATE_OPTION,BEFORE_VALIDATE_REGISTER,AFTER_VALIDATE_REGISTER,DESCRIPTION_JA,DESCRIPTION_EN,NOTE,DISUSE_FLAG,LAST_UPDATE_TIMESTAMP,LAST_UPDATE_USER) VALUES(48,STR_TO_DATE('2015/04/01 10:00:00.000000','%Y/%m/%d %H:%i:%s.%f'),'INSERT','48','10106','最終更新日時','Last update date/time','last_update_date_time',NULL,'13',60,NULL,NULL,NULL,NULL,'0',NULL,'LAST_UPDATE_TIMESTAMP',NULL,'1','0','1','0','1',NULL,NULL,NULL,NULL,'レコードの最終更新日。自動登録のため編集不可。','Last update date of record. Cannot edit because of auto-registration.',NULL,'0',STR_TO_DATE('2015/04/01 10:00:00.000000','%Y/%m/%d %H:%i:%s.%f'),1);
INSERT INTO T_COMN_MENU_COLUMN_LINK (COLUMN_DEFINITION_ID,MENU_ID,COLUMN_NAME_JA,COLUMN_NAME_EN,COLUMN_NAME_REST,COL_GROUP_ID,COLUMN_CLASS,COLUMN_DISP_SEQ,REF_TABLE_NAME,REF_PKEY_NAME,REF_COL_NAME,REF_SORT_CONDITIONS,REF_MULTI_LANG,SENSITIVE_COL_NAME,COL_NAME,SAVE_TYPE,AUTO_INPUT,INPUT_ITEM,VIEW_ITEM,UNIQUE_ITEM,REQUIRED_ITEM,INITIAL_VALUE,VALIDATE_OPTION,BEFORE_VALIDATE_REGISTER,AFTER_VALIDATE_REGISTER,DESCRIPTION_JA,DESCRIPTION_EN,NOTE,DISUSE_FLAG,LAST_UPDATE_TIMESTAMP,LAST_UPDATE_USER) VALUES('49','10106','最終更新者','Last updated by','last_updated_user',NULL,'14',70,NULL,NULL,NULL,NULL,'0',NULL,'LAST_UPDATE_USER',NULL,'1','0','1','0','1',NULL,NULL,NULL,NULL,'更新者。ログインユーザのIDが自動的に登録される。編集不可。','Updated by. Login user ID is automatically registered. Cannot edit.',NULL,'0',STR_TO_DATE('2015/04/01 10:00:00.000000','%Y/%m/%d %H:%i:%s.%f'),1);
INSERT INTO T_COMN_MENU_COLUMN_LINK_JNL (JOURNAL_SEQ_NO,JOURNAL_REG_DATETIME,JOURNAL_ACTION_CLASS,COLUMN_DEFINITION_ID,MENU_ID,COLUMN_NAME_JA,COLUMN_NAME_EN,COLUMN_NAME_REST,COL_GROUP_ID,COLUMN_CLASS,COLUMN_DISP_SEQ,REF_TABLE_NAME,REF_PKEY_NAME,REF_COL_NAME,REF_SORT_CONDITIONS,REF_MULTI_LANG,SENSITIVE_COL_NAME,COL_NAME,SAVE_TYPE,AUTO_INPUT,INPUT_ITEM,VIEW_ITEM,UNIQUE_ITEM,REQUIRED_ITEM,INITIAL_VALUE,VALIDATE_OPTION,BEFORE_VALIDATE_REGISTER,AFTER_VALIDATE_REGISTER,DESCRIPTION_JA,DESCRIPTION_EN,NOTE,DISUSE_FLAG,LAST_UPDATE_TIMESTAMP,LAST_UPDATE_USER) VALUES(49,STR_TO_DATE('2015/04/01 10:00:00.000000','%Y/%m/%d %H:%i:%s.%f'),'INSERT','49','10106','最終更新者','Last updated by','last_updated_user',NULL,'14',70,NULL,NULL,NULL,NULL,'0',NULL,'LAST_UPDATE_USER',NULL,'1','0','1','0','1',NULL,NULL,NULL,NULL,'更新者。ログインユーザのIDが自動的に登録される。編集不可。','Updated by. Login user ID is automatically registered. Cannot edit.',NULL,'0',STR_TO_DATE('2015/04/01 10:00:00.000000','%Y/%m/%d %H:%i:%s.%f'),1);
INSERT INTO T_COMN_MENU_COLUMN_LINK (COLUMN_DEFINITION_ID,MENU_ID,COLUMN_NAME_JA,COLUMN_NAME_EN,COLUMN_NAME_REST,COL_GROUP_ID,COLUMN_CLASS,COLUMN_DISP_SEQ,REF_TABLE_NAME,REF_PKEY_NAME,REF_COL_NAME,REF_SORT_CONDITIONS,REF_MULTI_LANG,SENSITIVE_COL_NAME,COL_NAME,SAVE_TYPE,AUTO_INPUT,INPUT_ITEM,VIEW_ITEM,UNIQUE_ITEM,REQUIRED_ITEM,INITIAL_VALUE,VALIDATE_OPTION,BEFORE_VALIDATE_REGISTER,AFTER_VALIDATE_REGISTER,DESCRIPTION_JA,DESCRIPTION_EN,NOTE,DISUSE_FLAG,LAST_UPDATE_TIMESTAMP,LAST_UPDATE_USER) VALUES('50','10201','オペレーションID','Operation id','operation_id',NULL,'1',10,NULL,NULL,NULL,NULL,'0',NULL,'OPERATION_ID',NULL,'1','1','1','1','1',NULL,NULL,NULL,NULL,'自動採番のため編集不可。実行処理種別が【登録】の場合、空白のみ可。','Cannot edit because of auto-numbering. Must be blank when execution process type is [Register].',NULL,'0',STR_TO_DATE('2015/04/01 10:00:00.000000','%Y/%m/%d %H:%i:%s.%f'),1);
INSERT INTO T_COMN_MENU_COLUMN_LINK_JNL (JOURNAL_SEQ_NO,JOURNAL_REG_DATETIME,JOURNAL_ACTION_CLASS,COLUMN_DEFINITION_ID,MENU_ID,COLUMN_NAME_JA,COLUMN_NAME_EN,COLUMN_NAME_REST,COL_GROUP_ID,COLUMN_CLASS,COLUMN_DISP_SEQ,REF_TABLE_NAME,REF_PKEY_NAME,REF_COL_NAME,REF_SORT_CONDITIONS,REF_MULTI_LANG,SENSITIVE_COL_NAME,COL_NAME,SAVE_TYPE,AUTO_INPUT,INPUT_ITEM,VIEW_ITEM,UNIQUE_ITEM,REQUIRED_ITEM,INITIAL_VALUE,VALIDATE_OPTION,BEFORE_VALIDATE_REGISTER,AFTER_VALIDATE_REGISTER,DESCRIPTION_JA,DESCRIPTION_EN,NOTE,DISUSE_FLAG,LAST_UPDATE_TIMESTAMP,LAST_UPDATE_USER) VALUES(50,STR_TO_DATE('2015/04/01 10:00:00.000000','%Y/%m/%d %H:%i:%s.%f'),'INSERT','50','10201','オペレーションID','Operation id','operation_id',NULL,'1',10,NULL,NULL,NULL,NULL,'0',NULL,'OPERATION_ID',NULL,'1','1','1','1','1',NULL,NULL,NULL,NULL,'自動採番のため編集不可。実行処理種別が【登録】の場合、空白のみ可。','Cannot edit because of auto-numbering. Must be blank when execution process type is [Register].',NULL,'0',STR_TO_DATE('2015/04/01 10:00:00.000000','%Y/%m/%d %H:%i:%s.%f'),1);
INSERT INTO T_COMN_MENU_COLUMN_LINK (COLUMN_DEFINITION_ID,MENU_ID,COLUMN_NAME_JA,COLUMN_NAME_EN,COLUMN_NAME_REST,COL_GROUP_ID,COLUMN_CLASS,COLUMN_DISP_SEQ,REF_TABLE_NAME,REF_PKEY_NAME,REF_COL_NAME,REF_SORT_CONDITIONS,REF_MULTI_LANG,SENSITIVE_COL_NAME,COL_NAME,SAVE_TYPE,AUTO_INPUT,INPUT_ITEM,VIEW_ITEM,UNIQUE_ITEM,REQUIRED_ITEM,INITIAL_VALUE,VALIDATE_OPTION,BEFORE_VALIDATE_REGISTER,AFTER_VALIDATE_REGISTER,DESCRIPTION_JA,DESCRIPTION_EN,NOTE,DISUSE_FLAG,LAST_UPDATE_TIMESTAMP,LAST_UPDATE_USER) VALUES('51','10201','オペレーション名','Operation name','operation_name',NULL,'1',20,NULL,NULL,NULL,NULL,'0',NULL,'OPERATION_NAME',NULL,'0','1','1','1','1',NULL,'{
"min_length": 0,
"max_length": 255
}',NULL,NULL,'[最大長]255バイト','[Maximum length] 255 byte',NULL,'0',STR_TO_DATE('2015/04/01 10:00:00.000000','%Y/%m/%d %H:%i:%s.%f'),1);
INSERT INTO T_COMN_MENU_COLUMN_LINK_JNL (JOURNAL_SEQ_NO,JOURNAL_REG_DATETIME,JOURNAL_ACTION_CLASS,COLUMN_DEFINITION_ID,MENU_ID,COLUMN_NAME_JA,COLUMN_NAME_EN,COLUMN_NAME_REST,COL_GROUP_ID,COLUMN_CLASS,COLUMN_DISP_SEQ,REF_TABLE_NAME,REF_PKEY_NAME,REF_COL_NAME,REF_SORT_CONDITIONS,REF_MULTI_LANG,SENSITIVE_COL_NAME,COL_NAME,SAVE_TYPE,AUTO_INPUT,INPUT_ITEM,VIEW_ITEM,UNIQUE_ITEM,REQUIRED_ITEM,INITIAL_VALUE,VALIDATE_OPTION,BEFORE_VALIDATE_REGISTER,AFTER_VALIDATE_REGISTER,DESCRIPTION_JA,DESCRIPTION_EN,NOTE,DISUSE_FLAG,LAST_UPDATE_TIMESTAMP,LAST_UPDATE_USER) VALUES(51,STR_TO_DATE('2015/04/01 10:00:00.000000','%Y/%m/%d %H:%i:%s.%f'),'INSERT','51','10201','オペレーション名','Operation name','operation_name',NULL,'1',20,NULL,NULL,NULL,NULL,'0',NULL,'OPERATION_NAME',NULL,'0','1','1','1','1',NULL,'{
"min_length": 0,
"max_length": 255
}',NULL,NULL,'[最大長]255バイト','[Maximum length] 255 byte',NULL,'0',STR_TO_DATE('2015/04/01 10:00:00.000000','%Y/%m/%d %H:%i:%s.%f'),1);
INSERT INTO T_COMN_MENU_COLUMN_LINK (COLUMN_DEFINITION_ID,MENU_ID,COLUMN_NAME_JA,COLUMN_NAME_EN,COLUMN_NAME_REST,COL_GROUP_ID,COLUMN_CLASS,COLUMN_DISP_SEQ,REF_TABLE_NAME,REF_PKEY_NAME,REF_COL_NAME,REF_SORT_CONDITIONS,REF_MULTI_LANG,SENSITIVE_COL_NAME,COL_NAME,SAVE_TYPE,AUTO_INPUT,INPUT_ITEM,VIEW_ITEM,UNIQUE_ITEM,REQUIRED_ITEM,INITIAL_VALUE,VALIDATE_OPTION,BEFORE_VALIDATE_REGISTER,AFTER_VALIDATE_REGISTER,DESCRIPTION_JA,DESCRIPTION_EN,NOTE,DISUSE_FLAG,LAST_UPDATE_TIMESTAMP,LAST_UPDATE_USER) VALUES('52','10201','実施予定日時','Scheduled date for execution','scheduled_date_for_execution',NULL,'5',30,NULL,NULL,NULL,NULL,'0',NULL,'OPERATION_DATE',NULL,'0','1','1','0','1',NULL,NULL,NULL,NULL,'システム的には利用していません。','Not used in the system',NULL,'0',STR_TO_DATE('2015/04/01 10:00:00.000000','%Y/%m/%d %H:%i:%s.%f'),1);
INSERT INTO T_COMN_MENU_COLUMN_LINK_JNL (JOURNAL_SEQ_NO,JOURNAL_REG_DATETIME,JOURNAL_ACTION_CLASS,COLUMN_DEFINITION_ID,MENU_ID,COLUMN_NAME_JA,COLUMN_NAME_EN,COLUMN_NAME_REST,COL_GROUP_ID,COLUMN_CLASS,COLUMN_DISP_SEQ,REF_TABLE_NAME,REF_PKEY_NAME,REF_COL_NAME,REF_SORT_CONDITIONS,REF_MULTI_LANG,SENSITIVE_COL_NAME,COL_NAME,SAVE_TYPE,AUTO_INPUT,INPUT_ITEM,VIEW_ITEM,UNIQUE_ITEM,REQUIRED_ITEM,INITIAL_VALUE,VALIDATE_OPTION,BEFORE_VALIDATE_REGISTER,AFTER_VALIDATE_REGISTER,DESCRIPTION_JA,DESCRIPTION_EN,NOTE,DISUSE_FLAG,LAST_UPDATE_TIMESTAMP,LAST_UPDATE_USER) VALUES(52,STR_TO_DATE('2015/04/01 10:00:00.000000','%Y/%m/%d %H:%i:%s.%f'),'INSERT','52','10201','実施予定日時','Scheduled date for execution','scheduled_date_for_execution',NULL,'5',30,NULL,NULL,NULL,NULL,'0',NULL,'OPERATION_DATE',NULL,'0','1','1','0','1',NULL,NULL,NULL,NULL,'システム的には利用していません。','Not used in the system',NULL,'0',STR_TO_DATE('2015/04/01 10:00:00.000000','%Y/%m/%d %H:%i:%s.%f'),1);
INSERT INTO T_COMN_MENU_COLUMN_LINK (COLUMN_DEFINITION_ID,MENU_ID,COLUMN_NAME_JA,COLUMN_NAME_EN,COLUMN_NAME_REST,COL_GROUP_ID,COLUMN_CLASS,COLUMN_DISP_SEQ,REF_TABLE_NAME,REF_PKEY_NAME,REF_COL_NAME,REF_SORT_CONDITIONS,REF_MULTI_LANG,SENSITIVE_COL_NAME,COL_NAME,SAVE_TYPE,AUTO_INPUT,INPUT_ITEM,VIEW_ITEM,UNIQUE_ITEM,REQUIRED_ITEM,INITIAL_VALUE,VALIDATE_OPTION,BEFORE_VALIDATE_REGISTER,AFTER_VALIDATE_REGISTER,DESCRIPTION_JA,DESCRIPTION_EN,NOTE,DISUSE_FLAG,LAST_UPDATE_TIMESTAMP,LAST_UPDATE_USER) VALUES('53','10201','最終実行日時','Last run date','last_run_date',NULL,'5',40,NULL,NULL,NULL,NULL,'0',NULL,'LAST_EXECUTE_TIMESTAMP',NULL,'0','0','1','0','0',NULL,NULL,NULL,NULL,'オペレーションを実行した実績の日時','Date/time when the operation was actually performed.',NULL,'0',STR_TO_DATE('2015/04/01 10:00:00.000000','%Y/%m/%d %H:%i:%s.%f'),1);
INSERT INTO T_COMN_MENU_COLUMN_LINK_JNL (JOURNAL_SEQ_NO,JOURNAL_REG_DATETIME,JOURNAL_ACTION_CLASS,COLUMN_DEFINITION_ID,MENU_ID,COLUMN_NAME_JA,COLUMN_NAME_EN,COLUMN_NAME_REST,COL_GROUP_ID,COLUMN_CLASS,COLUMN_DISP_SEQ,REF_TABLE_NAME,REF_PKEY_NAME,REF_COL_NAME,REF_SORT_CONDITIONS,REF_MULTI_LANG,SENSITIVE_COL_NAME,COL_NAME,SAVE_TYPE,AUTO_INPUT,INPUT_ITEM,VIEW_ITEM,UNIQUE_ITEM,REQUIRED_ITEM,INITIAL_VALUE,VALIDATE_OPTION,BEFORE_VALIDATE_REGISTER,AFTER_VALIDATE_REGISTER,DESCRIPTION_JA,DESCRIPTION_EN,NOTE,DISUSE_FLAG,LAST_UPDATE_TIMESTAMP,LAST_UPDATE_USER) VALUES(53,STR_TO_DATE('2015/04/01 10:00:00.000000','%Y/%m/%d %H:%i:%s.%f'),'INSERT','53','10201','最終実行日時','Last run date','last_run_date',NULL,'5',40,NULL,NULL,NULL,NULL,'0',NULL,'LAST_EXECUTE_TIMESTAMP',NULL,'0','0','1','0','0',NULL,NULL,NULL,NULL,'オペレーションを実行した実績の日時','Date/time when the operation was actually performed.',NULL,'0',STR_TO_DATE('2015/04/01 10:00:00.000000','%Y/%m/%d %H:%i:%s.%f'),1);
INSERT INTO T_COMN_MENU_COLUMN_LINK (COLUMN_DEFINITION_ID,MENU_ID,COLUMN_NAME_JA,COLUMN_NAME_EN,COLUMN_NAME_REST,COL_GROUP_ID,COLUMN_CLASS,COLUMN_DISP_SEQ,REF_TABLE_NAME,REF_PKEY_NAME,REF_COL_NAME,REF_SORT_CONDITIONS,REF_MULTI_LANG,SENSITIVE_COL_NAME,COL_NAME,SAVE_TYPE,AUTO_INPUT,INPUT_ITEM,VIEW_ITEM,UNIQUE_ITEM,REQUIRED_ITEM,INITIAL_VALUE,VALIDATE_OPTION,BEFORE_VALIDATE_REGISTER,AFTER_VALIDATE_REGISTER,DESCRIPTION_JA,DESCRIPTION_EN,NOTE,DISUSE_FLAG,LAST_UPDATE_TIMESTAMP,LAST_UPDATE_USER) VALUES('54','10201','組織','Organization','organization',NULL,'18',50,NULL,NULL,NULL,NULL,'0',NULL,'ORGANIZATION_ID',NULL,'0','1','1','0','1',NULL,NULL,NULL,NULL,'組織','Organization',NULL,'0',STR_TO_DATE('2015/04/01 10:00:00.000000','%Y/%m/%d %H:%i:%s.%f'),1);
INSERT INTO T_COMN_MENU_COLUMN_LINK_JNL (JOURNAL_SEQ_NO,JOURNAL_REG_DATETIME,JOURNAL_ACTION_CLASS,COLUMN_DEFINITION_ID,MENU_ID,COLUMN_NAME_JA,COLUMN_NAME_EN,COLUMN_NAME_REST,COL_GROUP_ID,COLUMN_CLASS,COLUMN_DISP_SEQ,REF_TABLE_NAME,REF_PKEY_NAME,REF_COL_NAME,REF_SORT_CONDITIONS,REF_MULTI_LANG,SENSITIVE_COL_NAME,COL_NAME,SAVE_TYPE,AUTO_INPUT,INPUT_ITEM,VIEW_ITEM,UNIQUE_ITEM,REQUIRED_ITEM,INITIAL_VALUE,VALIDATE_OPTION,BEFORE_VALIDATE_REGISTER,AFTER_VALIDATE_REGISTER,DESCRIPTION_JA,DESCRIPTION_EN,NOTE,DISUSE_FLAG,LAST_UPDATE_TIMESTAMP,LAST_UPDATE_USER) VALUES(54,STR_TO_DATE('2015/04/01 10:00:00.000000','%Y/%m/%d %H:%i:%s.%f'),'INSERT','54','10201','組織','Organization','organization',NULL,'18',50,NULL,NULL,NULL,NULL,'0',NULL,'ORGANIZATION_ID',NULL,'0','1','1','0','1',NULL,NULL,NULL,NULL,'組織','Organization',NULL,'0',STR_TO_DATE('2015/04/01 10:00:00.000000','%Y/%m/%d %H:%i:%s.%f'),1);
INSERT INTO T_COMN_MENU_COLUMN_LINK (COLUMN_DEFINITION_ID,MENU_ID,COLUMN_NAME_JA,COLUMN_NAME_EN,COLUMN_NAME_REST,COL_GROUP_ID,COLUMN_CLASS,COLUMN_DISP_SEQ,REF_TABLE_NAME,REF_PKEY_NAME,REF_COL_NAME,REF_SORT_CONDITIONS,REF_MULTI_LANG,SENSITIVE_COL_NAME,COL_NAME,SAVE_TYPE,AUTO_INPUT,INPUT_ITEM,VIEW_ITEM,UNIQUE_ITEM,REQUIRED_ITEM,INITIAL_VALUE,VALIDATE_OPTION,BEFORE_VALIDATE_REGISTER,AFTER_VALIDATE_REGISTER,DESCRIPTION_JA,DESCRIPTION_EN,NOTE,DISUSE_FLAG,LAST_UPDATE_TIMESTAMP,LAST_UPDATE_USER) VALUES('55','10201','備考','Remarks','remarks',NULL,'12',60,NULL,NULL,NULL,NULL,'0',NULL,'NOTE                 ',NULL,'0','1','1','0','0',NULL,'{
"int_min": 0,
"int_max": 4000
}',NULL,NULL,'自由記述欄。レコードの廃止・復活時にも記載可能。','Comments section. Can comment when removing or restoring records.',NULL,'0',STR_TO_DATE('2015/04/01 10:00:00.000000','%Y/%m/%d %H:%i:%s.%f'),1);
INSERT INTO T_COMN_MENU_COLUMN_LINK_JNL (JOURNAL_SEQ_NO,JOURNAL_REG_DATETIME,JOURNAL_ACTION_CLASS,COLUMN_DEFINITION_ID,MENU_ID,COLUMN_NAME_JA,COLUMN_NAME_EN,COLUMN_NAME_REST,COL_GROUP_ID,COLUMN_CLASS,COLUMN_DISP_SEQ,REF_TABLE_NAME,REF_PKEY_NAME,REF_COL_NAME,REF_SORT_CONDITIONS,REF_MULTI_LANG,SENSITIVE_COL_NAME,COL_NAME,SAVE_TYPE,AUTO_INPUT,INPUT_ITEM,VIEW_ITEM,UNIQUE_ITEM,REQUIRED_ITEM,INITIAL_VALUE,VALIDATE_OPTION,BEFORE_VALIDATE_REGISTER,AFTER_VALIDATE_REGISTER,DESCRIPTION_JA,DESCRIPTION_EN,NOTE,DISUSE_FLAG,LAST_UPDATE_TIMESTAMP,LAST_UPDATE_USER) VALUES(55,STR_TO_DATE('2015/04/01 10:00:00.000000','%Y/%m/%d %H:%i:%s.%f'),'INSERT','55','10201','備考','Remarks','remarks',NULL,'12',60,NULL,NULL,NULL,NULL,'0',NULL,'NOTE                 ',NULL,'0','1','1','0','0',NULL,'{
"int_min": 0,
"int_max": 4000
}',NULL,NULL,'自由記述欄。レコードの廃止・復活時にも記載可能。','Comments section. Can comment when removing or restoring records.',NULL,'0',STR_TO_DATE('2015/04/01 10:00:00.000000','%Y/%m/%d %H:%i:%s.%f'),1);
INSERT INTO T_COMN_MENU_COLUMN_LINK (COLUMN_DEFINITION_ID,MENU_ID,COLUMN_NAME_JA,COLUMN_NAME_EN,COLUMN_NAME_REST,COL_GROUP_ID,COLUMN_CLASS,COLUMN_DISP_SEQ,REF_TABLE_NAME,REF_PKEY_NAME,REF_COL_NAME,REF_SORT_CONDITIONS,REF_MULTI_LANG,SENSITIVE_COL_NAME,COL_NAME,SAVE_TYPE,AUTO_INPUT,INPUT_ITEM,VIEW_ITEM,UNIQUE_ITEM,REQUIRED_ITEM,INITIAL_VALUE,VALIDATE_OPTION,BEFORE_VALIDATE_REGISTER,AFTER_VALIDATE_REGISTER,DESCRIPTION_JA,DESCRIPTION_EN,NOTE,DISUSE_FLAG,LAST_UPDATE_TIMESTAMP,LAST_UPDATE_USER) VALUES('56','10201','廃止フラグ','Discard','discard',NULL,'1',70,NULL,NULL,NULL,NULL,'0',NULL,'DISUSE_FLAG',NULL,'1','0','0','0','1',NULL,NULL,NULL,NULL,'廃止フラグ。復活以外のオペレーションは不可','Discard flag. Cannot do operation other than restore.',NULL,'0',STR_TO_DATE('2015/04/01 10:00:00.000000','%Y/%m/%d %H:%i:%s.%f'),1);
INSERT INTO T_COMN_MENU_COLUMN_LINK_JNL (JOURNAL_SEQ_NO,JOURNAL_REG_DATETIME,JOURNAL_ACTION_CLASS,COLUMN_DEFINITION_ID,MENU_ID,COLUMN_NAME_JA,COLUMN_NAME_EN,COLUMN_NAME_REST,COL_GROUP_ID,COLUMN_CLASS,COLUMN_DISP_SEQ,REF_TABLE_NAME,REF_PKEY_NAME,REF_COL_NAME,REF_SORT_CONDITIONS,REF_MULTI_LANG,SENSITIVE_COL_NAME,COL_NAME,SAVE_TYPE,AUTO_INPUT,INPUT_ITEM,VIEW_ITEM,UNIQUE_ITEM,REQUIRED_ITEM,INITIAL_VALUE,VALIDATE_OPTION,BEFORE_VALIDATE_REGISTER,AFTER_VALIDATE_REGISTER,DESCRIPTION_JA,DESCRIPTION_EN,NOTE,DISUSE_FLAG,LAST_UPDATE_TIMESTAMP,LAST_UPDATE_USER) VALUES(56,STR_TO_DATE('2015/04/01 10:00:00.000000','%Y/%m/%d %H:%i:%s.%f'),'INSERT','56','10201','廃止フラグ','Discard','discard',NULL,'1',70,NULL,NULL,NULL,NULL,'0',NULL,'DISUSE_FLAG',NULL,'1','0','0','0','1',NULL,NULL,NULL,NULL,'廃止フラグ。復活以外のオペレーションは不可','Discard flag. Cannot do operation other than restore.',NULL,'0',STR_TO_DATE('2015/04/01 10:00:00.000000','%Y/%m/%d %H:%i:%s.%f'),1);
INSERT INTO T_COMN_MENU_COLUMN_LINK (COLUMN_DEFINITION_ID,MENU_ID,COLUMN_NAME_JA,COLUMN_NAME_EN,COLUMN_NAME_REST,COL_GROUP_ID,COLUMN_CLASS,COLUMN_DISP_SEQ,REF_TABLE_NAME,REF_PKEY_NAME,REF_COL_NAME,REF_SORT_CONDITIONS,REF_MULTI_LANG,SENSITIVE_COL_NAME,COL_NAME,SAVE_TYPE,AUTO_INPUT,INPUT_ITEM,VIEW_ITEM,UNIQUE_ITEM,REQUIRED_ITEM,INITIAL_VALUE,VALIDATE_OPTION,BEFORE_VALIDATE_REGISTER,AFTER_VALIDATE_REGISTER,DESCRIPTION_JA,DESCRIPTION_EN,NOTE,DISUSE_FLAG,LAST_UPDATE_TIMESTAMP,LAST_UPDATE_USER) VALUES('57','10201','最終更新日時','Last update date/time','last_update_date_time',NULL,'13',80,NULL,NULL,NULL,NULL,'0',NULL,'LAST_UPDATE_TIMESTAMP',NULL,'1','0','1','0','1',NULL,NULL,NULL,NULL,'レコードの最終更新日。自動登録のため編集不可。','Last update date of record. Cannot edit because of auto-registration.',NULL,'0',STR_TO_DATE('2015/04/01 10:00:00.000000','%Y/%m/%d %H:%i:%s.%f'),1);
INSERT INTO T_COMN_MENU_COLUMN_LINK_JNL (JOURNAL_SEQ_NO,JOURNAL_REG_DATETIME,JOURNAL_ACTION_CLASS,COLUMN_DEFINITION_ID,MENU_ID,COLUMN_NAME_JA,COLUMN_NAME_EN,COLUMN_NAME_REST,COL_GROUP_ID,COLUMN_CLASS,COLUMN_DISP_SEQ,REF_TABLE_NAME,REF_PKEY_NAME,REF_COL_NAME,REF_SORT_CONDITIONS,REF_MULTI_LANG,SENSITIVE_COL_NAME,COL_NAME,SAVE_TYPE,AUTO_INPUT,INPUT_ITEM,VIEW_ITEM,UNIQUE_ITEM,REQUIRED_ITEM,INITIAL_VALUE,VALIDATE_OPTION,BEFORE_VALIDATE_REGISTER,AFTER_VALIDATE_REGISTER,DESCRIPTION_JA,DESCRIPTION_EN,NOTE,DISUSE_FLAG,LAST_UPDATE_TIMESTAMP,LAST_UPDATE_USER) VALUES(57,STR_TO_DATE('2015/04/01 10:00:00.000000','%Y/%m/%d %H:%i:%s.%f'),'INSERT','57','10201','最終更新日時','Last update date/time','last_update_date_time',NULL,'13',80,NULL,NULL,NULL,NULL,'0',NULL,'LAST_UPDATE_TIMESTAMP',NULL,'1','0','1','0','1',NULL,NULL,NULL,NULL,'レコードの最終更新日。自動登録のため編集不可。','Last update date of record. Cannot edit because of auto-registration.',NULL,'0',STR_TO_DATE('2015/04/01 10:00:00.000000','%Y/%m/%d %H:%i:%s.%f'),1);
INSERT INTO T_COMN_MENU_COLUMN_LINK (COLUMN_DEFINITION_ID,MENU_ID,COLUMN_NAME_JA,COLUMN_NAME_EN,COLUMN_NAME_REST,COL_GROUP_ID,COLUMN_CLASS,COLUMN_DISP_SEQ,REF_TABLE_NAME,REF_PKEY_NAME,REF_COL_NAME,REF_SORT_CONDITIONS,REF_MULTI_LANG,SENSITIVE_COL_NAME,COL_NAME,SAVE_TYPE,AUTO_INPUT,INPUT_ITEM,VIEW_ITEM,UNIQUE_ITEM,REQUIRED_ITEM,INITIAL_VALUE,VALIDATE_OPTION,BEFORE_VALIDATE_REGISTER,AFTER_VALIDATE_REGISTER,DESCRIPTION_JA,DESCRIPTION_EN,NOTE,DISUSE_FLAG,LAST_UPDATE_TIMESTAMP,LAST_UPDATE_USER) VALUES('58','10201','最終更新者','Last updated by','last_updated_user',NULL,'14',90,NULL,NULL,NULL,NULL,'0',NULL,'LAST_UPDATE_USER',NULL,'1','0','1','0','1',NULL,NULL,NULL,NULL,'更新者。ログインユーザのIDが自動的に登録される。編集不可。','Updated by. Login user ID is automatically registered. Cannot edit.',NULL,'0',STR_TO_DATE('2015/04/01 10:00:00.000000','%Y/%m/%d %H:%i:%s.%f'),1);
INSERT INTO T_COMN_MENU_COLUMN_LINK_JNL (JOURNAL_SEQ_NO,JOURNAL_REG_DATETIME,JOURNAL_ACTION_CLASS,COLUMN_DEFINITION_ID,MENU_ID,COLUMN_NAME_JA,COLUMN_NAME_EN,COLUMN_NAME_REST,COL_GROUP_ID,COLUMN_CLASS,COLUMN_DISP_SEQ,REF_TABLE_NAME,REF_PKEY_NAME,REF_COL_NAME,REF_SORT_CONDITIONS,REF_MULTI_LANG,SENSITIVE_COL_NAME,COL_NAME,SAVE_TYPE,AUTO_INPUT,INPUT_ITEM,VIEW_ITEM,UNIQUE_ITEM,REQUIRED_ITEM,INITIAL_VALUE,VALIDATE_OPTION,BEFORE_VALIDATE_REGISTER,AFTER_VALIDATE_REGISTER,DESCRIPTION_JA,DESCRIPTION_EN,NOTE,DISUSE_FLAG,LAST_UPDATE_TIMESTAMP,LAST_UPDATE_USER) VALUES(58,STR_TO_DATE('2015/04/01 10:00:00.000000','%Y/%m/%d %H:%i:%s.%f'),'INSERT','58','10201','最終更新者','Last updated by','last_updated_user',NULL,'14',90,NULL,NULL,NULL,NULL,'0',NULL,'LAST_UPDATE_USER',NULL,'1','0','1','0','1',NULL,NULL,NULL,NULL,'更新者。ログインユーザのIDが自動的に登録される。編集不可。','Updated by. Login user ID is automatically registered. Cannot edit.',NULL,'0',STR_TO_DATE('2015/04/01 10:00:00.000000','%Y/%m/%d %H:%i:%s.%f'),1);
INSERT INTO T_COMN_MENU_COLUMN_LINK (COLUMN_DEFINITION_ID,MENU_ID,COLUMN_NAME_JA,COLUMN_NAME_EN,COLUMN_NAME_REST,COL_GROUP_ID,COLUMN_CLASS,COLUMN_DISP_SEQ,REF_TABLE_NAME,REF_PKEY_NAME,REF_COL_NAME,REF_SORT_CONDITIONS,REF_MULTI_LANG,SENSITIVE_COL_NAME,COL_NAME,SAVE_TYPE,AUTO_INPUT,INPUT_ITEM,VIEW_ITEM,UNIQUE_ITEM,REQUIRED_ITEM,INITIAL_VALUE,VALIDATE_OPTION,BEFORE_VALIDATE_REGISTER,AFTER_VALIDATE_REGISTER,DESCRIPTION_JA,DESCRIPTION_EN,NOTE,DISUSE_FLAG,LAST_UPDATE_TIMESTAMP,LAST_UPDATE_USER) VALUES('59','10202','ＭovemenID','Movement id','movement_id',NULL,'1',10,NULL,NULL,NULL,NULL,'0',NULL,'MOVEMENT_ID',NULL,'1','1','1','1','1',NULL,NULL,NULL,NULL,'自動採番のため編集不可。実行処理種別が【登録】の場合、空白のみ可。','Cannot edit because of auto-numbering. Must be blank when execution process type is [Register].',NULL,'0',STR_TO_DATE('2015/04/01 10:00:00.000000','%Y/%m/%d %H:%i:%s.%f'),1);
INSERT INTO T_COMN_MENU_COLUMN_LINK_JNL (JOURNAL_SEQ_NO,JOURNAL_REG_DATETIME,JOURNAL_ACTION_CLASS,COLUMN_DEFINITION_ID,MENU_ID,COLUMN_NAME_JA,COLUMN_NAME_EN,COLUMN_NAME_REST,COL_GROUP_ID,COLUMN_CLASS,COLUMN_DISP_SEQ,REF_TABLE_NAME,REF_PKEY_NAME,REF_COL_NAME,REF_SORT_CONDITIONS,REF_MULTI_LANG,SENSITIVE_COL_NAME,COL_NAME,SAVE_TYPE,AUTO_INPUT,INPUT_ITEM,VIEW_ITEM,UNIQUE_ITEM,REQUIRED_ITEM,INITIAL_VALUE,VALIDATE_OPTION,BEFORE_VALIDATE_REGISTER,AFTER_VALIDATE_REGISTER,DESCRIPTION_JA,DESCRIPTION_EN,NOTE,DISUSE_FLAG,LAST_UPDATE_TIMESTAMP,LAST_UPDATE_USER) VALUES(59,STR_TO_DATE('2015/04/01 10:00:00.000000','%Y/%m/%d %H:%i:%s.%f'),'INSERT','59','10202','ＭovemenID','Movement id','movement_id',NULL,'1',10,NULL,NULL,NULL,NULL,'0',NULL,'MOVEMENT_ID',NULL,'1','1','1','1','1',NULL,NULL,NULL,NULL,'自動採番のため編集不可。実行処理種別が【登録】の場合、空白のみ可。','Cannot edit because of auto-numbering. Must be blank when execution process type is [Register].',NULL,'0',STR_TO_DATE('2015/04/01 10:00:00.000000','%Y/%m/%d %H:%i:%s.%f'),1);
INSERT INTO T_COMN_MENU_COLUMN_LINK (COLUMN_DEFINITION_ID,MENU_ID,COLUMN_NAME_JA,COLUMN_NAME_EN,COLUMN_NAME_REST,COL_GROUP_ID,COLUMN_CLASS,COLUMN_DISP_SEQ,REF_TABLE_NAME,REF_PKEY_NAME,REF_COL_NAME,REF_SORT_CONDITIONS,REF_MULTI_LANG,SENSITIVE_COL_NAME,COL_NAME,SAVE_TYPE,AUTO_INPUT,INPUT_ITEM,VIEW_ITEM,UNIQUE_ITEM,REQUIRED_ITEM,INITIAL_VALUE,VALIDATE_OPTION,BEFORE_VALIDATE_REGISTER,AFTER_VALIDATE_REGISTER,DESCRIPTION_JA,DESCRIPTION_EN,NOTE,DISUSE_FLAG,LAST_UPDATE_TIMESTAMP,LAST_UPDATE_USER) VALUES('60','10202','Movement名','Movement name','movement_name',NULL,'1',20,NULL,NULL,NULL,NULL,'0',NULL,'MOVEMENT_NAME',NULL,'0','1','1','1','1',NULL,'{
"min_length": 0,
"max_length": 255
}',NULL,NULL,'[最大長]255バイト','[Maximum length] 255 byte',NULL,'0',STR_TO_DATE('2015/04/01 10:00:00.000000','%Y/%m/%d %H:%i:%s.%f'),1);
INSERT INTO T_COMN_MENU_COLUMN_LINK_JNL (JOURNAL_SEQ_NO,JOURNAL_REG_DATETIME,JOURNAL_ACTION_CLASS,COLUMN_DEFINITION_ID,MENU_ID,COLUMN_NAME_JA,COLUMN_NAME_EN,COLUMN_NAME_REST,COL_GROUP_ID,COLUMN_CLASS,COLUMN_DISP_SEQ,REF_TABLE_NAME,REF_PKEY_NAME,REF_COL_NAME,REF_SORT_CONDITIONS,REF_MULTI_LANG,SENSITIVE_COL_NAME,COL_NAME,SAVE_TYPE,AUTO_INPUT,INPUT_ITEM,VIEW_ITEM,UNIQUE_ITEM,REQUIRED_ITEM,INITIAL_VALUE,VALIDATE_OPTION,BEFORE_VALIDATE_REGISTER,AFTER_VALIDATE_REGISTER,DESCRIPTION_JA,DESCRIPTION_EN,NOTE,DISUSE_FLAG,LAST_UPDATE_TIMESTAMP,LAST_UPDATE_USER) VALUES(60,STR_TO_DATE('2015/04/01 10:00:00.000000','%Y/%m/%d %H:%i:%s.%f'),'INSERT','60','10202','Movement名','Movement name','movement_name',NULL,'1',20,NULL,NULL,NULL,NULL,'0',NULL,'MOVEMENT_NAME',NULL,'0','1','1','1','1',NULL,'{
"min_length": 0,
"max_length": 255
}',NULL,NULL,'[最大長]255バイト','[Maximum length] 255 byte',NULL,'0',STR_TO_DATE('2015/04/01 10:00:00.000000','%Y/%m/%d %H:%i:%s.%f'),1);
INSERT INTO T_COMN_MENU_COLUMN_LINK (COLUMN_DEFINITION_ID,MENU_ID,COLUMN_NAME_JA,COLUMN_NAME_EN,COLUMN_NAME_REST,COL_GROUP_ID,COLUMN_CLASS,COLUMN_DISP_SEQ,REF_TABLE_NAME,REF_PKEY_NAME,REF_COL_NAME,REF_SORT_CONDITIONS,REF_MULTI_LANG,SENSITIVE_COL_NAME,COL_NAME,SAVE_TYPE,AUTO_INPUT,INPUT_ITEM,VIEW_ITEM,UNIQUE_ITEM,REQUIRED_ITEM,INITIAL_VALUE,VALIDATE_OPTION,BEFORE_VALIDATE_REGISTER,AFTER_VALIDATE_REGISTER,DESCRIPTION_JA,DESCRIPTION_EN,NOTE,DISUSE_FLAG,LAST_UPDATE_TIMESTAMP,LAST_UPDATE_USER) VALUES('61','10202','オーケストレータ','Orchestrator','Orchestrator',NULL,'7',30,'T_COMN_ORCHESTRA','ORCHESTRA_ID','ORCHESTRA_NAME',NULL,'0',NULL,'ITA_EXT_STM_ID                ',NULL,'0','1','1','0','1',NULL,NULL,NULL,NULL,'使用するオーケストレータが表示されます。','The orcestrator used is displayed.',NULL,'0',STR_TO_DATE('2015/04/01 10:00:00.000000','%Y/%m/%d %H:%i:%s.%f'),1);
INSERT INTO T_COMN_MENU_COLUMN_LINK_JNL (JOURNAL_SEQ_NO,JOURNAL_REG_DATETIME,JOURNAL_ACTION_CLASS,COLUMN_DEFINITION_ID,MENU_ID,COLUMN_NAME_JA,COLUMN_NAME_EN,COLUMN_NAME_REST,COL_GROUP_ID,COLUMN_CLASS,COLUMN_DISP_SEQ,REF_TABLE_NAME,REF_PKEY_NAME,REF_COL_NAME,REF_SORT_CONDITIONS,REF_MULTI_LANG,SENSITIVE_COL_NAME,COL_NAME,SAVE_TYPE,AUTO_INPUT,INPUT_ITEM,VIEW_ITEM,UNIQUE_ITEM,REQUIRED_ITEM,INITIAL_VALUE,VALIDATE_OPTION,BEFORE_VALIDATE_REGISTER,AFTER_VALIDATE_REGISTER,DESCRIPTION_JA,DESCRIPTION_EN,NOTE,DISUSE_FLAG,LAST_UPDATE_TIMESTAMP,LAST_UPDATE_USER) VALUES(61,STR_TO_DATE('2015/04/01 10:00:00.000000','%Y/%m/%d %H:%i:%s.%f'),'INSERT','61','10202','オーケストレータ','Orchestrator','Orchestrator',NULL,'7',30,'T_COMN_ORCHESTRA','ORCHESTRA_ID','ORCHESTRA_NAME',NULL,'0',NULL,'ITA_EXT_STM_ID                ',NULL,'0','1','1','0','1',NULL,NULL,NULL,NULL,'使用するオーケストレータが表示されます。','The orcestrator used is displayed.',NULL,'0',STR_TO_DATE('2015/04/01 10:00:00.000000','%Y/%m/%d %H:%i:%s.%f'),1);
INSERT INTO T_COMN_MENU_COLUMN_LINK (COLUMN_DEFINITION_ID,MENU_ID,COLUMN_NAME_JA,COLUMN_NAME_EN,COLUMN_NAME_REST,COL_GROUP_ID,COLUMN_CLASS,COLUMN_DISP_SEQ,REF_TABLE_NAME,REF_PKEY_NAME,REF_COL_NAME,REF_SORT_CONDITIONS,REF_MULTI_LANG,SENSITIVE_COL_NAME,COL_NAME,SAVE_TYPE,AUTO_INPUT,INPUT_ITEM,VIEW_ITEM,UNIQUE_ITEM,REQUIRED_ITEM,INITIAL_VALUE,VALIDATE_OPTION,BEFORE_VALIDATE_REGISTER,AFTER_VALIDATE_REGISTER,DESCRIPTION_JA,DESCRIPTION_EN,NOTE,DISUSE_FLAG,LAST_UPDATE_TIMESTAMP,LAST_UPDATE_USER) VALUES('62','10202','遅延タイマー','Delay timer','delay_timer',NULL,'3',40,NULL,NULL,NULL,NULL,'0',NULL,'TIME_LIMIT                    ',NULL,'0','1','1','0','0',NULL,'{
"int_max": 0,
"int_min": 2147483647
}',NULL,NULL,'Movementが指定期間(分)を遅延した場合にステータスを遅延として警告します。','If there is a delay in the Movement as per the specified period (minutes), delayed status appears.',NULL,'0',STR_TO_DATE('2015/04/01 10:00:00.000000','%Y/%m/%d %H:%i:%s.%f'),1);
INSERT INTO T_COMN_MENU_COLUMN_LINK_JNL (JOURNAL_SEQ_NO,JOURNAL_REG_DATETIME,JOURNAL_ACTION_CLASS,COLUMN_DEFINITION_ID,MENU_ID,COLUMN_NAME_JA,COLUMN_NAME_EN,COLUMN_NAME_REST,COL_GROUP_ID,COLUMN_CLASS,COLUMN_DISP_SEQ,REF_TABLE_NAME,REF_PKEY_NAME,REF_COL_NAME,REF_SORT_CONDITIONS,REF_MULTI_LANG,SENSITIVE_COL_NAME,COL_NAME,SAVE_TYPE,AUTO_INPUT,INPUT_ITEM,VIEW_ITEM,UNIQUE_ITEM,REQUIRED_ITEM,INITIAL_VALUE,VALIDATE_OPTION,BEFORE_VALIDATE_REGISTER,AFTER_VALIDATE_REGISTER,DESCRIPTION_JA,DESCRIPTION_EN,NOTE,DISUSE_FLAG,LAST_UPDATE_TIMESTAMP,LAST_UPDATE_USER) VALUES(62,STR_TO_DATE('2015/04/01 10:00:00.000000','%Y/%m/%d %H:%i:%s.%f'),'INSERT','62','10202','遅延タイマー','Delay timer','delay_timer',NULL,'3',40,NULL,NULL,NULL,NULL,'0',NULL,'TIME_LIMIT                    ',NULL,'0','1','1','0','0',NULL,'{
"int_max": 0,
"int_min": 2147483647
}',NULL,NULL,'Movementが指定期間(分)を遅延した場合にステータスを遅延として警告します。','If there is a delay in the Movement as per the specified period (minutes), delayed status appears.',NULL,'0',STR_TO_DATE('2015/04/01 10:00:00.000000','%Y/%m/%d %H:%i:%s.%f'),1);
INSERT INTO T_COMN_MENU_COLUMN_LINK (COLUMN_DEFINITION_ID,MENU_ID,COLUMN_NAME_JA,COLUMN_NAME_EN,COLUMN_NAME_REST,COL_GROUP_ID,COLUMN_CLASS,COLUMN_DISP_SEQ,REF_TABLE_NAME,REF_PKEY_NAME,REF_COL_NAME,REF_SORT_CONDITIONS,REF_MULTI_LANG,SENSITIVE_COL_NAME,COL_NAME,SAVE_TYPE,AUTO_INPUT,INPUT_ITEM,VIEW_ITEM,UNIQUE_ITEM,REQUIRED_ITEM,INITIAL_VALUE,VALIDATE_OPTION,BEFORE_VALIDATE_REGISTER,AFTER_VALIDATE_REGISTER,DESCRIPTION_JA,DESCRIPTION_EN,NOTE,DISUSE_FLAG,LAST_UPDATE_TIMESTAMP,LAST_UPDATE_USER) VALUES('63','10202','ホスト指定形式','Host specific format','host_specific_format','1','7',50,'T_COMN_HOST_DESIGNATE_TYPE','HOST_DESIGNATE_TYPE_ID','HOST_DESIGNATE_TYPE_NAME',NULL,'1',NULL,'ANS_HOST_DESIGNATE_TYPE_ID    ',NULL,'0','1','1','0','1',NULL,NULL,NULL,NULL,'構築対象ノードの指定方法です。','Method that specifies build node.',NULL,'0',STR_TO_DATE('2015/04/01 10:00:00.000000','%Y/%m/%d %H:%i:%s.%f'),1);
INSERT INTO T_COMN_MENU_COLUMN_LINK_JNL (JOURNAL_SEQ_NO,JOURNAL_REG_DATETIME,JOURNAL_ACTION_CLASS,COLUMN_DEFINITION_ID,MENU_ID,COLUMN_NAME_JA,COLUMN_NAME_EN,COLUMN_NAME_REST,COL_GROUP_ID,COLUMN_CLASS,COLUMN_DISP_SEQ,REF_TABLE_NAME,REF_PKEY_NAME,REF_COL_NAME,REF_SORT_CONDITIONS,REF_MULTI_LANG,SENSITIVE_COL_NAME,COL_NAME,SAVE_TYPE,AUTO_INPUT,INPUT_ITEM,VIEW_ITEM,UNIQUE_ITEM,REQUIRED_ITEM,INITIAL_VALUE,VALIDATE_OPTION,BEFORE_VALIDATE_REGISTER,AFTER_VALIDATE_REGISTER,DESCRIPTION_JA,DESCRIPTION_EN,NOTE,DISUSE_FLAG,LAST_UPDATE_TIMESTAMP,LAST_UPDATE_USER) VALUES(63,STR_TO_DATE('2015/04/01 10:00:00.000000','%Y/%m/%d %H:%i:%s.%f'),'INSERT','63','10202','ホスト指定形式','Host specific format','host_specific_format','1','7',50,'T_COMN_HOST_DESIGNATE_TYPE','HOST_DESIGNATE_TYPE_ID','HOST_DESIGNATE_TYPE_NAME',NULL,'1',NULL,'ANS_HOST_DESIGNATE_TYPE_ID    ',NULL,'0','1','1','0','1',NULL,NULL,NULL,NULL,'構築対象ノードの指定方法です。','Method that specifies build node.',NULL,'0',STR_TO_DATE('2015/04/01 10:00:00.000000','%Y/%m/%d %H:%i:%s.%f'),1);
INSERT INTO T_COMN_MENU_COLUMN_LINK (COLUMN_DEFINITION_ID,MENU_ID,COLUMN_NAME_JA,COLUMN_NAME_EN,COLUMN_NAME_REST,COL_GROUP_ID,COLUMN_CLASS,COLUMN_DISP_SEQ,REF_TABLE_NAME,REF_PKEY_NAME,REF_COL_NAME,REF_SORT_CONDITIONS,REF_MULTI_LANG,SENSITIVE_COL_NAME,COL_NAME,SAVE_TYPE,AUTO_INPUT,INPUT_ITEM,VIEW_ITEM,UNIQUE_ITEM,REQUIRED_ITEM,INITIAL_VALUE,VALIDATE_OPTION,BEFORE_VALIDATE_REGISTER,AFTER_VALIDATE_REGISTER,DESCRIPTION_JA,DESCRIPTION_EN,NOTE,DISUSE_FLAG,LAST_UPDATE_TIMESTAMP,LAST_UPDATE_USER) VALUES('64','10202','並列実行数','Number of parallel executions','parallel_executions_count','1','12',60,NULL,NULL,NULL,NULL,'0',NULL,'ANS_PARALLEL_EXE              ',NULL,'0','1','1','0','0',NULL,'{
"int_min": 0,
"int_max": 1000
}',NULL,NULL,'ansible-playbook コマンドの--forks=パラメータを設定します。','Set the --forks parameter of the ansible-playbook command.',NULL,'0',STR_TO_DATE('2015/04/01 10:00:00.000000','%Y/%m/%d %H:%i:%s.%f'),1);
INSERT INTO T_COMN_MENU_COLUMN_LINK_JNL (JOURNAL_SEQ_NO,JOURNAL_REG_DATETIME,JOURNAL_ACTION_CLASS,COLUMN_DEFINITION_ID,MENU_ID,COLUMN_NAME_JA,COLUMN_NAME_EN,COLUMN_NAME_REST,COL_GROUP_ID,COLUMN_CLASS,COLUMN_DISP_SEQ,REF_TABLE_NAME,REF_PKEY_NAME,REF_COL_NAME,REF_SORT_CONDITIONS,REF_MULTI_LANG,SENSITIVE_COL_NAME,COL_NAME,SAVE_TYPE,AUTO_INPUT,INPUT_ITEM,VIEW_ITEM,UNIQUE_ITEM,REQUIRED_ITEM,INITIAL_VALUE,VALIDATE_OPTION,BEFORE_VALIDATE_REGISTER,AFTER_VALIDATE_REGISTER,DESCRIPTION_JA,DESCRIPTION_EN,NOTE,DISUSE_FLAG,LAST_UPDATE_TIMESTAMP,LAST_UPDATE_USER) VALUES(64,STR_TO_DATE('2015/04/01 10:00:00.000000','%Y/%m/%d %H:%i:%s.%f'),'INSERT','64','10202','並列実行数','Number of parallel executions','parallel_executions_count','1','12',60,NULL,NULL,NULL,NULL,'0',NULL,'ANS_PARALLEL_EXE              ',NULL,'0','1','1','0','0',NULL,'{
"int_min": 0,
"int_max": 1000
}',NULL,NULL,'ansible-playbook コマンドの--forks=パラメータを設定します。','Set the --forks parameter of the ansible-playbook command.',NULL,'0',STR_TO_DATE('2015/04/01 10:00:00.000000','%Y/%m/%d %H:%i:%s.%f'),1);
INSERT INTO T_COMN_MENU_COLUMN_LINK (COLUMN_DEFINITION_ID,MENU_ID,COLUMN_NAME_JA,COLUMN_NAME_EN,COLUMN_NAME_REST,COL_GROUP_ID,COLUMN_CLASS,COLUMN_DISP_SEQ,REF_TABLE_NAME,REF_PKEY_NAME,REF_COL_NAME,REF_SORT_CONDITIONS,REF_MULTI_LANG,SENSITIVE_COL_NAME,COL_NAME,SAVE_TYPE,AUTO_INPUT,INPUT_ITEM,VIEW_ITEM,UNIQUE_ITEM,REQUIRED_ITEM,INITIAL_VALUE,VALIDATE_OPTION,BEFORE_VALIDATE_REGISTER,AFTER_VALIDATE_REGISTER,DESCRIPTION_JA,DESCRIPTION_EN,NOTE,DISUSE_FLAG,LAST_UPDATE_TIMESTAMP,LAST_UPDATE_USER) VALUES('65','10202','WinRM接続','WinRM connection','winrm_connection','1','7',70,'T_COMN_BOOLEAN_FLAG','FLAG_ID','FLAG_NAME',NULL,'0',NULL,'ANS_WINRM_ID',NULL,'0','1','1','0','1',NULL,NULL,NULL,NULL,'構築対象ノードがWindowsServerでWinRM接続する場合に選択します。
True: はい
False: いいえ','Select when the build node connects to a WinRM through a WindowsServer.
True: yes
False: no',NULL,'0',STR_TO_DATE('2015/04/01 10:00:00.000000','%Y/%m/%d %H:%i:%s.%f'),1);
INSERT INTO T_COMN_MENU_COLUMN_LINK_JNL (JOURNAL_SEQ_NO,JOURNAL_REG_DATETIME,JOURNAL_ACTION_CLASS,COLUMN_DEFINITION_ID,MENU_ID,COLUMN_NAME_JA,COLUMN_NAME_EN,COLUMN_NAME_REST,COL_GROUP_ID,COLUMN_CLASS,COLUMN_DISP_SEQ,REF_TABLE_NAME,REF_PKEY_NAME,REF_COL_NAME,REF_SORT_CONDITIONS,REF_MULTI_LANG,SENSITIVE_COL_NAME,COL_NAME,SAVE_TYPE,AUTO_INPUT,INPUT_ITEM,VIEW_ITEM,UNIQUE_ITEM,REQUIRED_ITEM,INITIAL_VALUE,VALIDATE_OPTION,BEFORE_VALIDATE_REGISTER,AFTER_VALIDATE_REGISTER,DESCRIPTION_JA,DESCRIPTION_EN,NOTE,DISUSE_FLAG,LAST_UPDATE_TIMESTAMP,LAST_UPDATE_USER) VALUES(65,STR_TO_DATE('2015/04/01 10:00:00.000000','%Y/%m/%d %H:%i:%s.%f'),'INSERT','65','10202','WinRM接続','WinRM connection','winrm_connection','1','7',70,'T_COMN_BOOLEAN_FLAG','FLAG_ID','FLAG_NAME',NULL,'0',NULL,'ANS_WINRM_ID',NULL,'0','1','1','0','1',NULL,NULL,NULL,NULL,'構築対象ノードがWindowsServerでWinRM接続する場合に選択します。
True: はい
False: いいえ','Select when the build node connects to a WinRM through a WindowsServer.
True: yes
False: no',NULL,'0',STR_TO_DATE('2015/04/01 10:00:00.000000','%Y/%m/%d %H:%i:%s.%f'),1);
INSERT INTO T_COMN_MENU_COLUMN_LINK (COLUMN_DEFINITION_ID,MENU_ID,COLUMN_NAME_JA,COLUMN_NAME_EN,COLUMN_NAME_REST,COL_GROUP_ID,COLUMN_CLASS,COLUMN_DISP_SEQ,REF_TABLE_NAME,REF_PKEY_NAME,REF_COL_NAME,REF_SORT_CONDITIONS,REF_MULTI_LANG,SENSITIVE_COL_NAME,COL_NAME,SAVE_TYPE,AUTO_INPUT,INPUT_ITEM,VIEW_ITEM,UNIQUE_ITEM,REQUIRED_ITEM,INITIAL_VALUE,VALIDATE_OPTION,BEFORE_VALIDATE_REGISTER,AFTER_VALIDATE_REGISTER,DESCRIPTION_JA,DESCRIPTION_EN,NOTE,DISUSE_FLAG,LAST_UPDATE_TIMESTAMP,LAST_UPDATE_USER) VALUES('66','10202','ヘッダーセクション','Header section','header_section','1','2',80,NULL,NULL,NULL,NULL,'0',NULL,'ANS_PLAYBOOK_HED_DEF          ',NULL,'0','1','1','0','0',NULL,'{
"min_length": 0,
"max_length": 4000
}',NULL,NULL,'ITAが自動生成する親Playbookの先頭からtasksセクションまでのセクションを編集します。
未入力の場合は、以下を適用します。
Ansible:
  - hosts: all
    remote_user: "{{ __loginuser__ }}"
    gather_facts: no
    become: yes

Ansible Automation Controller:
  - hosts: all
    gather_facts: no
    become: yes
winrm接続の場合は「become: yes」は省略されます。','Edit the section from the top of the parent Playbook automatically generated by ITA is executed to the tasks section.
Setting value when not enter.
Ansible:
  - hosts: all
    remote_user: "{{ __loginuser__ }}"
    gather_facts: no
    become: yes

Ansible Automation Controller:
  - hosts: all
    gather_facts: no
    become: yes
become is omitted for winrm connection.',NULL,'0',STR_TO_DATE('2015/04/01 10:00:00.000000','%Y/%m/%d %H:%i:%s.%f'),1);
INSERT INTO T_COMN_MENU_COLUMN_LINK_JNL (JOURNAL_SEQ_NO,JOURNAL_REG_DATETIME,JOURNAL_ACTION_CLASS,COLUMN_DEFINITION_ID,MENU_ID,COLUMN_NAME_JA,COLUMN_NAME_EN,COLUMN_NAME_REST,COL_GROUP_ID,COLUMN_CLASS,COLUMN_DISP_SEQ,REF_TABLE_NAME,REF_PKEY_NAME,REF_COL_NAME,REF_SORT_CONDITIONS,REF_MULTI_LANG,SENSITIVE_COL_NAME,COL_NAME,SAVE_TYPE,AUTO_INPUT,INPUT_ITEM,VIEW_ITEM,UNIQUE_ITEM,REQUIRED_ITEM,INITIAL_VALUE,VALIDATE_OPTION,BEFORE_VALIDATE_REGISTER,AFTER_VALIDATE_REGISTER,DESCRIPTION_JA,DESCRIPTION_EN,NOTE,DISUSE_FLAG,LAST_UPDATE_TIMESTAMP,LAST_UPDATE_USER) VALUES(66,STR_TO_DATE('2015/04/01 10:00:00.000000','%Y/%m/%d %H:%i:%s.%f'),'INSERT','66','10202','ヘッダーセクション','Header section','header_section','1','2',80,NULL,NULL,NULL,NULL,'0',NULL,'ANS_PLAYBOOK_HED_DEF          ',NULL,'0','1','1','0','0',NULL,'{
"min_length": 0,
"max_length": 4000
}',NULL,NULL,'ITAが自動生成する親Playbookの先頭からtasksセクションまでのセクションを編集します。
未入力の場合は、以下を適用します。
Ansible:
  - hosts: all
    remote_user: "{{ __loginuser__ }}"
    gather_facts: no
    become: yes

Ansible Automation Controller:
  - hosts: all
    gather_facts: no
    become: yes
winrm接続の場合は「become: yes」は省略されます。','Edit the section from the top of the parent Playbook automatically generated by ITA is executed to the tasks section.
Setting value when not enter.
Ansible:
  - hosts: all
    remote_user: "{{ __loginuser__ }}"
    gather_facts: no
    become: yes

Ansible Automation Controller:
  - hosts: all
    gather_facts: no
    become: yes
become is omitted for winrm connection.',NULL,'0',STR_TO_DATE('2015/04/01 10:00:00.000000','%Y/%m/%d %H:%i:%s.%f'),1);
INSERT INTO T_COMN_MENU_COLUMN_LINK (COLUMN_DEFINITION_ID,MENU_ID,COLUMN_NAME_JA,COLUMN_NAME_EN,COLUMN_NAME_REST,COL_GROUP_ID,COLUMN_CLASS,COLUMN_DISP_SEQ,REF_TABLE_NAME,REF_PKEY_NAME,REF_COL_NAME,REF_SORT_CONDITIONS,REF_MULTI_LANG,SENSITIVE_COL_NAME,COL_NAME,SAVE_TYPE,AUTO_INPUT,INPUT_ITEM,VIEW_ITEM,UNIQUE_ITEM,REQUIRED_ITEM,INITIAL_VALUE,VALIDATE_OPTION,BEFORE_VALIDATE_REGISTER,AFTER_VALIDATE_REGISTER,DESCRIPTION_JA,DESCRIPTION_EN,NOTE,DISUSE_FLAG,LAST_UPDATE_TIMESTAMP,LAST_UPDATE_USER) VALUES('67','10202','オプションパラメータ','Optional parameters','optional_parameters','1','1',90,NULL,NULL,NULL,NULL,'0',NULL,'ANS_EXEC_OPTIONS              ',NULL,'0','1','1','0','0',NULL,'{
"min_length": 0,
"max_length": 4000
}',NULL,NULL,'Movement固有のansible-playbookコマンドのオプションパ ラメータを設定します。','Movement-specific ansible-playbook command optional parameters.',NULL,'0',STR_TO_DATE('2015/04/01 10:00:00.000000','%Y/%m/%d %H:%i:%s.%f'),1);
INSERT INTO T_COMN_MENU_COLUMN_LINK_JNL (JOURNAL_SEQ_NO,JOURNAL_REG_DATETIME,JOURNAL_ACTION_CLASS,COLUMN_DEFINITION_ID,MENU_ID,COLUMN_NAME_JA,COLUMN_NAME_EN,COLUMN_NAME_REST,COL_GROUP_ID,COLUMN_CLASS,COLUMN_DISP_SEQ,REF_TABLE_NAME,REF_PKEY_NAME,REF_COL_NAME,REF_SORT_CONDITIONS,REF_MULTI_LANG,SENSITIVE_COL_NAME,COL_NAME,SAVE_TYPE,AUTO_INPUT,INPUT_ITEM,VIEW_ITEM,UNIQUE_ITEM,REQUIRED_ITEM,INITIAL_VALUE,VALIDATE_OPTION,BEFORE_VALIDATE_REGISTER,AFTER_VALIDATE_REGISTER,DESCRIPTION_JA,DESCRIPTION_EN,NOTE,DISUSE_FLAG,LAST_UPDATE_TIMESTAMP,LAST_UPDATE_USER) VALUES(67,STR_TO_DATE('2015/04/01 10:00:00.000000','%Y/%m/%d %H:%i:%s.%f'),'INSERT','67','10202','オプションパラメータ','Optional parameters','optional_parameters','1','1',90,NULL,NULL,NULL,NULL,'0',NULL,'ANS_EXEC_OPTIONS              ',NULL,'0','1','1','0','0',NULL,'{
"min_length": 0,
"max_length": 4000
}',NULL,NULL,'Movement固有のansible-playbookコマンドのオプションパ ラメータを設定します。','Movement-specific ansible-playbook command optional parameters.',NULL,'0',STR_TO_DATE('2015/04/01 10:00:00.000000','%Y/%m/%d %H:%i:%s.%f'),1);
INSERT INTO T_COMN_MENU_COLUMN_LINK (COLUMN_DEFINITION_ID,MENU_ID,COLUMN_NAME_JA,COLUMN_NAME_EN,COLUMN_NAME_REST,COL_GROUP_ID,COLUMN_CLASS,COLUMN_DISP_SEQ,REF_TABLE_NAME,REF_PKEY_NAME,REF_COL_NAME,REF_SORT_CONDITIONS,REF_MULTI_LANG,SENSITIVE_COL_NAME,COL_NAME,SAVE_TYPE,AUTO_INPUT,INPUT_ITEM,VIEW_ITEM,UNIQUE_ITEM,REQUIRED_ITEM,INITIAL_VALUE,VALIDATE_OPTION,BEFORE_VALIDATE_REGISTER,AFTER_VALIDATE_REGISTER,DESCRIPTION_JA,DESCRIPTION_EN,NOTE,DISUSE_FLAG,LAST_UPDATE_TIMESTAMP,LAST_UPDATE_USER) VALUES('68','10202','Virtualenv　','Virtualenv　','ansible_engine_virtualenv','2','1',100,NULL,NULL,NULL,NULL,'0',NULL,'ANS_ENGINE_VIRTUALENV_NAME    ',NULL,'0','1','1','0','0',NULL,'{
"min_length": 0,
"max_length": 255
}',NULL,NULL,'Ansibleサーバー内にvirtualenvで構築したansible実行環 境で作業実行したい場合、virtualenvのフルパスを入力して下さい。','f you want to run operations in the ansible execution environment created with the ansible server\'s virtualenv, input the full path for virtualenv.',NULL,'0',STR_TO_DATE('2015/04/01 10:00:00.000000','%Y/%m/%d %H:%i:%s.%f'),1);
INSERT INTO T_COMN_MENU_COLUMN_LINK_JNL (JOURNAL_SEQ_NO,JOURNAL_REG_DATETIME,JOURNAL_ACTION_CLASS,COLUMN_DEFINITION_ID,MENU_ID,COLUMN_NAME_JA,COLUMN_NAME_EN,COLUMN_NAME_REST,COL_GROUP_ID,COLUMN_CLASS,COLUMN_DISP_SEQ,REF_TABLE_NAME,REF_PKEY_NAME,REF_COL_NAME,REF_SORT_CONDITIONS,REF_MULTI_LANG,SENSITIVE_COL_NAME,COL_NAME,SAVE_TYPE,AUTO_INPUT,INPUT_ITEM,VIEW_ITEM,UNIQUE_ITEM,REQUIRED_ITEM,INITIAL_VALUE,VALIDATE_OPTION,BEFORE_VALIDATE_REGISTER,AFTER_VALIDATE_REGISTER,DESCRIPTION_JA,DESCRIPTION_EN,NOTE,DISUSE_FLAG,LAST_UPDATE_TIMESTAMP,LAST_UPDATE_USER) VALUES(68,STR_TO_DATE('2015/04/01 10:00:00.000000','%Y/%m/%d %H:%i:%s.%f'),'INSERT','68','10202','Virtualenv　','Virtualenv　','ansible_engine_virtualenv','2','1',100,NULL,NULL,NULL,NULL,'0',NULL,'ANS_ENGINE_VIRTUALENV_NAME    ',NULL,'0','1','1','0','0',NULL,'{
"min_length": 0,
"max_length": 255
}',NULL,NULL,'Ansibleサーバー内にvirtualenvで構築したansible実行環 境で作業実行したい場合、virtualenvのフルパスを入力して下さい。','f you want to run operations in the ansible execution environment created with the ansible server\'s virtualenv, input the full path for virtualenv.',NULL,'0',STR_TO_DATE('2015/04/01 10:00:00.000000','%Y/%m/%d %H:%i:%s.%f'),1);
INSERT INTO T_COMN_MENU_COLUMN_LINK (COLUMN_DEFINITION_ID,MENU_ID,COLUMN_NAME_JA,COLUMN_NAME_EN,COLUMN_NAME_REST,COL_GROUP_ID,COLUMN_CLASS,COLUMN_DISP_SEQ,REF_TABLE_NAME,REF_PKEY_NAME,REF_COL_NAME,REF_SORT_CONDITIONS,REF_MULTI_LANG,SENSITIVE_COL_NAME,COL_NAME,SAVE_TYPE,AUTO_INPUT,INPUT_ITEM,VIEW_ITEM,UNIQUE_ITEM,REQUIRED_ITEM,INITIAL_VALUE,VALIDATE_OPTION,BEFORE_VALIDATE_REGISTER,AFTER_VALIDATE_REGISTER,DESCRIPTION_JA,DESCRIPTION_EN,NOTE,DISUSE_FLAG,LAST_UPDATE_TIMESTAMP,LAST_UPDATE_USER) VALUES('69','10202','Virtualenv','Virtualenv','AAC_virtualenv','3','7',110,'T_COMN_AAC_VIRTUALENV','VIRTUALENV_NAME','VIRTUALENV_NAME',NULL,'0',NULL,'ANS_VIRTUALENV_NAME           ',NULL,'0','1','1','0','0',NULL,'{
"min_length": 0,
"max_length": 255
}',NULL,NULL,'Ansible Automation Controllerサーバの/var/lib/awx/venv配下にvirtualenvで構築したansible実行環境のフルパスが表示されています。','This item displays the full path of the ansible execution environment constructed with the virtualenv within the Ansible Automation Controller server\'s /var/lib/awx/venv.
If you want to run operations in the ansible execution environment constructed with virtualenv, please select the full path for "virtualenv".
If nothing is selelcted, the ansible environment that was installed when installing Ansible Automation Controller will be used.',NULL,'0',STR_TO_DATE('2015/04/01 10:00:00.000000','%Y/%m/%d %H:%i:%s.%f'),1);
INSERT INTO T_COMN_MENU_COLUMN_LINK_JNL (JOURNAL_SEQ_NO,JOURNAL_REG_DATETIME,JOURNAL_ACTION_CLASS,COLUMN_DEFINITION_ID,MENU_ID,COLUMN_NAME_JA,COLUMN_NAME_EN,COLUMN_NAME_REST,COL_GROUP_ID,COLUMN_CLASS,COLUMN_DISP_SEQ,REF_TABLE_NAME,REF_PKEY_NAME,REF_COL_NAME,REF_SORT_CONDITIONS,REF_MULTI_LANG,SENSITIVE_COL_NAME,COL_NAME,SAVE_TYPE,AUTO_INPUT,INPUT_ITEM,VIEW_ITEM,UNIQUE_ITEM,REQUIRED_ITEM,INITIAL_VALUE,VALIDATE_OPTION,BEFORE_VALIDATE_REGISTER,AFTER_VALIDATE_REGISTER,DESCRIPTION_JA,DESCRIPTION_EN,NOTE,DISUSE_FLAG,LAST_UPDATE_TIMESTAMP,LAST_UPDATE_USER) VALUES(69,STR_TO_DATE('2015/04/01 10:00:00.000000','%Y/%m/%d %H:%i:%s.%f'),'INSERT','69','10202','Virtualenv','Virtualenv','AAC_virtualenv','3','7',110,'T_COMN_AAC_VIRTUALENV','VIRTUALENV_NAME','VIRTUALENV_NAME',NULL,'0',NULL,'ANS_VIRTUALENV_NAME           ',NULL,'0','1','1','0','0',NULL,'{
"min_length": 0,
"max_length": 255
}',NULL,NULL,'Ansible Automation Controllerサーバの/var/lib/awx/venv配下にvirtualenvで構築したansible実行環境のフルパスが表示されています。','This item displays the full path of the ansible execution environment constructed with the virtualenv within the Ansible Automation Controller server\'s /var/lib/awx/venv.
If you want to run operations in the ansible execution environment constructed with virtualenv, please select the full path for "virtualenv".
If nothing is selelcted, the ansible environment that was installed when installing Ansible Automation Controller will be used.',NULL,'0',STR_TO_DATE('2015/04/01 10:00:00.000000','%Y/%m/%d %H:%i:%s.%f'),1);
INSERT INTO T_COMN_MENU_COLUMN_LINK (COLUMN_DEFINITION_ID,MENU_ID,COLUMN_NAME_JA,COLUMN_NAME_EN,COLUMN_NAME_REST,COL_GROUP_ID,COLUMN_CLASS,COLUMN_DISP_SEQ,REF_TABLE_NAME,REF_PKEY_NAME,REF_COL_NAME,REF_SORT_CONDITIONS,REF_MULTI_LANG,SENSITIVE_COL_NAME,COL_NAME,SAVE_TYPE,AUTO_INPUT,INPUT_ITEM,VIEW_ITEM,UNIQUE_ITEM,REQUIRED_ITEM,INITIAL_VALUE,VALIDATE_OPTION,BEFORE_VALIDATE_REGISTER,AFTER_VALIDATE_REGISTER,DESCRIPTION_JA,DESCRIPTION_EN,NOTE,DISUSE_FLAG,LAST_UPDATE_TIMESTAMP,LAST_UPDATE_USER) VALUES('70','10202','実行環境','Execution environment','Execution environment','4','7',120,'T_COMN_AAC_EXECUTION_ENVIRONMENT','EXECUTION_ENVIRONMENT_NAME','EXECUTION_ENVIRONMENT_NAME',NULL,'0',NULL,'ANS_EXECUTION_ENVIRONMENT_NAME',NULL,'0','1','1','0','0',NULL,'{
"min_length": 0,
"max_length": 255
}',NULL,NULL,'Displays the Execution environments constructed in the Ansible Automation Controller server.
Please select the Execution environment you want to operate.
If nothing is selected, "Default execution environment" will be selected by default.','Ansible Automation Controllerサーバに構築されている実行環境が表示されています。
作業実行する実行環境を選択して下さい。
未選択の場合は、デフォルト「Default execution environment」が使用されます。',NULL,'0',STR_TO_DATE('2015/04/01 10:00:00.000000','%Y/%m/%d %H:%i:%s.%f'),1);
INSERT INTO T_COMN_MENU_COLUMN_LINK_JNL (JOURNAL_SEQ_NO,JOURNAL_REG_DATETIME,JOURNAL_ACTION_CLASS,COLUMN_DEFINITION_ID,MENU_ID,COLUMN_NAME_JA,COLUMN_NAME_EN,COLUMN_NAME_REST,COL_GROUP_ID,COLUMN_CLASS,COLUMN_DISP_SEQ,REF_TABLE_NAME,REF_PKEY_NAME,REF_COL_NAME,REF_SORT_CONDITIONS,REF_MULTI_LANG,SENSITIVE_COL_NAME,COL_NAME,SAVE_TYPE,AUTO_INPUT,INPUT_ITEM,VIEW_ITEM,UNIQUE_ITEM,REQUIRED_ITEM,INITIAL_VALUE,VALIDATE_OPTION,BEFORE_VALIDATE_REGISTER,AFTER_VALIDATE_REGISTER,DESCRIPTION_JA,DESCRIPTION_EN,NOTE,DISUSE_FLAG,LAST_UPDATE_TIMESTAMP,LAST_UPDATE_USER) VALUES(70,STR_TO_DATE('2015/04/01 10:00:00.000000','%Y/%m/%d %H:%i:%s.%f'),'INSERT','70','10202','実行環境','Execution environment','Execution environment','4','7',120,'T_COMN_AAC_EXECUTION_ENVIRONMENT','EXECUTION_ENVIRONMENT_NAME','EXECUTION_ENVIRONMENT_NAME',NULL,'0',NULL,'ANS_EXECUTION_ENVIRONMENT_NAME',NULL,'0','1','1','0','0',NULL,'{
"min_length": 0,
"max_length": 255
}',NULL,NULL,'Displays the Execution environments constructed in the Ansible Automation Controller server.
Please select the Execution environment you want to operate.
If nothing is selected, "Default execution environment" will be selected by default.','Ansible Automation Controllerサーバに構築されている実行環境が表示されています。
作業実行する実行環境を選択して下さい。
未選択の場合は、デフォルト「Default execution environment」が使用されます。',NULL,'0',STR_TO_DATE('2015/04/01 10:00:00.000000','%Y/%m/%d %H:%i:%s.%f'),1);
INSERT INTO T_COMN_MENU_COLUMN_LINK (COLUMN_DEFINITION_ID,MENU_ID,COLUMN_NAME_JA,COLUMN_NAME_EN,COLUMN_NAME_REST,COL_GROUP_ID,COLUMN_CLASS,COLUMN_DISP_SEQ,REF_TABLE_NAME,REF_PKEY_NAME,REF_COL_NAME,REF_SORT_CONDITIONS,REF_MULTI_LANG,SENSITIVE_COL_NAME,COL_NAME,SAVE_TYPE,AUTO_INPUT,INPUT_ITEM,VIEW_ITEM,UNIQUE_ITEM,REQUIRED_ITEM,INITIAL_VALUE,VALIDATE_OPTION,BEFORE_VALIDATE_REGISTER,AFTER_VALIDATE_REGISTER,DESCRIPTION_JA,DESCRIPTION_EN,NOTE,DISUSE_FLAG,LAST_UPDATE_TIMESTAMP,LAST_UPDATE_USER) VALUES('71','10202','Ansible.cfg','Ansible.cfg','Ansible_cfg',NULL,'9',130,NULL,NULL,NULL,NULL,'0',NULL,'ANS_ANSIBLE_CONFIG_FILE       ',NULL,'0','1','1','0','0',NULL,'{
"upload_max_size": 4294967296
}',NULL,NULL,'作業実行時に使用するansible.cfgをアップロードします。
未アップロードの場合は、デフォルトが使用されます。
また、ロールパッケージ管理でアップロードされているzipファイルにansible.cfgが含まれている場合は、アップロードしたansible.cfg>で上書きされます。','Uploads the ansible.cfg file.
If the file hasn\'t been uploaded, the default value will be used.
If a zip file containing ansible.cfg is uploaded to the role package list, the uploaded ansible.cfg will be overwritten.',NULL,'0',STR_TO_DATE('2015/04/01 10:00:00.000000','%Y/%m/%d %H:%i:%s.%f'),1);
INSERT INTO T_COMN_MENU_COLUMN_LINK_JNL (JOURNAL_SEQ_NO,JOURNAL_REG_DATETIME,JOURNAL_ACTION_CLASS,COLUMN_DEFINITION_ID,MENU_ID,COLUMN_NAME_JA,COLUMN_NAME_EN,COLUMN_NAME_REST,COL_GROUP_ID,COLUMN_CLASS,COLUMN_DISP_SEQ,REF_TABLE_NAME,REF_PKEY_NAME,REF_COL_NAME,REF_SORT_CONDITIONS,REF_MULTI_LANG,SENSITIVE_COL_NAME,COL_NAME,SAVE_TYPE,AUTO_INPUT,INPUT_ITEM,VIEW_ITEM,UNIQUE_ITEM,REQUIRED_ITEM,INITIAL_VALUE,VALIDATE_OPTION,BEFORE_VALIDATE_REGISTER,AFTER_VALIDATE_REGISTER,DESCRIPTION_JA,DESCRIPTION_EN,NOTE,DISUSE_FLAG,LAST_UPDATE_TIMESTAMP,LAST_UPDATE_USER) VALUES(71,STR_TO_DATE('2015/04/01 10:00:00.000000','%Y/%m/%d %H:%i:%s.%f'),'INSERT','71','10202','Ansible.cfg','Ansible.cfg','Ansible_cfg',NULL,'9',130,NULL,NULL,NULL,NULL,'0',NULL,'ANS_ANSIBLE_CONFIG_FILE       ',NULL,'0','1','1','0','0',NULL,'{
"upload_max_size": 4294967296
}',NULL,NULL,'作業実行時に使用するansible.cfgをアップロードします。
未アップロードの場合は、デフォルトが使用されます。
また、ロールパッケージ管理でアップロードされているzipファイルにansible.cfgが含まれている場合は、アップロードしたansible.cfg>で上書きされます。','Uploads the ansible.cfg file.
If the file hasn\'t been uploaded, the default value will be used.
If a zip file containing ansible.cfg is uploaded to the role package list, the uploaded ansible.cfg will be overwritten.',NULL,'0',STR_TO_DATE('2015/04/01 10:00:00.000000','%Y/%m/%d %H:%i:%s.%f'),1);
INSERT INTO T_COMN_MENU_COLUMN_LINK (COLUMN_DEFINITION_ID,MENU_ID,COLUMN_NAME_JA,COLUMN_NAME_EN,COLUMN_NAME_REST,COL_GROUP_ID,COLUMN_CLASS,COLUMN_DISP_SEQ,REF_TABLE_NAME,REF_PKEY_NAME,REF_COL_NAME,REF_SORT_CONDITIONS,REF_MULTI_LANG,SENSITIVE_COL_NAME,COL_NAME,SAVE_TYPE,AUTO_INPUT,INPUT_ITEM,VIEW_ITEM,UNIQUE_ITEM,REQUIRED_ITEM,INITIAL_VALUE,VALIDATE_OPTION,BEFORE_VALIDATE_REGISTER,AFTER_VALIDATE_REGISTER,DESCRIPTION_JA,DESCRIPTION_EN,NOTE,DISUSE_FLAG,LAST_UPDATE_TIMESTAMP,LAST_UPDATE_USER) VALUES('72','10202','Organization:Workspace','Organization:Workspace','Organization_Workspace',NULL,'7',140,NULL,NULL,NULL,NULL,'0',NULL,'TERRAFORM_WORKSPACE_ID        ',NULL,'0','1','1','0','0',NULL,NULL,NULL,NULL,'対象のOrganization:Workspaceです。','Target Organization:Workspace.',NULL,'0',STR_TO_DATE('2015/04/01 10:00:00.000000','%Y/%m/%d %H:%i:%s.%f'),1);
INSERT INTO T_COMN_MENU_COLUMN_LINK_JNL (JOURNAL_SEQ_NO,JOURNAL_REG_DATETIME,JOURNAL_ACTION_CLASS,COLUMN_DEFINITION_ID,MENU_ID,COLUMN_NAME_JA,COLUMN_NAME_EN,COLUMN_NAME_REST,COL_GROUP_ID,COLUMN_CLASS,COLUMN_DISP_SEQ,REF_TABLE_NAME,REF_PKEY_NAME,REF_COL_NAME,REF_SORT_CONDITIONS,REF_MULTI_LANG,SENSITIVE_COL_NAME,COL_NAME,SAVE_TYPE,AUTO_INPUT,INPUT_ITEM,VIEW_ITEM,UNIQUE_ITEM,REQUIRED_ITEM,INITIAL_VALUE,VALIDATE_OPTION,BEFORE_VALIDATE_REGISTER,AFTER_VALIDATE_REGISTER,DESCRIPTION_JA,DESCRIPTION_EN,NOTE,DISUSE_FLAG,LAST_UPDATE_TIMESTAMP,LAST_UPDATE_USER) VALUES(72,STR_TO_DATE('2015/04/01 10:00:00.000000','%Y/%m/%d %H:%i:%s.%f'),'INSERT','72','10202','Organization:Workspace','Organization:Workspace','Organization_Workspace',NULL,'7',140,NULL,NULL,NULL,NULL,'0',NULL,'TERRAFORM_WORKSPACE_ID        ',NULL,'0','1','1','0','0',NULL,NULL,NULL,NULL,'対象のOrganization:Workspaceです。','Target Organization:Workspace.',NULL,'0',STR_TO_DATE('2015/04/01 10:00:00.000000','%Y/%m/%d %H:%i:%s.%f'),1);
INSERT INTO T_COMN_MENU_COLUMN_LINK (COLUMN_DEFINITION_ID,MENU_ID,COLUMN_NAME_JA,COLUMN_NAME_EN,COLUMN_NAME_REST,COL_GROUP_ID,COLUMN_CLASS,COLUMN_DISP_SEQ,REF_TABLE_NAME,REF_PKEY_NAME,REF_COL_NAME,REF_SORT_CONDITIONS,REF_MULTI_LANG,SENSITIVE_COL_NAME,COL_NAME,SAVE_TYPE,AUTO_INPUT,INPUT_ITEM,VIEW_ITEM,UNIQUE_ITEM,REQUIRED_ITEM,INITIAL_VALUE,VALIDATE_OPTION,BEFORE_VALIDATE_REGISTER,AFTER_VALIDATE_REGISTER,DESCRIPTION_JA,DESCRIPTION_EN,NOTE,DISUSE_FLAG,LAST_UPDATE_TIMESTAMP,LAST_UPDATE_USER) VALUES('73','10202','備考','Remarks','remarks',NULL,'12',150,NULL,NULL,NULL,NULL,'0',NULL,'NOTE                 ',NULL,'0','1','1','0','0',NULL,'{
"int_min": 0,
"int_max": 4000
}',NULL,NULL,'自由記述欄。レコードの廃止・復活時にも記載可能。','Comments section. Can comment when removing or restoring records.',NULL,'0',STR_TO_DATE('2015/04/01 10:00:00.000000','%Y/%m/%d %H:%i:%s.%f'),1);
INSERT INTO T_COMN_MENU_COLUMN_LINK_JNL (JOURNAL_SEQ_NO,JOURNAL_REG_DATETIME,JOURNAL_ACTION_CLASS,COLUMN_DEFINITION_ID,MENU_ID,COLUMN_NAME_JA,COLUMN_NAME_EN,COLUMN_NAME_REST,COL_GROUP_ID,COLUMN_CLASS,COLUMN_DISP_SEQ,REF_TABLE_NAME,REF_PKEY_NAME,REF_COL_NAME,REF_SORT_CONDITIONS,REF_MULTI_LANG,SENSITIVE_COL_NAME,COL_NAME,SAVE_TYPE,AUTO_INPUT,INPUT_ITEM,VIEW_ITEM,UNIQUE_ITEM,REQUIRED_ITEM,INITIAL_VALUE,VALIDATE_OPTION,BEFORE_VALIDATE_REGISTER,AFTER_VALIDATE_REGISTER,DESCRIPTION_JA,DESCRIPTION_EN,NOTE,DISUSE_FLAG,LAST_UPDATE_TIMESTAMP,LAST_UPDATE_USER) VALUES(73,STR_TO_DATE('2015/04/01 10:00:00.000000','%Y/%m/%d %H:%i:%s.%f'),'INSERT','73','10202','備考','Remarks','remarks',NULL,'12',150,NULL,NULL,NULL,NULL,'0',NULL,'NOTE                 ',NULL,'0','1','1','0','0',NULL,'{
"int_min": 0,
"int_max": 4000
}',NULL,NULL,'自由記述欄。レコードの廃止・復活時にも記載可能。','Comments section. Can comment when removing or restoring records.',NULL,'0',STR_TO_DATE('2015/04/01 10:00:00.000000','%Y/%m/%d %H:%i:%s.%f'),1);
INSERT INTO T_COMN_MENU_COLUMN_LINK (COLUMN_DEFINITION_ID,MENU_ID,COLUMN_NAME_JA,COLUMN_NAME_EN,COLUMN_NAME_REST,COL_GROUP_ID,COLUMN_CLASS,COLUMN_DISP_SEQ,REF_TABLE_NAME,REF_PKEY_NAME,REF_COL_NAME,REF_SORT_CONDITIONS,REF_MULTI_LANG,SENSITIVE_COL_NAME,COL_NAME,SAVE_TYPE,AUTO_INPUT,INPUT_ITEM,VIEW_ITEM,UNIQUE_ITEM,REQUIRED_ITEM,INITIAL_VALUE,VALIDATE_OPTION,BEFORE_VALIDATE_REGISTER,AFTER_VALIDATE_REGISTER,DESCRIPTION_JA,DESCRIPTION_EN,NOTE,DISUSE_FLAG,LAST_UPDATE_TIMESTAMP,LAST_UPDATE_USER) VALUES('74','10202','廃止フラグ','Discard','discard',NULL,'1',160,NULL,NULL,NULL,NULL,'0',NULL,'DISUSE_FLAG',NULL,'1','0','0','0','1',NULL,NULL,NULL,NULL,'廃止フラグ。復活以外のオペレーションは不可','Discard flag. Cannot do operation other than restore.',NULL,'0',STR_TO_DATE('2015/04/01 10:00:00.000000','%Y/%m/%d %H:%i:%s.%f'),1);
INSERT INTO T_COMN_MENU_COLUMN_LINK_JNL (JOURNAL_SEQ_NO,JOURNAL_REG_DATETIME,JOURNAL_ACTION_CLASS,COLUMN_DEFINITION_ID,MENU_ID,COLUMN_NAME_JA,COLUMN_NAME_EN,COLUMN_NAME_REST,COL_GROUP_ID,COLUMN_CLASS,COLUMN_DISP_SEQ,REF_TABLE_NAME,REF_PKEY_NAME,REF_COL_NAME,REF_SORT_CONDITIONS,REF_MULTI_LANG,SENSITIVE_COL_NAME,COL_NAME,SAVE_TYPE,AUTO_INPUT,INPUT_ITEM,VIEW_ITEM,UNIQUE_ITEM,REQUIRED_ITEM,INITIAL_VALUE,VALIDATE_OPTION,BEFORE_VALIDATE_REGISTER,AFTER_VALIDATE_REGISTER,DESCRIPTION_JA,DESCRIPTION_EN,NOTE,DISUSE_FLAG,LAST_UPDATE_TIMESTAMP,LAST_UPDATE_USER) VALUES(74,STR_TO_DATE('2015/04/01 10:00:00.000000','%Y/%m/%d %H:%i:%s.%f'),'INSERT','74','10202','廃止フラグ','Discard','discard',NULL,'1',160,NULL,NULL,NULL,NULL,'0',NULL,'DISUSE_FLAG',NULL,'1','0','0','0','1',NULL,NULL,NULL,NULL,'廃止フラグ。復活以外のオペレーションは不可','Discard flag. Cannot do operation other than restore.',NULL,'0',STR_TO_DATE('2015/04/01 10:00:00.000000','%Y/%m/%d %H:%i:%s.%f'),1);
INSERT INTO T_COMN_MENU_COLUMN_LINK (COLUMN_DEFINITION_ID,MENU_ID,COLUMN_NAME_JA,COLUMN_NAME_EN,COLUMN_NAME_REST,COL_GROUP_ID,COLUMN_CLASS,COLUMN_DISP_SEQ,REF_TABLE_NAME,REF_PKEY_NAME,REF_COL_NAME,REF_SORT_CONDITIONS,REF_MULTI_LANG,SENSITIVE_COL_NAME,COL_NAME,SAVE_TYPE,AUTO_INPUT,INPUT_ITEM,VIEW_ITEM,UNIQUE_ITEM,REQUIRED_ITEM,INITIAL_VALUE,VALIDATE_OPTION,BEFORE_VALIDATE_REGISTER,AFTER_VALIDATE_REGISTER,DESCRIPTION_JA,DESCRIPTION_EN,NOTE,DISUSE_FLAG,LAST_UPDATE_TIMESTAMP,LAST_UPDATE_USER) VALUES('75','10202','最終更新日時','Last update date/time','last_update_date_time',NULL,'13',170,NULL,NULL,NULL,NULL,'0',NULL,'LAST_UPDATE_TIMESTAMP',NULL,'1','0','1','0','1',NULL,NULL,NULL,NULL,'レコードの最終更新日。自動登録のため編集不可。','Last update date of record. Cannot edit because of auto-registration.',NULL,'0',STR_TO_DATE('2015/04/01 10:00:00.000000','%Y/%m/%d %H:%i:%s.%f'),1);
INSERT INTO T_COMN_MENU_COLUMN_LINK_JNL (JOURNAL_SEQ_NO,JOURNAL_REG_DATETIME,JOURNAL_ACTION_CLASS,COLUMN_DEFINITION_ID,MENU_ID,COLUMN_NAME_JA,COLUMN_NAME_EN,COLUMN_NAME_REST,COL_GROUP_ID,COLUMN_CLASS,COLUMN_DISP_SEQ,REF_TABLE_NAME,REF_PKEY_NAME,REF_COL_NAME,REF_SORT_CONDITIONS,REF_MULTI_LANG,SENSITIVE_COL_NAME,COL_NAME,SAVE_TYPE,AUTO_INPUT,INPUT_ITEM,VIEW_ITEM,UNIQUE_ITEM,REQUIRED_ITEM,INITIAL_VALUE,VALIDATE_OPTION,BEFORE_VALIDATE_REGISTER,AFTER_VALIDATE_REGISTER,DESCRIPTION_JA,DESCRIPTION_EN,NOTE,DISUSE_FLAG,LAST_UPDATE_TIMESTAMP,LAST_UPDATE_USER) VALUES(75,STR_TO_DATE('2015/04/01 10:00:00.000000','%Y/%m/%d %H:%i:%s.%f'),'INSERT','75','10202','最終更新日時','Last update date/time','last_update_date_time',NULL,'13',170,NULL,NULL,NULL,NULL,'0',NULL,'LAST_UPDATE_TIMESTAMP',NULL,'1','0','1','0','1',NULL,NULL,NULL,NULL,'レコードの最終更新日。自動登録のため編集不可。','Last update date of record. Cannot edit because of auto-registration.',NULL,'0',STR_TO_DATE('2015/04/01 10:00:00.000000','%Y/%m/%d %H:%i:%s.%f'),1);
INSERT INTO T_COMN_MENU_COLUMN_LINK (COLUMN_DEFINITION_ID,MENU_ID,COLUMN_NAME_JA,COLUMN_NAME_EN,COLUMN_NAME_REST,COL_GROUP_ID,COLUMN_CLASS,COLUMN_DISP_SEQ,REF_TABLE_NAME,REF_PKEY_NAME,REF_COL_NAME,REF_SORT_CONDITIONS,REF_MULTI_LANG,SENSITIVE_COL_NAME,COL_NAME,SAVE_TYPE,AUTO_INPUT,INPUT_ITEM,VIEW_ITEM,UNIQUE_ITEM,REQUIRED_ITEM,INITIAL_VALUE,VALIDATE_OPTION,BEFORE_VALIDATE_REGISTER,AFTER_VALIDATE_REGISTER,DESCRIPTION_JA,DESCRIPTION_EN,NOTE,DISUSE_FLAG,LAST_UPDATE_TIMESTAMP,LAST_UPDATE_USER) VALUES('76','10202','最終更新者','Last updated by','last_updated_user',NULL,'14',180,NULL,NULL,NULL,NULL,'0',NULL,'LAST_UPDATE_USER',NULL,'1','0','1','0','1',NULL,NULL,NULL,NULL,'更新者。ログインユーザのIDが自動的に登録される。編集不可。','Updated by. Login user ID is automatically registered. Cannot edit.',NULL,'0',STR_TO_DATE('2015/04/01 10:00:00.000000','%Y/%m/%d %H:%i:%s.%f'),1);
INSERT INTO T_COMN_MENU_COLUMN_LINK_JNL (JOURNAL_SEQ_NO,JOURNAL_REG_DATETIME,JOURNAL_ACTION_CLASS,COLUMN_DEFINITION_ID,MENU_ID,COLUMN_NAME_JA,COLUMN_NAME_EN,COLUMN_NAME_REST,COL_GROUP_ID,COLUMN_CLASS,COLUMN_DISP_SEQ,REF_TABLE_NAME,REF_PKEY_NAME,REF_COL_NAME,REF_SORT_CONDITIONS,REF_MULTI_LANG,SENSITIVE_COL_NAME,COL_NAME,SAVE_TYPE,AUTO_INPUT,INPUT_ITEM,VIEW_ITEM,UNIQUE_ITEM,REQUIRED_ITEM,INITIAL_VALUE,VALIDATE_OPTION,BEFORE_VALIDATE_REGISTER,AFTER_VALIDATE_REGISTER,DESCRIPTION_JA,DESCRIPTION_EN,NOTE,DISUSE_FLAG,LAST_UPDATE_TIMESTAMP,LAST_UPDATE_USER) VALUES(76,STR_TO_DATE('2015/04/01 10:00:00.000000','%Y/%m/%d %H:%i:%s.%f'),'INSERT','76','10202','最終更新者','Last updated by','last_updated_user',NULL,'14',180,NULL,NULL,NULL,NULL,'0',NULL,'LAST_UPDATE_USER',NULL,'1','0','1','0','1',NULL,NULL,NULL,NULL,'更新者。ログインユーザのIDが自動的に登録される。編集不可。','Updated by. Login user ID is automatically registered. Cannot edit.',NULL,'0',STR_TO_DATE('2015/04/01 10:00:00.000000','%Y/%m/%d %H:%i:%s.%f'),1);
INSERT INTO T_COMN_MENU_COLUMN_LINK (COLUMN_DEFINITION_ID,MENU_ID,COLUMN_NAME_JA,COLUMN_NAME_EN,COLUMN_NAME_REST,COL_GROUP_ID,COLUMN_CLASS,COLUMN_DISP_SEQ,REF_TABLE_NAME,REF_PKEY_NAME,REF_COL_NAME,REF_SORT_CONDITIONS,REF_MULTI_LANG,SENSITIVE_COL_NAME,COL_NAME,SAVE_TYPE,AUTO_INPUT,INPUT_ITEM,VIEW_ITEM,UNIQUE_ITEM,REQUIRED_ITEM,INITIAL_VALUE,VALIDATE_OPTION,BEFORE_VALIDATE_REGISTER,AFTER_VALIDATE_REGISTER,DESCRIPTION_JA,DESCRIPTION_EN,NOTE,DISUSE_FLAG,LAST_UPDATE_TIMESTAMP,LAST_UPDATE_USER) VALUES('77','10203','UUID','uuid','uuid',NULL,'1',10,NULL,NULL,NULL,NULL,'0',NULL,'LINK_TARGET_MENU_ID',NULL,'1','0','1','1','1',NULL,NULL,NULL,NULL,'自動採番のため編集不可。実行処理種別が【登録】の場合、空白のみ可。','Cannot edit because of auto-numbering. Must be blank when execution process type is [Register].',NULL,'0',STR_TO_DATE('2015/04/01 10:00:00.000000','%Y/%m/%d %H:%i:%s.%f'),1);
INSERT INTO T_COMN_MENU_COLUMN_LINK_JNL (JOURNAL_SEQ_NO,JOURNAL_REG_DATETIME,JOURNAL_ACTION_CLASS,COLUMN_DEFINITION_ID,MENU_ID,COLUMN_NAME_JA,COLUMN_NAME_EN,COLUMN_NAME_REST,COL_GROUP_ID,COLUMN_CLASS,COLUMN_DISP_SEQ,REF_TABLE_NAME,REF_PKEY_NAME,REF_COL_NAME,REF_SORT_CONDITIONS,REF_MULTI_LANG,SENSITIVE_COL_NAME,COL_NAME,SAVE_TYPE,AUTO_INPUT,INPUT_ITEM,VIEW_ITEM,UNIQUE_ITEM,REQUIRED_ITEM,INITIAL_VALUE,VALIDATE_OPTION,BEFORE_VALIDATE_REGISTER,AFTER_VALIDATE_REGISTER,DESCRIPTION_JA,DESCRIPTION_EN,NOTE,DISUSE_FLAG,LAST_UPDATE_TIMESTAMP,LAST_UPDATE_USER) VALUES(77,STR_TO_DATE('2015/04/01 10:00:00.000000','%Y/%m/%d %H:%i:%s.%f'),'INSERT','77','10203','UUID','uuid','uuid',NULL,'1',10,NULL,NULL,NULL,NULL,'0',NULL,'LINK_TARGET_MENU_ID',NULL,'1','0','1','1','1',NULL,NULL,NULL,NULL,'自動採番のため編集不可。実行処理種別が【登録】の場合、空白のみ可。','Cannot edit because of auto-numbering. Must be blank when execution process type is [Register].',NULL,'0',STR_TO_DATE('2015/04/01 10:00:00.000000','%Y/%m/%d %H:%i:%s.%f'),1);
INSERT INTO T_COMN_MENU_COLUMN_LINK (COLUMN_DEFINITION_ID,MENU_ID,COLUMN_NAME_JA,COLUMN_NAME_EN,COLUMN_NAME_REST,COL_GROUP_ID,COLUMN_CLASS,COLUMN_DISP_SEQ,REF_TABLE_NAME,REF_PKEY_NAME,REF_COL_NAME,REF_SORT_CONDITIONS,REF_MULTI_LANG,SENSITIVE_COL_NAME,COL_NAME,SAVE_TYPE,AUTO_INPUT,INPUT_ITEM,VIEW_ITEM,UNIQUE_ITEM,REQUIRED_ITEM,INITIAL_VALUE,VALIDATE_OPTION,BEFORE_VALIDATE_REGISTER,AFTER_VALIDATE_REGISTER,DESCRIPTION_JA,DESCRIPTION_EN,NOTE,DISUSE_FLAG,LAST_UPDATE_TIMESTAMP,LAST_UPDATE_USER) VALUES('78','10203','メニュー名','Menu name','menu_name',NULL,'7',20,'V_COMN_MENU_GROUP_MENU_PULLDOWN','MENU_ID','MENU_GROUP_NAME_PULLDOWN',NULL,'1',NULL,'MENU_ID',NULL,'0','1','1','1','1',NULL,NULL,NULL,NULL,'プルダウン選択 必須項目','Pull-down selection  required item',NULL,'0',STR_TO_DATE('2015/04/01 10:00:00.000000','%Y/%m/%d %H:%i:%s.%f'),1);
INSERT INTO T_COMN_MENU_COLUMN_LINK_JNL (JOURNAL_SEQ_NO,JOURNAL_REG_DATETIME,JOURNAL_ACTION_CLASS,COLUMN_DEFINITION_ID,MENU_ID,COLUMN_NAME_JA,COLUMN_NAME_EN,COLUMN_NAME_REST,COL_GROUP_ID,COLUMN_CLASS,COLUMN_DISP_SEQ,REF_TABLE_NAME,REF_PKEY_NAME,REF_COL_NAME,REF_SORT_CONDITIONS,REF_MULTI_LANG,SENSITIVE_COL_NAME,COL_NAME,SAVE_TYPE,AUTO_INPUT,INPUT_ITEM,VIEW_ITEM,UNIQUE_ITEM,REQUIRED_ITEM,INITIAL_VALUE,VALIDATE_OPTION,BEFORE_VALIDATE_REGISTER,AFTER_VALIDATE_REGISTER,DESCRIPTION_JA,DESCRIPTION_EN,NOTE,DISUSE_FLAG,LAST_UPDATE_TIMESTAMP,LAST_UPDATE_USER) VALUES(78,STR_TO_DATE('2015/04/01 10:00:00.000000','%Y/%m/%d %H:%i:%s.%f'),'INSERT','78','10203','メニュー名','Menu name','menu_name',NULL,'7',20,'V_COMN_MENU_GROUP_MENU_PULLDOWN','MENU_ID','MENU_GROUP_NAME_PULLDOWN',NULL,'1',NULL,'MENU_ID',NULL,'0','1','1','1','1',NULL,NULL,NULL,NULL,'プルダウン選択 必須項目','Pull-down selection  required item',NULL,'0',STR_TO_DATE('2015/04/01 10:00:00.000000','%Y/%m/%d %H:%i:%s.%f'),1);
INSERT INTO T_COMN_MENU_COLUMN_LINK (COLUMN_DEFINITION_ID,MENU_ID,COLUMN_NAME_JA,COLUMN_NAME_EN,COLUMN_NAME_REST,COL_GROUP_ID,COLUMN_CLASS,COLUMN_DISP_SEQ,REF_TABLE_NAME,REF_PKEY_NAME,REF_COL_NAME,REF_SORT_CONDITIONS,REF_MULTI_LANG,SENSITIVE_COL_NAME,COL_NAME,SAVE_TYPE,AUTO_INPUT,INPUT_ITEM,VIEW_ITEM,UNIQUE_ITEM,REQUIRED_ITEM,INITIAL_VALUE,VALIDATE_OPTION,BEFORE_VALIDATE_REGISTER,AFTER_VALIDATE_REGISTER,DESCRIPTION_JA,DESCRIPTION_EN,NOTE,DISUSE_FLAG,LAST_UPDATE_TIMESTAMP,LAST_UPDATE_USER) VALUES('79','10203','シートタイプ','Sheet type','sheet type',NULL,'7',30,'T_COMN_SHEET_TYPE','SHEET_TYPE_NAME_ID','SHEET_TYPE_NAME',NULL,'0',NULL,'SHEET_TYPE',NULL,'0','1','1','0','1',NULL,NULL,NULL,NULL,'プルダウン選択 必須項目','Pull-down selection  required item',NULL,'0',STR_TO_DATE('2015/04/01 10:00:00.000000','%Y/%m/%d %H:%i:%s.%f'),1);
INSERT INTO T_COMN_MENU_COLUMN_LINK_JNL (JOURNAL_SEQ_NO,JOURNAL_REG_DATETIME,JOURNAL_ACTION_CLASS,COLUMN_DEFINITION_ID,MENU_ID,COLUMN_NAME_JA,COLUMN_NAME_EN,COLUMN_NAME_REST,COL_GROUP_ID,COLUMN_CLASS,COLUMN_DISP_SEQ,REF_TABLE_NAME,REF_PKEY_NAME,REF_COL_NAME,REF_SORT_CONDITIONS,REF_MULTI_LANG,SENSITIVE_COL_NAME,COL_NAME,SAVE_TYPE,AUTO_INPUT,INPUT_ITEM,VIEW_ITEM,UNIQUE_ITEM,REQUIRED_ITEM,INITIAL_VALUE,VALIDATE_OPTION,BEFORE_VALIDATE_REGISTER,AFTER_VALIDATE_REGISTER,DESCRIPTION_JA,DESCRIPTION_EN,NOTE,DISUSE_FLAG,LAST_UPDATE_TIMESTAMP,LAST_UPDATE_USER) VALUES(79,STR_TO_DATE('2015/04/01 10:00:00.000000','%Y/%m/%d %H:%i:%s.%f'),'INSERT','79','10203','シートタイプ','Sheet type','sheet type',NULL,'7',30,'T_COMN_SHEET_TYPE','SHEET_TYPE_NAME_ID','SHEET_TYPE_NAME',NULL,'0',NULL,'SHEET_TYPE',NULL,'0','1','1','0','1',NULL,NULL,NULL,NULL,'プルダウン選択 必須項目','Pull-down selection  required item',NULL,'0',STR_TO_DATE('2015/04/01 10:00:00.000000','%Y/%m/%d %H:%i:%s.%f'),1);
INSERT INTO T_COMN_MENU_COLUMN_LINK (COLUMN_DEFINITION_ID,MENU_ID,COLUMN_NAME_JA,COLUMN_NAME_EN,COLUMN_NAME_REST,COL_GROUP_ID,COLUMN_CLASS,COLUMN_DISP_SEQ,REF_TABLE_NAME,REF_PKEY_NAME,REF_COL_NAME,REF_SORT_CONDITIONS,REF_MULTI_LANG,SENSITIVE_COL_NAME,COL_NAME,SAVE_TYPE,AUTO_INPUT,INPUT_ITEM,VIEW_ITEM,UNIQUE_ITEM,REQUIRED_ITEM,INITIAL_VALUE,VALIDATE_OPTION,BEFORE_VALIDATE_REGISTER,AFTER_VALIDATE_REGISTER,DESCRIPTION_JA,DESCRIPTION_EN,NOTE,DISUSE_FLAG,LAST_UPDATE_TIMESTAMP,LAST_UPDATE_USER) VALUES('80','10203','備考','Remarks','remarks',NULL,'12',40,NULL,NULL,NULL,NULL,'0',NULL,'NOTE                 ',NULL,'0','1','1','0','0',NULL,'{
"int_min": 0,
"int_max": 4000
}',NULL,NULL,'自由記述欄。レコードの廃止・復活時にも記載可能。','Comments section. Can comment when removing or restoring records.',NULL,'0',STR_TO_DATE('2015/04/01 10:00:00.000000','%Y/%m/%d %H:%i:%s.%f'),1);
INSERT INTO T_COMN_MENU_COLUMN_LINK_JNL (JOURNAL_SEQ_NO,JOURNAL_REG_DATETIME,JOURNAL_ACTION_CLASS,COLUMN_DEFINITION_ID,MENU_ID,COLUMN_NAME_JA,COLUMN_NAME_EN,COLUMN_NAME_REST,COL_GROUP_ID,COLUMN_CLASS,COLUMN_DISP_SEQ,REF_TABLE_NAME,REF_PKEY_NAME,REF_COL_NAME,REF_SORT_CONDITIONS,REF_MULTI_LANG,SENSITIVE_COL_NAME,COL_NAME,SAVE_TYPE,AUTO_INPUT,INPUT_ITEM,VIEW_ITEM,UNIQUE_ITEM,REQUIRED_ITEM,INITIAL_VALUE,VALIDATE_OPTION,BEFORE_VALIDATE_REGISTER,AFTER_VALIDATE_REGISTER,DESCRIPTION_JA,DESCRIPTION_EN,NOTE,DISUSE_FLAG,LAST_UPDATE_TIMESTAMP,LAST_UPDATE_USER) VALUES(80,STR_TO_DATE('2015/04/01 10:00:00.000000','%Y/%m/%d %H:%i:%s.%f'),'INSERT','80','10203','備考','Remarks','remarks',NULL,'12',40,NULL,NULL,NULL,NULL,'0',NULL,'NOTE                 ',NULL,'0','1','1','0','0',NULL,'{
"int_min": 0,
"int_max": 4000
}',NULL,NULL,'自由記述欄。レコードの廃止・復活時にも記載可能。','Comments section. Can comment when removing or restoring records.',NULL,'0',STR_TO_DATE('2015/04/01 10:00:00.000000','%Y/%m/%d %H:%i:%s.%f'),1);
INSERT INTO T_COMN_MENU_COLUMN_LINK (COLUMN_DEFINITION_ID,MENU_ID,COLUMN_NAME_JA,COLUMN_NAME_EN,COLUMN_NAME_REST,COL_GROUP_ID,COLUMN_CLASS,COLUMN_DISP_SEQ,REF_TABLE_NAME,REF_PKEY_NAME,REF_COL_NAME,REF_SORT_CONDITIONS,REF_MULTI_LANG,SENSITIVE_COL_NAME,COL_NAME,SAVE_TYPE,AUTO_INPUT,INPUT_ITEM,VIEW_ITEM,UNIQUE_ITEM,REQUIRED_ITEM,INITIAL_VALUE,VALIDATE_OPTION,BEFORE_VALIDATE_REGISTER,AFTER_VALIDATE_REGISTER,DESCRIPTION_JA,DESCRIPTION_EN,NOTE,DISUSE_FLAG,LAST_UPDATE_TIMESTAMP,LAST_UPDATE_USER) VALUES('81','10203','廃止フラグ','Discard','discard',NULL,'1',50,NULL,NULL,NULL,NULL,'0',NULL,'DISUSE_FLAG',NULL,'1','0','0','0','1',NULL,NULL,NULL,NULL,'廃止フラグ。復活以外のオペレーションは不可','Discard flag. Cannot do operation other than restore.',NULL,'0',STR_TO_DATE('2015/04/01 10:00:00.000000','%Y/%m/%d %H:%i:%s.%f'),1);
INSERT INTO T_COMN_MENU_COLUMN_LINK_JNL (JOURNAL_SEQ_NO,JOURNAL_REG_DATETIME,JOURNAL_ACTION_CLASS,COLUMN_DEFINITION_ID,MENU_ID,COLUMN_NAME_JA,COLUMN_NAME_EN,COLUMN_NAME_REST,COL_GROUP_ID,COLUMN_CLASS,COLUMN_DISP_SEQ,REF_TABLE_NAME,REF_PKEY_NAME,REF_COL_NAME,REF_SORT_CONDITIONS,REF_MULTI_LANG,SENSITIVE_COL_NAME,COL_NAME,SAVE_TYPE,AUTO_INPUT,INPUT_ITEM,VIEW_ITEM,UNIQUE_ITEM,REQUIRED_ITEM,INITIAL_VALUE,VALIDATE_OPTION,BEFORE_VALIDATE_REGISTER,AFTER_VALIDATE_REGISTER,DESCRIPTION_JA,DESCRIPTION_EN,NOTE,DISUSE_FLAG,LAST_UPDATE_TIMESTAMP,LAST_UPDATE_USER) VALUES(81,STR_TO_DATE('2015/04/01 10:00:00.000000','%Y/%m/%d %H:%i:%s.%f'),'INSERT','81','10203','廃止フラグ','Discard','discard',NULL,'1',50,NULL,NULL,NULL,NULL,'0',NULL,'DISUSE_FLAG',NULL,'1','0','0','0','1',NULL,NULL,NULL,NULL,'廃止フラグ。復活以外のオペレーションは不可','Discard flag. Cannot do operation other than restore.',NULL,'0',STR_TO_DATE('2015/04/01 10:00:00.000000','%Y/%m/%d %H:%i:%s.%f'),1);
INSERT INTO T_COMN_MENU_COLUMN_LINK (COLUMN_DEFINITION_ID,MENU_ID,COLUMN_NAME_JA,COLUMN_NAME_EN,COLUMN_NAME_REST,COL_GROUP_ID,COLUMN_CLASS,COLUMN_DISP_SEQ,REF_TABLE_NAME,REF_PKEY_NAME,REF_COL_NAME,REF_SORT_CONDITIONS,REF_MULTI_LANG,SENSITIVE_COL_NAME,COL_NAME,SAVE_TYPE,AUTO_INPUT,INPUT_ITEM,VIEW_ITEM,UNIQUE_ITEM,REQUIRED_ITEM,INITIAL_VALUE,VALIDATE_OPTION,BEFORE_VALIDATE_REGISTER,AFTER_VALIDATE_REGISTER,DESCRIPTION_JA,DESCRIPTION_EN,NOTE,DISUSE_FLAG,LAST_UPDATE_TIMESTAMP,LAST_UPDATE_USER) VALUES('82','10203','最終更新日時','Last update date/time','last_update_date_time',NULL,'13',60,NULL,NULL,NULL,NULL,'0',NULL,'LAST_UPDATE_TIMESTAMP',NULL,'1','0','1','0','1',NULL,NULL,NULL,NULL,'レコードの最終更新日。自動登録のため編集不可。','Last update date of record. Cannot edit because of auto-registration.',NULL,'0',STR_TO_DATE('2015/04/01 10:00:00.000000','%Y/%m/%d %H:%i:%s.%f'),1);
INSERT INTO T_COMN_MENU_COLUMN_LINK_JNL (JOURNAL_SEQ_NO,JOURNAL_REG_DATETIME,JOURNAL_ACTION_CLASS,COLUMN_DEFINITION_ID,MENU_ID,COLUMN_NAME_JA,COLUMN_NAME_EN,COLUMN_NAME_REST,COL_GROUP_ID,COLUMN_CLASS,COLUMN_DISP_SEQ,REF_TABLE_NAME,REF_PKEY_NAME,REF_COL_NAME,REF_SORT_CONDITIONS,REF_MULTI_LANG,SENSITIVE_COL_NAME,COL_NAME,SAVE_TYPE,AUTO_INPUT,INPUT_ITEM,VIEW_ITEM,UNIQUE_ITEM,REQUIRED_ITEM,INITIAL_VALUE,VALIDATE_OPTION,BEFORE_VALIDATE_REGISTER,AFTER_VALIDATE_REGISTER,DESCRIPTION_JA,DESCRIPTION_EN,NOTE,DISUSE_FLAG,LAST_UPDATE_TIMESTAMP,LAST_UPDATE_USER) VALUES(82,STR_TO_DATE('2015/04/01 10:00:00.000000','%Y/%m/%d %H:%i:%s.%f'),'INSERT','82','10203','最終更新日時','Last update date/time','last_update_date_time',NULL,'13',60,NULL,NULL,NULL,NULL,'0',NULL,'LAST_UPDATE_TIMESTAMP',NULL,'1','0','1','0','1',NULL,NULL,NULL,NULL,'レコードの最終更新日。自動登録のため編集不可。','Last update date of record. Cannot edit because of auto-registration.',NULL,'0',STR_TO_DATE('2015/04/01 10:00:00.000000','%Y/%m/%d %H:%i:%s.%f'),1);
INSERT INTO T_COMN_MENU_COLUMN_LINK (COLUMN_DEFINITION_ID,MENU_ID,COLUMN_NAME_JA,COLUMN_NAME_EN,COLUMN_NAME_REST,COL_GROUP_ID,COLUMN_CLASS,COLUMN_DISP_SEQ,REF_TABLE_NAME,REF_PKEY_NAME,REF_COL_NAME,REF_SORT_CONDITIONS,REF_MULTI_LANG,SENSITIVE_COL_NAME,COL_NAME,SAVE_TYPE,AUTO_INPUT,INPUT_ITEM,VIEW_ITEM,UNIQUE_ITEM,REQUIRED_ITEM,INITIAL_VALUE,VALIDATE_OPTION,BEFORE_VALIDATE_REGISTER,AFTER_VALIDATE_REGISTER,DESCRIPTION_JA,DESCRIPTION_EN,NOTE,DISUSE_FLAG,LAST_UPDATE_TIMESTAMP,LAST_UPDATE_USER) VALUES('83','10203','最終更新者','Last updated by','last_updated_user',NULL,'14',70,NULL,NULL,NULL,NULL,'0',NULL,'LAST_UPDATE_USER',NULL,'1','0','1','0','1',NULL,NULL,NULL,NULL,'更新者。ログインユーザのIDが自動的に登録される。編集不可。','Updated by. Login user ID is automatically registered. Cannot edit.',NULL,'0',STR_TO_DATE('2015/04/01 10:00:00.000000','%Y/%m/%d %H:%i:%s.%f'),1);
INSERT INTO T_COMN_MENU_COLUMN_LINK_JNL (JOURNAL_SEQ_NO,JOURNAL_REG_DATETIME,JOURNAL_ACTION_CLASS,COLUMN_DEFINITION_ID,MENU_ID,COLUMN_NAME_JA,COLUMN_NAME_EN,COLUMN_NAME_REST,COL_GROUP_ID,COLUMN_CLASS,COLUMN_DISP_SEQ,REF_TABLE_NAME,REF_PKEY_NAME,REF_COL_NAME,REF_SORT_CONDITIONS,REF_MULTI_LANG,SENSITIVE_COL_NAME,COL_NAME,SAVE_TYPE,AUTO_INPUT,INPUT_ITEM,VIEW_ITEM,UNIQUE_ITEM,REQUIRED_ITEM,INITIAL_VALUE,VALIDATE_OPTION,BEFORE_VALIDATE_REGISTER,AFTER_VALIDATE_REGISTER,DESCRIPTION_JA,DESCRIPTION_EN,NOTE,DISUSE_FLAG,LAST_UPDATE_TIMESTAMP,LAST_UPDATE_USER) VALUES(83,STR_TO_DATE('2015/04/01 10:00:00.000000','%Y/%m/%d %H:%i:%s.%f'),'INSERT','83','10203','最終更新者','Last updated by','last_updated_user',NULL,'14',70,NULL,NULL,NULL,NULL,'0',NULL,'LAST_UPDATE_USER',NULL,'1','0','1','0','1',NULL,NULL,NULL,NULL,'更新者。ログインユーザのIDが自動的に登録される。編集不可。','Updated by. Login user ID is automatically registered. Cannot edit.',NULL,'0',STR_TO_DATE('2015/04/01 10:00:00.000000','%Y/%m/%d %H:%i:%s.%f'),1);
INSERT INTO T_COMN_MENU_COLUMN_LINK (COLUMN_DEFINITION_ID,MENU_ID,COLUMN_NAME_JA,COLUMN_NAME_EN,COLUMN_NAME_REST,COL_GROUP_ID,COLUMN_CLASS,COLUMN_DISP_SEQ,REF_TABLE_NAME,REF_PKEY_NAME,REF_COL_NAME,REF_SORT_CONDITIONS,REF_MULTI_LANG,SENSITIVE_COL_NAME,COL_NAME,SAVE_TYPE,AUTO_INPUT,INPUT_ITEM,VIEW_ITEM,UNIQUE_ITEM,REQUIRED_ITEM,INITIAL_VALUE,VALIDATE_OPTION,BEFORE_VALIDATE_REGISTER,AFTER_VALIDATE_REGISTER,DESCRIPTION_JA,DESCRIPTION_EN,NOTE,DISUSE_FLAG,LAST_UPDATE_TIMESTAMP,LAST_UPDATE_USER) VALUES('84','10204','UUID','uuid','uuid',NULL,'1',10,NULL,NULL,NULL,NULL,'0',NULL,'TABLE_DEFINITION_ID',NULL,'1','1','1','1','1',NULL,NULL,NULL,NULL,'自動採番のため編集不可。実行処理種別が【登録】の場合、空白のみ可。','Cannot edit because of auto-numbering. Must be blank when execution process type is [Register].',NULL,'0',STR_TO_DATE('2015/04/01 10:00:00.000000','%Y/%m/%d %H:%i:%s.%f'),1);
INSERT INTO T_COMN_MENU_COLUMN_LINK_JNL (JOURNAL_SEQ_NO,JOURNAL_REG_DATETIME,JOURNAL_ACTION_CLASS,COLUMN_DEFINITION_ID,MENU_ID,COLUMN_NAME_JA,COLUMN_NAME_EN,COLUMN_NAME_REST,COL_GROUP_ID,COLUMN_CLASS,COLUMN_DISP_SEQ,REF_TABLE_NAME,REF_PKEY_NAME,REF_COL_NAME,REF_SORT_CONDITIONS,REF_MULTI_LANG,SENSITIVE_COL_NAME,COL_NAME,SAVE_TYPE,AUTO_INPUT,INPUT_ITEM,VIEW_ITEM,UNIQUE_ITEM,REQUIRED_ITEM,INITIAL_VALUE,VALIDATE_OPTION,BEFORE_VALIDATE_REGISTER,AFTER_VALIDATE_REGISTER,DESCRIPTION_JA,DESCRIPTION_EN,NOTE,DISUSE_FLAG,LAST_UPDATE_TIMESTAMP,LAST_UPDATE_USER) VALUES(84,STR_TO_DATE('2015/04/01 10:00:00.000000','%Y/%m/%d %H:%i:%s.%f'),'INSERT','84','10204','UUID','uuid','uuid',NULL,'1',10,NULL,NULL,NULL,NULL,'0',NULL,'TABLE_DEFINITION_ID',NULL,'1','1','1','1','1',NULL,NULL,NULL,NULL,'自動採番のため編集不可。実行処理種別が【登録】の場合、空白のみ可。','Cannot edit because of auto-numbering. Must be blank when execution process type is [Register].',NULL,'0',STR_TO_DATE('2015/04/01 10:00:00.000000','%Y/%m/%d %H:%i:%s.%f'),1);
INSERT INTO T_COMN_MENU_COLUMN_LINK (COLUMN_DEFINITION_ID,MENU_ID,COLUMN_NAME_JA,COLUMN_NAME_EN,COLUMN_NAME_REST,COL_GROUP_ID,COLUMN_CLASS,COLUMN_DISP_SEQ,REF_TABLE_NAME,REF_PKEY_NAME,REF_COL_NAME,REF_SORT_CONDITIONS,REF_MULTI_LANG,SENSITIVE_COL_NAME,COL_NAME,SAVE_TYPE,AUTO_INPUT,INPUT_ITEM,VIEW_ITEM,UNIQUE_ITEM,REQUIRED_ITEM,INITIAL_VALUE,VALIDATE_OPTION,BEFORE_VALIDATE_REGISTER,AFTER_VALIDATE_REGISTER,DESCRIPTION_JA,DESCRIPTION_EN,NOTE,DISUSE_FLAG,LAST_UPDATE_TIMESTAMP,LAST_UPDATE_USER) VALUES('85','10204','メニュー','Menu name','menu_name',NULL,'7',20,'V_COMN_MENU_GROUP_MENU_PULLDOWN','MENU_ID','MENU_GROUP_NAME_PULLDOWN',NULL,'1',NULL,'MENU_ID',NULL,'0','1','1','0','1',NULL,NULL,NULL,NULL,'プルダウン選択 必須項目','Pull-down selection  required item',NULL,'0',STR_TO_DATE('2015/04/01 10:00:00.000000','%Y/%m/%d %H:%i:%s.%f'),1);
INSERT INTO T_COMN_MENU_COLUMN_LINK_JNL (JOURNAL_SEQ_NO,JOURNAL_REG_DATETIME,JOURNAL_ACTION_CLASS,COLUMN_DEFINITION_ID,MENU_ID,COLUMN_NAME_JA,COLUMN_NAME_EN,COLUMN_NAME_REST,COL_GROUP_ID,COLUMN_CLASS,COLUMN_DISP_SEQ,REF_TABLE_NAME,REF_PKEY_NAME,REF_COL_NAME,REF_SORT_CONDITIONS,REF_MULTI_LANG,SENSITIVE_COL_NAME,COL_NAME,SAVE_TYPE,AUTO_INPUT,INPUT_ITEM,VIEW_ITEM,UNIQUE_ITEM,REQUIRED_ITEM,INITIAL_VALUE,VALIDATE_OPTION,BEFORE_VALIDATE_REGISTER,AFTER_VALIDATE_REGISTER,DESCRIPTION_JA,DESCRIPTION_EN,NOTE,DISUSE_FLAG,LAST_UPDATE_TIMESTAMP,LAST_UPDATE_USER) VALUES(85,STR_TO_DATE('2015/04/01 10:00:00.000000','%Y/%m/%d %H:%i:%s.%f'),'INSERT','85','10204','メニュー','Menu name','menu_name',NULL,'7',20,'V_COMN_MENU_GROUP_MENU_PULLDOWN','MENU_ID','MENU_GROUP_NAME_PULLDOWN',NULL,'1',NULL,'MENU_ID',NULL,'0','1','1','0','1',NULL,NULL,NULL,NULL,'プルダウン選択 必須項目','Pull-down selection  required item',NULL,'0',STR_TO_DATE('2015/04/01 10:00:00.000000','%Y/%m/%d %H:%i:%s.%f'),1);
INSERT INTO T_COMN_MENU_COLUMN_LINK (COLUMN_DEFINITION_ID,MENU_ID,COLUMN_NAME_JA,COLUMN_NAME_EN,COLUMN_NAME_REST,COL_GROUP_ID,COLUMN_CLASS,COLUMN_DISP_SEQ,REF_TABLE_NAME,REF_PKEY_NAME,REF_COL_NAME,REF_SORT_CONDITIONS,REF_MULTI_LANG,SENSITIVE_COL_NAME,COL_NAME,SAVE_TYPE,AUTO_INPUT,INPUT_ITEM,VIEW_ITEM,UNIQUE_ITEM,REQUIRED_ITEM,INITIAL_VALUE,VALIDATE_OPTION,BEFORE_VALIDATE_REGISTER,AFTER_VALIDATE_REGISTER,DESCRIPTION_JA,DESCRIPTION_EN,NOTE,DISUSE_FLAG,LAST_UPDATE_TIMESTAMP,LAST_UPDATE_USER) VALUES('86','10204','テーブル名','Table name','table_name',NULL,'1',30,NULL,NULL,NULL,NULL,'0',NULL,'TABLE_NAME',NULL,'0','1','1','0','1',NULL,'{
"min_length": 0,
"max_length": 255
}',NULL,NULL,'[最大長]255バイト','[Maximum length] 255 byte',NULL,'0',STR_TO_DATE('2015/04/01 10:00:00.000000','%Y/%m/%d %H:%i:%s.%f'),1);
INSERT INTO T_COMN_MENU_COLUMN_LINK_JNL (JOURNAL_SEQ_NO,JOURNAL_REG_DATETIME,JOURNAL_ACTION_CLASS,COLUMN_DEFINITION_ID,MENU_ID,COLUMN_NAME_JA,COLUMN_NAME_EN,COLUMN_NAME_REST,COL_GROUP_ID,COLUMN_CLASS,COLUMN_DISP_SEQ,REF_TABLE_NAME,REF_PKEY_NAME,REF_COL_NAME,REF_SORT_CONDITIONS,REF_MULTI_LANG,SENSITIVE_COL_NAME,COL_NAME,SAVE_TYPE,AUTO_INPUT,INPUT_ITEM,VIEW_ITEM,UNIQUE_ITEM,REQUIRED_ITEM,INITIAL_VALUE,VALIDATE_OPTION,BEFORE_VALIDATE_REGISTER,AFTER_VALIDATE_REGISTER,DESCRIPTION_JA,DESCRIPTION_EN,NOTE,DISUSE_FLAG,LAST_UPDATE_TIMESTAMP,LAST_UPDATE_USER) VALUES(86,STR_TO_DATE('2015/04/01 10:00:00.000000','%Y/%m/%d %H:%i:%s.%f'),'INSERT','86','10204','テーブル名','Table name','table_name',NULL,'1',30,NULL,NULL,NULL,NULL,'0',NULL,'TABLE_NAME',NULL,'0','1','1','0','1',NULL,'{
"min_length": 0,
"max_length": 255
}',NULL,NULL,'[最大長]255バイト','[Maximum length] 255 byte',NULL,'0',STR_TO_DATE('2015/04/01 10:00:00.000000','%Y/%m/%d %H:%i:%s.%f'),1);
INSERT INTO T_COMN_MENU_COLUMN_LINK (COLUMN_DEFINITION_ID,MENU_ID,COLUMN_NAME_JA,COLUMN_NAME_EN,COLUMN_NAME_REST,COL_GROUP_ID,COLUMN_CLASS,COLUMN_DISP_SEQ,REF_TABLE_NAME,REF_PKEY_NAME,REF_COL_NAME,REF_SORT_CONDITIONS,REF_MULTI_LANG,SENSITIVE_COL_NAME,COL_NAME,SAVE_TYPE,AUTO_INPUT,INPUT_ITEM,VIEW_ITEM,UNIQUE_ITEM,REQUIRED_ITEM,INITIAL_VALUE,VALIDATE_OPTION,BEFORE_VALIDATE_REGISTER,AFTER_VALIDATE_REGISTER,DESCRIPTION_JA,DESCRIPTION_EN,NOTE,DISUSE_FLAG,LAST_UPDATE_TIMESTAMP,LAST_UPDATE_USER) VALUES('87','10204','ビュー名','View name','view_name',NULL,'1',40,NULL,NULL,NULL,NULL,'0',NULL,'VIEW_NAME',NULL,'0','1','1','0','0',NULL,'{
"min_length": 0,
"max_length": 255
}',NULL,NULL,'[最大長]255バイト','[Maximum length] 255 byte',NULL,'0',STR_TO_DATE('2015/04/01 10:00:00.000000','%Y/%m/%d %H:%i:%s.%f'),1);
INSERT INTO T_COMN_MENU_COLUMN_LINK_JNL (JOURNAL_SEQ_NO,JOURNAL_REG_DATETIME,JOURNAL_ACTION_CLASS,COLUMN_DEFINITION_ID,MENU_ID,COLUMN_NAME_JA,COLUMN_NAME_EN,COLUMN_NAME_REST,COL_GROUP_ID,COLUMN_CLASS,COLUMN_DISP_SEQ,REF_TABLE_NAME,REF_PKEY_NAME,REF_COL_NAME,REF_SORT_CONDITIONS,REF_MULTI_LANG,SENSITIVE_COL_NAME,COL_NAME,SAVE_TYPE,AUTO_INPUT,INPUT_ITEM,VIEW_ITEM,UNIQUE_ITEM,REQUIRED_ITEM,INITIAL_VALUE,VALIDATE_OPTION,BEFORE_VALIDATE_REGISTER,AFTER_VALIDATE_REGISTER,DESCRIPTION_JA,DESCRIPTION_EN,NOTE,DISUSE_FLAG,LAST_UPDATE_TIMESTAMP,LAST_UPDATE_USER) VALUES(87,STR_TO_DATE('2015/04/01 10:00:00.000000','%Y/%m/%d %H:%i:%s.%f'),'INSERT','87','10204','ビュー名','View name','view_name',NULL,'1',40,NULL,NULL,NULL,NULL,'0',NULL,'VIEW_NAME',NULL,'0','1','1','0','0',NULL,'{
"min_length": 0,
"max_length": 255
}',NULL,NULL,'[最大長]255バイト','[Maximum length] 255 byte',NULL,'0',STR_TO_DATE('2015/04/01 10:00:00.000000','%Y/%m/%d %H:%i:%s.%f'),1);
INSERT INTO T_COMN_MENU_COLUMN_LINK (COLUMN_DEFINITION_ID,MENU_ID,COLUMN_NAME_JA,COLUMN_NAME_EN,COLUMN_NAME_REST,COL_GROUP_ID,COLUMN_CLASS,COLUMN_DISP_SEQ,REF_TABLE_NAME,REF_PKEY_NAME,REF_COL_NAME,REF_SORT_CONDITIONS,REF_MULTI_LANG,SENSITIVE_COL_NAME,COL_NAME,SAVE_TYPE,AUTO_INPUT,INPUT_ITEM,VIEW_ITEM,UNIQUE_ITEM,REQUIRED_ITEM,INITIAL_VALUE,VALIDATE_OPTION,BEFORE_VALIDATE_REGISTER,AFTER_VALIDATE_REGISTER,DESCRIPTION_JA,DESCRIPTION_EN,NOTE,DISUSE_FLAG,LAST_UPDATE_TIMESTAMP,LAST_UPDATE_USER) VALUES('88','10204','説明(ja)','Description(ja)','description_ja',NULL,'2',50,NULL,NULL,NULL,NULL,'0',NULL,'MENU_INFO_JA',NULL,'0','1','1','0','0',NULL,'{
"min_length": 0,
"max_length": 4000
}',NULL,NULL,'[最大長]4000バイト','[Maximum length] 4000 byte',NULL,'0',STR_TO_DATE('2015/04/01 10:00:00.000000','%Y/%m/%d %H:%i:%s.%f'),1);
INSERT INTO T_COMN_MENU_COLUMN_LINK_JNL (JOURNAL_SEQ_NO,JOURNAL_REG_DATETIME,JOURNAL_ACTION_CLASS,COLUMN_DEFINITION_ID,MENU_ID,COLUMN_NAME_JA,COLUMN_NAME_EN,COLUMN_NAME_REST,COL_GROUP_ID,COLUMN_CLASS,COLUMN_DISP_SEQ,REF_TABLE_NAME,REF_PKEY_NAME,REF_COL_NAME,REF_SORT_CONDITIONS,REF_MULTI_LANG,SENSITIVE_COL_NAME,COL_NAME,SAVE_TYPE,AUTO_INPUT,INPUT_ITEM,VIEW_ITEM,UNIQUE_ITEM,REQUIRED_ITEM,INITIAL_VALUE,VALIDATE_OPTION,BEFORE_VALIDATE_REGISTER,AFTER_VALIDATE_REGISTER,DESCRIPTION_JA,DESCRIPTION_EN,NOTE,DISUSE_FLAG,LAST_UPDATE_TIMESTAMP,LAST_UPDATE_USER) VALUES(88,STR_TO_DATE('2015/04/01 10:00:00.000000','%Y/%m/%d %H:%i:%s.%f'),'INSERT','88','10204','説明(ja)','Description(ja)','description_ja',NULL,'2',50,NULL,NULL,NULL,NULL,'0',NULL,'MENU_INFO_JA',NULL,'0','1','1','0','0',NULL,'{
"min_length": 0,
"max_length": 4000
}',NULL,NULL,'[最大長]4000バイト','[Maximum length] 4000 byte',NULL,'0',STR_TO_DATE('2015/04/01 10:00:00.000000','%Y/%m/%d %H:%i:%s.%f'),1);
INSERT INTO T_COMN_MENU_COLUMN_LINK (COLUMN_DEFINITION_ID,MENU_ID,COLUMN_NAME_JA,COLUMN_NAME_EN,COLUMN_NAME_REST,COL_GROUP_ID,COLUMN_CLASS,COLUMN_DISP_SEQ,REF_TABLE_NAME,REF_PKEY_NAME,REF_COL_NAME,REF_SORT_CONDITIONS,REF_MULTI_LANG,SENSITIVE_COL_NAME,COL_NAME,SAVE_TYPE,AUTO_INPUT,INPUT_ITEM,VIEW_ITEM,UNIQUE_ITEM,REQUIRED_ITEM,INITIAL_VALUE,VALIDATE_OPTION,BEFORE_VALIDATE_REGISTER,AFTER_VALIDATE_REGISTER,DESCRIPTION_JA,DESCRIPTION_EN,NOTE,DISUSE_FLAG,LAST_UPDATE_TIMESTAMP,LAST_UPDATE_USER) VALUES('89','10204','説明(en)','Description(en)','description_en',NULL,'2',60,NULL,NULL,NULL,NULL,'0',NULL,'MENU_INFO_EN',NULL,'0','1','1','0','0',NULL,'{
"min_length": 0,
"max_length": 4000
}',NULL,NULL,'[最大長]4000バイト','[Maximum length] 4000 byte',NULL,'0',STR_TO_DATE('2015/04/01 10:00:00.000000','%Y/%m/%d %H:%i:%s.%f'),1);
INSERT INTO T_COMN_MENU_COLUMN_LINK_JNL (JOURNAL_SEQ_NO,JOURNAL_REG_DATETIME,JOURNAL_ACTION_CLASS,COLUMN_DEFINITION_ID,MENU_ID,COLUMN_NAME_JA,COLUMN_NAME_EN,COLUMN_NAME_REST,COL_GROUP_ID,COLUMN_CLASS,COLUMN_DISP_SEQ,REF_TABLE_NAME,REF_PKEY_NAME,REF_COL_NAME,REF_SORT_CONDITIONS,REF_MULTI_LANG,SENSITIVE_COL_NAME,COL_NAME,SAVE_TYPE,AUTO_INPUT,INPUT_ITEM,VIEW_ITEM,UNIQUE_ITEM,REQUIRED_ITEM,INITIAL_VALUE,VALIDATE_OPTION,BEFORE_VALIDATE_REGISTER,AFTER_VALIDATE_REGISTER,DESCRIPTION_JA,DESCRIPTION_EN,NOTE,DISUSE_FLAG,LAST_UPDATE_TIMESTAMP,LAST_UPDATE_USER) VALUES(89,STR_TO_DATE('2015/04/01 10:00:00.000000','%Y/%m/%d %H:%i:%s.%f'),'INSERT','89','10204','説明(en)','Description(en)','description_en',NULL,'2',60,NULL,NULL,NULL,NULL,'0',NULL,'MENU_INFO_EN',NULL,'0','1','1','0','0',NULL,'{
"min_length": 0,
"max_length": 4000
}',NULL,NULL,'[最大長]4000バイト','[Maximum length] 4000 byte',NULL,'0',STR_TO_DATE('2015/04/01 10:00:00.000000','%Y/%m/%d %H:%i:%s.%f'),1);
INSERT INTO T_COMN_MENU_COLUMN_LINK (COLUMN_DEFINITION_ID,MENU_ID,COLUMN_NAME_JA,COLUMN_NAME_EN,COLUMN_NAME_REST,COL_GROUP_ID,COLUMN_CLASS,COLUMN_DISP_SEQ,REF_TABLE_NAME,REF_PKEY_NAME,REF_COL_NAME,REF_SORT_CONDITIONS,REF_MULTI_LANG,SENSITIVE_COL_NAME,COL_NAME,SAVE_TYPE,AUTO_INPUT,INPUT_ITEM,VIEW_ITEM,UNIQUE_ITEM,REQUIRED_ITEM,INITIAL_VALUE,VALIDATE_OPTION,BEFORE_VALIDATE_REGISTER,AFTER_VALIDATE_REGISTER,DESCRIPTION_JA,DESCRIPTION_EN,NOTE,DISUSE_FLAG,LAST_UPDATE_TIMESTAMP,LAST_UPDATE_USER) VALUES('90','10204','シートタイプ','Sheet type','sheet_type',NULL,'7',70,'T_COMN_SHEET_TYPE','SHEET_TYPE_NAME_ID','SHEET_TYPE_NAME',NULL,'1',NULL,'SHEET_TYPE',NULL,'0','1','1','0','1',NULL,NULL,NULL,NULL,'プルダウン選択 必須項目','Pull-down selection  required item',NULL,'0',STR_TO_DATE('2015/04/01 10:00:00.000000','%Y/%m/%d %H:%i:%s.%f'),1);
INSERT INTO T_COMN_MENU_COLUMN_LINK_JNL (JOURNAL_SEQ_NO,JOURNAL_REG_DATETIME,JOURNAL_ACTION_CLASS,COLUMN_DEFINITION_ID,MENU_ID,COLUMN_NAME_JA,COLUMN_NAME_EN,COLUMN_NAME_REST,COL_GROUP_ID,COLUMN_CLASS,COLUMN_DISP_SEQ,REF_TABLE_NAME,REF_PKEY_NAME,REF_COL_NAME,REF_SORT_CONDITIONS,REF_MULTI_LANG,SENSITIVE_COL_NAME,COL_NAME,SAVE_TYPE,AUTO_INPUT,INPUT_ITEM,VIEW_ITEM,UNIQUE_ITEM,REQUIRED_ITEM,INITIAL_VALUE,VALIDATE_OPTION,BEFORE_VALIDATE_REGISTER,AFTER_VALIDATE_REGISTER,DESCRIPTION_JA,DESCRIPTION_EN,NOTE,DISUSE_FLAG,LAST_UPDATE_TIMESTAMP,LAST_UPDATE_USER) VALUES(90,STR_TO_DATE('2015/04/01 10:00:00.000000','%Y/%m/%d %H:%i:%s.%f'),'INSERT','90','10204','シートタイプ','Sheet type','sheet_type',NULL,'7',70,'T_COMN_SHEET_TYPE','SHEET_TYPE_NAME_ID','SHEET_TYPE_NAME',NULL,'1',NULL,'SHEET_TYPE',NULL,'0','1','1','0','1',NULL,NULL,NULL,NULL,'プルダウン選択 必須項目','Pull-down selection  required item',NULL,'0',STR_TO_DATE('2015/04/01 10:00:00.000000','%Y/%m/%d %H:%i:%s.%f'),1);
INSERT INTO T_COMN_MENU_COLUMN_LINK (COLUMN_DEFINITION_ID,MENU_ID,COLUMN_NAME_JA,COLUMN_NAME_EN,COLUMN_NAME_REST,COL_GROUP_ID,COLUMN_CLASS,COLUMN_DISP_SEQ,REF_TABLE_NAME,REF_PKEY_NAME,REF_COL_NAME,REF_SORT_CONDITIONS,REF_MULTI_LANG,SENSITIVE_COL_NAME,COL_NAME,SAVE_TYPE,AUTO_INPUT,INPUT_ITEM,VIEW_ITEM,UNIQUE_ITEM,REQUIRED_ITEM,INITIAL_VALUE,VALIDATE_OPTION,BEFORE_VALIDATE_REGISTER,AFTER_VALIDATE_REGISTER,DESCRIPTION_JA,DESCRIPTION_EN,NOTE,DISUSE_FLAG,LAST_UPDATE_TIMESTAMP,LAST_UPDATE_USER) VALUES('91','10204','継承フラグ','Inheritance flag','inheritance_flag',NULL,'7',80,'T_COMN_BOOLEAN_FLAG','FLAG_ID','FLAG_NAME',NULL,'0',NULL,'INHERIT',NULL,'0','1','1','0','0',NULL,NULL,NULL,NULL,'プルダウン選択 必須項目
True: はい
False: いいえ','Pull-down selection  required item
True: yes
False: no',NULL,'0',STR_TO_DATE('2015/04/01 10:00:00.000000','%Y/%m/%d %H:%i:%s.%f'),1);
INSERT INTO T_COMN_MENU_COLUMN_LINK_JNL (JOURNAL_SEQ_NO,JOURNAL_REG_DATETIME,JOURNAL_ACTION_CLASS,COLUMN_DEFINITION_ID,MENU_ID,COLUMN_NAME_JA,COLUMN_NAME_EN,COLUMN_NAME_REST,COL_GROUP_ID,COLUMN_CLASS,COLUMN_DISP_SEQ,REF_TABLE_NAME,REF_PKEY_NAME,REF_COL_NAME,REF_SORT_CONDITIONS,REF_MULTI_LANG,SENSITIVE_COL_NAME,COL_NAME,SAVE_TYPE,AUTO_INPUT,INPUT_ITEM,VIEW_ITEM,UNIQUE_ITEM,REQUIRED_ITEM,INITIAL_VALUE,VALIDATE_OPTION,BEFORE_VALIDATE_REGISTER,AFTER_VALIDATE_REGISTER,DESCRIPTION_JA,DESCRIPTION_EN,NOTE,DISUSE_FLAG,LAST_UPDATE_TIMESTAMP,LAST_UPDATE_USER) VALUES(91,STR_TO_DATE('2015/04/01 10:00:00.000000','%Y/%m/%d %H:%i:%s.%f'),'INSERT','91','10204','継承フラグ','Inheritance flag','inheritance_flag',NULL,'7',80,'T_COMN_BOOLEAN_FLAG','FLAG_ID','FLAG_NAME',NULL,'0',NULL,'INHERIT',NULL,'0','1','1','0','0',NULL,NULL,NULL,NULL,'プルダウン選択 必須項目
True: はい
False: いいえ','Pull-down selection  required item
True: yes
False: no',NULL,'0',STR_TO_DATE('2015/04/01 10:00:00.000000','%Y/%m/%d %H:%i:%s.%f'),1);
INSERT INTO T_COMN_MENU_COLUMN_LINK (COLUMN_DEFINITION_ID,MENU_ID,COLUMN_NAME_JA,COLUMN_NAME_EN,COLUMN_NAME_REST,COL_GROUP_ID,COLUMN_CLASS,COLUMN_DISP_SEQ,REF_TABLE_NAME,REF_PKEY_NAME,REF_COL_NAME,REF_SORT_CONDITIONS,REF_MULTI_LANG,SENSITIVE_COL_NAME,COL_NAME,SAVE_TYPE,AUTO_INPUT,INPUT_ITEM,VIEW_ITEM,UNIQUE_ITEM,REQUIRED_ITEM,INITIAL_VALUE,VALIDATE_OPTION,BEFORE_VALIDATE_REGISTER,AFTER_VALIDATE_REGISTER,DESCRIPTION_JA,DESCRIPTION_EN,NOTE,DISUSE_FLAG,LAST_UPDATE_TIMESTAMP,LAST_UPDATE_USER) VALUES('92','10204','縦型フラグ','Vertical flag','Vertical_flag',NULL,'7',90,'T_COMN_BOOLEAN_FLAG','FLAG_ID','FLAG_NAME',NULL,'0',NULL,'VERTICAL',NULL,'0','1','1','0','0',NULL,NULL,NULL,NULL,'プルダウン選択 必須項目
True: はい
False: いいえ','Pull-down selection  required item
True: yes
False: no',NULL,'0',STR_TO_DATE('2015/04/01 10:00:00.000000','%Y/%m/%d %H:%i:%s.%f'),1);
INSERT INTO T_COMN_MENU_COLUMN_LINK_JNL (JOURNAL_SEQ_NO,JOURNAL_REG_DATETIME,JOURNAL_ACTION_CLASS,COLUMN_DEFINITION_ID,MENU_ID,COLUMN_NAME_JA,COLUMN_NAME_EN,COLUMN_NAME_REST,COL_GROUP_ID,COLUMN_CLASS,COLUMN_DISP_SEQ,REF_TABLE_NAME,REF_PKEY_NAME,REF_COL_NAME,REF_SORT_CONDITIONS,REF_MULTI_LANG,SENSITIVE_COL_NAME,COL_NAME,SAVE_TYPE,AUTO_INPUT,INPUT_ITEM,VIEW_ITEM,UNIQUE_ITEM,REQUIRED_ITEM,INITIAL_VALUE,VALIDATE_OPTION,BEFORE_VALIDATE_REGISTER,AFTER_VALIDATE_REGISTER,DESCRIPTION_JA,DESCRIPTION_EN,NOTE,DISUSE_FLAG,LAST_UPDATE_TIMESTAMP,LAST_UPDATE_USER) VALUES(92,STR_TO_DATE('2015/04/01 10:00:00.000000','%Y/%m/%d %H:%i:%s.%f'),'INSERT','92','10204','縦型フラグ','Vertical flag','Vertical_flag',NULL,'7',90,'T_COMN_BOOLEAN_FLAG','FLAG_ID','FLAG_NAME',NULL,'0',NULL,'VERTICAL',NULL,'0','1','1','0','0',NULL,NULL,NULL,NULL,'プルダウン選択 必須項目
True: はい
False: いいえ','Pull-down selection  required item
True: yes
False: no',NULL,'0',STR_TO_DATE('2015/04/01 10:00:00.000000','%Y/%m/%d %H:%i:%s.%f'),1);
INSERT INTO T_COMN_MENU_COLUMN_LINK (COLUMN_DEFINITION_ID,MENU_ID,COLUMN_NAME_JA,COLUMN_NAME_EN,COLUMN_NAME_REST,COL_GROUP_ID,COLUMN_CLASS,COLUMN_DISP_SEQ,REF_TABLE_NAME,REF_PKEY_NAME,REF_COL_NAME,REF_SORT_CONDITIONS,REF_MULTI_LANG,SENSITIVE_COL_NAME,COL_NAME,SAVE_TYPE,AUTO_INPUT,INPUT_ITEM,VIEW_ITEM,UNIQUE_ITEM,REQUIRED_ITEM,INITIAL_VALUE,VALIDATE_OPTION,BEFORE_VALIDATE_REGISTER,AFTER_VALIDATE_REGISTER,DESCRIPTION_JA,DESCRIPTION_EN,NOTE,DISUSE_FLAG,LAST_UPDATE_TIMESTAMP,LAST_UPDATE_USER) VALUES('93','10204','登録許可フラグ','row insert flag','row_insert_flag',NULL,'7',100,'T_COMN_BOOLEAN_FLAG','FLAG_ID','FLAG_NAME',NULL,'0',NULL,'ROW_INSERT_FLAG',NULL,'0','1','1','0','0',NULL,NULL,NULL,NULL,'プルダウン選択 必須項目
True: はい
False: いいえ','Pull-down selection  required item
True: yes
False: no',NULL,'0',STR_TO_DATE('2015/04/01 10:00:00.000000','%Y/%m/%d %H:%i:%s.%f'),1);
INSERT INTO T_COMN_MENU_COLUMN_LINK_JNL (JOURNAL_SEQ_NO,JOURNAL_REG_DATETIME,JOURNAL_ACTION_CLASS,COLUMN_DEFINITION_ID,MENU_ID,COLUMN_NAME_JA,COLUMN_NAME_EN,COLUMN_NAME_REST,COL_GROUP_ID,COLUMN_CLASS,COLUMN_DISP_SEQ,REF_TABLE_NAME,REF_PKEY_NAME,REF_COL_NAME,REF_SORT_CONDITIONS,REF_MULTI_LANG,SENSITIVE_COL_NAME,COL_NAME,SAVE_TYPE,AUTO_INPUT,INPUT_ITEM,VIEW_ITEM,UNIQUE_ITEM,REQUIRED_ITEM,INITIAL_VALUE,VALIDATE_OPTION,BEFORE_VALIDATE_REGISTER,AFTER_VALIDATE_REGISTER,DESCRIPTION_JA,DESCRIPTION_EN,NOTE,DISUSE_FLAG,LAST_UPDATE_TIMESTAMP,LAST_UPDATE_USER) VALUES(93,STR_TO_DATE('2015/04/01 10:00:00.000000','%Y/%m/%d %H:%i:%s.%f'),'INSERT','93','10204','登録許可フラグ','row insert flag','row_insert_flag',NULL,'7',100,'T_COMN_BOOLEAN_FLAG','FLAG_ID','FLAG_NAME',NULL,'0',NULL,'ROW_INSERT_FLAG',NULL,'0','1','1','0','0',NULL,NULL,NULL,NULL,'プルダウン選択 必須項目
True: はい
False: いいえ','Pull-down selection  required item
True: yes
False: no',NULL,'0',STR_TO_DATE('2015/04/01 10:00:00.000000','%Y/%m/%d %H:%i:%s.%f'),1);
INSERT INTO T_COMN_MENU_COLUMN_LINK (COLUMN_DEFINITION_ID,MENU_ID,COLUMN_NAME_JA,COLUMN_NAME_EN,COLUMN_NAME_REST,COL_GROUP_ID,COLUMN_CLASS,COLUMN_DISP_SEQ,REF_TABLE_NAME,REF_PKEY_NAME,REF_COL_NAME,REF_SORT_CONDITIONS,REF_MULTI_LANG,SENSITIVE_COL_NAME,COL_NAME,SAVE_TYPE,AUTO_INPUT,INPUT_ITEM,VIEW_ITEM,UNIQUE_ITEM,REQUIRED_ITEM,INITIAL_VALUE,VALIDATE_OPTION,BEFORE_VALIDATE_REGISTER,AFTER_VALIDATE_REGISTER,DESCRIPTION_JA,DESCRIPTION_EN,NOTE,DISUSE_FLAG,LAST_UPDATE_TIMESTAMP,LAST_UPDATE_USER) VALUES('94','10204','更新許可フラグ','row update flag','row_update_flag',NULL,'7',110,'T_COMN_BOOLEAN_FLAG','FLAG_ID','FLAG_NAME',NULL,'0',NULL,'ROW_UPDATE_FLAG',NULL,'0','1','1','0','0',NULL,NULL,NULL,NULL,'プルダウン選択 必須項目
True: はい
False: いいえ','Pull-down selection  required item
True: yes
False: no',NULL,'0',STR_TO_DATE('2015/04/01 10:00:00.000000','%Y/%m/%d %H:%i:%s.%f'),1);
INSERT INTO T_COMN_MENU_COLUMN_LINK_JNL (JOURNAL_SEQ_NO,JOURNAL_REG_DATETIME,JOURNAL_ACTION_CLASS,COLUMN_DEFINITION_ID,MENU_ID,COLUMN_NAME_JA,COLUMN_NAME_EN,COLUMN_NAME_REST,COL_GROUP_ID,COLUMN_CLASS,COLUMN_DISP_SEQ,REF_TABLE_NAME,REF_PKEY_NAME,REF_COL_NAME,REF_SORT_CONDITIONS,REF_MULTI_LANG,SENSITIVE_COL_NAME,COL_NAME,SAVE_TYPE,AUTO_INPUT,INPUT_ITEM,VIEW_ITEM,UNIQUE_ITEM,REQUIRED_ITEM,INITIAL_VALUE,VALIDATE_OPTION,BEFORE_VALIDATE_REGISTER,AFTER_VALIDATE_REGISTER,DESCRIPTION_JA,DESCRIPTION_EN,NOTE,DISUSE_FLAG,LAST_UPDATE_TIMESTAMP,LAST_UPDATE_USER) VALUES(94,STR_TO_DATE('2015/04/01 10:00:00.000000','%Y/%m/%d %H:%i:%s.%f'),'INSERT','94','10204','更新許可フラグ','row update flag','row_update_flag',NULL,'7',110,'T_COMN_BOOLEAN_FLAG','FLAG_ID','FLAG_NAME',NULL,'0',NULL,'ROW_UPDATE_FLAG',NULL,'0','1','1','0','0',NULL,NULL,NULL,NULL,'プルダウン選択 必須項目
True: はい
False: いいえ','Pull-down selection  required item
True: yes
False: no',NULL,'0',STR_TO_DATE('2015/04/01 10:00:00.000000','%Y/%m/%d %H:%i:%s.%f'),1);
INSERT INTO T_COMN_MENU_COLUMN_LINK (COLUMN_DEFINITION_ID,MENU_ID,COLUMN_NAME_JA,COLUMN_NAME_EN,COLUMN_NAME_REST,COL_GROUP_ID,COLUMN_CLASS,COLUMN_DISP_SEQ,REF_TABLE_NAME,REF_PKEY_NAME,REF_COL_NAME,REF_SORT_CONDITIONS,REF_MULTI_LANG,SENSITIVE_COL_NAME,COL_NAME,SAVE_TYPE,AUTO_INPUT,INPUT_ITEM,VIEW_ITEM,UNIQUE_ITEM,REQUIRED_ITEM,INITIAL_VALUE,VALIDATE_OPTION,BEFORE_VALIDATE_REGISTER,AFTER_VALIDATE_REGISTER,DESCRIPTION_JA,DESCRIPTION_EN,NOTE,DISUSE_FLAG,LAST_UPDATE_TIMESTAMP,LAST_UPDATE_USER) VALUES('95','10204','廃止許可フラグ','row disuse flag','row_disuse_flag',NULL,'7',120,'T_COMN_BOOLEAN_FLAG','FLAG_ID','FLAG_NAME',NULL,'0',NULL,'ROW_DISUSE_FLAG',NULL,'0','1','1','0','0',NULL,NULL,NULL,NULL,'プルダウン選択 必須項目
True: はい
False: いいえ','Pull-down selection  required item
True: yes
False: no',NULL,'0',STR_TO_DATE('2015/04/01 10:00:00.000000','%Y/%m/%d %H:%i:%s.%f'),1);
INSERT INTO T_COMN_MENU_COLUMN_LINK_JNL (JOURNAL_SEQ_NO,JOURNAL_REG_DATETIME,JOURNAL_ACTION_CLASS,COLUMN_DEFINITION_ID,MENU_ID,COLUMN_NAME_JA,COLUMN_NAME_EN,COLUMN_NAME_REST,COL_GROUP_ID,COLUMN_CLASS,COLUMN_DISP_SEQ,REF_TABLE_NAME,REF_PKEY_NAME,REF_COL_NAME,REF_SORT_CONDITIONS,REF_MULTI_LANG,SENSITIVE_COL_NAME,COL_NAME,SAVE_TYPE,AUTO_INPUT,INPUT_ITEM,VIEW_ITEM,UNIQUE_ITEM,REQUIRED_ITEM,INITIAL_VALUE,VALIDATE_OPTION,BEFORE_VALIDATE_REGISTER,AFTER_VALIDATE_REGISTER,DESCRIPTION_JA,DESCRIPTION_EN,NOTE,DISUSE_FLAG,LAST_UPDATE_TIMESTAMP,LAST_UPDATE_USER) VALUES(95,STR_TO_DATE('2015/04/01 10:00:00.000000','%Y/%m/%d %H:%i:%s.%f'),'INSERT','95','10204','廃止許可フラグ','row disuse flag','row_disuse_flag',NULL,'7',120,'T_COMN_BOOLEAN_FLAG','FLAG_ID','FLAG_NAME',NULL,'0',NULL,'ROW_DISUSE_FLAG',NULL,'0','1','1','0','0',NULL,NULL,NULL,NULL,'プルダウン選択 必須項目
True: はい
False: いいえ','Pull-down selection  required item
True: yes
False: no',NULL,'0',STR_TO_DATE('2015/04/01 10:00:00.000000','%Y/%m/%d %H:%i:%s.%f'),1);
INSERT INTO T_COMN_MENU_COLUMN_LINK (COLUMN_DEFINITION_ID,MENU_ID,COLUMN_NAME_JA,COLUMN_NAME_EN,COLUMN_NAME_REST,COL_GROUP_ID,COLUMN_CLASS,COLUMN_DISP_SEQ,REF_TABLE_NAME,REF_PKEY_NAME,REF_COL_NAME,REF_SORT_CONDITIONS,REF_MULTI_LANG,SENSITIVE_COL_NAME,COL_NAME,SAVE_TYPE,AUTO_INPUT,INPUT_ITEM,VIEW_ITEM,UNIQUE_ITEM,REQUIRED_ITEM,INITIAL_VALUE,VALIDATE_OPTION,BEFORE_VALIDATE_REGISTER,AFTER_VALIDATE_REGISTER,DESCRIPTION_JA,DESCRIPTION_EN,NOTE,DISUSE_FLAG,LAST_UPDATE_TIMESTAMP,LAST_UPDATE_USER) VALUES('96','10204','復活許可フラグ','row reuse flag','row_reuse_flag',NULL,'7',130,'T_COMN_BOOLEAN_FLAG','FLAG_ID','FLAG_NAME',NULL,'0',NULL,'ROW_REUSE_FLAG',NULL,'0','1','1','0','0',NULL,NULL,NULL,NULL,'プルダウン選択 必須項目
True: はい
False: いいえ','Pull-down selection  required item
True: yes
False: no',NULL,'0',STR_TO_DATE('2015/04/01 10:00:00.000000','%Y/%m/%d %H:%i:%s.%f'),1);
INSERT INTO T_COMN_MENU_COLUMN_LINK_JNL (JOURNAL_SEQ_NO,JOURNAL_REG_DATETIME,JOURNAL_ACTION_CLASS,COLUMN_DEFINITION_ID,MENU_ID,COLUMN_NAME_JA,COLUMN_NAME_EN,COLUMN_NAME_REST,COL_GROUP_ID,COLUMN_CLASS,COLUMN_DISP_SEQ,REF_TABLE_NAME,REF_PKEY_NAME,REF_COL_NAME,REF_SORT_CONDITIONS,REF_MULTI_LANG,SENSITIVE_COL_NAME,COL_NAME,SAVE_TYPE,AUTO_INPUT,INPUT_ITEM,VIEW_ITEM,UNIQUE_ITEM,REQUIRED_ITEM,INITIAL_VALUE,VALIDATE_OPTION,BEFORE_VALIDATE_REGISTER,AFTER_VALIDATE_REGISTER,DESCRIPTION_JA,DESCRIPTION_EN,NOTE,DISUSE_FLAG,LAST_UPDATE_TIMESTAMP,LAST_UPDATE_USER) VALUES(96,STR_TO_DATE('2015/04/01 10:00:00.000000','%Y/%m/%d %H:%i:%s.%f'),'INSERT','96','10204','復活許可フラグ','row reuse flag','row_reuse_flag',NULL,'7',130,'T_COMN_BOOLEAN_FLAG','FLAG_ID','FLAG_NAME',NULL,'0',NULL,'ROW_REUSE_FLAG',NULL,'0','1','1','0','0',NULL,NULL,NULL,NULL,'プルダウン選択 必須項目
True: はい
False: いいえ','Pull-down selection  required item
True: yes
False: no',NULL,'0',STR_TO_DATE('2015/04/01 10:00:00.000000','%Y/%m/%d %H:%i:%s.%f'),1);
INSERT INTO T_COMN_MENU_COLUMN_LINK (COLUMN_DEFINITION_ID,MENU_ID,COLUMN_NAME_JA,COLUMN_NAME_EN,COLUMN_NAME_REST,COL_GROUP_ID,COLUMN_CLASS,COLUMN_DISP_SEQ,REF_TABLE_NAME,REF_PKEY_NAME,REF_COL_NAME,REF_SORT_CONDITIONS,REF_MULTI_LANG,SENSITIVE_COL_NAME,COL_NAME,SAVE_TYPE,AUTO_INPUT,INPUT_ITEM,VIEW_ITEM,UNIQUE_ITEM,REQUIRED_ITEM,INITIAL_VALUE,VALIDATE_OPTION,BEFORE_VALIDATE_REGISTER,AFTER_VALIDATE_REGISTER,DESCRIPTION_JA,DESCRIPTION_EN,NOTE,DISUSE_FLAG,LAST_UPDATE_TIMESTAMP,LAST_UPDATE_USER) VALUES('97','10204','ロック対象テーブル','Lock target table','lock_target_table',NULL,'2',140,NULL,NULL,NULL,NULL,'0',NULL,'LOCK_TABLE',NULL,'0','1','1','0','0',NULL,'{
"min_length": 0,
"max_length": 4000
}',NULL,NULL,'[最大長]4000バイト','[Maximum length] 4000 byte',NULL,'0',STR_TO_DATE('2015/04/01 10:00:00.000000','%Y/%m/%d %H:%i:%s.%f'),1);
INSERT INTO T_COMN_MENU_COLUMN_LINK_JNL (JOURNAL_SEQ_NO,JOURNAL_REG_DATETIME,JOURNAL_ACTION_CLASS,COLUMN_DEFINITION_ID,MENU_ID,COLUMN_NAME_JA,COLUMN_NAME_EN,COLUMN_NAME_REST,COL_GROUP_ID,COLUMN_CLASS,COLUMN_DISP_SEQ,REF_TABLE_NAME,REF_PKEY_NAME,REF_COL_NAME,REF_SORT_CONDITIONS,REF_MULTI_LANG,SENSITIVE_COL_NAME,COL_NAME,SAVE_TYPE,AUTO_INPUT,INPUT_ITEM,VIEW_ITEM,UNIQUE_ITEM,REQUIRED_ITEM,INITIAL_VALUE,VALIDATE_OPTION,BEFORE_VALIDATE_REGISTER,AFTER_VALIDATE_REGISTER,DESCRIPTION_JA,DESCRIPTION_EN,NOTE,DISUSE_FLAG,LAST_UPDATE_TIMESTAMP,LAST_UPDATE_USER) VALUES(97,STR_TO_DATE('2015/04/01 10:00:00.000000','%Y/%m/%d %H:%i:%s.%f'),'INSERT','97','10204','ロック対象テーブル','Lock target table','lock_target_table',NULL,'2',140,NULL,NULL,NULL,NULL,'0',NULL,'LOCK_TABLE',NULL,'0','1','1','0','0',NULL,'{
"min_length": 0,
"max_length": 4000
}',NULL,NULL,'[最大長]4000バイト','[Maximum length] 4000 byte',NULL,'0',STR_TO_DATE('2015/04/01 10:00:00.000000','%Y/%m/%d %H:%i:%s.%f'),1);
INSERT INTO T_COMN_MENU_COLUMN_LINK (COLUMN_DEFINITION_ID,MENU_ID,COLUMN_NAME_JA,COLUMN_NAME_EN,COLUMN_NAME_REST,COL_GROUP_ID,COLUMN_CLASS,COLUMN_DISP_SEQ,REF_TABLE_NAME,REF_PKEY_NAME,REF_COL_NAME,REF_SORT_CONDITIONS,REF_MULTI_LANG,SENSITIVE_COL_NAME,COL_NAME,SAVE_TYPE,AUTO_INPUT,INPUT_ITEM,VIEW_ITEM,UNIQUE_ITEM,REQUIRED_ITEM,INITIAL_VALUE,VALIDATE_OPTION,BEFORE_VALIDATE_REGISTER,AFTER_VALIDATE_REGISTER,DESCRIPTION_JA,DESCRIPTION_EN,NOTE,DISUSE_FLAG,LAST_UPDATE_TIMESTAMP,LAST_UPDATE_USER) VALUES('98','10204','組み合わせ一意制約','Unique constraint','unique_constraint',NULL,'2',150,NULL,NULL,NULL,NULL,'0',NULL,'UNIQUE_CONSTRAINT',NULL,'0','1','1','0','0',NULL,'{
"min_length": 0,
"max_length": 4000
}',NULL,NULL,'[最大長]4000バイト','[Maximum length] 4000 byte',NULL,'0',STR_TO_DATE('2015/04/01 10:00:00.000000','%Y/%m/%d %H:%i:%s.%f'),1);
INSERT INTO T_COMN_MENU_COLUMN_LINK_JNL (JOURNAL_SEQ_NO,JOURNAL_REG_DATETIME,JOURNAL_ACTION_CLASS,COLUMN_DEFINITION_ID,MENU_ID,COLUMN_NAME_JA,COLUMN_NAME_EN,COLUMN_NAME_REST,COL_GROUP_ID,COLUMN_CLASS,COLUMN_DISP_SEQ,REF_TABLE_NAME,REF_PKEY_NAME,REF_COL_NAME,REF_SORT_CONDITIONS,REF_MULTI_LANG,SENSITIVE_COL_NAME,COL_NAME,SAVE_TYPE,AUTO_INPUT,INPUT_ITEM,VIEW_ITEM,UNIQUE_ITEM,REQUIRED_ITEM,INITIAL_VALUE,VALIDATE_OPTION,BEFORE_VALIDATE_REGISTER,AFTER_VALIDATE_REGISTER,DESCRIPTION_JA,DESCRIPTION_EN,NOTE,DISUSE_FLAG,LAST_UPDATE_TIMESTAMP,LAST_UPDATE_USER) VALUES(98,STR_TO_DATE('2015/04/01 10:00:00.000000','%Y/%m/%d %H:%i:%s.%f'),'INSERT','98','10204','組み合わせ一意制約','Unique constraint','unique_constraint',NULL,'2',150,NULL,NULL,NULL,NULL,'0',NULL,'UNIQUE_CONSTRAINT',NULL,'0','1','1','0','0',NULL,'{
"min_length": 0,
"max_length": 4000
}',NULL,NULL,'[最大長]4000バイト','[Maximum length] 4000 byte',NULL,'0',STR_TO_DATE('2015/04/01 10:00:00.000000','%Y/%m/%d %H:%i:%s.%f'),1);
INSERT INTO T_COMN_MENU_COLUMN_LINK (COLUMN_DEFINITION_ID,MENU_ID,COLUMN_NAME_JA,COLUMN_NAME_EN,COLUMN_NAME_REST,COL_GROUP_ID,COLUMN_CLASS,COLUMN_DISP_SEQ,REF_TABLE_NAME,REF_PKEY_NAME,REF_COL_NAME,REF_SORT_CONDITIONS,REF_MULTI_LANG,SENSITIVE_COL_NAME,COL_NAME,SAVE_TYPE,AUTO_INPUT,INPUT_ITEM,VIEW_ITEM,UNIQUE_ITEM,REQUIRED_ITEM,INITIAL_VALUE,VALIDATE_OPTION,BEFORE_VALIDATE_REGISTER,AFTER_VALIDATE_REGISTER,DESCRIPTION_JA,DESCRIPTION_EN,NOTE,DISUSE_FLAG,LAST_UPDATE_TIMESTAMP,LAST_UPDATE_USER) VALUES('99','10204','個別バリデーション前','Before individual validation','before_individual_validation',NULL,'2',160,NULL,NULL,NULL,NULL,'0',NULL,'BEFORE_VALIDATE_REGISTER',NULL,'0','1','1','0','0',NULL,'{
"min_length": 0,
"max_length": 4000
}',NULL,NULL,'[最大長]4000バイト','[Maximum length] 4000 byte',NULL,'0',STR_TO_DATE('2015/04/01 10:00:00.000000','%Y/%m/%d %H:%i:%s.%f'),1);
INSERT INTO T_COMN_MENU_COLUMN_LINK_JNL (JOURNAL_SEQ_NO,JOURNAL_REG_DATETIME,JOURNAL_ACTION_CLASS,COLUMN_DEFINITION_ID,MENU_ID,COLUMN_NAME_JA,COLUMN_NAME_EN,COLUMN_NAME_REST,COL_GROUP_ID,COLUMN_CLASS,COLUMN_DISP_SEQ,REF_TABLE_NAME,REF_PKEY_NAME,REF_COL_NAME,REF_SORT_CONDITIONS,REF_MULTI_LANG,SENSITIVE_COL_NAME,COL_NAME,SAVE_TYPE,AUTO_INPUT,INPUT_ITEM,VIEW_ITEM,UNIQUE_ITEM,REQUIRED_ITEM,INITIAL_VALUE,VALIDATE_OPTION,BEFORE_VALIDATE_REGISTER,AFTER_VALIDATE_REGISTER,DESCRIPTION_JA,DESCRIPTION_EN,NOTE,DISUSE_FLAG,LAST_UPDATE_TIMESTAMP,LAST_UPDATE_USER) VALUES(99,STR_TO_DATE('2015/04/01 10:00:00.000000','%Y/%m/%d %H:%i:%s.%f'),'INSERT','99','10204','個別バリデーション前','Before individual validation','before_individual_validation',NULL,'2',160,NULL,NULL,NULL,NULL,'0',NULL,'BEFORE_VALIDATE_REGISTER',NULL,'0','1','1','0','0',NULL,'{
"min_length": 0,
"max_length": 4000
}',NULL,NULL,'[最大長]4000バイト','[Maximum length] 4000 byte',NULL,'0',STR_TO_DATE('2015/04/01 10:00:00.000000','%Y/%m/%d %H:%i:%s.%f'),1);
INSERT INTO T_COMN_MENU_COLUMN_LINK (COLUMN_DEFINITION_ID,MENU_ID,COLUMN_NAME_JA,COLUMN_NAME_EN,COLUMN_NAME_REST,COL_GROUP_ID,COLUMN_CLASS,COLUMN_DISP_SEQ,REF_TABLE_NAME,REF_PKEY_NAME,REF_COL_NAME,REF_SORT_CONDITIONS,REF_MULTI_LANG,SENSITIVE_COL_NAME,COL_NAME,SAVE_TYPE,AUTO_INPUT,INPUT_ITEM,VIEW_ITEM,UNIQUE_ITEM,REQUIRED_ITEM,INITIAL_VALUE,VALIDATE_OPTION,BEFORE_VALIDATE_REGISTER,AFTER_VALIDATE_REGISTER,DESCRIPTION_JA,DESCRIPTION_EN,NOTE,DISUSE_FLAG,LAST_UPDATE_TIMESTAMP,LAST_UPDATE_USER) VALUES('100','10204','個別バリデーション後','After the individual validation','after_individual_validation',NULL,'2',170,NULL,NULL,NULL,NULL,'0',NULL,'AFTER_VALIDATE_REGISTER',NULL,'0','1','1','0','0',NULL,'{
"min_length": 0,
"max_length": 4000
}',NULL,NULL,'[最大長]4000バイト','[Maximum length] 4000 byte',NULL,'0',STR_TO_DATE('2015/04/01 10:00:00.000000','%Y/%m/%d %H:%i:%s.%f'),1);
INSERT INTO T_COMN_MENU_COLUMN_LINK_JNL (JOURNAL_SEQ_NO,JOURNAL_REG_DATETIME,JOURNAL_ACTION_CLASS,COLUMN_DEFINITION_ID,MENU_ID,COLUMN_NAME_JA,COLUMN_NAME_EN,COLUMN_NAME_REST,COL_GROUP_ID,COLUMN_CLASS,COLUMN_DISP_SEQ,REF_TABLE_NAME,REF_PKEY_NAME,REF_COL_NAME,REF_SORT_CONDITIONS,REF_MULTI_LANG,SENSITIVE_COL_NAME,COL_NAME,SAVE_TYPE,AUTO_INPUT,INPUT_ITEM,VIEW_ITEM,UNIQUE_ITEM,REQUIRED_ITEM,INITIAL_VALUE,VALIDATE_OPTION,BEFORE_VALIDATE_REGISTER,AFTER_VALIDATE_REGISTER,DESCRIPTION_JA,DESCRIPTION_EN,NOTE,DISUSE_FLAG,LAST_UPDATE_TIMESTAMP,LAST_UPDATE_USER) VALUES(100,STR_TO_DATE('2015/04/01 10:00:00.000000','%Y/%m/%d %H:%i:%s.%f'),'INSERT','100','10204','個別バリデーション後','After the individual validation','after_individual_validation',NULL,'2',170,NULL,NULL,NULL,NULL,'0',NULL,'AFTER_VALIDATE_REGISTER',NULL,'0','1','1','0','0',NULL,'{
"min_length": 0,
"max_length": 4000
}',NULL,NULL,'[最大長]4000バイト','[Maximum length] 4000 byte',NULL,'0',STR_TO_DATE('2015/04/01 10:00:00.000000','%Y/%m/%d %H:%i:%s.%f'),1);
INSERT INTO T_COMN_MENU_COLUMN_LINK (COLUMN_DEFINITION_ID,MENU_ID,COLUMN_NAME_JA,COLUMN_NAME_EN,COLUMN_NAME_REST,COL_GROUP_ID,COLUMN_CLASS,COLUMN_DISP_SEQ,REF_TABLE_NAME,REF_PKEY_NAME,REF_COL_NAME,REF_SORT_CONDITIONS,REF_MULTI_LANG,SENSITIVE_COL_NAME,COL_NAME,SAVE_TYPE,AUTO_INPUT,INPUT_ITEM,VIEW_ITEM,UNIQUE_ITEM,REQUIRED_ITEM,INITIAL_VALUE,VALIDATE_OPTION,BEFORE_VALIDATE_REGISTER,AFTER_VALIDATE_REGISTER,DESCRIPTION_JA,DESCRIPTION_EN,NOTE,DISUSE_FLAG,LAST_UPDATE_TIMESTAMP,LAST_UPDATE_USER) VALUES('101','10204','備考','Remarks','remarks',NULL,'12',180,NULL,NULL,NULL,NULL,'0',NULL,'NOTE',NULL,'0','1','1','0','0',NULL,'{
"int_min": 0,
"int_max": 4000
}',NULL,NULL,'自由記述欄。レコードの廃止・復活時にも記載可能。','Comments section. Can comment when removing or restoring records.',NULL,'0',STR_TO_DATE('2015/04/01 10:00:00.000000','%Y/%m/%d %H:%i:%s.%f'),1);
INSERT INTO T_COMN_MENU_COLUMN_LINK_JNL (JOURNAL_SEQ_NO,JOURNAL_REG_DATETIME,JOURNAL_ACTION_CLASS,COLUMN_DEFINITION_ID,MENU_ID,COLUMN_NAME_JA,COLUMN_NAME_EN,COLUMN_NAME_REST,COL_GROUP_ID,COLUMN_CLASS,COLUMN_DISP_SEQ,REF_TABLE_NAME,REF_PKEY_NAME,REF_COL_NAME,REF_SORT_CONDITIONS,REF_MULTI_LANG,SENSITIVE_COL_NAME,COL_NAME,SAVE_TYPE,AUTO_INPUT,INPUT_ITEM,VIEW_ITEM,UNIQUE_ITEM,REQUIRED_ITEM,INITIAL_VALUE,VALIDATE_OPTION,BEFORE_VALIDATE_REGISTER,AFTER_VALIDATE_REGISTER,DESCRIPTION_JA,DESCRIPTION_EN,NOTE,DISUSE_FLAG,LAST_UPDATE_TIMESTAMP,LAST_UPDATE_USER) VALUES(101,STR_TO_DATE('2015/04/01 10:00:00.000000','%Y/%m/%d %H:%i:%s.%f'),'INSERT','101','10204','備考','Remarks','remarks',NULL,'12',180,NULL,NULL,NULL,NULL,'0',NULL,'NOTE',NULL,'0','1','1','0','0',NULL,'{
"int_min": 0,
"int_max": 4000
}',NULL,NULL,'自由記述欄。レコードの廃止・復活時にも記載可能。','Comments section. Can comment when removing or restoring records.',NULL,'0',STR_TO_DATE('2015/04/01 10:00:00.000000','%Y/%m/%d %H:%i:%s.%f'),1);
INSERT INTO T_COMN_MENU_COLUMN_LINK (COLUMN_DEFINITION_ID,MENU_ID,COLUMN_NAME_JA,COLUMN_NAME_EN,COLUMN_NAME_REST,COL_GROUP_ID,COLUMN_CLASS,COLUMN_DISP_SEQ,REF_TABLE_NAME,REF_PKEY_NAME,REF_COL_NAME,REF_SORT_CONDITIONS,REF_MULTI_LANG,SENSITIVE_COL_NAME,COL_NAME,SAVE_TYPE,AUTO_INPUT,INPUT_ITEM,VIEW_ITEM,UNIQUE_ITEM,REQUIRED_ITEM,INITIAL_VALUE,VALIDATE_OPTION,BEFORE_VALIDATE_REGISTER,AFTER_VALIDATE_REGISTER,DESCRIPTION_JA,DESCRIPTION_EN,NOTE,DISUSE_FLAG,LAST_UPDATE_TIMESTAMP,LAST_UPDATE_USER) VALUES('102','10204','廃止フラグ','Discard','discard',NULL,'1',190,NULL,NULL,NULL,NULL,'0',NULL,'DISUSE_FLAG',NULL,'1','0','0','0','1',NULL,NULL,NULL,NULL,'廃止フラグ。復活以外のオペレーションは不可','Discard flag. Cannot do operation other than restore.',NULL,'0',STR_TO_DATE('2015/04/01 10:00:00.000000','%Y/%m/%d %H:%i:%s.%f'),1);
INSERT INTO T_COMN_MENU_COLUMN_LINK_JNL (JOURNAL_SEQ_NO,JOURNAL_REG_DATETIME,JOURNAL_ACTION_CLASS,COLUMN_DEFINITION_ID,MENU_ID,COLUMN_NAME_JA,COLUMN_NAME_EN,COLUMN_NAME_REST,COL_GROUP_ID,COLUMN_CLASS,COLUMN_DISP_SEQ,REF_TABLE_NAME,REF_PKEY_NAME,REF_COL_NAME,REF_SORT_CONDITIONS,REF_MULTI_LANG,SENSITIVE_COL_NAME,COL_NAME,SAVE_TYPE,AUTO_INPUT,INPUT_ITEM,VIEW_ITEM,UNIQUE_ITEM,REQUIRED_ITEM,INITIAL_VALUE,VALIDATE_OPTION,BEFORE_VALIDATE_REGISTER,AFTER_VALIDATE_REGISTER,DESCRIPTION_JA,DESCRIPTION_EN,NOTE,DISUSE_FLAG,LAST_UPDATE_TIMESTAMP,LAST_UPDATE_USER) VALUES(102,STR_TO_DATE('2015/04/01 10:00:00.000000','%Y/%m/%d %H:%i:%s.%f'),'INSERT','102','10204','廃止フラグ','Discard','discard',NULL,'1',190,NULL,NULL,NULL,NULL,'0',NULL,'DISUSE_FLAG',NULL,'1','0','0','0','1',NULL,NULL,NULL,NULL,'廃止フラグ。復活以外のオペレーションは不可','Discard flag. Cannot do operation other than restore.',NULL,'0',STR_TO_DATE('2015/04/01 10:00:00.000000','%Y/%m/%d %H:%i:%s.%f'),1);
INSERT INTO T_COMN_MENU_COLUMN_LINK (COLUMN_DEFINITION_ID,MENU_ID,COLUMN_NAME_JA,COLUMN_NAME_EN,COLUMN_NAME_REST,COL_GROUP_ID,COLUMN_CLASS,COLUMN_DISP_SEQ,REF_TABLE_NAME,REF_PKEY_NAME,REF_COL_NAME,REF_SORT_CONDITIONS,REF_MULTI_LANG,SENSITIVE_COL_NAME,COL_NAME,SAVE_TYPE,AUTO_INPUT,INPUT_ITEM,VIEW_ITEM,UNIQUE_ITEM,REQUIRED_ITEM,INITIAL_VALUE,VALIDATE_OPTION,BEFORE_VALIDATE_REGISTER,AFTER_VALIDATE_REGISTER,DESCRIPTION_JA,DESCRIPTION_EN,NOTE,DISUSE_FLAG,LAST_UPDATE_TIMESTAMP,LAST_UPDATE_USER) VALUES('103','10204','最終更新日時','Last update date/time','last_update_date_time',NULL,'13',200,NULL,NULL,NULL,NULL,'0',NULL,'LAST_UPDATE_TIMESTAMP',NULL,'1','1','1','0','1',NULL,NULL,NULL,NULL,'レコードの最終更新日。自動登録のため編集不可。','Last update date of record. Cannot edit because of auto-registration.',NULL,'0',STR_TO_DATE('2015/04/01 10:00:00.000000','%Y/%m/%d %H:%i:%s.%f'),1);
INSERT INTO T_COMN_MENU_COLUMN_LINK_JNL (JOURNAL_SEQ_NO,JOURNAL_REG_DATETIME,JOURNAL_ACTION_CLASS,COLUMN_DEFINITION_ID,MENU_ID,COLUMN_NAME_JA,COLUMN_NAME_EN,COLUMN_NAME_REST,COL_GROUP_ID,COLUMN_CLASS,COLUMN_DISP_SEQ,REF_TABLE_NAME,REF_PKEY_NAME,REF_COL_NAME,REF_SORT_CONDITIONS,REF_MULTI_LANG,SENSITIVE_COL_NAME,COL_NAME,SAVE_TYPE,AUTO_INPUT,INPUT_ITEM,VIEW_ITEM,UNIQUE_ITEM,REQUIRED_ITEM,INITIAL_VALUE,VALIDATE_OPTION,BEFORE_VALIDATE_REGISTER,AFTER_VALIDATE_REGISTER,DESCRIPTION_JA,DESCRIPTION_EN,NOTE,DISUSE_FLAG,LAST_UPDATE_TIMESTAMP,LAST_UPDATE_USER) VALUES(103,STR_TO_DATE('2015/04/01 10:00:00.000000','%Y/%m/%d %H:%i:%s.%f'),'INSERT','103','10204','最終更新日時','Last update date/time','last_update_date_time',NULL,'13',200,NULL,NULL,NULL,NULL,'0',NULL,'LAST_UPDATE_TIMESTAMP',NULL,'1','1','1','0','1',NULL,NULL,NULL,NULL,'レコードの最終更新日。自動登録のため編集不可。','Last update date of record. Cannot edit because of auto-registration.',NULL,'0',STR_TO_DATE('2015/04/01 10:00:00.000000','%Y/%m/%d %H:%i:%s.%f'),1);
INSERT INTO T_COMN_MENU_COLUMN_LINK (COLUMN_DEFINITION_ID,MENU_ID,COLUMN_NAME_JA,COLUMN_NAME_EN,COLUMN_NAME_REST,COL_GROUP_ID,COLUMN_CLASS,COLUMN_DISP_SEQ,REF_TABLE_NAME,REF_PKEY_NAME,REF_COL_NAME,REF_SORT_CONDITIONS,REF_MULTI_LANG,SENSITIVE_COL_NAME,COL_NAME,SAVE_TYPE,AUTO_INPUT,INPUT_ITEM,VIEW_ITEM,UNIQUE_ITEM,REQUIRED_ITEM,INITIAL_VALUE,VALIDATE_OPTION,BEFORE_VALIDATE_REGISTER,AFTER_VALIDATE_REGISTER,DESCRIPTION_JA,DESCRIPTION_EN,NOTE,DISUSE_FLAG,LAST_UPDATE_TIMESTAMP,LAST_UPDATE_USER) VALUES('104','10204','最終更新者','Last updated by','last_updated_user',NULL,'14',210,NULL,NULL,NULL,NULL,'0',NULL,'LAST_UPDATE_USER',NULL,'1','1','1','0','1',NULL,NULL,NULL,NULL,'更新者。ログインユーザのIDが自動的に登録される。編集不可。','Updated by. Login user ID is automatically registered. Cannot edit.',NULL,'0',STR_TO_DATE('2015/04/01 10:00:00.000000','%Y/%m/%d %H:%i:%s.%f'),1);
INSERT INTO T_COMN_MENU_COLUMN_LINK_JNL (JOURNAL_SEQ_NO,JOURNAL_REG_DATETIME,JOURNAL_ACTION_CLASS,COLUMN_DEFINITION_ID,MENU_ID,COLUMN_NAME_JA,COLUMN_NAME_EN,COLUMN_NAME_REST,COL_GROUP_ID,COLUMN_CLASS,COLUMN_DISP_SEQ,REF_TABLE_NAME,REF_PKEY_NAME,REF_COL_NAME,REF_SORT_CONDITIONS,REF_MULTI_LANG,SENSITIVE_COL_NAME,COL_NAME,SAVE_TYPE,AUTO_INPUT,INPUT_ITEM,VIEW_ITEM,UNIQUE_ITEM,REQUIRED_ITEM,INITIAL_VALUE,VALIDATE_OPTION,BEFORE_VALIDATE_REGISTER,AFTER_VALIDATE_REGISTER,DESCRIPTION_JA,DESCRIPTION_EN,NOTE,DISUSE_FLAG,LAST_UPDATE_TIMESTAMP,LAST_UPDATE_USER) VALUES(104,STR_TO_DATE('2015/04/01 10:00:00.000000','%Y/%m/%d %H:%i:%s.%f'),'INSERT','104','10204','最終更新者','Last updated by','last_updated_user',NULL,'14',210,NULL,NULL,NULL,NULL,'0',NULL,'LAST_UPDATE_USER',NULL,'1','1','1','0','1',NULL,NULL,NULL,NULL,'更新者。ログインユーザのIDが自動的に登録される。編集不可。','Updated by. Login user ID is automatically registered. Cannot edit.',NULL,'0',STR_TO_DATE('2015/04/01 10:00:00.000000','%Y/%m/%d %H:%i:%s.%f'),1);
INSERT INTO T_COMN_MENU_COLUMN_LINK (COLUMN_DEFINITION_ID,MENU_ID,COLUMN_NAME_JA,COLUMN_NAME_EN,COLUMN_NAME_REST,COL_GROUP_ID,COLUMN_CLASS,COLUMN_DISP_SEQ,REF_TABLE_NAME,REF_PKEY_NAME,REF_COL_NAME,REF_SORT_CONDITIONS,REF_MULTI_LANG,SENSITIVE_COL_NAME,COL_NAME,SAVE_TYPE,AUTO_INPUT,INPUT_ITEM,VIEW_ITEM,UNIQUE_ITEM,REQUIRED_ITEM,INITIAL_VALUE,VALIDATE_OPTION,BEFORE_VALIDATE_REGISTER,AFTER_VALIDATE_REGISTER,DESCRIPTION_JA,DESCRIPTION_EN,NOTE,DISUSE_FLAG,LAST_UPDATE_TIMESTAMP,LAST_UPDATE_USER) VALUES('105','10205','UUID','uuid','uuid',NULL,'1',10,NULL,NULL,NULL,NULL,'0',NULL,'COLUMN_DEFINITION_ID',NULL,'1','1','1','1','1',NULL,NULL,NULL,NULL,'自動採番のため編集不可。実行処理種別が【登録】の場合、空白のみ可。','Cannot edit because of auto-numbering. Must be blank when execution process type is [Register].',NULL,'0',STR_TO_DATE('2015/04/01 10:00:00.000000','%Y/%m/%d %H:%i:%s.%f'),1);
INSERT INTO T_COMN_MENU_COLUMN_LINK_JNL (JOURNAL_SEQ_NO,JOURNAL_REG_DATETIME,JOURNAL_ACTION_CLASS,COLUMN_DEFINITION_ID,MENU_ID,COLUMN_NAME_JA,COLUMN_NAME_EN,COLUMN_NAME_REST,COL_GROUP_ID,COLUMN_CLASS,COLUMN_DISP_SEQ,REF_TABLE_NAME,REF_PKEY_NAME,REF_COL_NAME,REF_SORT_CONDITIONS,REF_MULTI_LANG,SENSITIVE_COL_NAME,COL_NAME,SAVE_TYPE,AUTO_INPUT,INPUT_ITEM,VIEW_ITEM,UNIQUE_ITEM,REQUIRED_ITEM,INITIAL_VALUE,VALIDATE_OPTION,BEFORE_VALIDATE_REGISTER,AFTER_VALIDATE_REGISTER,DESCRIPTION_JA,DESCRIPTION_EN,NOTE,DISUSE_FLAG,LAST_UPDATE_TIMESTAMP,LAST_UPDATE_USER) VALUES(105,STR_TO_DATE('2015/04/01 10:00:00.000000','%Y/%m/%d %H:%i:%s.%f'),'INSERT','105','10205','UUID','uuid','uuid',NULL,'1',10,NULL,NULL,NULL,NULL,'0',NULL,'COLUMN_DEFINITION_ID',NULL,'1','1','1','1','1',NULL,NULL,NULL,NULL,'自動採番のため編集不可。実行処理種別が【登録】の場合、空白のみ可。','Cannot edit because of auto-numbering. Must be blank when execution process type is [Register].',NULL,'0',STR_TO_DATE('2015/04/01 10:00:00.000000','%Y/%m/%d %H:%i:%s.%f'),1);
INSERT INTO T_COMN_MENU_COLUMN_LINK (COLUMN_DEFINITION_ID,MENU_ID,COLUMN_NAME_JA,COLUMN_NAME_EN,COLUMN_NAME_REST,COL_GROUP_ID,COLUMN_CLASS,COLUMN_DISP_SEQ,REF_TABLE_NAME,REF_PKEY_NAME,REF_COL_NAME,REF_SORT_CONDITIONS,REF_MULTI_LANG,SENSITIVE_COL_NAME,COL_NAME,SAVE_TYPE,AUTO_INPUT,INPUT_ITEM,VIEW_ITEM,UNIQUE_ITEM,REQUIRED_ITEM,INITIAL_VALUE,VALIDATE_OPTION,BEFORE_VALIDATE_REGISTER,AFTER_VALIDATE_REGISTER,DESCRIPTION_JA,DESCRIPTION_EN,NOTE,DISUSE_FLAG,LAST_UPDATE_TIMESTAMP,LAST_UPDATE_USER) VALUES('106','10205','メニュー','Menu name','menu_name',NULL,'7',20,'V_COMN_MENU_GROUP_MENU_PULLDOWN','MENU_ID','MENU_GROUP_NAME_PULLDOWN',NULL,'1',NULL,'MENU_ID',NULL,'0','1','1','0','1',NULL,NULL,NULL,NULL,'プルダウン選択 必須項目','Pull-down selection  required item',NULL,'0',STR_TO_DATE('2015/04/01 10:00:00.000000','%Y/%m/%d %H:%i:%s.%f'),1);
INSERT INTO T_COMN_MENU_COLUMN_LINK_JNL (JOURNAL_SEQ_NO,JOURNAL_REG_DATETIME,JOURNAL_ACTION_CLASS,COLUMN_DEFINITION_ID,MENU_ID,COLUMN_NAME_JA,COLUMN_NAME_EN,COLUMN_NAME_REST,COL_GROUP_ID,COLUMN_CLASS,COLUMN_DISP_SEQ,REF_TABLE_NAME,REF_PKEY_NAME,REF_COL_NAME,REF_SORT_CONDITIONS,REF_MULTI_LANG,SENSITIVE_COL_NAME,COL_NAME,SAVE_TYPE,AUTO_INPUT,INPUT_ITEM,VIEW_ITEM,UNIQUE_ITEM,REQUIRED_ITEM,INITIAL_VALUE,VALIDATE_OPTION,BEFORE_VALIDATE_REGISTER,AFTER_VALIDATE_REGISTER,DESCRIPTION_JA,DESCRIPTION_EN,NOTE,DISUSE_FLAG,LAST_UPDATE_TIMESTAMP,LAST_UPDATE_USER) VALUES(106,STR_TO_DATE('2015/04/01 10:00:00.000000','%Y/%m/%d %H:%i:%s.%f'),'INSERT','106','10205','メニュー','Menu name','menu_name',NULL,'7',20,'V_COMN_MENU_GROUP_MENU_PULLDOWN','MENU_ID','MENU_GROUP_NAME_PULLDOWN',NULL,'1',NULL,'MENU_ID',NULL,'0','1','1','0','1',NULL,NULL,NULL,NULL,'プルダウン選択 必須項目','Pull-down selection  required item',NULL,'0',STR_TO_DATE('2015/04/01 10:00:00.000000','%Y/%m/%d %H:%i:%s.%f'),1);
INSERT INTO T_COMN_MENU_COLUMN_LINK (COLUMN_DEFINITION_ID,MENU_ID,COLUMN_NAME_JA,COLUMN_NAME_EN,COLUMN_NAME_REST,COL_GROUP_ID,COLUMN_CLASS,COLUMN_DISP_SEQ,REF_TABLE_NAME,REF_PKEY_NAME,REF_COL_NAME,REF_SORT_CONDITIONS,REF_MULTI_LANG,SENSITIVE_COL_NAME,COL_NAME,SAVE_TYPE,AUTO_INPUT,INPUT_ITEM,VIEW_ITEM,UNIQUE_ITEM,REQUIRED_ITEM,INITIAL_VALUE,VALIDATE_OPTION,BEFORE_VALIDATE_REGISTER,AFTER_VALIDATE_REGISTER,DESCRIPTION_JA,DESCRIPTION_EN,NOTE,DISUSE_FLAG,LAST_UPDATE_TIMESTAMP,LAST_UPDATE_USER) VALUES('107','10205','項目名(ja)','Column name(ja)','column_name_ja',NULL,'1',30,NULL,NULL,NULL,NULL,'0',NULL,'COLUMN_NAME_JA',NULL,'0','1','1','0','1',NULL,'{
"min_length": 0,
"max_length": 255
}',NULL,NULL,'[最大長]255バイト','[Maximum length] 255 byte',NULL,'0',STR_TO_DATE('2015/04/01 10:00:00.000000','%Y/%m/%d %H:%i:%s.%f'),1);
INSERT INTO T_COMN_MENU_COLUMN_LINK_JNL (JOURNAL_SEQ_NO,JOURNAL_REG_DATETIME,JOURNAL_ACTION_CLASS,COLUMN_DEFINITION_ID,MENU_ID,COLUMN_NAME_JA,COLUMN_NAME_EN,COLUMN_NAME_REST,COL_GROUP_ID,COLUMN_CLASS,COLUMN_DISP_SEQ,REF_TABLE_NAME,REF_PKEY_NAME,REF_COL_NAME,REF_SORT_CONDITIONS,REF_MULTI_LANG,SENSITIVE_COL_NAME,COL_NAME,SAVE_TYPE,AUTO_INPUT,INPUT_ITEM,VIEW_ITEM,UNIQUE_ITEM,REQUIRED_ITEM,INITIAL_VALUE,VALIDATE_OPTION,BEFORE_VALIDATE_REGISTER,AFTER_VALIDATE_REGISTER,DESCRIPTION_JA,DESCRIPTION_EN,NOTE,DISUSE_FLAG,LAST_UPDATE_TIMESTAMP,LAST_UPDATE_USER) VALUES(107,STR_TO_DATE('2015/04/01 10:00:00.000000','%Y/%m/%d %H:%i:%s.%f'),'INSERT','107','10205','項目名(ja)','Column name(ja)','column_name_ja',NULL,'1',30,NULL,NULL,NULL,NULL,'0',NULL,'COLUMN_NAME_JA',NULL,'0','1','1','0','1',NULL,'{
"min_length": 0,
"max_length": 255
}',NULL,NULL,'[最大長]255バイト','[Maximum length] 255 byte',NULL,'0',STR_TO_DATE('2015/04/01 10:00:00.000000','%Y/%m/%d %H:%i:%s.%f'),1);
INSERT INTO T_COMN_MENU_COLUMN_LINK (COLUMN_DEFINITION_ID,MENU_ID,COLUMN_NAME_JA,COLUMN_NAME_EN,COLUMN_NAME_REST,COL_GROUP_ID,COLUMN_CLASS,COLUMN_DISP_SEQ,REF_TABLE_NAME,REF_PKEY_NAME,REF_COL_NAME,REF_SORT_CONDITIONS,REF_MULTI_LANG,SENSITIVE_COL_NAME,COL_NAME,SAVE_TYPE,AUTO_INPUT,INPUT_ITEM,VIEW_ITEM,UNIQUE_ITEM,REQUIRED_ITEM,INITIAL_VALUE,VALIDATE_OPTION,BEFORE_VALIDATE_REGISTER,AFTER_VALIDATE_REGISTER,DESCRIPTION_JA,DESCRIPTION_EN,NOTE,DISUSE_FLAG,LAST_UPDATE_TIMESTAMP,LAST_UPDATE_USER) VALUES('108','10205','項目名(en)','Column name(en)','column_name_en',NULL,'1',40,NULL,NULL,NULL,NULL,'0',NULL,'COLUMN_NAME_EN',NULL,'0','1','1','0','1',NULL,'{
"min_length": 0,
"max_length": 255
}',NULL,NULL,'[最大長]255バイト','[Maximum length] 255 byte',NULL,'0',STR_TO_DATE('2015/04/01 10:00:00.000000','%Y/%m/%d %H:%i:%s.%f'),1);
INSERT INTO T_COMN_MENU_COLUMN_LINK_JNL (JOURNAL_SEQ_NO,JOURNAL_REG_DATETIME,JOURNAL_ACTION_CLASS,COLUMN_DEFINITION_ID,MENU_ID,COLUMN_NAME_JA,COLUMN_NAME_EN,COLUMN_NAME_REST,COL_GROUP_ID,COLUMN_CLASS,COLUMN_DISP_SEQ,REF_TABLE_NAME,REF_PKEY_NAME,REF_COL_NAME,REF_SORT_CONDITIONS,REF_MULTI_LANG,SENSITIVE_COL_NAME,COL_NAME,SAVE_TYPE,AUTO_INPUT,INPUT_ITEM,VIEW_ITEM,UNIQUE_ITEM,REQUIRED_ITEM,INITIAL_VALUE,VALIDATE_OPTION,BEFORE_VALIDATE_REGISTER,AFTER_VALIDATE_REGISTER,DESCRIPTION_JA,DESCRIPTION_EN,NOTE,DISUSE_FLAG,LAST_UPDATE_TIMESTAMP,LAST_UPDATE_USER) VALUES(108,STR_TO_DATE('2015/04/01 10:00:00.000000','%Y/%m/%d %H:%i:%s.%f'),'INSERT','108','10205','項目名(en)','Column name(en)','column_name_en',NULL,'1',40,NULL,NULL,NULL,NULL,'0',NULL,'COLUMN_NAME_EN',NULL,'0','1','1','0','1',NULL,'{
"min_length": 0,
"max_length": 255
}',NULL,NULL,'[最大長]255バイト','[Maximum length] 255 byte',NULL,'0',STR_TO_DATE('2015/04/01 10:00:00.000000','%Y/%m/%d %H:%i:%s.%f'),1);
INSERT INTO T_COMN_MENU_COLUMN_LINK (COLUMN_DEFINITION_ID,MENU_ID,COLUMN_NAME_JA,COLUMN_NAME_EN,COLUMN_NAME_REST,COL_GROUP_ID,COLUMN_CLASS,COLUMN_DISP_SEQ,REF_TABLE_NAME,REF_PKEY_NAME,REF_COL_NAME,REF_SORT_CONDITIONS,REF_MULTI_LANG,SENSITIVE_COL_NAME,COL_NAME,SAVE_TYPE,AUTO_INPUT,INPUT_ITEM,VIEW_ITEM,UNIQUE_ITEM,REQUIRED_ITEM,INITIAL_VALUE,VALIDATE_OPTION,BEFORE_VALIDATE_REGISTER,AFTER_VALIDATE_REGISTER,DESCRIPTION_JA,DESCRIPTION_EN,NOTE,DISUSE_FLAG,LAST_UPDATE_TIMESTAMP,LAST_UPDATE_USER) VALUES('109','10205','項目名(REST）','Rest column name','rest_column_name',NULL,'1',50,NULL,NULL,NULL,NULL,'0',NULL,'COLUMN_NAME_REST',NULL,'0','1','1','0','1',NULL,'{
"min_length": 0,
"max_length": 255
}',NULL,NULL,'[最大長]255バイト','[Maximum length] 255 byte',NULL,'0',STR_TO_DATE('2015/04/01 10:00:00.000000','%Y/%m/%d %H:%i:%s.%f'),1);
INSERT INTO T_COMN_MENU_COLUMN_LINK_JNL (JOURNAL_SEQ_NO,JOURNAL_REG_DATETIME,JOURNAL_ACTION_CLASS,COLUMN_DEFINITION_ID,MENU_ID,COLUMN_NAME_JA,COLUMN_NAME_EN,COLUMN_NAME_REST,COL_GROUP_ID,COLUMN_CLASS,COLUMN_DISP_SEQ,REF_TABLE_NAME,REF_PKEY_NAME,REF_COL_NAME,REF_SORT_CONDITIONS,REF_MULTI_LANG,SENSITIVE_COL_NAME,COL_NAME,SAVE_TYPE,AUTO_INPUT,INPUT_ITEM,VIEW_ITEM,UNIQUE_ITEM,REQUIRED_ITEM,INITIAL_VALUE,VALIDATE_OPTION,BEFORE_VALIDATE_REGISTER,AFTER_VALIDATE_REGISTER,DESCRIPTION_JA,DESCRIPTION_EN,NOTE,DISUSE_FLAG,LAST_UPDATE_TIMESTAMP,LAST_UPDATE_USER) VALUES(109,STR_TO_DATE('2015/04/01 10:00:00.000000','%Y/%m/%d %H:%i:%s.%f'),'INSERT','109','10205','項目名(REST）','Rest column name','rest_column_name',NULL,'1',50,NULL,NULL,NULL,NULL,'0',NULL,'COLUMN_NAME_REST',NULL,'0','1','1','0','1',NULL,'{
"min_length": 0,
"max_length": 255
}',NULL,NULL,'[最大長]255バイト','[Maximum length] 255 byte',NULL,'0',STR_TO_DATE('2015/04/01 10:00:00.000000','%Y/%m/%d %H:%i:%s.%f'),1);
INSERT INTO T_COMN_MENU_COLUMN_LINK (COLUMN_DEFINITION_ID,MENU_ID,COLUMN_NAME_JA,COLUMN_NAME_EN,COLUMN_NAME_REST,COL_GROUP_ID,COLUMN_CLASS,COLUMN_DISP_SEQ,REF_TABLE_NAME,REF_PKEY_NAME,REF_COL_NAME,REF_SORT_CONDITIONS,REF_MULTI_LANG,SENSITIVE_COL_NAME,COL_NAME,SAVE_TYPE,AUTO_INPUT,INPUT_ITEM,VIEW_ITEM,UNIQUE_ITEM,REQUIRED_ITEM,INITIAL_VALUE,VALIDATE_OPTION,BEFORE_VALIDATE_REGISTER,AFTER_VALIDATE_REGISTER,DESCRIPTION_JA,DESCRIPTION_EN,NOTE,DISUSE_FLAG,LAST_UPDATE_TIMESTAMP,LAST_UPDATE_USER) VALUES('110','10205','カラムグループ','Column class group name','column_class_group_name',NULL,'7',60,'T_COMN_COLUMN_GROUP','COL_GROUP_ID','COL_GROUP_NAME',NULL,'1',NULL,'COL_GROUP_ID',NULL,'0','1','1','0','0',NULL,NULL,NULL,NULL,'プルダウン選択','Pull-down selection',NULL,'0',STR_TO_DATE('2015/04/01 10:00:00.000000','%Y/%m/%d %H:%i:%s.%f'),1);
INSERT INTO T_COMN_MENU_COLUMN_LINK_JNL (JOURNAL_SEQ_NO,JOURNAL_REG_DATETIME,JOURNAL_ACTION_CLASS,COLUMN_DEFINITION_ID,MENU_ID,COLUMN_NAME_JA,COLUMN_NAME_EN,COLUMN_NAME_REST,COL_GROUP_ID,COLUMN_CLASS,COLUMN_DISP_SEQ,REF_TABLE_NAME,REF_PKEY_NAME,REF_COL_NAME,REF_SORT_CONDITIONS,REF_MULTI_LANG,SENSITIVE_COL_NAME,COL_NAME,SAVE_TYPE,AUTO_INPUT,INPUT_ITEM,VIEW_ITEM,UNIQUE_ITEM,REQUIRED_ITEM,INITIAL_VALUE,VALIDATE_OPTION,BEFORE_VALIDATE_REGISTER,AFTER_VALIDATE_REGISTER,DESCRIPTION_JA,DESCRIPTION_EN,NOTE,DISUSE_FLAG,LAST_UPDATE_TIMESTAMP,LAST_UPDATE_USER) VALUES(110,STR_TO_DATE('2015/04/01 10:00:00.000000','%Y/%m/%d %H:%i:%s.%f'),'INSERT','110','10205','カラムグループ','Column class group name','column_class_group_name',NULL,'7',60,'T_COMN_COLUMN_GROUP','COL_GROUP_ID','COL_GROUP_NAME',NULL,'1',NULL,'COL_GROUP_ID',NULL,'0','1','1','0','0',NULL,NULL,NULL,NULL,'プルダウン選択','Pull-down selection',NULL,'0',STR_TO_DATE('2015/04/01 10:00:00.000000','%Y/%m/%d %H:%i:%s.%f'),1);
INSERT INTO T_COMN_MENU_COLUMN_LINK (COLUMN_DEFINITION_ID,MENU_ID,COLUMN_NAME_JA,COLUMN_NAME_EN,COLUMN_NAME_REST,COL_GROUP_ID,COLUMN_CLASS,COLUMN_DISP_SEQ,REF_TABLE_NAME,REF_PKEY_NAME,REF_COL_NAME,REF_SORT_CONDITIONS,REF_MULTI_LANG,SENSITIVE_COL_NAME,COL_NAME,SAVE_TYPE,AUTO_INPUT,INPUT_ITEM,VIEW_ITEM,UNIQUE_ITEM,REQUIRED_ITEM,INITIAL_VALUE,VALIDATE_OPTION,BEFORE_VALIDATE_REGISTER,AFTER_VALIDATE_REGISTER,DESCRIPTION_JA,DESCRIPTION_EN,NOTE,DISUSE_FLAG,LAST_UPDATE_TIMESTAMP,LAST_UPDATE_USER) VALUES('111','10205','カラムクラス','Column class','column_class',NULL,'7',70,'T_COMN_COLUMN_CLASS','COLUMN_CLASS_ID','COLUMN_CLASS_NAME',NULL,'0',NULL,'COLUMN_CLASS',NULL,'0','1','1','0','1',NULL,NULL,NULL,NULL,'プルダウン選択 必須項目
','Pull-down selection  required item',NULL,'0',STR_TO_DATE('2015/04/01 10:00:00.000000','%Y/%m/%d %H:%i:%s.%f'),1);
INSERT INTO T_COMN_MENU_COLUMN_LINK_JNL (JOURNAL_SEQ_NO,JOURNAL_REG_DATETIME,JOURNAL_ACTION_CLASS,COLUMN_DEFINITION_ID,MENU_ID,COLUMN_NAME_JA,COLUMN_NAME_EN,COLUMN_NAME_REST,COL_GROUP_ID,COLUMN_CLASS,COLUMN_DISP_SEQ,REF_TABLE_NAME,REF_PKEY_NAME,REF_COL_NAME,REF_SORT_CONDITIONS,REF_MULTI_LANG,SENSITIVE_COL_NAME,COL_NAME,SAVE_TYPE,AUTO_INPUT,INPUT_ITEM,VIEW_ITEM,UNIQUE_ITEM,REQUIRED_ITEM,INITIAL_VALUE,VALIDATE_OPTION,BEFORE_VALIDATE_REGISTER,AFTER_VALIDATE_REGISTER,DESCRIPTION_JA,DESCRIPTION_EN,NOTE,DISUSE_FLAG,LAST_UPDATE_TIMESTAMP,LAST_UPDATE_USER) VALUES(111,STR_TO_DATE('2015/04/01 10:00:00.000000','%Y/%m/%d %H:%i:%s.%f'),'INSERT','111','10205','カラムクラス','Column class','column_class',NULL,'7',70,'T_COMN_COLUMN_CLASS','COLUMN_CLASS_ID','COLUMN_CLASS_NAME',NULL,'0',NULL,'COLUMN_CLASS',NULL,'0','1','1','0','1',NULL,NULL,NULL,NULL,'プルダウン選択 必須項目
','Pull-down selection  required item',NULL,'0',STR_TO_DATE('2015/04/01 10:00:00.000000','%Y/%m/%d %H:%i:%s.%f'),1);
INSERT INTO T_COMN_MENU_COLUMN_LINK (COLUMN_DEFINITION_ID,MENU_ID,COLUMN_NAME_JA,COLUMN_NAME_EN,COLUMN_NAME_REST,COL_GROUP_ID,COLUMN_CLASS,COLUMN_DISP_SEQ,REF_TABLE_NAME,REF_PKEY_NAME,REF_COL_NAME,REF_SORT_CONDITIONS,REF_MULTI_LANG,SENSITIVE_COL_NAME,COL_NAME,SAVE_TYPE,AUTO_INPUT,INPUT_ITEM,VIEW_ITEM,UNIQUE_ITEM,REQUIRED_ITEM,INITIAL_VALUE,VALIDATE_OPTION,BEFORE_VALIDATE_REGISTER,AFTER_VALIDATE_REGISTER,DESCRIPTION_JA,DESCRIPTION_EN,NOTE,DISUSE_FLAG,LAST_UPDATE_TIMESTAMP,LAST_UPDATE_USER) VALUES('112','10205','表示順','Display_order','display_order',NULL,'3',80,NULL,NULL,NULL,NULL,'0',NULL,'COLUMN_DISP_SEQ',NULL,'0','1','1','0','1',NULL,'{
"int_max": 0,
"int_min": 2147483647
}',NULL,NULL,'数値のみ入力可　
0～2147483647','Only numerical values can be entered
0～2147483647',NULL,'0',STR_TO_DATE('2015/04/01 10:00:00.000000','%Y/%m/%d %H:%i:%s.%f'),1);
INSERT INTO T_COMN_MENU_COLUMN_LINK_JNL (JOURNAL_SEQ_NO,JOURNAL_REG_DATETIME,JOURNAL_ACTION_CLASS,COLUMN_DEFINITION_ID,MENU_ID,COLUMN_NAME_JA,COLUMN_NAME_EN,COLUMN_NAME_REST,COL_GROUP_ID,COLUMN_CLASS,COLUMN_DISP_SEQ,REF_TABLE_NAME,REF_PKEY_NAME,REF_COL_NAME,REF_SORT_CONDITIONS,REF_MULTI_LANG,SENSITIVE_COL_NAME,COL_NAME,SAVE_TYPE,AUTO_INPUT,INPUT_ITEM,VIEW_ITEM,UNIQUE_ITEM,REQUIRED_ITEM,INITIAL_VALUE,VALIDATE_OPTION,BEFORE_VALIDATE_REGISTER,AFTER_VALIDATE_REGISTER,DESCRIPTION_JA,DESCRIPTION_EN,NOTE,DISUSE_FLAG,LAST_UPDATE_TIMESTAMP,LAST_UPDATE_USER) VALUES(112,STR_TO_DATE('2015/04/01 10:00:00.000000','%Y/%m/%d %H:%i:%s.%f'),'INSERT','112','10205','表示順','Display_order','display_order',NULL,'3',80,NULL,NULL,NULL,NULL,'0',NULL,'COLUMN_DISP_SEQ',NULL,'0','1','1','0','1',NULL,'{
"int_max": 0,
"int_min": 2147483647
}',NULL,NULL,'数値のみ入力可　
0～2147483647','Only numerical values can be entered
0～2147483647',NULL,'0',STR_TO_DATE('2015/04/01 10:00:00.000000','%Y/%m/%d %H:%i:%s.%f'),1);
INSERT INTO T_COMN_MENU_COLUMN_LINK (COLUMN_DEFINITION_ID,MENU_ID,COLUMN_NAME_JA,COLUMN_NAME_EN,COLUMN_NAME_REST,COL_GROUP_ID,COLUMN_CLASS,COLUMN_DISP_SEQ,REF_TABLE_NAME,REF_PKEY_NAME,REF_COL_NAME,REF_SORT_CONDITIONS,REF_MULTI_LANG,SENSITIVE_COL_NAME,COL_NAME,SAVE_TYPE,AUTO_INPUT,INPUT_ITEM,VIEW_ITEM,UNIQUE_ITEM,REQUIRED_ITEM,INITIAL_VALUE,VALIDATE_OPTION,BEFORE_VALIDATE_REGISTER,AFTER_VALIDATE_REGISTER,DESCRIPTION_JA,DESCRIPTION_EN,NOTE,DISUSE_FLAG,LAST_UPDATE_TIMESTAMP,LAST_UPDATE_USER) VALUES('113','10205','ID連携テーブル','ID link table','ID_link_table',NULL,'1',90,NULL,NULL,NULL,NULL,'0',NULL,'REF_TABLE_NAME',NULL,'0','1','1','0','0',NULL,'{
"min_length": 0,
"max_length": 64
}',NULL,NULL,'[最大長]64バイト','[Maximum length] 64 byte',NULL,'0',STR_TO_DATE('2015/04/01 10:00:00.000000','%Y/%m/%d %H:%i:%s.%f'),1);
INSERT INTO T_COMN_MENU_COLUMN_LINK_JNL (JOURNAL_SEQ_NO,JOURNAL_REG_DATETIME,JOURNAL_ACTION_CLASS,COLUMN_DEFINITION_ID,MENU_ID,COLUMN_NAME_JA,COLUMN_NAME_EN,COLUMN_NAME_REST,COL_GROUP_ID,COLUMN_CLASS,COLUMN_DISP_SEQ,REF_TABLE_NAME,REF_PKEY_NAME,REF_COL_NAME,REF_SORT_CONDITIONS,REF_MULTI_LANG,SENSITIVE_COL_NAME,COL_NAME,SAVE_TYPE,AUTO_INPUT,INPUT_ITEM,VIEW_ITEM,UNIQUE_ITEM,REQUIRED_ITEM,INITIAL_VALUE,VALIDATE_OPTION,BEFORE_VALIDATE_REGISTER,AFTER_VALIDATE_REGISTER,DESCRIPTION_JA,DESCRIPTION_EN,NOTE,DISUSE_FLAG,LAST_UPDATE_TIMESTAMP,LAST_UPDATE_USER) VALUES(113,STR_TO_DATE('2015/04/01 10:00:00.000000','%Y/%m/%d %H:%i:%s.%f'),'INSERT','113','10205','ID連携テーブル','ID link table','ID_link_table',NULL,'1',90,NULL,NULL,NULL,NULL,'0',NULL,'REF_TABLE_NAME',NULL,'0','1','1','0','0',NULL,'{
"min_length": 0,
"max_length": 64
}',NULL,NULL,'[最大長]64バイト','[Maximum length] 64 byte',NULL,'0',STR_TO_DATE('2015/04/01 10:00:00.000000','%Y/%m/%d %H:%i:%s.%f'),1);
INSERT INTO T_COMN_MENU_COLUMN_LINK (COLUMN_DEFINITION_ID,MENU_ID,COLUMN_NAME_JA,COLUMN_NAME_EN,COLUMN_NAME_REST,COL_GROUP_ID,COLUMN_CLASS,COLUMN_DISP_SEQ,REF_TABLE_NAME,REF_PKEY_NAME,REF_COL_NAME,REF_SORT_CONDITIONS,REF_MULTI_LANG,SENSITIVE_COL_NAME,COL_NAME,SAVE_TYPE,AUTO_INPUT,INPUT_ITEM,VIEW_ITEM,UNIQUE_ITEM,REQUIRED_ITEM,INITIAL_VALUE,VALIDATE_OPTION,BEFORE_VALIDATE_REGISTER,AFTER_VALIDATE_REGISTER,DESCRIPTION_JA,DESCRIPTION_EN,NOTE,DISUSE_FLAG,LAST_UPDATE_TIMESTAMP,LAST_UPDATE_USER) VALUES('114','10205','ID連携テーブルPK','ID link key column name','ID_link_key_column_name',NULL,'1',100,NULL,NULL,NULL,NULL,'0',NULL,'REF_PKEY_NAME',NULL,'0','1','1','0','0',NULL,'{
"min_length": 0,
"max_length": 64
}',NULL,NULL,'[最大長]64バイト','[Maximum length] 64 byte',NULL,'0',STR_TO_DATE('2015/04/01 10:00:00.000000','%Y/%m/%d %H:%i:%s.%f'),1);
INSERT INTO T_COMN_MENU_COLUMN_LINK_JNL (JOURNAL_SEQ_NO,JOURNAL_REG_DATETIME,JOURNAL_ACTION_CLASS,COLUMN_DEFINITION_ID,MENU_ID,COLUMN_NAME_JA,COLUMN_NAME_EN,COLUMN_NAME_REST,COL_GROUP_ID,COLUMN_CLASS,COLUMN_DISP_SEQ,REF_TABLE_NAME,REF_PKEY_NAME,REF_COL_NAME,REF_SORT_CONDITIONS,REF_MULTI_LANG,SENSITIVE_COL_NAME,COL_NAME,SAVE_TYPE,AUTO_INPUT,INPUT_ITEM,VIEW_ITEM,UNIQUE_ITEM,REQUIRED_ITEM,INITIAL_VALUE,VALIDATE_OPTION,BEFORE_VALIDATE_REGISTER,AFTER_VALIDATE_REGISTER,DESCRIPTION_JA,DESCRIPTION_EN,NOTE,DISUSE_FLAG,LAST_UPDATE_TIMESTAMP,LAST_UPDATE_USER) VALUES(114,STR_TO_DATE('2015/04/01 10:00:00.000000','%Y/%m/%d %H:%i:%s.%f'),'INSERT','114','10205','ID連携テーブルPK','ID link key column name','ID_link_key_column_name',NULL,'1',100,NULL,NULL,NULL,NULL,'0',NULL,'REF_PKEY_NAME',NULL,'0','1','1','0','0',NULL,'{
"min_length": 0,
"max_length": 64
}',NULL,NULL,'[最大長]64バイト','[Maximum length] 64 byte',NULL,'0',STR_TO_DATE('2015/04/01 10:00:00.000000','%Y/%m/%d %H:%i:%s.%f'),1);
INSERT INTO T_COMN_MENU_COLUMN_LINK (COLUMN_DEFINITION_ID,MENU_ID,COLUMN_NAME_JA,COLUMN_NAME_EN,COLUMN_NAME_REST,COL_GROUP_ID,COLUMN_CLASS,COLUMN_DISP_SEQ,REF_TABLE_NAME,REF_PKEY_NAME,REF_COL_NAME,REF_SORT_CONDITIONS,REF_MULTI_LANG,SENSITIVE_COL_NAME,COL_NAME,SAVE_TYPE,AUTO_INPUT,INPUT_ITEM,VIEW_ITEM,UNIQUE_ITEM,REQUIRED_ITEM,INITIAL_VALUE,VALIDATE_OPTION,BEFORE_VALIDATE_REGISTER,AFTER_VALIDATE_REGISTER,DESCRIPTION_JA,DESCRIPTION_EN,NOTE,DISUSE_FLAG,LAST_UPDATE_TIMESTAMP,LAST_UPDATE_USER) VALUES('115','10205','ID連携項目名','ID link column name','ID_link_column_name',NULL,'1',110,NULL,NULL,NULL,NULL,'0',NULL,'REF_COL_NAME',NULL,'0','1','1','0','0',NULL,'{
"min_length": 0,
"max_length": 64
}',NULL,NULL,'[最大長]64バイト','[Maximum length] 64 byte',NULL,'0',STR_TO_DATE('2015/04/01 10:00:00.000000','%Y/%m/%d %H:%i:%s.%f'),1);
INSERT INTO T_COMN_MENU_COLUMN_LINK_JNL (JOURNAL_SEQ_NO,JOURNAL_REG_DATETIME,JOURNAL_ACTION_CLASS,COLUMN_DEFINITION_ID,MENU_ID,COLUMN_NAME_JA,COLUMN_NAME_EN,COLUMN_NAME_REST,COL_GROUP_ID,COLUMN_CLASS,COLUMN_DISP_SEQ,REF_TABLE_NAME,REF_PKEY_NAME,REF_COL_NAME,REF_SORT_CONDITIONS,REF_MULTI_LANG,SENSITIVE_COL_NAME,COL_NAME,SAVE_TYPE,AUTO_INPUT,INPUT_ITEM,VIEW_ITEM,UNIQUE_ITEM,REQUIRED_ITEM,INITIAL_VALUE,VALIDATE_OPTION,BEFORE_VALIDATE_REGISTER,AFTER_VALIDATE_REGISTER,DESCRIPTION_JA,DESCRIPTION_EN,NOTE,DISUSE_FLAG,LAST_UPDATE_TIMESTAMP,LAST_UPDATE_USER) VALUES(115,STR_TO_DATE('2015/04/01 10:00:00.000000','%Y/%m/%d %H:%i:%s.%f'),'INSERT','115','10205','ID連携項目名','ID link column name','ID_link_column_name',NULL,'1',110,NULL,NULL,NULL,NULL,'0',NULL,'REF_COL_NAME',NULL,'0','1','1','0','0',NULL,'{
"min_length": 0,
"max_length": 64
}',NULL,NULL,'[最大長]64バイト','[Maximum length] 64 byte',NULL,'0',STR_TO_DATE('2015/04/01 10:00:00.000000','%Y/%m/%d %H:%i:%s.%f'),1);
INSERT INTO T_COMN_MENU_COLUMN_LINK (COLUMN_DEFINITION_ID,MENU_ID,COLUMN_NAME_JA,COLUMN_NAME_EN,COLUMN_NAME_REST,COL_GROUP_ID,COLUMN_CLASS,COLUMN_DISP_SEQ,REF_TABLE_NAME,REF_PKEY_NAME,REF_COL_NAME,REF_SORT_CONDITIONS,REF_MULTI_LANG,SENSITIVE_COL_NAME,COL_NAME,SAVE_TYPE,AUTO_INPUT,INPUT_ITEM,VIEW_ITEM,UNIQUE_ITEM,REQUIRED_ITEM,INITIAL_VALUE,VALIDATE_OPTION,BEFORE_VALIDATE_REGISTER,AFTER_VALIDATE_REGISTER,DESCRIPTION_JA,DESCRIPTION_EN,NOTE,DISUSE_FLAG,LAST_UPDATE_TIMESTAMP,LAST_UPDATE_USER) VALUES('116','10205','ID連携ソート条件','ID link sort condition','ID_link_sort_condition',NULL,'2',120,NULL,NULL,NULL,NULL,'0',NULL,'REF_SORT_CONDITIONS',NULL,'0','1','1','0','0',NULL,'{
"min_length": 0,
"max_length": 4000
}',NULL,NULL,'[最大長]4000バイト','[Maximum length] 4000 byte',NULL,'0',STR_TO_DATE('2015/04/01 10:00:00.000000','%Y/%m/%d %H:%i:%s.%f'),1);
INSERT INTO T_COMN_MENU_COLUMN_LINK_JNL (JOURNAL_SEQ_NO,JOURNAL_REG_DATETIME,JOURNAL_ACTION_CLASS,COLUMN_DEFINITION_ID,MENU_ID,COLUMN_NAME_JA,COLUMN_NAME_EN,COLUMN_NAME_REST,COL_GROUP_ID,COLUMN_CLASS,COLUMN_DISP_SEQ,REF_TABLE_NAME,REF_PKEY_NAME,REF_COL_NAME,REF_SORT_CONDITIONS,REF_MULTI_LANG,SENSITIVE_COL_NAME,COL_NAME,SAVE_TYPE,AUTO_INPUT,INPUT_ITEM,VIEW_ITEM,UNIQUE_ITEM,REQUIRED_ITEM,INITIAL_VALUE,VALIDATE_OPTION,BEFORE_VALIDATE_REGISTER,AFTER_VALIDATE_REGISTER,DESCRIPTION_JA,DESCRIPTION_EN,NOTE,DISUSE_FLAG,LAST_UPDATE_TIMESTAMP,LAST_UPDATE_USER) VALUES(116,STR_TO_DATE('2015/04/01 10:00:00.000000','%Y/%m/%d %H:%i:%s.%f'),'INSERT','116','10205','ID連携ソート条件','ID link sort condition','ID_link_sort_condition',NULL,'2',120,NULL,NULL,NULL,NULL,'0',NULL,'REF_SORT_CONDITIONS',NULL,'0','1','1','0','0',NULL,'{
"min_length": 0,
"max_length": 4000
}',NULL,NULL,'[最大長]4000バイト','[Maximum length] 4000 byte',NULL,'0',STR_TO_DATE('2015/04/01 10:00:00.000000','%Y/%m/%d %H:%i:%s.%f'),1);
INSERT INTO T_COMN_MENU_COLUMN_LINK (COLUMN_DEFINITION_ID,MENU_ID,COLUMN_NAME_JA,COLUMN_NAME_EN,COLUMN_NAME_REST,COL_GROUP_ID,COLUMN_CLASS,COLUMN_DISP_SEQ,REF_TABLE_NAME,REF_PKEY_NAME,REF_COL_NAME,REF_SORT_CONDITIONS,REF_MULTI_LANG,SENSITIVE_COL_NAME,COL_NAME,SAVE_TYPE,AUTO_INPUT,INPUT_ITEM,VIEW_ITEM,UNIQUE_ITEM,REQUIRED_ITEM,INITIAL_VALUE,VALIDATE_OPTION,BEFORE_VALIDATE_REGISTER,AFTER_VALIDATE_REGISTER,DESCRIPTION_JA,DESCRIPTION_EN,NOTE,DISUSE_FLAG,LAST_UPDATE_TIMESTAMP,LAST_UPDATE_USER) VALUES('117','10205','ID連携多言語対応有無','ID link Multilingual support','ID_link_Multilingual_support',NULL,'7',130,'T_COMN_BOOLEAN_FLAG','FLAG_ID','FLAG_NAME',NULL,'0',NULL,'REF_MULTI_LANG',NULL,'0','1','1','0','0',NULL,NULL,NULL,NULL,'プルダウン選択 必須項目
True: はい
False: いいえ
','Pull-down selection  required item
True: yes
False: no',NULL,'0',STR_TO_DATE('2015/04/01 10:00:00.000000','%Y/%m/%d %H:%i:%s.%f'),1);
INSERT INTO T_COMN_MENU_COLUMN_LINK_JNL (JOURNAL_SEQ_NO,JOURNAL_REG_DATETIME,JOURNAL_ACTION_CLASS,COLUMN_DEFINITION_ID,MENU_ID,COLUMN_NAME_JA,COLUMN_NAME_EN,COLUMN_NAME_REST,COL_GROUP_ID,COLUMN_CLASS,COLUMN_DISP_SEQ,REF_TABLE_NAME,REF_PKEY_NAME,REF_COL_NAME,REF_SORT_CONDITIONS,REF_MULTI_LANG,SENSITIVE_COL_NAME,COL_NAME,SAVE_TYPE,AUTO_INPUT,INPUT_ITEM,VIEW_ITEM,UNIQUE_ITEM,REQUIRED_ITEM,INITIAL_VALUE,VALIDATE_OPTION,BEFORE_VALIDATE_REGISTER,AFTER_VALIDATE_REGISTER,DESCRIPTION_JA,DESCRIPTION_EN,NOTE,DISUSE_FLAG,LAST_UPDATE_TIMESTAMP,LAST_UPDATE_USER) VALUES(117,STR_TO_DATE('2015/04/01 10:00:00.000000','%Y/%m/%d %H:%i:%s.%f'),'INSERT','117','10205','ID連携多言語対応有無','ID link Multilingual support','ID_link_Multilingual_support',NULL,'7',130,'T_COMN_BOOLEAN_FLAG','FLAG_ID','FLAG_NAME',NULL,'0',NULL,'REF_MULTI_LANG',NULL,'0','1','1','0','0',NULL,NULL,NULL,NULL,'プルダウン選択 必須項目
True: はい
False: いいえ
','Pull-down selection  required item
True: yes
False: no',NULL,'0',STR_TO_DATE('2015/04/01 10:00:00.000000','%Y/%m/%d %H:%i:%s.%f'),1);
INSERT INTO T_COMN_MENU_COLUMN_LINK (COLUMN_DEFINITION_ID,MENU_ID,COLUMN_NAME_JA,COLUMN_NAME_EN,COLUMN_NAME_REST,COL_GROUP_ID,COLUMN_CLASS,COLUMN_DISP_SEQ,REF_TABLE_NAME,REF_PKEY_NAME,REF_COL_NAME,REF_SORT_CONDITIONS,REF_MULTI_LANG,SENSITIVE_COL_NAME,COL_NAME,SAVE_TYPE,AUTO_INPUT,INPUT_ITEM,VIEW_ITEM,UNIQUE_ITEM,REQUIRED_ITEM,INITIAL_VALUE,VALIDATE_OPTION,BEFORE_VALIDATE_REGISTER,AFTER_VALIDATE_REGISTER,DESCRIPTION_JA,DESCRIPTION_EN,NOTE,DISUSE_FLAG,LAST_UPDATE_TIMESTAMP,LAST_UPDATE_USER) VALUES('118','10205','Sensitive設定用カラム名','Sensitive coloumn name','sensitive_coloumn_name',NULL,'1',140,NULL,NULL,NULL,NULL,'0',NULL,'SENSITIVE_COL_NAME',NULL,'0','1','1','0','1',NULL,'{
"min_length": 0,
"max_length": 64
}',NULL,NULL,'[最大長]64バイト','[Maximum length] 64 byte',NULL,'0',STR_TO_DATE('2015/04/01 10:00:00.000000','%Y/%m/%d %H:%i:%s.%f'),1);
INSERT INTO T_COMN_MENU_COLUMN_LINK_JNL (JOURNAL_SEQ_NO,JOURNAL_REG_DATETIME,JOURNAL_ACTION_CLASS,COLUMN_DEFINITION_ID,MENU_ID,COLUMN_NAME_JA,COLUMN_NAME_EN,COLUMN_NAME_REST,COL_GROUP_ID,COLUMN_CLASS,COLUMN_DISP_SEQ,REF_TABLE_NAME,REF_PKEY_NAME,REF_COL_NAME,REF_SORT_CONDITIONS,REF_MULTI_LANG,SENSITIVE_COL_NAME,COL_NAME,SAVE_TYPE,AUTO_INPUT,INPUT_ITEM,VIEW_ITEM,UNIQUE_ITEM,REQUIRED_ITEM,INITIAL_VALUE,VALIDATE_OPTION,BEFORE_VALIDATE_REGISTER,AFTER_VALIDATE_REGISTER,DESCRIPTION_JA,DESCRIPTION_EN,NOTE,DISUSE_FLAG,LAST_UPDATE_TIMESTAMP,LAST_UPDATE_USER) VALUES(118,STR_TO_DATE('2015/04/01 10:00:00.000000','%Y/%m/%d %H:%i:%s.%f'),'INSERT','118','10205','Sensitive設定用カラム名','Sensitive coloumn name','sensitive_coloumn_name',NULL,'1',140,NULL,NULL,NULL,NULL,'0',NULL,'SENSITIVE_COL_NAME',NULL,'0','1','1','0','1',NULL,'{
"min_length": 0,
"max_length": 64
}',NULL,NULL,'[最大長]64バイト','[Maximum length] 64 byte',NULL,'0',STR_TO_DATE('2015/04/01 10:00:00.000000','%Y/%m/%d %H:%i:%s.%f'),1);
INSERT INTO T_COMN_MENU_COLUMN_LINK (COLUMN_DEFINITION_ID,MENU_ID,COLUMN_NAME_JA,COLUMN_NAME_EN,COLUMN_NAME_REST,COL_GROUP_ID,COLUMN_CLASS,COLUMN_DISP_SEQ,REF_TABLE_NAME,REF_PKEY_NAME,REF_COL_NAME,REF_SORT_CONDITIONS,REF_MULTI_LANG,SENSITIVE_COL_NAME,COL_NAME,SAVE_TYPE,AUTO_INPUT,INPUT_ITEM,VIEW_ITEM,UNIQUE_ITEM,REQUIRED_ITEM,INITIAL_VALUE,VALIDATE_OPTION,BEFORE_VALIDATE_REGISTER,AFTER_VALIDATE_REGISTER,DESCRIPTION_JA,DESCRIPTION_EN,NOTE,DISUSE_FLAG,LAST_UPDATE_TIMESTAMP,LAST_UPDATE_USER) VALUES('119','10205','カラム名','Column name','column_name',NULL,'1',150,NULL,NULL,NULL,NULL,'0',NULL,'COL_NAME',NULL,'0','1','1','0','1',NULL,'{
"min_length": 0,
"max_length": 64
}',NULL,NULL,'[最大長]64バイト','[Maximum length] 64 byte',NULL,'0',STR_TO_DATE('2015/04/01 10:00:00.000000','%Y/%m/%d %H:%i:%s.%f'),1);
INSERT INTO T_COMN_MENU_COLUMN_LINK_JNL (JOURNAL_SEQ_NO,JOURNAL_REG_DATETIME,JOURNAL_ACTION_CLASS,COLUMN_DEFINITION_ID,MENU_ID,COLUMN_NAME_JA,COLUMN_NAME_EN,COLUMN_NAME_REST,COL_GROUP_ID,COLUMN_CLASS,COLUMN_DISP_SEQ,REF_TABLE_NAME,REF_PKEY_NAME,REF_COL_NAME,REF_SORT_CONDITIONS,REF_MULTI_LANG,SENSITIVE_COL_NAME,COL_NAME,SAVE_TYPE,AUTO_INPUT,INPUT_ITEM,VIEW_ITEM,UNIQUE_ITEM,REQUIRED_ITEM,INITIAL_VALUE,VALIDATE_OPTION,BEFORE_VALIDATE_REGISTER,AFTER_VALIDATE_REGISTER,DESCRIPTION_JA,DESCRIPTION_EN,NOTE,DISUSE_FLAG,LAST_UPDATE_TIMESTAMP,LAST_UPDATE_USER) VALUES(119,STR_TO_DATE('2015/04/01 10:00:00.000000','%Y/%m/%d %H:%i:%s.%f'),'INSERT','119','10205','カラム名','Column name','column_name',NULL,'1',150,NULL,NULL,NULL,NULL,'0',NULL,'COL_NAME',NULL,'0','1','1','0','1',NULL,'{
"min_length": 0,
"max_length": 64
}',NULL,NULL,'[最大長]64バイト','[Maximum length] 64 byte',NULL,'0',STR_TO_DATE('2015/04/01 10:00:00.000000','%Y/%m/%d %H:%i:%s.%f'),1);
INSERT INTO T_COMN_MENU_COLUMN_LINK (COLUMN_DEFINITION_ID,MENU_ID,COLUMN_NAME_JA,COLUMN_NAME_EN,COLUMN_NAME_REST,COL_GROUP_ID,COLUMN_CLASS,COLUMN_DISP_SEQ,REF_TABLE_NAME,REF_PKEY_NAME,REF_COL_NAME,REF_SORT_CONDITIONS,REF_MULTI_LANG,SENSITIVE_COL_NAME,COL_NAME,SAVE_TYPE,AUTO_INPUT,INPUT_ITEM,VIEW_ITEM,UNIQUE_ITEM,REQUIRED_ITEM,INITIAL_VALUE,VALIDATE_OPTION,BEFORE_VALIDATE_REGISTER,AFTER_VALIDATE_REGISTER,DESCRIPTION_JA,DESCRIPTION_EN,NOTE,DISUSE_FLAG,LAST_UPDATE_TIMESTAMP,LAST_UPDATE_USER) VALUES('120','10205','DB上の保存形式','DB storage format','DB_storage_format',NULL,'1',160,NULL,NULL,NULL,NULL,'0',NULL,'SAVE_TYPE',NULL,'0','1','1','0','0',NULL,'{
"min_length": 0,
"max_length": 64
}',NULL,NULL,'[最大長]64バイト','[Maximum length] 64 byte',NULL,'0',STR_TO_DATE('2015/04/01 10:00:00.000000','%Y/%m/%d %H:%i:%s.%f'),1);
INSERT INTO T_COMN_MENU_COLUMN_LINK_JNL (JOURNAL_SEQ_NO,JOURNAL_REG_DATETIME,JOURNAL_ACTION_CLASS,COLUMN_DEFINITION_ID,MENU_ID,COLUMN_NAME_JA,COLUMN_NAME_EN,COLUMN_NAME_REST,COL_GROUP_ID,COLUMN_CLASS,COLUMN_DISP_SEQ,REF_TABLE_NAME,REF_PKEY_NAME,REF_COL_NAME,REF_SORT_CONDITIONS,REF_MULTI_LANG,SENSITIVE_COL_NAME,COL_NAME,SAVE_TYPE,AUTO_INPUT,INPUT_ITEM,VIEW_ITEM,UNIQUE_ITEM,REQUIRED_ITEM,INITIAL_VALUE,VALIDATE_OPTION,BEFORE_VALIDATE_REGISTER,AFTER_VALIDATE_REGISTER,DESCRIPTION_JA,DESCRIPTION_EN,NOTE,DISUSE_FLAG,LAST_UPDATE_TIMESTAMP,LAST_UPDATE_USER) VALUES(120,STR_TO_DATE('2015/04/01 10:00:00.000000','%Y/%m/%d %H:%i:%s.%f'),'INSERT','120','10205','DB上の保存形式','DB storage format','DB_storage_format',NULL,'1',160,NULL,NULL,NULL,NULL,'0',NULL,'SAVE_TYPE',NULL,'0','1','1','0','0',NULL,'{
"min_length": 0,
"max_length": 64
}',NULL,NULL,'[最大長]64バイト','[Maximum length] 64 byte',NULL,'0',STR_TO_DATE('2015/04/01 10:00:00.000000','%Y/%m/%d %H:%i:%s.%f'),1);
INSERT INTO T_COMN_MENU_COLUMN_LINK (COLUMN_DEFINITION_ID,MENU_ID,COLUMN_NAME_JA,COLUMN_NAME_EN,COLUMN_NAME_REST,COL_GROUP_ID,COLUMN_CLASS,COLUMN_DISP_SEQ,REF_TABLE_NAME,REF_PKEY_NAME,REF_COL_NAME,REF_SORT_CONDITIONS,REF_MULTI_LANG,SENSITIVE_COL_NAME,COL_NAME,SAVE_TYPE,AUTO_INPUT,INPUT_ITEM,VIEW_ITEM,UNIQUE_ITEM,REQUIRED_ITEM,INITIAL_VALUE,VALIDATE_OPTION,BEFORE_VALIDATE_REGISTER,AFTER_VALIDATE_REGISTER,DESCRIPTION_JA,DESCRIPTION_EN,NOTE,DISUSE_FLAG,LAST_UPDATE_TIMESTAMP,LAST_UPDATE_USER) VALUES('121','10205','自動入力フラグ','
Automatic input flag','automatic_input_flag',NULL,'7',170,'T_COMN_BOOLEAN_FLAG','FLAG_ID','FLAG_NAME',NULL,'0',NULL,'AUTO_INPUT',NULL,'0','1','1','0','1',NULL,NULL,NULL,NULL,'プルダウン選択 必須項目
True: はい
False: いいえ
','Pull-down selection  required item
True: yes
False: no',NULL,'0',STR_TO_DATE('2015/04/01 10:00:00.000000','%Y/%m/%d %H:%i:%s.%f'),1);
INSERT INTO T_COMN_MENU_COLUMN_LINK_JNL (JOURNAL_SEQ_NO,JOURNAL_REG_DATETIME,JOURNAL_ACTION_CLASS,COLUMN_DEFINITION_ID,MENU_ID,COLUMN_NAME_JA,COLUMN_NAME_EN,COLUMN_NAME_REST,COL_GROUP_ID,COLUMN_CLASS,COLUMN_DISP_SEQ,REF_TABLE_NAME,REF_PKEY_NAME,REF_COL_NAME,REF_SORT_CONDITIONS,REF_MULTI_LANG,SENSITIVE_COL_NAME,COL_NAME,SAVE_TYPE,AUTO_INPUT,INPUT_ITEM,VIEW_ITEM,UNIQUE_ITEM,REQUIRED_ITEM,INITIAL_VALUE,VALIDATE_OPTION,BEFORE_VALIDATE_REGISTER,AFTER_VALIDATE_REGISTER,DESCRIPTION_JA,DESCRIPTION_EN,NOTE,DISUSE_FLAG,LAST_UPDATE_TIMESTAMP,LAST_UPDATE_USER) VALUES(121,STR_TO_DATE('2015/04/01 10:00:00.000000','%Y/%m/%d %H:%i:%s.%f'),'INSERT','121','10205','自動入力フラグ','
Automatic input flag','automatic_input_flag',NULL,'7',170,'T_COMN_BOOLEAN_FLAG','FLAG_ID','FLAG_NAME',NULL,'0',NULL,'AUTO_INPUT',NULL,'0','1','1','0','1',NULL,NULL,NULL,NULL,'プルダウン選択 必須項目
True: はい
False: いいえ
','Pull-down selection  required item
True: yes
False: no',NULL,'0',STR_TO_DATE('2015/04/01 10:00:00.000000','%Y/%m/%d %H:%i:%s.%f'),1);
INSERT INTO T_COMN_MENU_COLUMN_LINK (COLUMN_DEFINITION_ID,MENU_ID,COLUMN_NAME_JA,COLUMN_NAME_EN,COLUMN_NAME_REST,COL_GROUP_ID,COLUMN_CLASS,COLUMN_DISP_SEQ,REF_TABLE_NAME,REF_PKEY_NAME,REF_COL_NAME,REF_SORT_CONDITIONS,REF_MULTI_LANG,SENSITIVE_COL_NAME,COL_NAME,SAVE_TYPE,AUTO_INPUT,INPUT_ITEM,VIEW_ITEM,UNIQUE_ITEM,REQUIRED_ITEM,INITIAL_VALUE,VALIDATE_OPTION,BEFORE_VALIDATE_REGISTER,AFTER_VALIDATE_REGISTER,DESCRIPTION_JA,DESCRIPTION_EN,NOTE,DISUSE_FLAG,LAST_UPDATE_TIMESTAMP,LAST_UPDATE_USER) VALUES('122','10205','入力対象フラグ','input target flag','input_target_flag',NULL,'7',180,'T_COMN_BOOLEAN_FLAG','FLAG_ID','FLAG_NAME',NULL,'0',NULL,'INPUT_ITEM',NULL,'0','1','1','0','1',NULL,NULL,NULL,NULL,'プルダウン選択 必須項目
True: はい
False: いいえ
','Pull-down selection  required item
True: yes
False: no',NULL,'0',STR_TO_DATE('2015/04/01 10:00:00.000000','%Y/%m/%d %H:%i:%s.%f'),1);
INSERT INTO T_COMN_MENU_COLUMN_LINK_JNL (JOURNAL_SEQ_NO,JOURNAL_REG_DATETIME,JOURNAL_ACTION_CLASS,COLUMN_DEFINITION_ID,MENU_ID,COLUMN_NAME_JA,COLUMN_NAME_EN,COLUMN_NAME_REST,COL_GROUP_ID,COLUMN_CLASS,COLUMN_DISP_SEQ,REF_TABLE_NAME,REF_PKEY_NAME,REF_COL_NAME,REF_SORT_CONDITIONS,REF_MULTI_LANG,SENSITIVE_COL_NAME,COL_NAME,SAVE_TYPE,AUTO_INPUT,INPUT_ITEM,VIEW_ITEM,UNIQUE_ITEM,REQUIRED_ITEM,INITIAL_VALUE,VALIDATE_OPTION,BEFORE_VALIDATE_REGISTER,AFTER_VALIDATE_REGISTER,DESCRIPTION_JA,DESCRIPTION_EN,NOTE,DISUSE_FLAG,LAST_UPDATE_TIMESTAMP,LAST_UPDATE_USER) VALUES(122,STR_TO_DATE('2015/04/01 10:00:00.000000','%Y/%m/%d %H:%i:%s.%f'),'INSERT','122','10205','入力対象フラグ','input target flag','input_target_flag',NULL,'7',180,'T_COMN_BOOLEAN_FLAG','FLAG_ID','FLAG_NAME',NULL,'0',NULL,'INPUT_ITEM',NULL,'0','1','1','0','1',NULL,NULL,NULL,NULL,'プルダウン選択 必須項目
True: はい
False: いいえ
','Pull-down selection  required item
True: yes
False: no',NULL,'0',STR_TO_DATE('2015/04/01 10:00:00.000000','%Y/%m/%d %H:%i:%s.%f'),1);
INSERT INTO T_COMN_MENU_COLUMN_LINK (COLUMN_DEFINITION_ID,MENU_ID,COLUMN_NAME_JA,COLUMN_NAME_EN,COLUMN_NAME_REST,COL_GROUP_ID,COLUMN_CLASS,COLUMN_DISP_SEQ,REF_TABLE_NAME,REF_PKEY_NAME,REF_COL_NAME,REF_SORT_CONDITIONS,REF_MULTI_LANG,SENSITIVE_COL_NAME,COL_NAME,SAVE_TYPE,AUTO_INPUT,INPUT_ITEM,VIEW_ITEM,UNIQUE_ITEM,REQUIRED_ITEM,INITIAL_VALUE,VALIDATE_OPTION,BEFORE_VALIDATE_REGISTER,AFTER_VALIDATE_REGISTER,DESCRIPTION_JA,DESCRIPTION_EN,NOTE,DISUSE_FLAG,LAST_UPDATE_TIMESTAMP,LAST_UPDATE_USER) VALUES('123','10205','出力対象フラグ','Output target flag','output_target_flag',NULL,'7',190,'T_COMN_BOOLEAN_FLAG','FLAG_ID','FLAG_NAME',NULL,'0',NULL,'VIEW_ITEM',NULL,'0','1','1','0','1',NULL,NULL,NULL,NULL,'プルダウン選択 必須項目
True: はい
False: いいえ
','Pull-down selection  required item
True: yes
False: no',NULL,'0',STR_TO_DATE('2015/04/01 10:00:00.000000','%Y/%m/%d %H:%i:%s.%f'),1);
INSERT INTO T_COMN_MENU_COLUMN_LINK_JNL (JOURNAL_SEQ_NO,JOURNAL_REG_DATETIME,JOURNAL_ACTION_CLASS,COLUMN_DEFINITION_ID,MENU_ID,COLUMN_NAME_JA,COLUMN_NAME_EN,COLUMN_NAME_REST,COL_GROUP_ID,COLUMN_CLASS,COLUMN_DISP_SEQ,REF_TABLE_NAME,REF_PKEY_NAME,REF_COL_NAME,REF_SORT_CONDITIONS,REF_MULTI_LANG,SENSITIVE_COL_NAME,COL_NAME,SAVE_TYPE,AUTO_INPUT,INPUT_ITEM,VIEW_ITEM,UNIQUE_ITEM,REQUIRED_ITEM,INITIAL_VALUE,VALIDATE_OPTION,BEFORE_VALIDATE_REGISTER,AFTER_VALIDATE_REGISTER,DESCRIPTION_JA,DESCRIPTION_EN,NOTE,DISUSE_FLAG,LAST_UPDATE_TIMESTAMP,LAST_UPDATE_USER) VALUES(123,STR_TO_DATE('2015/04/01 10:00:00.000000','%Y/%m/%d %H:%i:%s.%f'),'INSERT','123','10205','出力対象フラグ','Output target flag','output_target_flag',NULL,'7',190,'T_COMN_BOOLEAN_FLAG','FLAG_ID','FLAG_NAME',NULL,'0',NULL,'VIEW_ITEM',NULL,'0','1','1','0','1',NULL,NULL,NULL,NULL,'プルダウン選択 必須項目
True: はい
False: いいえ
','Pull-down selection  required item
True: yes
False: no',NULL,'0',STR_TO_DATE('2015/04/01 10:00:00.000000','%Y/%m/%d %H:%i:%s.%f'),1);
INSERT INTO T_COMN_MENU_COLUMN_LINK (COLUMN_DEFINITION_ID,MENU_ID,COLUMN_NAME_JA,COLUMN_NAME_EN,COLUMN_NAME_REST,COL_GROUP_ID,COLUMN_CLASS,COLUMN_DISP_SEQ,REF_TABLE_NAME,REF_PKEY_NAME,REF_COL_NAME,REF_SORT_CONDITIONS,REF_MULTI_LANG,SENSITIVE_COL_NAME,COL_NAME,SAVE_TYPE,AUTO_INPUT,INPUT_ITEM,VIEW_ITEM,UNIQUE_ITEM,REQUIRED_ITEM,INITIAL_VALUE,VALIDATE_OPTION,BEFORE_VALIDATE_REGISTER,AFTER_VALIDATE_REGISTER,DESCRIPTION_JA,DESCRIPTION_EN,NOTE,DISUSE_FLAG,LAST_UPDATE_TIMESTAMP,LAST_UPDATE_USER) VALUES('124','10205','必須入力フラグ','Required input flag','required_input_flag',NULL,'7',200,'T_COMN_BOOLEAN_FLAG','FLAG_ID','FLAG_NAME',NULL,'0',NULL,'UNIQUE_ITEM',NULL,'0','1','1','0','1',NULL,NULL,NULL,NULL,'プルダウン選択 必須項目
True: はい
False: いいえ
','Pull-down selection  required item
True: yes
False: no',NULL,'0',STR_TO_DATE('2015/04/01 10:00:00.000000','%Y/%m/%d %H:%i:%s.%f'),1);
INSERT INTO T_COMN_MENU_COLUMN_LINK_JNL (JOURNAL_SEQ_NO,JOURNAL_REG_DATETIME,JOURNAL_ACTION_CLASS,COLUMN_DEFINITION_ID,MENU_ID,COLUMN_NAME_JA,COLUMN_NAME_EN,COLUMN_NAME_REST,COL_GROUP_ID,COLUMN_CLASS,COLUMN_DISP_SEQ,REF_TABLE_NAME,REF_PKEY_NAME,REF_COL_NAME,REF_SORT_CONDITIONS,REF_MULTI_LANG,SENSITIVE_COL_NAME,COL_NAME,SAVE_TYPE,AUTO_INPUT,INPUT_ITEM,VIEW_ITEM,UNIQUE_ITEM,REQUIRED_ITEM,INITIAL_VALUE,VALIDATE_OPTION,BEFORE_VALIDATE_REGISTER,AFTER_VALIDATE_REGISTER,DESCRIPTION_JA,DESCRIPTION_EN,NOTE,DISUSE_FLAG,LAST_UPDATE_TIMESTAMP,LAST_UPDATE_USER) VALUES(124,STR_TO_DATE('2015/04/01 10:00:00.000000','%Y/%m/%d %H:%i:%s.%f'),'INSERT','124','10205','必須入力フラグ','Required input flag','required_input_flag',NULL,'7',200,'T_COMN_BOOLEAN_FLAG','FLAG_ID','FLAG_NAME',NULL,'0',NULL,'UNIQUE_ITEM',NULL,'0','1','1','0','1',NULL,NULL,NULL,NULL,'プルダウン選択 必須項目
True: はい
False: いいえ
','Pull-down selection  required item
True: yes
False: no',NULL,'0',STR_TO_DATE('2015/04/01 10:00:00.000000','%Y/%m/%d %H:%i:%s.%f'),1);
INSERT INTO T_COMN_MENU_COLUMN_LINK (COLUMN_DEFINITION_ID,MENU_ID,COLUMN_NAME_JA,COLUMN_NAME_EN,COLUMN_NAME_REST,COL_GROUP_ID,COLUMN_CLASS,COLUMN_DISP_SEQ,REF_TABLE_NAME,REF_PKEY_NAME,REF_COL_NAME,REF_SORT_CONDITIONS,REF_MULTI_LANG,SENSITIVE_COL_NAME,COL_NAME,SAVE_TYPE,AUTO_INPUT,INPUT_ITEM,VIEW_ITEM,UNIQUE_ITEM,REQUIRED_ITEM,INITIAL_VALUE,VALIDATE_OPTION,BEFORE_VALIDATE_REGISTER,AFTER_VALIDATE_REGISTER,DESCRIPTION_JA,DESCRIPTION_EN,NOTE,DISUSE_FLAG,LAST_UPDATE_TIMESTAMP,LAST_UPDATE_USER) VALUES('125','10205','一意制約フラグ','Unique constraints flag','unique_constraints_flag',NULL,'7',210,'T_COMN_BOOLEAN_FLAG','FLAG_ID','FLAG_NAME',NULL,'0',NULL,'REQUIRED_ITEM',NULL,'0','1','1','0','1',NULL,NULL,NULL,NULL,'プルダウン選択 必須項目
True: はい
False: いいえ
','Pull-down selection  required item
True: yes
False: no',NULL,'0',STR_TO_DATE('2015/04/01 10:00:00.000000','%Y/%m/%d %H:%i:%s.%f'),1);
INSERT INTO T_COMN_MENU_COLUMN_LINK_JNL (JOURNAL_SEQ_NO,JOURNAL_REG_DATETIME,JOURNAL_ACTION_CLASS,COLUMN_DEFINITION_ID,MENU_ID,COLUMN_NAME_JA,COLUMN_NAME_EN,COLUMN_NAME_REST,COL_GROUP_ID,COLUMN_CLASS,COLUMN_DISP_SEQ,REF_TABLE_NAME,REF_PKEY_NAME,REF_COL_NAME,REF_SORT_CONDITIONS,REF_MULTI_LANG,SENSITIVE_COL_NAME,COL_NAME,SAVE_TYPE,AUTO_INPUT,INPUT_ITEM,VIEW_ITEM,UNIQUE_ITEM,REQUIRED_ITEM,INITIAL_VALUE,VALIDATE_OPTION,BEFORE_VALIDATE_REGISTER,AFTER_VALIDATE_REGISTER,DESCRIPTION_JA,DESCRIPTION_EN,NOTE,DISUSE_FLAG,LAST_UPDATE_TIMESTAMP,LAST_UPDATE_USER) VALUES(125,STR_TO_DATE('2015/04/01 10:00:00.000000','%Y/%m/%d %H:%i:%s.%f'),'INSERT','125','10205','一意制約フラグ','Unique constraints flag','unique_constraints_flag',NULL,'7',210,'T_COMN_BOOLEAN_FLAG','FLAG_ID','FLAG_NAME',NULL,'0',NULL,'REQUIRED_ITEM',NULL,'0','1','1','0','1',NULL,NULL,NULL,NULL,'プルダウン選択 必須項目
True: はい
False: いいえ
','Pull-down selection  required item
True: yes
False: no',NULL,'0',STR_TO_DATE('2015/04/01 10:00:00.000000','%Y/%m/%d %H:%i:%s.%f'),1);
INSERT INTO T_COMN_MENU_COLUMN_LINK (COLUMN_DEFINITION_ID,MENU_ID,COLUMN_NAME_JA,COLUMN_NAME_EN,COLUMN_NAME_REST,COL_GROUP_ID,COLUMN_CLASS,COLUMN_DISP_SEQ,REF_TABLE_NAME,REF_PKEY_NAME,REF_COL_NAME,REF_SORT_CONDITIONS,REF_MULTI_LANG,SENSITIVE_COL_NAME,COL_NAME,SAVE_TYPE,AUTO_INPUT,INPUT_ITEM,VIEW_ITEM,UNIQUE_ITEM,REQUIRED_ITEM,INITIAL_VALUE,VALIDATE_OPTION,BEFORE_VALIDATE_REGISTER,AFTER_VALIDATE_REGISTER,DESCRIPTION_JA,DESCRIPTION_EN,NOTE,DISUSE_FLAG,LAST_UPDATE_TIMESTAMP,LAST_UPDATE_USER) VALUES('126','10205','初期値','Initial value','initial_value',NULL,'2',220,NULL,NULL,NULL,NULL,'0',NULL,'INITIAL_VALUE',NULL,'0','1','1','0','0',NULL,'{
"min_length": 0,
"max_length": 4000
}',NULL,NULL,'[最大長]4000バイト','[Maximum length] 4000 byte',NULL,'0',STR_TO_DATE('2015/04/01 10:00:00.000000','%Y/%m/%d %H:%i:%s.%f'),1);
INSERT INTO T_COMN_MENU_COLUMN_LINK_JNL (JOURNAL_SEQ_NO,JOURNAL_REG_DATETIME,JOURNAL_ACTION_CLASS,COLUMN_DEFINITION_ID,MENU_ID,COLUMN_NAME_JA,COLUMN_NAME_EN,COLUMN_NAME_REST,COL_GROUP_ID,COLUMN_CLASS,COLUMN_DISP_SEQ,REF_TABLE_NAME,REF_PKEY_NAME,REF_COL_NAME,REF_SORT_CONDITIONS,REF_MULTI_LANG,SENSITIVE_COL_NAME,COL_NAME,SAVE_TYPE,AUTO_INPUT,INPUT_ITEM,VIEW_ITEM,UNIQUE_ITEM,REQUIRED_ITEM,INITIAL_VALUE,VALIDATE_OPTION,BEFORE_VALIDATE_REGISTER,AFTER_VALIDATE_REGISTER,DESCRIPTION_JA,DESCRIPTION_EN,NOTE,DISUSE_FLAG,LAST_UPDATE_TIMESTAMP,LAST_UPDATE_USER) VALUES(126,STR_TO_DATE('2015/04/01 10:00:00.000000','%Y/%m/%d %H:%i:%s.%f'),'INSERT','126','10205','初期値','Initial value','initial_value',NULL,'2',220,NULL,NULL,NULL,NULL,'0',NULL,'INITIAL_VALUE',NULL,'0','1','1','0','0',NULL,'{
"min_length": 0,
"max_length": 4000
}',NULL,NULL,'[最大長]4000バイト','[Maximum length] 4000 byte',NULL,'0',STR_TO_DATE('2015/04/01 10:00:00.000000','%Y/%m/%d %H:%i:%s.%f'),1);
INSERT INTO T_COMN_MENU_COLUMN_LINK (COLUMN_DEFINITION_ID,MENU_ID,COLUMN_NAME_JA,COLUMN_NAME_EN,COLUMN_NAME_REST,COL_GROUP_ID,COLUMN_CLASS,COLUMN_DISP_SEQ,REF_TABLE_NAME,REF_PKEY_NAME,REF_COL_NAME,REF_SORT_CONDITIONS,REF_MULTI_LANG,SENSITIVE_COL_NAME,COL_NAME,SAVE_TYPE,AUTO_INPUT,INPUT_ITEM,VIEW_ITEM,UNIQUE_ITEM,REQUIRED_ITEM,INITIAL_VALUE,VALIDATE_OPTION,BEFORE_VALIDATE_REGISTER,AFTER_VALIDATE_REGISTER,DESCRIPTION_JA,DESCRIPTION_EN,NOTE,DISUSE_FLAG,LAST_UPDATE_TIMESTAMP,LAST_UPDATE_USER) VALUES('127','10205','バリデーション値','validation value','validation_value',NULL,'2',230,NULL,NULL,NULL,NULL,'0',NULL,'VALIDATE_OPTION',NULL,'0','1','1','0','0',NULL,'{
"min_length": 0,
"max_length": 4000
}',NULL,NULL,'[最大長]4000バイト','[Maximum length] 4000 byte',NULL,'0',STR_TO_DATE('2015/04/01 10:00:00.000000','%Y/%m/%d %H:%i:%s.%f'),1);
INSERT INTO T_COMN_MENU_COLUMN_LINK_JNL (JOURNAL_SEQ_NO,JOURNAL_REG_DATETIME,JOURNAL_ACTION_CLASS,COLUMN_DEFINITION_ID,MENU_ID,COLUMN_NAME_JA,COLUMN_NAME_EN,COLUMN_NAME_REST,COL_GROUP_ID,COLUMN_CLASS,COLUMN_DISP_SEQ,REF_TABLE_NAME,REF_PKEY_NAME,REF_COL_NAME,REF_SORT_CONDITIONS,REF_MULTI_LANG,SENSITIVE_COL_NAME,COL_NAME,SAVE_TYPE,AUTO_INPUT,INPUT_ITEM,VIEW_ITEM,UNIQUE_ITEM,REQUIRED_ITEM,INITIAL_VALUE,VALIDATE_OPTION,BEFORE_VALIDATE_REGISTER,AFTER_VALIDATE_REGISTER,DESCRIPTION_JA,DESCRIPTION_EN,NOTE,DISUSE_FLAG,LAST_UPDATE_TIMESTAMP,LAST_UPDATE_USER) VALUES(127,STR_TO_DATE('2015/04/01 10:00:00.000000','%Y/%m/%d %H:%i:%s.%f'),'INSERT','127','10205','バリデーション値','validation value','validation_value',NULL,'2',230,NULL,NULL,NULL,NULL,'0',NULL,'VALIDATE_OPTION',NULL,'0','1','1','0','0',NULL,'{
"min_length": 0,
"max_length": 4000
}',NULL,NULL,'[最大長]4000バイト','[Maximum length] 4000 byte',NULL,'0',STR_TO_DATE('2015/04/01 10:00:00.000000','%Y/%m/%d %H:%i:%s.%f'),1);
INSERT INTO T_COMN_MENU_COLUMN_LINK (COLUMN_DEFINITION_ID,MENU_ID,COLUMN_NAME_JA,COLUMN_NAME_EN,COLUMN_NAME_REST,COL_GROUP_ID,COLUMN_CLASS,COLUMN_DISP_SEQ,REF_TABLE_NAME,REF_PKEY_NAME,REF_COL_NAME,REF_SORT_CONDITIONS,REF_MULTI_LANG,SENSITIVE_COL_NAME,COL_NAME,SAVE_TYPE,AUTO_INPUT,INPUT_ITEM,VIEW_ITEM,UNIQUE_ITEM,REQUIRED_ITEM,INITIAL_VALUE,VALIDATE_OPTION,BEFORE_VALIDATE_REGISTER,AFTER_VALIDATE_REGISTER,DESCRIPTION_JA,DESCRIPTION_EN,NOTE,DISUSE_FLAG,LAST_UPDATE_TIMESTAMP,LAST_UPDATE_USER) VALUES('128','10205','個別バリデーション前','Before individual validation','before_individual_validation',NULL,'2',240,NULL,NULL,NULL,NULL,'0',NULL,'BEFORE_VALIDATE_REGISTER',NULL,'0','1','1','0','0',NULL,'{
"min_length": 0,
"max_length": 4000
}',NULL,NULL,'[最大長]4000バイト','[Maximum length] 4000 byte',NULL,'0',STR_TO_DATE('2015/04/01 10:00:00.000000','%Y/%m/%d %H:%i:%s.%f'),1);
INSERT INTO T_COMN_MENU_COLUMN_LINK_JNL (JOURNAL_SEQ_NO,JOURNAL_REG_DATETIME,JOURNAL_ACTION_CLASS,COLUMN_DEFINITION_ID,MENU_ID,COLUMN_NAME_JA,COLUMN_NAME_EN,COLUMN_NAME_REST,COL_GROUP_ID,COLUMN_CLASS,COLUMN_DISP_SEQ,REF_TABLE_NAME,REF_PKEY_NAME,REF_COL_NAME,REF_SORT_CONDITIONS,REF_MULTI_LANG,SENSITIVE_COL_NAME,COL_NAME,SAVE_TYPE,AUTO_INPUT,INPUT_ITEM,VIEW_ITEM,UNIQUE_ITEM,REQUIRED_ITEM,INITIAL_VALUE,VALIDATE_OPTION,BEFORE_VALIDATE_REGISTER,AFTER_VALIDATE_REGISTER,DESCRIPTION_JA,DESCRIPTION_EN,NOTE,DISUSE_FLAG,LAST_UPDATE_TIMESTAMP,LAST_UPDATE_USER) VALUES(128,STR_TO_DATE('2015/04/01 10:00:00.000000','%Y/%m/%d %H:%i:%s.%f'),'INSERT','128','10205','個別バリデーション前','Before individual validation','before_individual_validation',NULL,'2',240,NULL,NULL,NULL,NULL,'0',NULL,'BEFORE_VALIDATE_REGISTER',NULL,'0','1','1','0','0',NULL,'{
"min_length": 0,
"max_length": 4000
}',NULL,NULL,'[最大長]4000バイト','[Maximum length] 4000 byte',NULL,'0',STR_TO_DATE('2015/04/01 10:00:00.000000','%Y/%m/%d %H:%i:%s.%f'),1);
INSERT INTO T_COMN_MENU_COLUMN_LINK (COLUMN_DEFINITION_ID,MENU_ID,COLUMN_NAME_JA,COLUMN_NAME_EN,COLUMN_NAME_REST,COL_GROUP_ID,COLUMN_CLASS,COLUMN_DISP_SEQ,REF_TABLE_NAME,REF_PKEY_NAME,REF_COL_NAME,REF_SORT_CONDITIONS,REF_MULTI_LANG,SENSITIVE_COL_NAME,COL_NAME,SAVE_TYPE,AUTO_INPUT,INPUT_ITEM,VIEW_ITEM,UNIQUE_ITEM,REQUIRED_ITEM,INITIAL_VALUE,VALIDATE_OPTION,BEFORE_VALIDATE_REGISTER,AFTER_VALIDATE_REGISTER,DESCRIPTION_JA,DESCRIPTION_EN,NOTE,DISUSE_FLAG,LAST_UPDATE_TIMESTAMP,LAST_UPDATE_USER) VALUES('129','10205','個別バリデーション後','After the individual validation','After_individual_validation',NULL,'2',250,NULL,NULL,NULL,NULL,'0',NULL,'AFTER_VALIDATE_REGISTER',NULL,'0','1','1','0','0',NULL,'{
"min_length": 0,
"max_length": 4000
}',NULL,NULL,'[最大長]4000バイト','[Maximum length] 4000 byte',NULL,'0',STR_TO_DATE('2015/04/01 10:00:00.000000','%Y/%m/%d %H:%i:%s.%f'),1);
INSERT INTO T_COMN_MENU_COLUMN_LINK_JNL (JOURNAL_SEQ_NO,JOURNAL_REG_DATETIME,JOURNAL_ACTION_CLASS,COLUMN_DEFINITION_ID,MENU_ID,COLUMN_NAME_JA,COLUMN_NAME_EN,COLUMN_NAME_REST,COL_GROUP_ID,COLUMN_CLASS,COLUMN_DISP_SEQ,REF_TABLE_NAME,REF_PKEY_NAME,REF_COL_NAME,REF_SORT_CONDITIONS,REF_MULTI_LANG,SENSITIVE_COL_NAME,COL_NAME,SAVE_TYPE,AUTO_INPUT,INPUT_ITEM,VIEW_ITEM,UNIQUE_ITEM,REQUIRED_ITEM,INITIAL_VALUE,VALIDATE_OPTION,BEFORE_VALIDATE_REGISTER,AFTER_VALIDATE_REGISTER,DESCRIPTION_JA,DESCRIPTION_EN,NOTE,DISUSE_FLAG,LAST_UPDATE_TIMESTAMP,LAST_UPDATE_USER) VALUES(129,STR_TO_DATE('2015/04/01 10:00:00.000000','%Y/%m/%d %H:%i:%s.%f'),'INSERT','129','10205','個別バリデーション後','After the individual validation','After_individual_validation',NULL,'2',250,NULL,NULL,NULL,NULL,'0',NULL,'AFTER_VALIDATE_REGISTER',NULL,'0','1','1','0','0',NULL,'{
"min_length": 0,
"max_length": 4000
}',NULL,NULL,'[最大長]4000バイト','[Maximum length] 4000 byte',NULL,'0',STR_TO_DATE('2015/04/01 10:00:00.000000','%Y/%m/%d %H:%i:%s.%f'),1);
INSERT INTO T_COMN_MENU_COLUMN_LINK (COLUMN_DEFINITION_ID,MENU_ID,COLUMN_NAME_JA,COLUMN_NAME_EN,COLUMN_NAME_REST,COL_GROUP_ID,COLUMN_CLASS,COLUMN_DISP_SEQ,REF_TABLE_NAME,REF_PKEY_NAME,REF_COL_NAME,REF_SORT_CONDITIONS,REF_MULTI_LANG,SENSITIVE_COL_NAME,COL_NAME,SAVE_TYPE,AUTO_INPUT,INPUT_ITEM,VIEW_ITEM,UNIQUE_ITEM,REQUIRED_ITEM,INITIAL_VALUE,VALIDATE_OPTION,BEFORE_VALIDATE_REGISTER,AFTER_VALIDATE_REGISTER,DESCRIPTION_JA,DESCRIPTION_EN,NOTE,DISUSE_FLAG,LAST_UPDATE_TIMESTAMP,LAST_UPDATE_USER) VALUES('130','10205','説明(ja)','description(ja)','description_ja',NULL,'2',260,NULL,NULL,NULL,NULL,'0',NULL,'DESCRIPTION_JA',NULL,'0','1','1','0','0',NULL,'{
"min_length": 0,
"max_length": 4000
}',NULL,NULL,'[最大長]4000バイト','[Maximum length] 4000 byte',NULL,'0',STR_TO_DATE('2015/04/01 10:00:00.000000','%Y/%m/%d %H:%i:%s.%f'),1);
INSERT INTO T_COMN_MENU_COLUMN_LINK_JNL (JOURNAL_SEQ_NO,JOURNAL_REG_DATETIME,JOURNAL_ACTION_CLASS,COLUMN_DEFINITION_ID,MENU_ID,COLUMN_NAME_JA,COLUMN_NAME_EN,COLUMN_NAME_REST,COL_GROUP_ID,COLUMN_CLASS,COLUMN_DISP_SEQ,REF_TABLE_NAME,REF_PKEY_NAME,REF_COL_NAME,REF_SORT_CONDITIONS,REF_MULTI_LANG,SENSITIVE_COL_NAME,COL_NAME,SAVE_TYPE,AUTO_INPUT,INPUT_ITEM,VIEW_ITEM,UNIQUE_ITEM,REQUIRED_ITEM,INITIAL_VALUE,VALIDATE_OPTION,BEFORE_VALIDATE_REGISTER,AFTER_VALIDATE_REGISTER,DESCRIPTION_JA,DESCRIPTION_EN,NOTE,DISUSE_FLAG,LAST_UPDATE_TIMESTAMP,LAST_UPDATE_USER) VALUES(130,STR_TO_DATE('2015/04/01 10:00:00.000000','%Y/%m/%d %H:%i:%s.%f'),'INSERT','130','10205','説明(ja)','description(ja)','description_ja',NULL,'2',260,NULL,NULL,NULL,NULL,'0',NULL,'DESCRIPTION_JA',NULL,'0','1','1','0','0',NULL,'{
"min_length": 0,
"max_length": 4000
}',NULL,NULL,'[最大長]4000バイト','[Maximum length] 4000 byte',NULL,'0',STR_TO_DATE('2015/04/01 10:00:00.000000','%Y/%m/%d %H:%i:%s.%f'),1);
INSERT INTO T_COMN_MENU_COLUMN_LINK (COLUMN_DEFINITION_ID,MENU_ID,COLUMN_NAME_JA,COLUMN_NAME_EN,COLUMN_NAME_REST,COL_GROUP_ID,COLUMN_CLASS,COLUMN_DISP_SEQ,REF_TABLE_NAME,REF_PKEY_NAME,REF_COL_NAME,REF_SORT_CONDITIONS,REF_MULTI_LANG,SENSITIVE_COL_NAME,COL_NAME,SAVE_TYPE,AUTO_INPUT,INPUT_ITEM,VIEW_ITEM,UNIQUE_ITEM,REQUIRED_ITEM,INITIAL_VALUE,VALIDATE_OPTION,BEFORE_VALIDATE_REGISTER,AFTER_VALIDATE_REGISTER,DESCRIPTION_JA,DESCRIPTION_EN,NOTE,DISUSE_FLAG,LAST_UPDATE_TIMESTAMP,LAST_UPDATE_USER) VALUES('131','10205','説明(en)','description(en)','description_en',NULL,'2',270,NULL,NULL,NULL,NULL,'0',NULL,'DESCRIPTION_EN',NULL,'0','1','1','0','0',NULL,'{
"min_length": 0,
"max_length": 4000
}',NULL,NULL,'[最大長]4000バイト','[Maximum length] 4000 byte',NULL,'0',STR_TO_DATE('2015/04/01 10:00:00.000000','%Y/%m/%d %H:%i:%s.%f'),1);
INSERT INTO T_COMN_MENU_COLUMN_LINK_JNL (JOURNAL_SEQ_NO,JOURNAL_REG_DATETIME,JOURNAL_ACTION_CLASS,COLUMN_DEFINITION_ID,MENU_ID,COLUMN_NAME_JA,COLUMN_NAME_EN,COLUMN_NAME_REST,COL_GROUP_ID,COLUMN_CLASS,COLUMN_DISP_SEQ,REF_TABLE_NAME,REF_PKEY_NAME,REF_COL_NAME,REF_SORT_CONDITIONS,REF_MULTI_LANG,SENSITIVE_COL_NAME,COL_NAME,SAVE_TYPE,AUTO_INPUT,INPUT_ITEM,VIEW_ITEM,UNIQUE_ITEM,REQUIRED_ITEM,INITIAL_VALUE,VALIDATE_OPTION,BEFORE_VALIDATE_REGISTER,AFTER_VALIDATE_REGISTER,DESCRIPTION_JA,DESCRIPTION_EN,NOTE,DISUSE_FLAG,LAST_UPDATE_TIMESTAMP,LAST_UPDATE_USER) VALUES(131,STR_TO_DATE('2015/04/01 10:00:00.000000','%Y/%m/%d %H:%i:%s.%f'),'INSERT','131','10205','説明(en)','description(en)','description_en',NULL,'2',270,NULL,NULL,NULL,NULL,'0',NULL,'DESCRIPTION_EN',NULL,'0','1','1','0','0',NULL,'{
"min_length": 0,
"max_length": 4000
}',NULL,NULL,'[最大長]4000バイト','[Maximum length] 4000 byte',NULL,'0',STR_TO_DATE('2015/04/01 10:00:00.000000','%Y/%m/%d %H:%i:%s.%f'),1);
INSERT INTO T_COMN_MENU_COLUMN_LINK (COLUMN_DEFINITION_ID,MENU_ID,COLUMN_NAME_JA,COLUMN_NAME_EN,COLUMN_NAME_REST,COL_GROUP_ID,COLUMN_CLASS,COLUMN_DISP_SEQ,REF_TABLE_NAME,REF_PKEY_NAME,REF_COL_NAME,REF_SORT_CONDITIONS,REF_MULTI_LANG,SENSITIVE_COL_NAME,COL_NAME,SAVE_TYPE,AUTO_INPUT,INPUT_ITEM,VIEW_ITEM,UNIQUE_ITEM,REQUIRED_ITEM,INITIAL_VALUE,VALIDATE_OPTION,BEFORE_VALIDATE_REGISTER,AFTER_VALIDATE_REGISTER,DESCRIPTION_JA,DESCRIPTION_EN,NOTE,DISUSE_FLAG,LAST_UPDATE_TIMESTAMP,LAST_UPDATE_USER) VALUES('132','10205','備考','Remarks','remarks',NULL,'12',280,NULL,NULL,NULL,NULL,'0',NULL,'NOTE',NULL,'0','1','1','0','0',NULL,'{
"int_min": 0,
"int_max": 4000
}',NULL,NULL,'自由記述欄。レコードの廃止・復活時にも記載可能。','Comments section. Can comment when removing or restoring records.',NULL,'0',STR_TO_DATE('2015/04/01 10:00:00.000000','%Y/%m/%d %H:%i:%s.%f'),1);
INSERT INTO T_COMN_MENU_COLUMN_LINK_JNL (JOURNAL_SEQ_NO,JOURNAL_REG_DATETIME,JOURNAL_ACTION_CLASS,COLUMN_DEFINITION_ID,MENU_ID,COLUMN_NAME_JA,COLUMN_NAME_EN,COLUMN_NAME_REST,COL_GROUP_ID,COLUMN_CLASS,COLUMN_DISP_SEQ,REF_TABLE_NAME,REF_PKEY_NAME,REF_COL_NAME,REF_SORT_CONDITIONS,REF_MULTI_LANG,SENSITIVE_COL_NAME,COL_NAME,SAVE_TYPE,AUTO_INPUT,INPUT_ITEM,VIEW_ITEM,UNIQUE_ITEM,REQUIRED_ITEM,INITIAL_VALUE,VALIDATE_OPTION,BEFORE_VALIDATE_REGISTER,AFTER_VALIDATE_REGISTER,DESCRIPTION_JA,DESCRIPTION_EN,NOTE,DISUSE_FLAG,LAST_UPDATE_TIMESTAMP,LAST_UPDATE_USER) VALUES(132,STR_TO_DATE('2015/04/01 10:00:00.000000','%Y/%m/%d %H:%i:%s.%f'),'INSERT','132','10205','備考','Remarks','remarks',NULL,'12',280,NULL,NULL,NULL,NULL,'0',NULL,'NOTE',NULL,'0','1','1','0','0',NULL,'{
"int_min": 0,
"int_max": 4000
}',NULL,NULL,'自由記述欄。レコードの廃止・復活時にも記載可能。','Comments section. Can comment when removing or restoring records.',NULL,'0',STR_TO_DATE('2015/04/01 10:00:00.000000','%Y/%m/%d %H:%i:%s.%f'),1);
INSERT INTO T_COMN_MENU_COLUMN_LINK (COLUMN_DEFINITION_ID,MENU_ID,COLUMN_NAME_JA,COLUMN_NAME_EN,COLUMN_NAME_REST,COL_GROUP_ID,COLUMN_CLASS,COLUMN_DISP_SEQ,REF_TABLE_NAME,REF_PKEY_NAME,REF_COL_NAME,REF_SORT_CONDITIONS,REF_MULTI_LANG,SENSITIVE_COL_NAME,COL_NAME,SAVE_TYPE,AUTO_INPUT,INPUT_ITEM,VIEW_ITEM,UNIQUE_ITEM,REQUIRED_ITEM,INITIAL_VALUE,VALIDATE_OPTION,BEFORE_VALIDATE_REGISTER,AFTER_VALIDATE_REGISTER,DESCRIPTION_JA,DESCRIPTION_EN,NOTE,DISUSE_FLAG,LAST_UPDATE_TIMESTAMP,LAST_UPDATE_USER) VALUES('133','10205','廃止フラグ','Discard','discard',NULL,'1',290,NULL,NULL,NULL,NULL,'0',NULL,'DISUSE_FLAG',NULL,'1','0','0','0','1',NULL,NULL,NULL,NULL,'廃止フラグ。復活以外のオペレーションは不可','Discard flag. Cannot do operation other than restore.',NULL,'0',STR_TO_DATE('2015/04/01 10:00:00.000000','%Y/%m/%d %H:%i:%s.%f'),1);
INSERT INTO T_COMN_MENU_COLUMN_LINK_JNL (JOURNAL_SEQ_NO,JOURNAL_REG_DATETIME,JOURNAL_ACTION_CLASS,COLUMN_DEFINITION_ID,MENU_ID,COLUMN_NAME_JA,COLUMN_NAME_EN,COLUMN_NAME_REST,COL_GROUP_ID,COLUMN_CLASS,COLUMN_DISP_SEQ,REF_TABLE_NAME,REF_PKEY_NAME,REF_COL_NAME,REF_SORT_CONDITIONS,REF_MULTI_LANG,SENSITIVE_COL_NAME,COL_NAME,SAVE_TYPE,AUTO_INPUT,INPUT_ITEM,VIEW_ITEM,UNIQUE_ITEM,REQUIRED_ITEM,INITIAL_VALUE,VALIDATE_OPTION,BEFORE_VALIDATE_REGISTER,AFTER_VALIDATE_REGISTER,DESCRIPTION_JA,DESCRIPTION_EN,NOTE,DISUSE_FLAG,LAST_UPDATE_TIMESTAMP,LAST_UPDATE_USER) VALUES(133,STR_TO_DATE('2015/04/01 10:00:00.000000','%Y/%m/%d %H:%i:%s.%f'),'INSERT','133','10205','廃止フラグ','Discard','discard',NULL,'1',290,NULL,NULL,NULL,NULL,'0',NULL,'DISUSE_FLAG',NULL,'1','0','0','0','1',NULL,NULL,NULL,NULL,'廃止フラグ。復活以外のオペレーションは不可','Discard flag. Cannot do operation other than restore.',NULL,'0',STR_TO_DATE('2015/04/01 10:00:00.000000','%Y/%m/%d %H:%i:%s.%f'),1);
INSERT INTO T_COMN_MENU_COLUMN_LINK (COLUMN_DEFINITION_ID,MENU_ID,COLUMN_NAME_JA,COLUMN_NAME_EN,COLUMN_NAME_REST,COL_GROUP_ID,COLUMN_CLASS,COLUMN_DISP_SEQ,REF_TABLE_NAME,REF_PKEY_NAME,REF_COL_NAME,REF_SORT_CONDITIONS,REF_MULTI_LANG,SENSITIVE_COL_NAME,COL_NAME,SAVE_TYPE,AUTO_INPUT,INPUT_ITEM,VIEW_ITEM,UNIQUE_ITEM,REQUIRED_ITEM,INITIAL_VALUE,VALIDATE_OPTION,BEFORE_VALIDATE_REGISTER,AFTER_VALIDATE_REGISTER,DESCRIPTION_JA,DESCRIPTION_EN,NOTE,DISUSE_FLAG,LAST_UPDATE_TIMESTAMP,LAST_UPDATE_USER) VALUES('134','10205','最終更新日時','Last update date/time','last_update_date_time',NULL,'13',300,NULL,NULL,NULL,NULL,'0',NULL,'LAST_UPDATE_TIMESTAMP',NULL,'1','0','1','0','1',NULL,NULL,NULL,NULL,'レコードの最終更新日。自動登録のため編集不可。','Last update date of record. Cannot edit because of auto-registration.',NULL,'0',STR_TO_DATE('2015/04/01 10:00:00.000000','%Y/%m/%d %H:%i:%s.%f'),1);
INSERT INTO T_COMN_MENU_COLUMN_LINK_JNL (JOURNAL_SEQ_NO,JOURNAL_REG_DATETIME,JOURNAL_ACTION_CLASS,COLUMN_DEFINITION_ID,MENU_ID,COLUMN_NAME_JA,COLUMN_NAME_EN,COLUMN_NAME_REST,COL_GROUP_ID,COLUMN_CLASS,COLUMN_DISP_SEQ,REF_TABLE_NAME,REF_PKEY_NAME,REF_COL_NAME,REF_SORT_CONDITIONS,REF_MULTI_LANG,SENSITIVE_COL_NAME,COL_NAME,SAVE_TYPE,AUTO_INPUT,INPUT_ITEM,VIEW_ITEM,UNIQUE_ITEM,REQUIRED_ITEM,INITIAL_VALUE,VALIDATE_OPTION,BEFORE_VALIDATE_REGISTER,AFTER_VALIDATE_REGISTER,DESCRIPTION_JA,DESCRIPTION_EN,NOTE,DISUSE_FLAG,LAST_UPDATE_TIMESTAMP,LAST_UPDATE_USER) VALUES(134,STR_TO_DATE('2015/04/01 10:00:00.000000','%Y/%m/%d %H:%i:%s.%f'),'INSERT','134','10205','最終更新日時','Last update date/time','last_update_date_time',NULL,'13',300,NULL,NULL,NULL,NULL,'0',NULL,'LAST_UPDATE_TIMESTAMP',NULL,'1','0','1','0','1',NULL,NULL,NULL,NULL,'レコードの最終更新日。自動登録のため編集不可。','Last update date of record. Cannot edit because of auto-registration.',NULL,'0',STR_TO_DATE('2015/04/01 10:00:00.000000','%Y/%m/%d %H:%i:%s.%f'),1);
INSERT INTO T_COMN_MENU_COLUMN_LINK (COLUMN_DEFINITION_ID,MENU_ID,COLUMN_NAME_JA,COLUMN_NAME_EN,COLUMN_NAME_REST,COL_GROUP_ID,COLUMN_CLASS,COLUMN_DISP_SEQ,REF_TABLE_NAME,REF_PKEY_NAME,REF_COL_NAME,REF_SORT_CONDITIONS,REF_MULTI_LANG,SENSITIVE_COL_NAME,COL_NAME,SAVE_TYPE,AUTO_INPUT,INPUT_ITEM,VIEW_ITEM,UNIQUE_ITEM,REQUIRED_ITEM,INITIAL_VALUE,VALIDATE_OPTION,BEFORE_VALIDATE_REGISTER,AFTER_VALIDATE_REGISTER,DESCRIPTION_JA,DESCRIPTION_EN,NOTE,DISUSE_FLAG,LAST_UPDATE_TIMESTAMP,LAST_UPDATE_USER) VALUES('135','10205','最終更新者','Last updated by','last_updated_user',NULL,'14',310,NULL,NULL,NULL,NULL,'0',NULL,'LAST_UPDATE_USER',NULL,'1','0','1','0','1',NULL,NULL,NULL,NULL,'更新者。ログインユーザのIDが自動的に登録される。編集不可。','Updated by. Login user ID is automatically registered. Cannot edit.',NULL,'0',STR_TO_DATE('2015/04/01 10:00:00.000000','%Y/%m/%d %H:%i:%s.%f'),1);
INSERT INTO T_COMN_MENU_COLUMN_LINK_JNL (JOURNAL_SEQ_NO,JOURNAL_REG_DATETIME,JOURNAL_ACTION_CLASS,COLUMN_DEFINITION_ID,MENU_ID,COLUMN_NAME_JA,COLUMN_NAME_EN,COLUMN_NAME_REST,COL_GROUP_ID,COLUMN_CLASS,COLUMN_DISP_SEQ,REF_TABLE_NAME,REF_PKEY_NAME,REF_COL_NAME,REF_SORT_CONDITIONS,REF_MULTI_LANG,SENSITIVE_COL_NAME,COL_NAME,SAVE_TYPE,AUTO_INPUT,INPUT_ITEM,VIEW_ITEM,UNIQUE_ITEM,REQUIRED_ITEM,INITIAL_VALUE,VALIDATE_OPTION,BEFORE_VALIDATE_REGISTER,AFTER_VALIDATE_REGISTER,DESCRIPTION_JA,DESCRIPTION_EN,NOTE,DISUSE_FLAG,LAST_UPDATE_TIMESTAMP,LAST_UPDATE_USER) VALUES(135,STR_TO_DATE('2015/04/01 10:00:00.000000','%Y/%m/%d %H:%i:%s.%f'),'INSERT','135','10205','最終更新者','Last updated by','last_updated_user',NULL,'14',310,NULL,NULL,NULL,NULL,'0',NULL,'LAST_UPDATE_USER',NULL,'1','0','1','0','1',NULL,NULL,NULL,NULL,'更新者。ログインユーザのIDが自動的に登録される。編集不可。','Updated by. Login user ID is automatically registered. Cannot edit.',NULL,'0',STR_TO_DATE('2015/04/01 10:00:00.000000','%Y/%m/%d %H:%i:%s.%f'),1);
INSERT INTO T_COMN_MENU_COLUMN_LINK (COLUMN_DEFINITION_ID,MENU_ID,COLUMN_NAME_JA,COLUMN_NAME_EN,COLUMN_NAME_REST,COL_GROUP_ID,COLUMN_CLASS,COLUMN_DISP_SEQ,REF_TABLE_NAME,REF_PKEY_NAME,REF_COL_NAME,REF_SORT_CONDITIONS,REF_MULTI_LANG,SENSITIVE_COL_NAME,COL_NAME,SAVE_TYPE,AUTO_INPUT,INPUT_ITEM,VIEW_ITEM,UNIQUE_ITEM,REQUIRED_ITEM,INITIAL_VALUE,VALIDATE_OPTION,BEFORE_VALIDATE_REGISTER,AFTER_VALIDATE_REGISTER,DESCRIPTION_JA,DESCRIPTION_EN,NOTE,DISUSE_FLAG,LAST_UPDATE_TIMESTAMP,LAST_UPDATE_USER) VALUES('136','10206','カラムグループID','Column group ID','column_group_id',NULL,'1',10,NULL,NULL,NULL,NULL,'0',NULL,'COL_GROUP_ID',NULL,'1','1','1','1','1',NULL,NULL,NULL,NULL,'自動採番のため編集不可。実行処理種別が【登録】の場合、空白のみ可。','Cannot edit because of auto-numbering. Must be blank when execution process type is [Register].',NULL,'0',STR_TO_DATE('2015/04/01 10:00:00.000000','%Y/%m/%d %H:%i:%s.%f'),1);
INSERT INTO T_COMN_MENU_COLUMN_LINK_JNL (JOURNAL_SEQ_NO,JOURNAL_REG_DATETIME,JOURNAL_ACTION_CLASS,COLUMN_DEFINITION_ID,MENU_ID,COLUMN_NAME_JA,COLUMN_NAME_EN,COLUMN_NAME_REST,COL_GROUP_ID,COLUMN_CLASS,COLUMN_DISP_SEQ,REF_TABLE_NAME,REF_PKEY_NAME,REF_COL_NAME,REF_SORT_CONDITIONS,REF_MULTI_LANG,SENSITIVE_COL_NAME,COL_NAME,SAVE_TYPE,AUTO_INPUT,INPUT_ITEM,VIEW_ITEM,UNIQUE_ITEM,REQUIRED_ITEM,INITIAL_VALUE,VALIDATE_OPTION,BEFORE_VALIDATE_REGISTER,AFTER_VALIDATE_REGISTER,DESCRIPTION_JA,DESCRIPTION_EN,NOTE,DISUSE_FLAG,LAST_UPDATE_TIMESTAMP,LAST_UPDATE_USER) VALUES(136,STR_TO_DATE('2015/04/01 10:00:00.000000','%Y/%m/%d %H:%i:%s.%f'),'INSERT','136','10206','カラムグループID','Column group ID','column_group_id',NULL,'1',10,NULL,NULL,NULL,NULL,'0',NULL,'COL_GROUP_ID',NULL,'1','1','1','1','1',NULL,NULL,NULL,NULL,'自動採番のため編集不可。実行処理種別が【登録】の場合、空白のみ可。','Cannot edit because of auto-numbering. Must be blank when execution process type is [Register].',NULL,'0',STR_TO_DATE('2015/04/01 10:00:00.000000','%Y/%m/%d %H:%i:%s.%f'),1);
INSERT INTO T_COMN_MENU_COLUMN_LINK (COLUMN_DEFINITION_ID,MENU_ID,COLUMN_NAME_JA,COLUMN_NAME_EN,COLUMN_NAME_REST,COL_GROUP_ID,COLUMN_CLASS,COLUMN_DISP_SEQ,REF_TABLE_NAME,REF_PKEY_NAME,REF_COL_NAME,REF_SORT_CONDITIONS,REF_MULTI_LANG,SENSITIVE_COL_NAME,COL_NAME,SAVE_TYPE,AUTO_INPUT,INPUT_ITEM,VIEW_ITEM,UNIQUE_ITEM,REQUIRED_ITEM,INITIAL_VALUE,VALIDATE_OPTION,BEFORE_VALIDATE_REGISTER,AFTER_VALIDATE_REGISTER,DESCRIPTION_JA,DESCRIPTION_EN,NOTE,DISUSE_FLAG,LAST_UPDATE_TIMESTAMP,LAST_UPDATE_USER) VALUES('137','10206','親カラムグループ','Parent column group ID','parent_column_group_id',NULL,'1',20,'T_COMN_COLUMN_GROUP','COL_GROUP_ID','COL_GROUP_NAME',NULL,'1',NULL,'PA_COL_GROUP_ID',NULL,'0','1','1','0','0',NULL,NULL,NULL,NULL,'プルダウン選択','Pull-down selection',NULL,'0',STR_TO_DATE('2015/04/01 10:00:00.000000','%Y/%m/%d %H:%i:%s.%f'),1);
INSERT INTO T_COMN_MENU_COLUMN_LINK_JNL (JOURNAL_SEQ_NO,JOURNAL_REG_DATETIME,JOURNAL_ACTION_CLASS,COLUMN_DEFINITION_ID,MENU_ID,COLUMN_NAME_JA,COLUMN_NAME_EN,COLUMN_NAME_REST,COL_GROUP_ID,COLUMN_CLASS,COLUMN_DISP_SEQ,REF_TABLE_NAME,REF_PKEY_NAME,REF_COL_NAME,REF_SORT_CONDITIONS,REF_MULTI_LANG,SENSITIVE_COL_NAME,COL_NAME,SAVE_TYPE,AUTO_INPUT,INPUT_ITEM,VIEW_ITEM,UNIQUE_ITEM,REQUIRED_ITEM,INITIAL_VALUE,VALIDATE_OPTION,BEFORE_VALIDATE_REGISTER,AFTER_VALIDATE_REGISTER,DESCRIPTION_JA,DESCRIPTION_EN,NOTE,DISUSE_FLAG,LAST_UPDATE_TIMESTAMP,LAST_UPDATE_USER) VALUES(137,STR_TO_DATE('2015/04/01 10:00:00.000000','%Y/%m/%d %H:%i:%s.%f'),'INSERT','137','10206','親カラムグループ','Parent column group ID','parent_column_group_id',NULL,'1',20,'T_COMN_COLUMN_GROUP','COL_GROUP_ID','COL_GROUP_NAME',NULL,'1',NULL,'PA_COL_GROUP_ID',NULL,'0','1','1','0','0',NULL,NULL,NULL,NULL,'プルダウン選択','Pull-down selection',NULL,'0',STR_TO_DATE('2015/04/01 10:00:00.000000','%Y/%m/%d %H:%i:%s.%f'),1);
INSERT INTO T_COMN_MENU_COLUMN_LINK (COLUMN_DEFINITION_ID,MENU_ID,COLUMN_NAME_JA,COLUMN_NAME_EN,COLUMN_NAME_REST,COL_GROUP_ID,COLUMN_CLASS,COLUMN_DISP_SEQ,REF_TABLE_NAME,REF_PKEY_NAME,REF_COL_NAME,REF_SORT_CONDITIONS,REF_MULTI_LANG,SENSITIVE_COL_NAME,COL_NAME,SAVE_TYPE,AUTO_INPUT,INPUT_ITEM,VIEW_ITEM,UNIQUE_ITEM,REQUIRED_ITEM,INITIAL_VALUE,VALIDATE_OPTION,BEFORE_VALIDATE_REGISTER,AFTER_VALIDATE_REGISTER,DESCRIPTION_JA,DESCRIPTION_EN,NOTE,DISUSE_FLAG,LAST_UPDATE_TIMESTAMP,LAST_UPDATE_USER) VALUES('138','10206','カラムグループ名(ja)','column group name(ja)','column_group_name_ja',NULL,'1',30,NULL,NULL,NULL,NULL,'0',NULL,'COL_GROUP_NAME_JA',NULL,'0','1','1','0','1',NULL,'{
"min_length": 0,
"max_length": 255
}',NULL,NULL,'[最大長]255バイト','[Maximum length] 255 byte',NULL,'0',STR_TO_DATE('2015/04/01 10:00:00.000000','%Y/%m/%d %H:%i:%s.%f'),1);
INSERT INTO T_COMN_MENU_COLUMN_LINK_JNL (JOURNAL_SEQ_NO,JOURNAL_REG_DATETIME,JOURNAL_ACTION_CLASS,COLUMN_DEFINITION_ID,MENU_ID,COLUMN_NAME_JA,COLUMN_NAME_EN,COLUMN_NAME_REST,COL_GROUP_ID,COLUMN_CLASS,COLUMN_DISP_SEQ,REF_TABLE_NAME,REF_PKEY_NAME,REF_COL_NAME,REF_SORT_CONDITIONS,REF_MULTI_LANG,SENSITIVE_COL_NAME,COL_NAME,SAVE_TYPE,AUTO_INPUT,INPUT_ITEM,VIEW_ITEM,UNIQUE_ITEM,REQUIRED_ITEM,INITIAL_VALUE,VALIDATE_OPTION,BEFORE_VALIDATE_REGISTER,AFTER_VALIDATE_REGISTER,DESCRIPTION_JA,DESCRIPTION_EN,NOTE,DISUSE_FLAG,LAST_UPDATE_TIMESTAMP,LAST_UPDATE_USER) VALUES(138,STR_TO_DATE('2015/04/01 10:00:00.000000','%Y/%m/%d %H:%i:%s.%f'),'INSERT','138','10206','カラムグループ名(ja)','column group name(ja)','column_group_name_ja',NULL,'1',30,NULL,NULL,NULL,NULL,'0',NULL,'COL_GROUP_NAME_JA',NULL,'0','1','1','0','1',NULL,'{
"min_length": 0,
"max_length": 255
}',NULL,NULL,'[最大長]255バイト','[Maximum length] 255 byte',NULL,'0',STR_TO_DATE('2015/04/01 10:00:00.000000','%Y/%m/%d %H:%i:%s.%f'),1);
INSERT INTO T_COMN_MENU_COLUMN_LINK (COLUMN_DEFINITION_ID,MENU_ID,COLUMN_NAME_JA,COLUMN_NAME_EN,COLUMN_NAME_REST,COL_GROUP_ID,COLUMN_CLASS,COLUMN_DISP_SEQ,REF_TABLE_NAME,REF_PKEY_NAME,REF_COL_NAME,REF_SORT_CONDITIONS,REF_MULTI_LANG,SENSITIVE_COL_NAME,COL_NAME,SAVE_TYPE,AUTO_INPUT,INPUT_ITEM,VIEW_ITEM,UNIQUE_ITEM,REQUIRED_ITEM,INITIAL_VALUE,VALIDATE_OPTION,BEFORE_VALIDATE_REGISTER,AFTER_VALIDATE_REGISTER,DESCRIPTION_JA,DESCRIPTION_EN,NOTE,DISUSE_FLAG,LAST_UPDATE_TIMESTAMP,LAST_UPDATE_USER) VALUES('139','10206','カラムグループ名(en)','column group name(en)','column_group_name_en',NULL,'1',40,NULL,NULL,NULL,NULL,'0',NULL,'COL_GROUP_NAME_EN',NULL,'0','1','1','0','1',NULL,'{
"min_length": 0,
"max_length": 255
}',NULL,NULL,'[最大長]255バイト','[Maximum length] 255 byte',NULL,'0',STR_TO_DATE('2015/04/01 10:00:00.000000','%Y/%m/%d %H:%i:%s.%f'),1);
INSERT INTO T_COMN_MENU_COLUMN_LINK_JNL (JOURNAL_SEQ_NO,JOURNAL_REG_DATETIME,JOURNAL_ACTION_CLASS,COLUMN_DEFINITION_ID,MENU_ID,COLUMN_NAME_JA,COLUMN_NAME_EN,COLUMN_NAME_REST,COL_GROUP_ID,COLUMN_CLASS,COLUMN_DISP_SEQ,REF_TABLE_NAME,REF_PKEY_NAME,REF_COL_NAME,REF_SORT_CONDITIONS,REF_MULTI_LANG,SENSITIVE_COL_NAME,COL_NAME,SAVE_TYPE,AUTO_INPUT,INPUT_ITEM,VIEW_ITEM,UNIQUE_ITEM,REQUIRED_ITEM,INITIAL_VALUE,VALIDATE_OPTION,BEFORE_VALIDATE_REGISTER,AFTER_VALIDATE_REGISTER,DESCRIPTION_JA,DESCRIPTION_EN,NOTE,DISUSE_FLAG,LAST_UPDATE_TIMESTAMP,LAST_UPDATE_USER) VALUES(139,STR_TO_DATE('2015/04/01 10:00:00.000000','%Y/%m/%d %H:%i:%s.%f'),'INSERT','139','10206','カラムグループ名(en)','column group name(en)','column_group_name_en',NULL,'1',40,NULL,NULL,NULL,NULL,'0',NULL,'COL_GROUP_NAME_EN',NULL,'0','1','1','0','1',NULL,'{
"min_length": 0,
"max_length": 255
}',NULL,NULL,'[最大長]255バイト','[Maximum length] 255 byte',NULL,'0',STR_TO_DATE('2015/04/01 10:00:00.000000','%Y/%m/%d %H:%i:%s.%f'),1);
INSERT INTO T_COMN_MENU_COLUMN_LINK (COLUMN_DEFINITION_ID,MENU_ID,COLUMN_NAME_JA,COLUMN_NAME_EN,COLUMN_NAME_REST,COL_GROUP_ID,COLUMN_CLASS,COLUMN_DISP_SEQ,REF_TABLE_NAME,REF_PKEY_NAME,REF_COL_NAME,REF_SORT_CONDITIONS,REF_MULTI_LANG,SENSITIVE_COL_NAME,COL_NAME,SAVE_TYPE,AUTO_INPUT,INPUT_ITEM,VIEW_ITEM,UNIQUE_ITEM,REQUIRED_ITEM,INITIAL_VALUE,VALIDATE_OPTION,BEFORE_VALIDATE_REGISTER,AFTER_VALIDATE_REGISTER,DESCRIPTION_JA,DESCRIPTION_EN,NOTE,DISUSE_FLAG,LAST_UPDATE_TIMESTAMP,LAST_UPDATE_USER) VALUES('140','10206','備考','Remarks','remarks',NULL,'12',50,NULL,NULL,NULL,NULL,'0',NULL,'NOTE',NULL,'0','1','1','0','0',NULL,'{
"int_min": 0,
"int_max": 4000
}',NULL,NULL,'自由記述欄。レコードの廃止・復活時にも記載可能。','Comments section. Can comment when removing or restoring records.',NULL,'0',STR_TO_DATE('2015/04/01 10:00:00.000000','%Y/%m/%d %H:%i:%s.%f'),1);
INSERT INTO T_COMN_MENU_COLUMN_LINK_JNL (JOURNAL_SEQ_NO,JOURNAL_REG_DATETIME,JOURNAL_ACTION_CLASS,COLUMN_DEFINITION_ID,MENU_ID,COLUMN_NAME_JA,COLUMN_NAME_EN,COLUMN_NAME_REST,COL_GROUP_ID,COLUMN_CLASS,COLUMN_DISP_SEQ,REF_TABLE_NAME,REF_PKEY_NAME,REF_COL_NAME,REF_SORT_CONDITIONS,REF_MULTI_LANG,SENSITIVE_COL_NAME,COL_NAME,SAVE_TYPE,AUTO_INPUT,INPUT_ITEM,VIEW_ITEM,UNIQUE_ITEM,REQUIRED_ITEM,INITIAL_VALUE,VALIDATE_OPTION,BEFORE_VALIDATE_REGISTER,AFTER_VALIDATE_REGISTER,DESCRIPTION_JA,DESCRIPTION_EN,NOTE,DISUSE_FLAG,LAST_UPDATE_TIMESTAMP,LAST_UPDATE_USER) VALUES(140,STR_TO_DATE('2015/04/01 10:00:00.000000','%Y/%m/%d %H:%i:%s.%f'),'INSERT','140','10206','備考','Remarks','remarks',NULL,'12',50,NULL,NULL,NULL,NULL,'0',NULL,'NOTE',NULL,'0','1','1','0','0',NULL,'{
"int_min": 0,
"int_max": 4000
}',NULL,NULL,'自由記述欄。レコードの廃止・復活時にも記載可能。','Comments section. Can comment when removing or restoring records.',NULL,'0',STR_TO_DATE('2015/04/01 10:00:00.000000','%Y/%m/%d %H:%i:%s.%f'),1);
INSERT INTO T_COMN_MENU_COLUMN_LINK (COLUMN_DEFINITION_ID,MENU_ID,COLUMN_NAME_JA,COLUMN_NAME_EN,COLUMN_NAME_REST,COL_GROUP_ID,COLUMN_CLASS,COLUMN_DISP_SEQ,REF_TABLE_NAME,REF_PKEY_NAME,REF_COL_NAME,REF_SORT_CONDITIONS,REF_MULTI_LANG,SENSITIVE_COL_NAME,COL_NAME,SAVE_TYPE,AUTO_INPUT,INPUT_ITEM,VIEW_ITEM,UNIQUE_ITEM,REQUIRED_ITEM,INITIAL_VALUE,VALIDATE_OPTION,BEFORE_VALIDATE_REGISTER,AFTER_VALIDATE_REGISTER,DESCRIPTION_JA,DESCRIPTION_EN,NOTE,DISUSE_FLAG,LAST_UPDATE_TIMESTAMP,LAST_UPDATE_USER) VALUES('141','10206','廃止フラグ','Discard','discard',NULL,'1',60,NULL,NULL,NULL,NULL,'0',NULL,'DISUSE_FLAG',NULL,'1','0','0','0','1',NULL,NULL,NULL,NULL,'廃止フラグ。復活以外のオペレーションは不可','Discard flag. Cannot do operation other than restore.',NULL,'0',STR_TO_DATE('2015/04/01 10:00:00.000000','%Y/%m/%d %H:%i:%s.%f'),1);
INSERT INTO T_COMN_MENU_COLUMN_LINK_JNL (JOURNAL_SEQ_NO,JOURNAL_REG_DATETIME,JOURNAL_ACTION_CLASS,COLUMN_DEFINITION_ID,MENU_ID,COLUMN_NAME_JA,COLUMN_NAME_EN,COLUMN_NAME_REST,COL_GROUP_ID,COLUMN_CLASS,COLUMN_DISP_SEQ,REF_TABLE_NAME,REF_PKEY_NAME,REF_COL_NAME,REF_SORT_CONDITIONS,REF_MULTI_LANG,SENSITIVE_COL_NAME,COL_NAME,SAVE_TYPE,AUTO_INPUT,INPUT_ITEM,VIEW_ITEM,UNIQUE_ITEM,REQUIRED_ITEM,INITIAL_VALUE,VALIDATE_OPTION,BEFORE_VALIDATE_REGISTER,AFTER_VALIDATE_REGISTER,DESCRIPTION_JA,DESCRIPTION_EN,NOTE,DISUSE_FLAG,LAST_UPDATE_TIMESTAMP,LAST_UPDATE_USER) VALUES(141,STR_TO_DATE('2015/04/01 10:00:00.000000','%Y/%m/%d %H:%i:%s.%f'),'INSERT','141','10206','廃止フラグ','Discard','discard',NULL,'1',60,NULL,NULL,NULL,NULL,'0',NULL,'DISUSE_FLAG',NULL,'1','0','0','0','1',NULL,NULL,NULL,NULL,'廃止フラグ。復活以外のオペレーションは不可','Discard flag. Cannot do operation other than restore.',NULL,'0',STR_TO_DATE('2015/04/01 10:00:00.000000','%Y/%m/%d %H:%i:%s.%f'),1);
INSERT INTO T_COMN_MENU_COLUMN_LINK (COLUMN_DEFINITION_ID,MENU_ID,COLUMN_NAME_JA,COLUMN_NAME_EN,COLUMN_NAME_REST,COL_GROUP_ID,COLUMN_CLASS,COLUMN_DISP_SEQ,REF_TABLE_NAME,REF_PKEY_NAME,REF_COL_NAME,REF_SORT_CONDITIONS,REF_MULTI_LANG,SENSITIVE_COL_NAME,COL_NAME,SAVE_TYPE,AUTO_INPUT,INPUT_ITEM,VIEW_ITEM,UNIQUE_ITEM,REQUIRED_ITEM,INITIAL_VALUE,VALIDATE_OPTION,BEFORE_VALIDATE_REGISTER,AFTER_VALIDATE_REGISTER,DESCRIPTION_JA,DESCRIPTION_EN,NOTE,DISUSE_FLAG,LAST_UPDATE_TIMESTAMP,LAST_UPDATE_USER) VALUES('142','10206','最終更新日時','Last update date/time','last_update_date_time',NULL,'13',70,NULL,NULL,NULL,NULL,'0',NULL,'LAST_UPDATE_TIMESTAMP',NULL,'1','0','1','0','1',NULL,NULL,NULL,NULL,'レコードの最終更新日。自動登録のため編集不可。','Last update date of record. Cannot edit because of auto-registration.',NULL,'0',STR_TO_DATE('2015/04/01 10:00:00.000000','%Y/%m/%d %H:%i:%s.%f'),1);
INSERT INTO T_COMN_MENU_COLUMN_LINK_JNL (JOURNAL_SEQ_NO,JOURNAL_REG_DATETIME,JOURNAL_ACTION_CLASS,COLUMN_DEFINITION_ID,MENU_ID,COLUMN_NAME_JA,COLUMN_NAME_EN,COLUMN_NAME_REST,COL_GROUP_ID,COLUMN_CLASS,COLUMN_DISP_SEQ,REF_TABLE_NAME,REF_PKEY_NAME,REF_COL_NAME,REF_SORT_CONDITIONS,REF_MULTI_LANG,SENSITIVE_COL_NAME,COL_NAME,SAVE_TYPE,AUTO_INPUT,INPUT_ITEM,VIEW_ITEM,UNIQUE_ITEM,REQUIRED_ITEM,INITIAL_VALUE,VALIDATE_OPTION,BEFORE_VALIDATE_REGISTER,AFTER_VALIDATE_REGISTER,DESCRIPTION_JA,DESCRIPTION_EN,NOTE,DISUSE_FLAG,LAST_UPDATE_TIMESTAMP,LAST_UPDATE_USER) VALUES(142,STR_TO_DATE('2015/04/01 10:00:00.000000','%Y/%m/%d %H:%i:%s.%f'),'INSERT','142','10206','最終更新日時','Last update date/time','last_update_date_time',NULL,'13',70,NULL,NULL,NULL,NULL,'0',NULL,'LAST_UPDATE_TIMESTAMP',NULL,'1','0','1','0','1',NULL,NULL,NULL,NULL,'レコードの最終更新日。自動登録のため編集不可。','Last update date of record. Cannot edit because of auto-registration.',NULL,'0',STR_TO_DATE('2015/04/01 10:00:00.000000','%Y/%m/%d %H:%i:%s.%f'),1);
INSERT INTO T_COMN_MENU_COLUMN_LINK (COLUMN_DEFINITION_ID,MENU_ID,COLUMN_NAME_JA,COLUMN_NAME_EN,COLUMN_NAME_REST,COL_GROUP_ID,COLUMN_CLASS,COLUMN_DISP_SEQ,REF_TABLE_NAME,REF_PKEY_NAME,REF_COL_NAME,REF_SORT_CONDITIONS,REF_MULTI_LANG,SENSITIVE_COL_NAME,COL_NAME,SAVE_TYPE,AUTO_INPUT,INPUT_ITEM,VIEW_ITEM,UNIQUE_ITEM,REQUIRED_ITEM,INITIAL_VALUE,VALIDATE_OPTION,BEFORE_VALIDATE_REGISTER,AFTER_VALIDATE_REGISTER,DESCRIPTION_JA,DESCRIPTION_EN,NOTE,DISUSE_FLAG,LAST_UPDATE_TIMESTAMP,LAST_UPDATE_USER) VALUES('143','10206','最終更新者','Last updated by','last_updated_user',NULL,'14',80,NULL,NULL,NULL,NULL,'0',NULL,'LAST_UPDATE_USER',NULL,'1','0','1','0','1',NULL,NULL,NULL,NULL,'更新者。ログインユーザのIDが自動的に登録される。編集不可。','Updated by. Login user ID is automatically registered. Cannot edit.',NULL,'0',STR_TO_DATE('2015/04/01 10:00:00.000000','%Y/%m/%d %H:%i:%s.%f'),1);
INSERT INTO T_COMN_MENU_COLUMN_LINK_JNL (JOURNAL_SEQ_NO,JOURNAL_REG_DATETIME,JOURNAL_ACTION_CLASS,COLUMN_DEFINITION_ID,MENU_ID,COLUMN_NAME_JA,COLUMN_NAME_EN,COLUMN_NAME_REST,COL_GROUP_ID,COLUMN_CLASS,COLUMN_DISP_SEQ,REF_TABLE_NAME,REF_PKEY_NAME,REF_COL_NAME,REF_SORT_CONDITIONS,REF_MULTI_LANG,SENSITIVE_COL_NAME,COL_NAME,SAVE_TYPE,AUTO_INPUT,INPUT_ITEM,VIEW_ITEM,UNIQUE_ITEM,REQUIRED_ITEM,INITIAL_VALUE,VALIDATE_OPTION,BEFORE_VALIDATE_REGISTER,AFTER_VALIDATE_REGISTER,DESCRIPTION_JA,DESCRIPTION_EN,NOTE,DISUSE_FLAG,LAST_UPDATE_TIMESTAMP,LAST_UPDATE_USER) VALUES(143,STR_TO_DATE('2015/04/01 10:00:00.000000','%Y/%m/%d %H:%i:%s.%f'),'INSERT','143','10206','最終更新者','Last updated by','last_updated_user',NULL,'14',80,NULL,NULL,NULL,NULL,'0',NULL,'LAST_UPDATE_USER',NULL,'1','0','1','0','1',NULL,NULL,NULL,NULL,'更新者。ログインユーザのIDが自動的に登録される。編集不可。','Updated by. Login user ID is automatically registered. Cannot edit.',NULL,'0',STR_TO_DATE('2015/04/01 10:00:00.000000','%Y/%m/%d %H:%i:%s.%f'),1);

INSERT INTO T_COMN_COLUMN_GROUP (COL_GROUP_ID,PA_COL_GROUP_ID,COL_GROUP_NAME_JA,COL_GROUP_NAME_EN,NOTE,DISUSE_FLAG,LAST_UPDATE_TIMESTAMP,LAST_UPDATE_USER) VALUES('1',NULL,'Ansible利用情報','Dedicated information for ansible',NULL,'0',STR_TO_DATE('2015/04/01 10:00:00.000000','%Y/%m/%d %H:%i:%s.%f'),1);
INSERT INTO T_COMN_COLUMN_GROUP_JNL (JOURNAL_SEQ_NO,JOURNAL_REG_DATETIME,JOURNAL_ACTION_CLASS,COL_GROUP_ID,PA_COL_GROUP_ID,COL_GROUP_NAME_JA,COL_GROUP_NAME_EN,NOTE,DISUSE_FLAG,LAST_UPDATE_TIMESTAMP,LAST_UPDATE_USER) VALUES(1,STR_TO_DATE('2015/04/01 10:00:00.000000','%Y/%m/%d %H:%i:%s.%f'),'INSERT','1',NULL,'Ansible利用情報','Dedicated information for ansible',NULL,'0',STR_TO_DATE('2015/04/01 10:00:00.000000','%Y/%m/%d %H:%i:%s.%f'),1);
INSERT INTO T_COMN_COLUMN_GROUP (COL_GROUP_ID,PA_COL_GROUP_ID,COL_GROUP_NAME_JA,COL_GROUP_NAME_EN,NOTE,DISUSE_FLAG,LAST_UPDATE_TIMESTAMP,LAST_UPDATE_USER) VALUES('2',NULL,'Ansible-Core利用情報','Dedicated information for Ansible-Core',NULL,'0',STR_TO_DATE('2015/04/01 10:00:00.000000','%Y/%m/%d %H:%i:%s.%f'),1);
INSERT INTO T_COMN_COLUMN_GROUP_JNL (JOURNAL_SEQ_NO,JOURNAL_REG_DATETIME,JOURNAL_ACTION_CLASS,COL_GROUP_ID,PA_COL_GROUP_ID,COL_GROUP_NAME_JA,COL_GROUP_NAME_EN,NOTE,DISUSE_FLAG,LAST_UPDATE_TIMESTAMP,LAST_UPDATE_USER) VALUES(2,STR_TO_DATE('2015/04/01 10:00:00.000000','%Y/%m/%d %H:%i:%s.%f'),'INSERT','2',NULL,'Ansible-Core利用情報','Dedicated information for Ansible-Core',NULL,'0',STR_TO_DATE('2015/04/01 10:00:00.000000','%Y/%m/%d %H:%i:%s.%f'),1);
INSERT INTO T_COMN_COLUMN_GROUP (COL_GROUP_ID,PA_COL_GROUP_ID,COL_GROUP_NAME_JA,COL_GROUP_NAME_EN,NOTE,DISUSE_FLAG,LAST_UPDATE_TIMESTAMP,LAST_UPDATE_USER) VALUES('3',NULL,'Tower利用情報','Dedicated information for Tower',NULL,'0',STR_TO_DATE('2015/04/01 10:00:00.000000','%Y/%m/%d %H:%i:%s.%f'),1);
INSERT INTO T_COMN_COLUMN_GROUP_JNL (JOURNAL_SEQ_NO,JOURNAL_REG_DATETIME,JOURNAL_ACTION_CLASS,COL_GROUP_ID,PA_COL_GROUP_ID,COL_GROUP_NAME_JA,COL_GROUP_NAME_EN,NOTE,DISUSE_FLAG,LAST_UPDATE_TIMESTAMP,LAST_UPDATE_USER) VALUES(3,STR_TO_DATE('2015/04/01 10:00:00.000000','%Y/%m/%d %H:%i:%s.%f'),'INSERT','3',NULL,'Tower利用情報','Dedicated information for Tower',NULL,'0',STR_TO_DATE('2015/04/01 10:00:00.000000','%Y/%m/%d %H:%i:%s.%f'),1);
INSERT INTO T_COMN_COLUMN_GROUP (COL_GROUP_ID,PA_COL_GROUP_ID,COL_GROUP_NAME_JA,COL_GROUP_NAME_EN,NOTE,DISUSE_FLAG,LAST_UPDATE_TIMESTAMP,LAST_UPDATE_USER) VALUES('4',NULL,'Ansible Automation Controller利用情報','Dedicated information for Ansible Automation Controller',NULL,'0',STR_TO_DATE('2015/04/01 10:00:00.000000','%Y/%m/%d %H:%i:%s.%f'),1);
INSERT INTO T_COMN_COLUMN_GROUP_JNL (JOURNAL_SEQ_NO,JOURNAL_REG_DATETIME,JOURNAL_ACTION_CLASS,COL_GROUP_ID,PA_COL_GROUP_ID,COL_GROUP_NAME_JA,COL_GROUP_NAME_EN,NOTE,DISUSE_FLAG,LAST_UPDATE_TIMESTAMP,LAST_UPDATE_USER) VALUES(4,STR_TO_DATE('2015/04/01 10:00:00.000000','%Y/%m/%d %H:%i:%s.%f'),'INSERT','4',NULL,'Ansible Automation Controller利用情報','Dedicated information for Ansible Automation Controller',NULL,'0',STR_TO_DATE('2015/04/01 10:00:00.000000','%Y/%m/%d %H:%i:%s.%f'),1);

INSERT INTO T_COMN_COLUMN_CLASS (COLUMN_CLASS_ID,COLUMN_CLASS_NAME,COLUMN_CLASS_DISP_NAME_JA,COLUMN_CLASS_DISP_NAME_EN,CREATE_MENU_TARGET,DISP_SEQ,NOTE,DISUSE_FLAG,LAST_UPDATE_TIMESTAMP,LAST_UPDATE_USER) VALUES(1,'SingleTextColumn','文字列(単一行) ','String','1',10,NULL,'0',STR_TO_DATE('2015/04/01 10:00:00.000000','%Y/%m/%d %H:%i:%s.%f'),1);

INSERT INTO T_COMN_COLUMN_CLASS (COLUMN_CLASS_ID,COLUMN_CLASS_NAME,COLUMN_CLASS_DISP_NAME_JA,COLUMN_CLASS_DISP_NAME_EN,CREATE_MENU_TARGET,DISP_SEQ,NOTE,DISUSE_FLAG,LAST_UPDATE_TIMESTAMP,LAST_UPDATE_USER) VALUES(2,'MultiTextColumn','文字列(複数行)','Multi string','1',20,NULL,'0',STR_TO_DATE('2015/04/01 10:00:00.000000','%Y/%m/%d %H:%i:%s.%f'),1);

INSERT INTO T_COMN_COLUMN_CLASS (COLUMN_CLASS_ID,COLUMN_CLASS_NAME,COLUMN_CLASS_DISP_NAME_JA,COLUMN_CLASS_DISP_NAME_EN,CREATE_MENU_TARGET,DISP_SEQ,NOTE,DISUSE_FLAG,LAST_UPDATE_TIMESTAMP,LAST_UPDATE_USER) VALUES(3,'NumColumn','整数','Integer','1',30,NULL,'0',STR_TO_DATE('2015/04/01 10:00:00.000000','%Y/%m/%d %H:%i:%s.%f'),1);

INSERT INTO T_COMN_COLUMN_CLASS (COLUMN_CLASS_ID,COLUMN_CLASS_NAME,COLUMN_CLASS_DISP_NAME_JA,COLUMN_CLASS_DISP_NAME_EN,CREATE_MENU_TARGET,DISP_SEQ,NOTE,DISUSE_FLAG,LAST_UPDATE_TIMESTAMP,LAST_UPDATE_USER) VALUES(4,'FloatColumn','小数','Decimal number','1',40,NULL,'0',STR_TO_DATE('2015/04/01 10:00:00.000000','%Y/%m/%d %H:%i:%s.%f'),1);

INSERT INTO T_COMN_COLUMN_CLASS (COLUMN_CLASS_ID,COLUMN_CLASS_NAME,COLUMN_CLASS_DISP_NAME_JA,COLUMN_CLASS_DISP_NAME_EN,CREATE_MENU_TARGET,DISP_SEQ,NOTE,DISUSE_FLAG,LAST_UPDATE_TIMESTAMP,LAST_UPDATE_USER) VALUES(5,'DateTimeColumn','日時','Date','1',50,NULL,'0',STR_TO_DATE('2015/04/01 10:00:00.000000','%Y/%m/%d %H:%i:%s.%f'),1);

INSERT INTO T_COMN_COLUMN_CLASS (COLUMN_CLASS_ID,COLUMN_CLASS_NAME,COLUMN_CLASS_DISP_NAME_JA,COLUMN_CLASS_DISP_NAME_EN,CREATE_MENU_TARGET,DISP_SEQ,NOTE,DISUSE_FLAG,LAST_UPDATE_TIMESTAMP,LAST_UPDATE_USER) VALUES(6,'DateColumn','日付','Date/time','1',60,NULL,'0',STR_TO_DATE('2015/04/01 10:00:00.000000','%Y/%m/%d %H:%i:%s.%f'),1);

INSERT INTO T_COMN_COLUMN_CLASS (COLUMN_CLASS_ID,COLUMN_CLASS_NAME,COLUMN_CLASS_DISP_NAME_JA,COLUMN_CLASS_DISP_NAME_EN,CREATE_MENU_TARGET,DISP_SEQ,NOTE,DISUSE_FLAG,LAST_UPDATE_TIMESTAMP,LAST_UPDATE_USER) VALUES(7,'IDColumn','プルダウン選択','Pulldown selection','1',70,NULL,'0',STR_TO_DATE('2015/04/01 10:00:00.000000','%Y/%m/%d %H:%i:%s.%f'),1);

INSERT INTO T_COMN_COLUMN_CLASS (COLUMN_CLASS_ID,COLUMN_CLASS_NAME,COLUMN_CLASS_DISP_NAME_JA,COLUMN_CLASS_DISP_NAME_EN,CREATE_MENU_TARGET,DISP_SEQ,NOTE,DISUSE_FLAG,LAST_UPDATE_TIMESTAMP,LAST_UPDATE_USER) VALUES(8,'PasswordColumn','パスワード','Password','1',80,NULL,'0',STR_TO_DATE('2015/04/01 10:00:00.000000','%Y/%m/%d %H:%i:%s.%f'),1);

INSERT INTO T_COMN_COLUMN_CLASS (COLUMN_CLASS_ID,COLUMN_CLASS_NAME,COLUMN_CLASS_DISP_NAME_JA,COLUMN_CLASS_DISP_NAME_EN,CREATE_MENU_TARGET,DISP_SEQ,NOTE,DISUSE_FLAG,LAST_UPDATE_TIMESTAMP,LAST_UPDATE_USER) VALUES(9,'FileUploadColumn','ファイルアップロード','File upload','1',90,NULL,'0',STR_TO_DATE('2015/04/01 10:00:00.000000','%Y/%m/%d %H:%i:%s.%f'),1);

INSERT INTO T_COMN_COLUMN_CLASS (COLUMN_CLASS_ID,COLUMN_CLASS_NAME,COLUMN_CLASS_DISP_NAME_JA,COLUMN_CLASS_DISP_NAME_EN,CREATE_MENU_TARGET,DISP_SEQ,NOTE,DISUSE_FLAG,LAST_UPDATE_TIMESTAMP,LAST_UPDATE_USER) VALUES(10,'HostInsideLinkTextColumn','リンク','Link','1',100,NULL,'0',STR_TO_DATE('2015/04/01 10:00:00.000000','%Y/%m/%d %H:%i:%s.%f'),1);

INSERT INTO T_COMN_COLUMN_CLASS (COLUMN_CLASS_ID,COLUMN_CLASS_NAME,COLUMN_CLASS_DISP_NAME_JA,COLUMN_CLASS_DISP_NAME_EN,CREATE_MENU_TARGET,DISP_SEQ,NOTE,DISUSE_FLAG,LAST_UPDATE_TIMESTAMP,LAST_UPDATE_USER) VALUES(11,'LinkIDColumn','パラメータシート参照','Parameter Sheet Reference','1',110,NULL,'0',STR_TO_DATE('2015/04/01 10:00:00.000000','%Y/%m/%d %H:%i:%s.%f'),1);

INSERT INTO T_COMN_COLUMN_CLASS (COLUMN_CLASS_ID,COLUMN_CLASS_NAME,COLUMN_CLASS_DISP_NAME_JA,COLUMN_CLASS_DISP_NAME_EN,CREATE_MENU_TARGET,DISP_SEQ,NOTE,DISUSE_FLAG,LAST_UPDATE_TIMESTAMP,LAST_UPDATE_USER) VALUES(12,'NoteColumn','備考','Remarks','0',120,NULL,'0',STR_TO_DATE('2015/04/01 10:00:00.000000','%Y/%m/%d %H:%i:%s.%f'),1);

INSERT INTO T_COMN_COLUMN_CLASS (COLUMN_CLASS_ID,COLUMN_CLASS_NAME,COLUMN_CLASS_DISP_NAME_JA,COLUMN_CLASS_DISP_NAME_EN,CREATE_MENU_TARGET,DISP_SEQ,NOTE,DISUSE_FLAG,LAST_UPDATE_TIMESTAMP,LAST_UPDATE_USER) VALUES(13,'LastUpdateDateColumn','最終更新日時','Last update date/time','0',130,NULL,'0',STR_TO_DATE('2015/04/01 10:00:00.000000','%Y/%m/%d %H:%i:%s.%f'),1);

INSERT INTO T_COMN_COLUMN_CLASS (COLUMN_CLASS_ID,COLUMN_CLASS_NAME,COLUMN_CLASS_DISP_NAME_JA,COLUMN_CLASS_DISP_NAME_EN,CREATE_MENU_TARGET,DISP_SEQ,NOTE,DISUSE_FLAG,LAST_UPDATE_TIMESTAMP,LAST_UPDATE_USER) VALUES(14,'LastUpdateUserColumn','最終更新者 ','Last update user','0',140,NULL,'0',STR_TO_DATE('2015/04/01 10:00:00.000000','%Y/%m/%d %H:%i:%s.%f'),1);

INSERT INTO T_COMN_COLUMN_CLASS (COLUMN_CLASS_ID,COLUMN_CLASS_NAME,COLUMN_CLASS_DISP_NAME_JA,COLUMN_CLASS_DISP_NAME_EN,CREATE_MENU_TARGET,DISP_SEQ,NOTE,DISUSE_FLAG,LAST_UPDATE_TIMESTAMP,LAST_UPDATE_USER) VALUES(15,'MaskColumn','マスクカラム','mask','0',150,NULL,'0',STR_TO_DATE('2015/04/01 10:00:00.000000','%Y/%m/%d %H:%i:%s.%f'),1);

INSERT INTO T_COMN_COLUMN_CLASS (COLUMN_CLASS_ID,COLUMN_CLASS_NAME,COLUMN_CLASS_DISP_NAME_JA,COLUMN_CLASS_DISP_NAME_EN,CREATE_MENU_TARGET,DISP_SEQ,NOTE,DISUSE_FLAG,LAST_UPDATE_TIMESTAMP,LAST_UPDATE_USER) VALUES(16,'SensitiveSingleTextColumn','singleText sensitive    ','sensitive  singletext','0',160,NULL,'0',STR_TO_DATE('2015/04/01 10:00:00.000000','%Y/%m/%d %H:%i:%s.%f'),1);

INSERT INTO T_COMN_COLUMN_CLASS (COLUMN_CLASS_ID,COLUMN_CLASS_NAME,COLUMN_CLASS_DISP_NAME_JA,COLUMN_CLASS_DISP_NAME_EN,CREATE_MENU_TARGET,DISP_SEQ,NOTE,DISUSE_FLAG,LAST_UPDATE_TIMESTAMP,LAST_UPDATE_USER) VALUES(17,'SensitiveMultiTextColumn','multiText sensitive','sensitive  multitext','0',170,NULL,'0',STR_TO_DATE('2015/04/01 10:00:00.000000','%Y/%m/%d %H:%i:%s.%f'),1);

INSERT INTO T_COMN_COLUMN_CLASS (COLUMN_CLASS_ID,COLUMN_CLASS_NAME,COLUMN_CLASS_DISP_NAME_JA,COLUMN_CLASS_DISP_NAME_EN,CREATE_MENU_TARGET,DISP_SEQ,NOTE,DISUSE_FLAG,LAST_UPDATE_TIMESTAMP,LAST_UPDATE_USER) VALUES(18,'AppIDColumn','アプリ対応　IDColumn','App compatible IDColumn','0',180,NULL,'0',STR_TO_DATE('2015/04/01 10:00:00.000000','%Y/%m/%d %H:%i:%s.%f'),1);

INSERT INTO T_COMN_COLUMN_CLASS (COLUMN_CLASS_ID,COLUMN_CLASS_NAME,COLUMN_CLASS_DISP_NAME_JA,COLUMN_CLASS_DISP_NAME_EN,CREATE_MENU_TARGET,DISP_SEQ,NOTE,DISUSE_FLAG,LAST_UPDATE_TIMESTAMP,LAST_UPDATE_USER) VALUES(19,'JsonColumn','Json形式','Json format','0',190,NULL,'0',STR_TO_DATE('2015/04/01 10:00:00.000000','%Y/%m/%d %H:%i:%s.%f'),1);


INSERT INTO T_COMN_SHEET_TYPE (SHEET_TYPE_NAME_ID,SHEET_TYPE_NAME_JA,SHEET_TYPE_NAME_EN,DISP_SEQ,NOTE,DISUSE_FLAG,LAST_UPDATE_TIMESTAMP,LAST_UPDATE_USER) VALUES(0,'標準メニュー','Standard menu',10,NULL,'0',STR_TO_DATE('2015/04/01 10:00:00.000000','%Y/%m/%d %H:%i:%s.%f'),1);

INSERT INTO T_COMN_SHEET_TYPE (SHEET_TYPE_NAME_ID,SHEET_TYPE_NAME_JA,SHEET_TYPE_NAME_EN,DISP_SEQ,NOTE,DISUSE_FLAG,LAST_UPDATE_TIMESTAMP,LAST_UPDATE_USER) VALUES(1,'パラメータシート（ホスト/オペレーションあり）','Parameter Sheet(Host/Operation)',20,NULL,'0',STR_TO_DATE('2015/04/01 10:00:00.000000','%Y/%m/%d %H:%i:%s.%f'),1);

INSERT INTO T_COMN_SHEET_TYPE (SHEET_TYPE_NAME_ID,SHEET_TYPE_NAME_JA,SHEET_TYPE_NAME_EN,DISP_SEQ,NOTE,DISUSE_FLAG,LAST_UPDATE_TIMESTAMP,LAST_UPDATE_USER) VALUES(2,'データシート','Data Sheet',30,NULL,'0',STR_TO_DATE('2015/04/01 10:00:00.000000','%Y/%m/%d %H:%i:%s.%f'),1);

INSERT INTO T_COMN_SHEET_TYPE (SHEET_TYPE_NAME_ID,SHEET_TYPE_NAME_JA,SHEET_TYPE_NAME_EN,DISP_SEQ,NOTE,DISUSE_FLAG,LAST_UPDATE_TIMESTAMP,LAST_UPDATE_USER) VALUES(3,'パラメータシート（オペレーションあり）','Parameter Sheet(Operation)',40,NULL,'0',STR_TO_DATE('2015/04/01 10:00:00.000000','%Y/%m/%d %H:%i:%s.%f'),1);

INSERT INTO T_COMN_SHEET_TYPE (SHEET_TYPE_NAME_ID,SHEET_TYPE_NAME_JA,SHEET_TYPE_NAME_EN,DISP_SEQ,NOTE,DISUSE_FLAG,LAST_UPDATE_TIMESTAMP,LAST_UPDATE_USER) VALUES(4,'パラメータシート（ファイルアップロードあり）','Parameter Sheet(File Upload)',50,NULL,'0',STR_TO_DATE('2015/04/01 10:00:00.000000','%Y/%m/%d %H:%i:%s.%f'),1);


INSERT INTO T_COMN_ORCHESTRA (ORCHESTRA_ID,ORCHESTRA_NAME,ORCHESTRA_PATH,DISP_SEQ,NOTE,DISUSE_FLAG,LAST_UPDATE_TIMESTAMP,LAST_UPDATE_USER) VALUES(1,'Ansible Legacy','ansible_driver/legacy/ns',10,NULL,'0',STR_TO_DATE('2015/04/01 10:00:00.000000','%Y/%m/%d %H:%i:%s.%f'),1);

INSERT INTO T_COMN_ORCHESTRA (ORCHESTRA_ID,ORCHESTRA_NAME,ORCHESTRA_PATH,DISP_SEQ,NOTE,DISUSE_FLAG,LAST_UPDATE_TIMESTAMP,LAST_UPDATE_USER) VALUES(2,'Ansible Pioneer','ansible_driver/pioneer/ns',20,NULL,'0',STR_TO_DATE('2015/04/01 10:00:00.000000','%Y/%m/%d %H:%i:%s.%f'),1);

INSERT INTO T_COMN_ORCHESTRA (ORCHESTRA_ID,ORCHESTRA_NAME,ORCHESTRA_PATH,DISP_SEQ,NOTE,DISUSE_FLAG,LAST_UPDATE_TIMESTAMP,LAST_UPDATE_USER) VALUES(3,'Ansible Legacy Role','ansible_driver/legacy/rl',30,NULL,'0',STR_TO_DATE('2015/04/01 10:00:00.000000','%Y/%m/%d %H:%i:%s.%f'),1);

INSERT INTO T_COMN_ORCHESTRA (ORCHESTRA_ID,ORCHESTRA_NAME,ORCHESTRA_PATH,DISP_SEQ,NOTE,DISUSE_FLAG,LAST_UPDATE_TIMESTAMP,LAST_UPDATE_USER) VALUES(4,'Terraform','terraform_driver',40,NULL,'0',STR_TO_DATE('2015/04/01 10:00:00.000000','%Y/%m/%d %H:%i:%s.%f'),1);


INSERT INTO T_COMN_HOST_DESIGNATE_TYPE (HOST_DESIGNATE_TYPE_ID,HOST_DESIGNATE_TYPE_NAME_JA,HOST_DESIGNATE_TYPE_NAME_EN,DISP_SEQ,NOTE,DISUSE_FLAG,LAST_UPDATE_TIMESTAMP,LAST_UPDATE_USER) VALUES(1,'IP','IP',10,NULL,'0',STR_TO_DATE('2015/04/01 10:00:00.000000','%Y/%m/%d %H:%i:%s.%f'),1);

INSERT INTO T_COMN_HOST_DESIGNATE_TYPE (HOST_DESIGNATE_TYPE_ID,HOST_DESIGNATE_TYPE_NAME_JA,HOST_DESIGNATE_TYPE_NAME_EN,DISP_SEQ,NOTE,DISUSE_FLAG,LAST_UPDATE_TIMESTAMP,LAST_UPDATE_USER) VALUES(2,'ホスト名','Host name',20,NULL,'0',STR_TO_DATE('2015/04/01 10:00:00.000000','%Y/%m/%d %H:%i:%s.%f'),1);


INSERT INTO T_COMN_BOOLEAN_FLAG (FLAG_ID,FLAG_NAME,DISP_SEQ,NOTE,DISUSE_FLAG,LAST_UPDATE_TIMESTAMP,LAST_UPDATE_USER) VALUES(1,'True',10,NULL,'0',STR_TO_DATE('2015/04/01 10:00:00.000000','%Y/%m/%d %H:%i:%s.%f'),1);

INSERT INTO T_COMN_BOOLEAN_FLAG (FLAG_ID,FLAG_NAME,DISP_SEQ,NOTE,DISUSE_FLAG,LAST_UPDATE_TIMESTAMP,LAST_UPDATE_USER) VALUES(0,'False',20,NULL,'0',STR_TO_DATE('2015/04/01 10:00:00.000000','%Y/%m/%d %H:%i:%s.%f'),1);


INSERT INTO T_COMN_OPERATION_PRIVILEGES (PRIVILEGES_ID,PRIVILEGES_NAME_JA,PRIVILEGES_NAME_EN,NOTE,DISP_SEQ,DISUSE_FLAG,LAST_UPDATE_TIMESTAMP,LAST_UPDATE_USER) VALUES(1,'メンテナンス可','Can perform maintenance',NULL,10,'0',STR_TO_DATE('2015/04/01 10:00:00.000000','%Y/%m/%d %H:%i:%s.%f'),1);

INSERT INTO T_COMN_OPERATION_PRIVILEGES (PRIVILEGES_ID,PRIVILEGES_NAME_JA,PRIVILEGES_NAME_EN,NOTE,DISP_SEQ,DISUSE_FLAG,LAST_UPDATE_TIMESTAMP,LAST_UPDATE_USER) VALUES(2,'閲覧のみ','View only',NULL,20,'0',STR_TO_DATE('2015/04/01 10:00:00.000000','%Y/%m/%d %H:%i:%s.%f'),1);


INSERT INTO T_COMN_BACKYARD_USER (USER_ID,USER_NAME_JA,USER_NAME_EN,NOTE,DISUSE_FLAG,LAST_UPDATE_TIMESTAMP,LAST_UPDATE_USER) VALUES(1,'初期データ','Initial data',NULL,'0',STR_TO_DATE('2015/04/01 10:00:00.000000','%Y/%m/%d %H:%i:%s.%f'),1);


INSERT INTO T_COMN_RECODE_LOCK_TABLE (TABLE_NAME) VALUES('T_COMN_MENU_GROUP');

INSERT INTO T_COMN_RECODE_LOCK_TABLE (TABLE_NAME) VALUES('T_COMN_MENU');

INSERT INTO T_COMN_RECODE_LOCK_TABLE (TABLE_NAME) VALUES('T_COMN_ROLE_MENU_LINK');

INSERT INTO T_COMN_RECODE_LOCK_TABLE (TABLE_NAME) VALUES('T_COMN_MENU_TABLE_LINK');

INSERT INTO T_COMN_RECODE_LOCK_TABLE (TABLE_NAME) VALUES('T_COMN_MENU_COLUMN_LINK');

INSERT INTO T_COMN_RECODE_LOCK_TABLE (TABLE_NAME) VALUES('T_COMN_COLUMN_GROUP');

INSERT INTO T_COMN_RECODE_LOCK_TABLE (TABLE_NAME) VALUES('T_COMN_UNIQUE_SET');

INSERT INTO T_COMN_RECODE_LOCK_TABLE (TABLE_NAME) VALUES('T_COMN_VERSION');

INSERT INTO T_COMN_RECODE_LOCK_TABLE (TABLE_NAME) VALUES('T_COMN_SYSTEM_CONFIG');

INSERT INTO T_COMN_RECODE_LOCK_TABLE (TABLE_NAME) VALUES('T_COMN_OPERATION');

INSERT INTO T_COMN_RECODE_LOCK_TABLE (TABLE_NAME) VALUES('T_COMN_MOVEMENT');

INSERT INTO T_COMN_RECODE_LOCK_TABLE (TABLE_NAME) VALUES('T_COMN_LINK_TARGET_MENU');

INSERT INTO T_COMN_RECODE_LOCK_TABLE (TABLE_NAME) VALUES('T_COMN_COLUMN_CLASS');

INSERT INTO T_COMN_RECODE_LOCK_TABLE (TABLE_NAME) VALUES('T_COMN_SHEET_TYPE');

INSERT INTO T_COMN_RECODE_LOCK_TABLE (TABLE_NAME) VALUES('T_COMN_AAC_VIRTUALENV');

INSERT INTO T_COMN_RECODE_LOCK_TABLE (TABLE_NAME) VALUES('T_COMN_AAC_EXECUTION_ENVIRONMENT');

INSERT INTO T_COMN_RECODE_LOCK_TABLE (TABLE_NAME) VALUES('T_COMN_ORCHESTRA');

INSERT INTO T_COMN_RECODE_LOCK_TABLE (TABLE_NAME) VALUES('T_COMN_HOST_DESIGNATE_TYPE');

INSERT INTO T_COMN_RECODE_LOCK_TABLE (TABLE_NAME) VALUES('T_COMN_BOOLEAN_FLAG');

INSERT INTO T_COMN_RECODE_LOCK_TABLE (TABLE_NAME) VALUES('T_COMN_BACKYARD_USER');

INSERT INTO T_COMN_RECODE_LOCK_TABLE (TABLE_NAME) VALUES('T_COMN_OPERATION_PRIVILEGES');



COMMIT;
